detection_id,event_id,time,classifier,voc_type,class,probability
delphinID_whistles:X1_1:0,,2024-05-01T08:09:48.548183Z,delphinID_whistles,whistle,Dde,0.007037
delphinID_whistles:X1_1:0,,2024-05-01T08:09:48.548183Z,delphinID_whistles,whistle,Ggr,0.00773
delphinID_whistles:X1_1:0,,2024-05-01T08:09:48.548183Z,delphinID_whistles,whistle,Gme,0.062497
delphinID_whistles:X1_1:0,,2024-05-01T08:09:48.548183Z,delphinID_whistles,whistle,Lac,0.223011
delphinID_whistles:X1_1:0,,2024-05-01T08:09:48.548183Z,delphinID_whistles,whistle,Lal,0.008737
delphinID_whistles:X1_1:0,,2024-05-01T08:09:48.548183Z,delphinID_whistles,whistle,Oor,0.230284
delphinID_whistles:X1_1:0,,2024-05-01T08:09:48.548183Z,delphinID_whistles,whistle,Ttr,0.460704
delphinID_whistles:X1_1:1,,2024-05-01T08:01:28.614779Z,delphinID_whistles,whistle,Dde,0.045608
delphinID_whistles:X1_1:1,,2024-05-01T08:01:28.614779Z,delphinID_whistles,whistle,Ggr,0.068302
delphinID_whistles:X1_1:1,,2024-05-01T08:01:28.614779Z,delphinID_whistles,whistle,Gme,0.105541
delphinID_whistles:X1_1:1,,2024-05-01T08:01:28.614779Z,delphinID_whistles,whistle,Lac,0.271199
delphinID_whistles:X1_1:1,,2024-05-01T08:01:28.614779Z,delphinID_whistles,whistle,Lal,0.004841
delphinID_whistles:X1_1:1,,2024-05-01T08:01:28.614779Z,delphinID_whistles,whistle,Oor,0.02243
delphinID_whistles:X1_1:1,,2024-05-01T08:01:28.614779Z,delphinID_whistles,whistle,Ttr,0.482079
delphinID_whistles:X1_1:2,,2024-05-01T08:08:27.534063Z,delphinID_whistles,whistle,Dde,0.207367
delphinID_whistles:X1_1:2,,2024-05-01T08:08:27.534063Z,delphinID_whistles,whistle,Ggr,0.37313
delphinID_whistles:X1_1:2,,2024-05-01T08:08:27.534063Z,delphinID_whistles,whistle,Gme,0.000237
delphinID_whistles:X1_1:2,,2024-05-01T08:08:27.534063Z,delphinID_whistles,whistle,Lac,0.025916
delphinID_whistles:X1_1:2,,2024-05-01T08:08:27.534063Z,delphinID_whistles,whistle,Lal,0.387165
delphinID_whistles:X1_1:2,,2024-05-01T08:08:27.534063Z,delphinID_whistles,whistle,Oor,0.005538
delphinID_whistles:X1_1:2,,2024-05-01T08:08:27.534063Z,delphinID_whistles,whistle,Ttr,0.000648
delphinID_clicks:X1_1:0,,2024-05-01T08:00:37.152141Z,delphinID_clicks,click,Dde,0.090498
delphinID_clicks:X1_1:0,,2024-05-01T08:00:37.152141Z,delphinID_clicks,click,Ggr,0.055321
delphinID_clicks:X1_1:0,,2024-05-01T08:00:37.152141Z,delphinID_clicks,click,Gme,0.000574
delphinID_clicks:X1_1:0,,2024-05-01T08:00:37.152141Z,delphinID_clicks,click,Lal,0.206479
delphinID_clicks:X1_1:0,,2024-05-01T08:00:37.152141Z,delphinID_clicks,click,Ttr,0.647129
delphinID_clicks:X1_1:1,,2024-05-01T08:03:09.109648Z,delphinID_clicks,click,Dde,0.163925
delphinID_clicks:X1_1:1,,2024-05-01T08:03:09.109648Z,delphinID_clicks,click,Ggr,0.006282
delphinID_clicks:X1_1:1,,2024-05-01T08:03:09.109648Z,delphinID_clicks,click,Gme,0.000142
delphinID_clicks:X1_1:1,,2024-05-01T08:03:09.109648Z,delphinID_clicks,click,Lal,0.284308
delphinID_clicks:X1_1:1,,2024-05-01T08:03:09.109648Z,delphinID_clicks,click,Ttr,0.545343
delphinID_clicks:X1_1:2,,2024-05-01T08:07:25.084257Z,delphinID_clicks,click,Dde,0.0182
delphinID_clicks:X1_1:2,,2024-05-01T08:07:25.084257Z,delphinID_clicks,click,Ggr,0.771606
delphinID_clicks:X1_1:2,,2024-05-01T08:07:25.084257Z,delphinID_clicks,click,Gme,0.192546
delphinID_clicks:X1_1:2,,2024-05-01T08:07:25.084257Z,delphinID_clicks,click,Lal,0.001242
delphinID_clicks:X1_1:2,,2024-05-01T08:07:25.084257Z,delphinID_clicks,click,Ttr,0.016406
delphinID_clicks:X1_1:3,,2024-05-01T08:08:56.818676Z,delphinID_clicks,click,Dde,0.073666
delphinID_clicks:X1_1:3,,2024-05-01T08:08:56.818676Z,delphinID_clicks,click,Ggr,0.249217
delphinID_clicks:X1_1:3,,2024-05-01T08:08:56.818676Z,delphinID_clicks,click,Gme,0.526801
delphinID_clicks:X1_1:3,,2024-05-01T08:08:56.818676Z,delphinID_clicks,click,Lal,0.102152
delphinID_clicks:X1_1:3,,2024-05-01T08:08:56.818676Z,delphinID_clicks,click,Ttr,0.048164
delphinID_clicks:X1_1:4,,2024-05-01T08:04:58.961134Z,delphinID_clicks,click,Dde,0.474706
delphinID_clicks:X1_1:4,,2024-05-01T08:04:58.961134Z,delphinID_clicks,click,Ggr,0.209635
delphinID_clicks:X1_1:4,,2024-05-01T08:04:58.961134Z,delphinID_clicks,click,Gme,0.037836
delphinID_clicks:X1_1:4,,2024-05-01T08:04:58.961134Z,delphinID_clicks,click,Lal,0.00235
delphinID_clicks:X1_1:4,,2024-05-01T08:04:58.961134Z,delphinID_clicks,click,Ttr,0.275472
delphinID_clicks:X1_1:5,,2024-05-01T08:01:18.395404Z,delphinID_clicks,click,Dde,0.005701
delphinID_clicks:X1_1:5,,2024-05-01T08:01:18.395404Z,delphinID_clicks,click,Ggr,0.168371
delphinID_clicks:X1_1:5,,2024-05-01T08:01:18.395404Z,delphinID_clicks,click,Gme,0.012232
delphinID_clicks:X1_1:5,,2024-05-01T08:01:18.395404Z,delphinID_clicks,click,Lal,0.401342
delphinID_clicks:X1_1:5,,2024-05-01T08:01:18.395404Z,delphinID_clicks,click,Ttr,0.412354
delphinID_clicks:X1_1:6,,2024-05-01T08:08:03.840854Z,delphinID_clicks,click,Dde,0.015731
delphinID_clicks:X1_1:6,,2024-05-01T08:08:03.840854Z,delphinID_clicks,click,Ggr,0.375577
delphinID_clicks:X1_1:6,,2024-05-01T08:08:03.840854Z,delphinID_clicks,click,Gme,0.001175
delphinID_clicks:X1_1:6,,2024-05-01T08:08:03.840854Z,delphinID_clicks,click,Lal,0.517072
delphinID_clicks:X1_1:6,,2024-05-01T08:08:03.840854Z,delphinID_clicks,click,Ttr,0.090445
delphinID_clicks:X1_1:7,,2024-05-01T08:02:29.502387Z,delphinID_clicks,click,Dde,0.179404
delphinID_clicks:X1_1:7,,2024-05-01T08:02:29.502387Z,delphinID_clicks,click,Ggr,0.164986
delphinID_clicks:X1_1:7,,2024-05-01T08:02:29.502387Z,delphinID_clicks,click,Gme,0.313446
delphinID_clicks:X1_1:7,,2024-05-01T08:02:29.502387Z,delphinID_clicks,click,Lal,0.318016
delphinID_clicks:X1_1:7,,2024-05-01T08:02:29.502387Z,delphinID_clicks,click,Ttr,0.024149
delphinID_clicks:X1_1:8,,2024-05-01T08:02:54.250770Z,delphinID_clicks,click,Dde,0.016789
delphinID_clicks:X1_1:8,,2024-05-01T08:02:54.250770Z,delphinID_clicks,click,Ggr,0.481598
delphinID_clicks:X1_1:8,,2024-05-01T08:02:54.250770Z,delphinID_clicks,click,Gme,0.338145
delphinID_clicks:X1_1:8,,2024-05-01T08:02:54.250770Z,delphinID_clicks,click,Lal,0.05078
delphinID_clicks:X1_1:8,,2024-05-01T08:02:54.250770Z,delphinID_clicks,click,Ttr,0.112688
delphinID_clicks:X1_1:9,,2024-05-01T08:07:59.558651Z,delphinID_clicks,click,Dde,0.4699
delphinID_clicks:X1_1:9,,2024-05-01T08:07:59.558651Z,delphinID_clicks,click,Ggr,0.336702
delphinID_clicks:X1_1:9,,2024-05-01T08:07:59.558651Z,delphinID_clicks,click,Gme,0.138594
delphinID_clicks:X1_1:9,,2024-05-01T08:07:59.558651Z,delphinID_clicks,click,Lal,0.05438
delphinID_clicks:X1_1:9,,2024-05-01T08:07:59.558651Z,delphinID_clicks,click,Ttr,0.000424
delphinID_clicks:X1_1:10,,2024-05-01T08:07:26.807243Z,delphinID_clicks,click,Dde,0.178753
delphinID_clicks:X1_1:10,,2024-05-01T08:07:26.807243Z,delphinID_clicks,click,Ggr,0.473778
delphinID_clicks:X1_1:10,,2024-05-01T08:07:26.807243Z,delphinID_clicks,click,Gme,0.018885
delphinID_clicks:X1_1:10,,2024-05-01T08:07:26.807243Z,delphinID_clicks,click,Lal,0.024466
delphinID_clicks:X1_1:10,,2024-05-01T08:07:26.807243Z,delphinID_clicks,click,Ttr,0.304119
delphinID_clicks:X1_1:11,,2024-05-01T08:08:48.801081Z,delphinID_clicks,click,Dde,0.117294
delphinID_clicks:X1_1:11,,2024-05-01T08:08:48.801081Z,delphinID_clicks,click,Ggr,0.169911
delphinID_clicks:X1_1:11,,2024-05-01T08:08:48.801081Z,delphinID_clicks,click,Gme,0.001446
delphinID_clicks:X1_1:11,,2024-05-01T08:08:48.801081Z,delphinID_clicks,click,Lal,0.366536
delphinID_clicks:X1_1:11,,2024-05-01T08:08:48.801081Z,delphinID_clicks,click,Ttr,0.344813
delphinID_clicks:X1_1:12,,2024-05-01T08:04:08.250089Z,delphinID_clicks,click,Dde,0.012145
delphinID_clicks:X1_1:12,,2024-05-01T08:04:08.250089Z,delphinID_clicks,click,Ggr,0.358892
delphinID_clicks:X1_1:12,,2024-05-01T08:04:08.250089Z,delphinID_clicks,click,Gme,0.419292
delphinID_clicks:X1_1:12,,2024-05-01T08:04:08.250089Z,delphinID_clicks,click,Lal,0.190011
delphinID_clicks:X1_1:12,,2024-05-01T08:04:08.250089Z,delphinID_clicks,click,Ttr,0.01966
delphinID_clicks:X1_1:13,,2024-05-01T08:00:26.542139Z,delphinID_clicks,click,Dde,0.147766
delphinID_clicks:X1_1:13,,2024-05-01T08:00:26.542139Z,delphinID_clicks,click,Ggr,0.049668
delphinID_clicks:X1_1:13,,2024-05-01T08:00:26.542139Z,delphinID_clicks,click,Gme,0.690901
delphinID_clicks:X1_1:13,,2024-05-01T08:00:26.542139Z,delphinID_clicks,click,Lal,6.9e-05
delphinID_clicks:X1_1:13,,2024-05-01T08:00:26.542139Z,delphinID_clicks,click,Ttr,0.111596
delphinID_clicks:X1_1:14,,2024-05-01T08:09:42.440777Z,delphinID_clicks,click,Dde,0.012256
delphinID_clicks:X1_1:14,,2024-05-01T08:09:42.440777Z,delphinID_clicks,click,Ggr,0.134923
delphinID_clicks:X1_1:14,,2024-05-01T08:09:42.440777Z,delphinID_clicks,click,Gme,0.055397
delphinID_clicks:X1_1:14,,2024-05-01T08:09:42.440777Z,delphinID_clicks,click,Lal,0.657796
delphinID_clicks:X1_1:14,,2024-05-01T08:09:42.440777Z,delphinID_clicks,click,Ttr,0.139628
delphinID_clicks:X1_1:15,,2024-05-01T08:00:17.522457Z,delphinID_clicks,click,Dde,0.005889
delphinID_clicks:X1_1:15,,2024-05-01T08:00:17.522457Z,delphinID_clicks,click,Ggr,0.311015
delphinID_clicks:X1_1:15,,2024-05-01T08:00:17.522457Z,delphinID_clicks,click,Gme,0.00474
delphinID_clicks:X1_1:15,,2024-05-01T08:00:17.522457Z,delphinID_clicks,click,Lal,0.044771
delphinID_clicks:X1_1:15,,2024-05-01T08:00:17.522457Z,delphinID_clicks,click,Ttr,0.633584
delphinID_clicks:X1_1:16,,2024-05-01T08:01:32.146207Z,delphinID_clicks,click,Dde,0.000406
delphinID_clicks:X1_1:16,,2024-05-01T08:01:32.146207Z,delphinID_clicks,click,Ggr,0.394617
delphinID_clicks:X1_1:16,,2024-05-01T08:01:32.146207Z,delphinID_clicks,click,Gme,0.026722
delphinID_clicks:X1_1:16,,2024-05-01T08:01:32.146207Z,delphinID_clicks,click,Lal,0.437219
delphinID_clicks:X1_1:16,,2024-05-01T08:01:32.146207Z,delphinID_clicks,click,Ttr,0.141036
delphinID_clicks:X1_1:17,,2024-05-01T08:03:43.967686Z,delphinID_clicks,click,Dde,0.104598
delphinID_clicks:X1_1:17,,2024-05-01T08:03:43.967686Z,delphinID_clicks,click,Ggr,0.517478
delphinID_clicks:X1_1:17,,2024-05-01T08:03:43.967686Z,delphinID_clicks,click,Gme,0.00296
delphinID_clicks:X1_1:17,,2024-05-01T08:03:43.967686Z,delphinID_clicks,click,Lal,0.296568
delphinID_clicks:X1_1:17,,2024-05-01T08:03:43.967686Z,delphinID_clicks,click,Ttr,0.078396
delphinID_clicks:X1_1:18,,2024-05-01T08:03:19.179609Z,delphinID_clicks,click,Dde,0.007857
delphinID_clicks:X1_1:18,,2024-05-01T08:03:19.179609Z,delphinID_clicks,click,Ggr,0.260918
delphinID_clicks:X1_1:18,,2024-05-01T08:03:19.179609Z,delphinID_clicks,click,Gme,0.128839
delphinID_clicks:X1_1:18,,2024-05-01T08:03:19.179609Z,delphinID_clicks,click,Lal,0.047229
delphinID_clicks:X1_1:18,,2024-05-01T08:03:19.179609Z,delphinID_clicks,click,Ttr,0.555157
delphinID_clicks:X1_1:19,,2024-05-01T08:09:21.778461Z,delphinID_clicks,click,Dde,0.011486
delphinID_clicks:X1_1:19,,2024-05-01T08:09:21.778461Z,delphinID_clicks,click,Ggr,0.156219
delphinID_clicks:X1_1:19,,2024-05-01T08:09:21.778461Z,delphinID_clicks,click,Gme,0.000425
delphinID_clicks:X1_1:19,,2024-05-01T08:09:21.778461Z,delphinID_clicks,click,Lal,0.141586
delphinID_clicks:X1_1:19,,2024-05-01T08:09:21.778461Z,delphinID_clicks,click,Ttr,0.690284
delphinID_clicks:X1_1:20,,2024-05-01T08:03:38.479972Z,delphinID_clicks,click,Dde,0.301302
delphinID_clicks:X1_1:20,,2024-05-01T08:03:38.479972Z,delphinID_clicks,click,Ggr,0.195339
delphinID_clicks:X1_1:20,,2024-05-01T08:03:38.479972Z,delphinID_clicks,click,Gme,0.29994
delphinID_clicks:X1_1:20,,2024-05-01T08:03:38.479972Z,delphinID_clicks,click,Lal,0.000283
delphinID_clicks:X1_1:20,,2024-05-01T08:03:38.479972Z,delphinID_clicks,click,Ttr,0.203136
delphinID_clicks:X1_1:21,,2024-05-01T08:05:59.139268Z,delphinID_clicks,click,Dde,0.508643
delphinID_clicks:X1_1:21,,2024-05-01T08:05:59.139268Z,delphinID_clicks,click,Ggr,0.00548
delphinID_clicks:X1_1:21,,2024-05-01T08:05:59.139268Z,delphinID_clicks,click,Gme,0.301123
delphinID_clicks:X1_1:21,,2024-05-01T08:05:59.139268Z,delphinID_clicks,click,Lal,0.184411
delphinID_clicks:X1_1:21,,2024-05-01T08:05:59.139268Z,delphinID_clicks,click,Ttr,0.000343
delphinID_clicks:X1_1:22,,2024-05-01T08:03:10.342132Z,delphinID_clicks,click,Dde,0.008565
delphinID_clicks:X1_1:22,,2024-05-01T08:03:10.342132Z,delphinID_clicks,click,Ggr,0.158478
delphinID_clicks:X1_1:22,,2024-05-01T08:03:10.342132Z,delphinID_clicks,click,Gme,0.815155
delphinID_clicks:X1_1:22,,2024-05-01T08:03:10.342132Z,delphinID_clicks,click,Lal,0.017799
delphinID_clicks:X1_1:22,,2024-05-01T08:03:10.342132Z,delphinID_clicks,click,Ttr,2e-06
delphinID_clicks:X1_1:23,,2024-05-01T08:09:25.673338Z,delphinID_clicks,click,Dde,0.090597
delphinID_clicks:X1_1:23,,2024-05-01T08:09:25.673338Z,delphinID_clicks,click,Ggr,0.357263
delphinID_clicks:X1_1:23,,2024-05-01T08:09:25.673338Z,delphinID_clicks,click,Gme,0.036697
delphinID_clicks:X1_1:23,,2024-05-01T08:09:25.673338Z,delphinID_clicks,click,Lal,0.056981
delphinID_clicks:X1_1:23,,2024-05-01T08:09:25.673338Z,delphinID_clicks,click,Ttr,0.458463
delphinID_clicks:X1_1:24,,2024-05-01T08:00:29.237195Z,delphinID_clicks,click,Dde,0.517747
delphinID_clicks:X1_1:24,,2024-05-01T08:00:29.237195Z,delphinID_clicks,click,Ggr,0.075655
delphinID_clicks:X1_1:24,,2024-05-01T08:00:29.237195Z,delphinID_clicks,click,Gme,0.271596
delphinID_clicks:X1_1:24,,2024-05-01T08:00:29.237195Z,delphinID_clicks,click,Lal,0.132496
delphinID_clicks:X1_1:24,,2024-05-01T08:00:29.237195Z,delphinID_clicks,click,Ttr,0.002505
delphinID_clicks:X1_1:25,,2024-05-01T08:03:04.924864Z,delphinID_clicks,click,Dde,0.028099
delphinID_clicks:X1_1:25,,2024-05-01T08:03:04.924864Z,delphinID_clicks,click,Ggr,0.448384
delphinID_clicks:X1_1:25,,2024-05-01T08:03:04.924864Z,delphinID_clicks,click,Gme,0.039433
delphinID_clicks:X1_1:25,,2024-05-01T08:03:04.924864Z,delphinID_clicks,click,Lal,0.441507
delphinID_clicks:X1_1:25,,2024-05-01T08:03:04.924864Z,delphinID_clicks,click,Ttr,0.042577
delphinID_clicks:X1_1:26,,2024-05-01T08:06:08.276347Z,delphinID_clicks,click,Dde,0.033372
delphinID_clicks:X1_1:26,,2024-05-01T08:06:08.276347Z,delphinID_clicks,click,Ggr,0.156336
delphinID_clicks:X1_1:26,,2024-05-01T08:06:08.276347Z,delphinID_clicks,click,Gme,0.346798
delphinID_clicks:X1_1:26,,2024-05-01T08:06:08.276347Z,delphinID_clicks,click,Lal,0.058229
delphinID_clicks:X1_1:26,,2024-05-01T08:06:08.276347Z,delphinID_clicks,click,Ttr,0.405266
delphinID_clicks:X1_1:27,,2024-05-01T08:05:45.825232Z,delphinID_clicks,click,Dde,0.006801
delphinID_clicks:X1_1:27,,2024-05-01T08:05:45.825232Z,delphinID_clicks,click,Ggr,0.267631
delphinID_clicks:X1_1:27,,2024-05-01T08:05:45.825232Z,delphinID_clicks,click,Gme,0.351312
delphinID_clicks:X1_1:27,,2024-05-01T08:05:45.825232Z,delphinID_clicks,click,Lal,0.037663
delphinID_clicks:X1_1:27,,2024-05-01T08:05:45.825232Z,delphinID_clicks,click,Ttr,0.336593
delphinID_clicks:X1_1:28,,2024-05-01T08:09:16.099361Z,delphinID_clicks,click,Dde,0.148222
delphinID_clicks:X1_1:28,,2024-05-01T08:09:16.099361Z,delphinID_clicks,click,Ggr,0.087089
delphinID_clicks:X1_1:28,,2024-05-01T08:09:16.099361Z,delphinID_clicks,click,Gme,0.065523
delphinID_clicks:X1_1:28,,2024-05-01T08:09:16.099361Z,delphinID_clicks,click,Lal,0.656955
delphinID_clicks:X1_1:28,,2024-05-01T08:09:16.099361Z,delphinID_clicks,click,Ttr,0.042211
delphinID_clicks:X1_1:29,,2024-05-01T08:01:30.924135Z,delphinID_clicks,click,Dde,0.06673
delphinID_clicks:X1_1:29,,2024-05-01T08:01:30.924135Z,delphinID_clicks,click,Ggr,0.026121
delphinID_clicks:X1_1:29,,2024-05-01T08:01:30.924135Z,delphinID_clicks,click,Gme,0.114318
delphinID_clicks:X1_1:29,,2024-05-01T08:01:30.924135Z,delphinID_clicks,click,Lal,0.620865
delphinID_clicks:X1_1:29,,2024-05-01T08:01:30.924135Z,delphinID_clicks,click,Ttr,0.171965
delphinID_clicks:X1_1:30,,2024-05-01T08:05:02.365981Z,delphinID_clicks,click,Dde,0.203257
delphinID_clicks:X1_1:30,,2024-05-01T08:05:02.365981Z,delphinID_clicks,click,Ggr,0.615185
delphinID_clicks:X1_1:30,,2024-05-01T08:05:02.365981Z,delphinID_clicks,click,Gme,0.050931
delphinID_clicks:X1_1:30,,2024-05-01T08:05:02.365981Z,delphinID_clicks,click,Lal,0.082189
delphinID_clicks:X1_1:30,,2024-05-01T08:05:02.365981Z,delphinID_clicks,click,Ttr,0.048437
delphinID_whistles:X1_2:0,,2024-05-01T08:46:20.686895Z,delphinID_whistles,whistle,Dde,0.058752
delphinID_whistles:X1_2:0,,2024-05-01T08:46:20.686895Z,delphinID_whistles,whistle,Ggr,0.008144
delphinID_whistles:X1_2:0,,2024-05-01T08:46:20.686895Z,delphinID_whistles,whistle,Gme,0.348669
delphinID_whistles:X1_2:0,,2024-05-01T08:46:20.686895Z,delphinID_whistles,whistle,Lac,0.165968
delphinID_whistles:X1_2:0,,2024-05-01T08:46:20.686895Z,delphinID_whistles,whistle,Lal,0.301596
delphinID_whistles:X1_2:0,,2024-05-01T08:46:20.686895Z,delphinID_whistles,whistle,Oor,0.040013
delphinID_whistles:X1_2:0,,2024-05-01T08:46:20.686895Z,delphinID_whistles,whistle,Ttr,0.076856
delphinID_whistles:X1_2:1,,2024-05-01T08:44:32.721272Z,delphinID_whistles,whistle,Dde,0.439551
delphinID_whistles:X1_2:1,,2024-05-01T08:44:32.721272Z,delphinID_whistles,whistle,Ggr,0.459693
delphinID_whistles:X1_2:1,,2024-05-01T08:44:32.721272Z,delphinID_whistles,whistle,Gme,0.011511
delphinID_whistles:X1_2:1,,2024-05-01T08:44:32.721272Z,delphinID_whistles,whistle,Lac,0.023714
delphinID_whistles:X1_2:1,,2024-05-01T08:44:32.721272Z,delphinID_whistles,whistle,Lal,0.006059
delphinID_whistles:X1_2:1,,2024-05-01T08:44:32.721272Z,delphinID_whistles,whistle,Oor,0.000155
delphinID_whistles:X1_2:1,,2024-05-01T08:44:32.721272Z,delphinID_whistles,whistle,Ttr,0.059317
delphinID_whistles:X1_2:2,,2024-05-01T08:40:03.155809Z,delphinID_whistles,whistle,Dde,0.442613
delphinID_whistles:X1_2:2,,2024-05-01T08:40:03.155809Z,delphinID_whistles,whistle,Ggr,0.054142
delphinID_whistles:X1_2:2,,2024-05-01T08:40:03.155809Z,delphinID_whistles,whistle,Gme,0.003508
delphinID_whistles:X1_2:2,,2024-05-01T08:40:03.155809Z,delphinID_whistles,whistle,Lac,0.018316
delphinID_whistles:X1_2:2,,2024-05-01T08:40:03.155809Z,delphinID_whistles,whistle,Lal,0.038856
delphinID_whistles:X1_2:2,,2024-05-01T08:40:03.155809Z,delphinID_whistles,whistle,Oor,0.040874
delphinID_whistles:X1_2:2,,2024-05-01T08:40:03.155809Z,delphinID_whistles,whistle,Ttr,0.40169
delphinID_whistles:X1_2:3,,2024-05-01T08:47:51.896071Z,delphinID_whistles,whistle,Dde,0.006267
delphinID_whistles:X1_2:3,,2024-05-01T08:47:51.896071Z,delphinID_whistles,whistle,Ggr,0.078169
delphinID_whistles:X1_2:3,,2024-05-01T08:47:51.896071Z,delphinID_whistles,whistle,Gme,0.364769
delphinID_whistles:X1_2:3,,2024-05-01T08:47:51.896071Z,delphinID_whistles,whistle,Lac,0.049027
delphinID_whistles:X1_2:3,,2024-05-01T08:47:51.896071Z,delphinID_whistles,whistle,Lal,0.164582
delphinID_whistles:X1_2:3,,2024-05-01T08:47:51.896071Z,delphinID_whistles,whistle,Oor,0.015071
delphinID_whistles:X1_2:3,,2024-05-01T08:47:51.896071Z,delphinID_whistles,whistle,Ttr,0.322114
delphinID_whistles:X1_2:4,,2024-05-01T08:44:21.862823Z,delphinID_whistles,whistle,Dde,0.582025
delphinID_whistles:X1_2:4,,2024-05-01T08:44:21.862823Z,delphinID_whistles,whistle,Ggr,0.006548
delphinID_whistles:X1_2:4,,2024-05-01T08:44:21.862823Z,delphinID_whistles,whistle,Gme,0.094509
delphinID_whistles:X1_2:4,,2024-05-01T08:44:21.862823Z,delphinID_whistles,whistle,Lac,0.113967
delphinID_whistles:X1_2:4,,2024-05-01T08:44:21.862823Z,delphinID_whistles,whistle,Lal,0.129962
delphinID_whistles:X1_2:4,,2024-05-01T08:44:21.862823Z,delphinID_whistles,whistle,Oor,0.067886
delphinID_whistles:X1_2:4,,2024-05-01T08:44:21.862823Z,delphinID_whistles,whistle,Ttr,0.005103
delphinID_whistles:X1_2:5,,2024-05-01T08:42:43.681822Z,delphinID_whistles,whistle,Dde,0.314004
delphinID_whistles:X1_2:5,,2024-05-01T08:42:43.681822Z,delphinID_whistles,whistle,Ggr,0.065398
delphinID_whistles:X1_2:5,,2024-05-01T08:42:43.681822Z,delphinID_whistles,whistle,Gme,0.094952
delphinID_whistles:X1_2:5,,2024-05-01T08:42:43.681822Z,delphinID_whistles,whistle,Lac,0.001646
delphinID_whistles:X1_2:5,,2024-05-01T08:42:43.681822Z,delphinID_whistles,whistle,Lal,0.457514
delphinID_whistles:X1_2:5,,2024-05-01T08:42:43.681822Z,delphinID_whistles,whistle,Oor,0.031794
delphinID_whistles:X1_2:5,,2024-05-01T08:42:43.681822Z,delphinID_whistles,whistle,Ttr,0.034692
delphinID_whistles:X1_2:6,,2024-05-01T08:49:35.569442Z,delphinID_whistles,whistle,Dde,0.677912
delphinID_whistles:X1_2:6,,2024-05-01T08:49:35.569442Z,delphinID_whistles,whistle,Ggr,0.00385
delphinID_whistles:X1_2:6,,2024-05-01T08:49:35.569442Z,delphinID_whistles,whistle,Gme,0.025894
delphinID_whistles:X1_2:6,,2024-05-01T08:49:35.569442Z,delphinID_whistles,whistle,Lac,0.040686
delphinID_whistles:X1_2:6,,2024-05-01T08:49:35.569442Z,delphinID_whistles,whistle,Lal,0.000693
delphinID_whistles:X1_2:6,,2024-05-01T08:49:35.569442Z,delphinID_whistles,whistle,Oor,0.018906
delphinID_whistles:X1_2:6,,2024-05-01T08:49:35.569442Z,delphinID_whistles,whistle,Ttr,0.232059
delphinID_whistles:X1_2:7,,2024-05-01T08:40:48.859682Z,delphinID_whistles,whistle,Dde,0.227514
delphinID_whistles:X1_2:7,,2024-05-01T08:40:48.859682Z,delphinID_whistles,whistle,Ggr,0.003847
delphinID_whistles:X1_2:7,,2024-05-01T08:40:48.859682Z,delphinID_whistles,whistle,Gme,0.028826
delphinID_whistles:X1_2:7,,2024-05-01T08:40:48.859682Z,delphinID_whistles,whistle,Lac,6.4e-05
delphinID_whistles:X1_2:7,,2024-05-01T08:40:48.859682Z,delphinID_whistles,whistle,Lal,0.067645
delphinID_whistles:X1_2:7,,2024-05-01T08:40:48.859682Z,delphinID_whistles,whistle,Oor,0.549821
delphinID_whistles:X1_2:7,,2024-05-01T08:40:48.859682Z,delphinID_whistles,whistle,Ttr,0.122283
delphinID_whistles:X1_2:8,,2024-05-01T08:41:55.027952Z,delphinID_whistles,whistle,Dde,0.054725
delphinID_whistles:X1_2:8,,2024-05-01T08:41:55.027952Z,delphinID_whistles,whistle,Ggr,0.05914
delphinID_whistles:X1_2:8,,2024-05-01T08:41:55.027952Z,delphinID_whistles,whistle,Gme,0.098452
delphinID_whistles:X1_2:8,,2024-05-01T08:41:55.027952Z,delphinID_whistles,whistle,Lac,0.172601
delphinID_whistles:X1_2:8,,2024-05-01T08:41:55.027952Z,delphinID_whistles,whistle,Lal,0.040416
delphinID_whistles:X1_2:8,,2024-05-01T08:41:55.027952Z,delphinID_whistles,whistle,Oor,0.555568
delphinID_whistles:X1_2:8,,2024-05-01T08:41:55.027952Z,delphinID_whistles,whistle,Ttr,0.019098
delphinID_whistles:X1_2:9,,2024-05-01T08:47:09.870411Z,delphinID_whistles,whistle,Dde,0.169687
delphinID_whistles:X1_2:9,,2024-05-01T08:47:09.870411Z,delphinID_whistles,whistle,Ggr,0.005707
delphinID_whistles:X1_2:9,,2024-05-01T08:47:09.870411Z,delphinID_whistles,whistle,Gme,0.049297
delphinID_whistles:X1_2:9,,2024-05-01T08:47:09.870411Z,delphinID_whistles,whistle,Lac,0.450343
delphinID_whistles:X1_2:9,,2024-05-01T08:47:09.870411Z,delphinID_whistles,whistle,Lal,0.027947
delphinID_whistles:X1_2:9,,2024-05-01T08:47:09.870411Z,delphinID_whistles,whistle,Oor,0.068384
delphinID_whistles:X1_2:9,,2024-05-01T08:47:09.870411Z,delphinID_whistles,whistle,Ttr,0.228636
delphinID_whistles:X1_2:10,,2024-05-01T08:49:48.061324Z,delphinID_whistles,whistle,Dde,0.031776
delphinID_whistles:X1_2:10,,2024-05-01T08:49:48.061324Z,delphinID_whistles,whistle,Ggr,0.099939
delphinID_whistles:X1_2:10,,2024-05-01T08:49:48.061324Z,delphinID_whistles,whistle,Gme,0.00532
delphinID_whistles:X1_2:10,,2024-05-01T08:49:48.061324Z,delphinID_whistles,whistle,Lac,0.405348
delphinID_whistles:X1_2:10,,2024-05-01T08:49:48.061324Z,delphinID_whistles,whistle,Lal,0.202047
delphinID_whistles:X1_2:10,,2024-05-01T08:49:48.061324Z,delphinID_whistles,whistle,Oor,0.00971
delphinID_whistles:X1_2:10,,2024-05-01T08:49:48.061324Z,delphinID_whistles,whistle,Ttr,0.24586
delphinID_whistles:X1_2:11,,2024-05-01T08:46:01.305560Z,delphinID_whistles,whistle,Dde,0.570206
delphinID_whistles:X1_2:11,,2024-05-01T08:46:01.305560Z,delphinID_whistles,whistle,Ggr,0.107145
delphinID_whistles:X1_2:11,,2024-05-01T08:46:01.305560Z,delphinID_whistles,whistle,Gme,0.002533
delphinID_whistles:X1_2:11,,2024-05-01T08:46:01.305560Z,delphinID_whistles,whistle,Lac,0.013399
delphinID_whistles:X1_2:11,,2024-05-01T08:46:01.305560Z,delphinID_whistles,whistle,Lal,0.177955
delphinID_whistles:X1_2:11,,2024-05-01T08:46:01.305560Z,delphinID_whistles,whistle,Oor,0.103792
delphinID_whistles:X1_2:11,,2024-05-01T08:46:01.305560Z,delphinID_whistles,whistle,Ttr,0.024969
delphinID_clicks:X1_2:0,,2024-05-01T08:43:29.696665Z,delphinID_clicks,click,Dde,0.605526
delphinID_clicks:X1_2:0,,2024-05-01T08:43:29.696665Z,delphinID_clicks,click,Ggr,0.156309
delphinID_clicks:X1_2:0,,2024-05-01T08:43:29.696665Z,delphinID_clicks,click,Gme,0.011798
delphinID_clicks:X1_2:0,,2024-05-01T08:43:29.696665Z,delphinID_clicks,click,Lal,0.008931
delphinID_clicks:X1_2:0,,2024-05-01T08:43:29.696665Z,delphinID_clicks,click,Ttr,0.217437
delphinID_clicks:X1_2:1,,2024-05-01T08:42:10.859702Z,delphinID_clicks,click,Dde,0.096248
delphinID_clicks:X1_2:1,,2024-05-01T08:42:10.859702Z,delphinID_clicks,click,Ggr,0.063889
delphinID_clicks:X1_2:1,,2024-05-01T08:42:10.859702Z,delphinID_clicks,click,Gme,0.012793
delphinID_clicks:X1_2:1,,2024-05-01T08:42:10.859702Z,delphinID_clicks,click,Lal,0.6048
delphinID_clicks:X1_2:1,,2024-05-01T08:42:10.859702Z,delphinID_clicks,click,Ttr,0.222269
delphinID_clicks:X1_2:2,,2024-05-01T08:41:06.044591Z,delphinID_clicks,click,Dde,0.031195
delphinID_clicks:X1_2:2,,2024-05-01T08:41:06.044591Z,delphinID_clicks,click,Ggr,0.109842
delphinID_clicks:X1_2:2,,2024-05-01T08:41:06.044591Z,delphinID_clicks,click,Gme,0.055459
delphinID_clicks:X1_2:2,,2024-05-01T08:41:06.044591Z,delphinID_clicks,click,Lal,0.24524
delphinID_clicks:X1_2:2,,2024-05-01T08:41:06.044591Z,delphinID_clicks,click,Ttr,0.558264
delphinID_clicks:X1_2:3,,2024-05-01T08:44:28.619885Z,delphinID_clicks,click,Dde,0.00077
delphinID_clicks:X1_2:3,,2024-05-01T08:44:28.619885Z,delphinID_clicks,click,Ggr,0.257706
delphinID_clicks:X1_2:3,,2024-05-01T08:44:28.619885Z,delphinID_clicks,click,Gme,0.354236
delphinID_clicks:X1_2:3,,2024-05-01T08:44:28.619885Z,delphinID_clicks,click,Lal,0.366168
delphinID_clicks:X1_2:3,,2024-05-01T08:44:28.619885Z,delphinID_clicks,click,Ttr,0.021119
delphinID_clicks:X1_2:4,,2024-05-01T08:46:07.206346Z,delphinID_clicks,click,Dde,0.031181
delphinID_clicks:X1_2:4,,2024-05-01T08:46:07.206346Z,delphinID_clicks,click,Ggr,0.451147
delphinID_clicks:X1_2:4,,2024-05-01T08:46:07.206346Z,delphinID_clicks,click,Gme,0.096886
delphinID_clicks:X1_2:4,,2024-05-01T08:46:07.206346Z,delphinID_clicks,click,Lal,0.242614
delphinID_clicks:X1_2:4,,2024-05-01T08:46:07.206346Z,delphinID_clicks,click,Ttr,0.178172
delphinID_clicks:X1_2:5,,2024-05-01T08:45:23.188981Z,delphinID_clicks,click,Dde,0.0509
delphinID_clicks:X1_2:5,,2024-05-01T08:45:23.188981Z,delphinID_clicks,click,Ggr,0.635417
delphinID_clicks:X1_2:5,,2024-05-01T08:45:23.188981Z,delphinID_clicks,click,Gme,0.246158
delphinID_clicks:X1_2:5,,2024-05-01T08:45:23.188981Z,delphinID_clicks,click,Lal,0.05126
delphinID_clicks:X1_2:5,,2024-05-01T08:45:23.188981Z,delphinID_clicks,click,Ttr,0.016265
delphinID_clicks:X1_2:6,,2024-05-01T08:48:03.527387Z,delphinID_clicks,click,Dde,0.054933
delphinID_clicks:X1_2:6,,2024-05-01T08:48:03.527387Z,delphinID_clicks,click,Ggr,0.055561
delphinID_clicks:X1_2:6,,2024-05-01T08:48:03.527387Z,delphinID_clicks,click,Gme,0.739134
delphinID_clicks:X1_2:6,,2024-05-01T08:48:03.527387Z,delphinID_clicks,click,Lal,0.104289
delphinID_clicks:X1_2:6,,2024-05-01T08:48:03.527387Z,delphinID_clicks,click,Ttr,0.046083
delphinID_clicks:X1_2:7,,2024-05-01T08:42:27.349716Z,delphinID_clicks,click,Dde,0.637014
delphinID_clicks:X1_2:7,,2024-05-01T08:42:27.349716Z,delphinID_clicks,click,Ggr,0.236227
delphinID_clicks:X1_2:7,,2024-05-01T08:42:27.349716Z,delphinID_clicks,click,Gme,0.12114
delphinID_clicks:X1_2:7,,2024-05-01T08:42:27.349716Z,delphinID_clicks,click,Lal,0.004904
delphinID_clicks:X1_2:7,,2024-05-01T08:42:27.349716Z,delphinID_clicks,click,Ttr,0.000715
delphinID_clicks:X1_2:8,,2024-05-01T08:41:02.551615Z,delphinID_clicks,click,Dde,0.363436
delphinID_clicks:X1_2:8,,2024-05-01T08:41:02.551615Z,delphinID_clicks,click,Ggr,0.618464
delphinID_clicks:X1_2:8,,2024-05-01T08:41:02.551615Z,delphinID_clicks,click,Gme,0.007603
delphinID_clicks:X1_2:8,,2024-05-01T08:41:02.551615Z,delphinID_clicks,click,Lal,0.005282
delphinID_clicks:X1_2:8,,2024-05-01T08:41:02.551615Z,delphinID_clicks,click,Ttr,0.005215
delphinID_clicks:X1_2:9,,2024-05-01T08:48:14.744991Z,delphinID_clicks,click,Dde,0.175448
delphinID_clicks:X1_2:9,,2024-05-01T08:48:14.744991Z,delphinID_clicks,click,Ggr,0.272683
delphinID_clicks:X1_2:9,,2024-05-01T08:48:14.744991Z,delphinID_clicks,click,Gme,0.062812
delphinID_clicks:X1_2:9,,2024-05-01T08:48:14.744991Z,delphinID_clicks,click,Lal,0.256506
delphinID_clicks:X1_2:9,,2024-05-01T08:48:14.744991Z,delphinID_clicks,click,Ttr,0.23255
delphinID_clicks:X1_2:10,,2024-05-01T08:46:00.849579Z,delphinID_clicks,click,Dde,0.002966
delphinID_clicks:X1_2:10,,2024-05-01T08:46:00.849579Z,delphinID_clicks,click,Ggr,0.647852
delphinID_clicks:X1_2:10,,2024-05-01T08:46:00.849579Z,delphinID_clicks,click,Gme,0.002454
delphinID_clicks:X1_2:10,,2024-05-01T08:46:00.849579Z,delphinID_clicks,click,Lal,0.072324
delphinID_clicks:X1_2:10,,2024-05-01T08:46:00.849579Z,delphinID_clicks,click,Ttr,0.274404
delphinID_clicks:X1_2:11,,2024-05-01T08:46:41.951592Z,delphinID_clicks,click,Dde,0.29538
delphinID_clicks:X1_2:11,,2024-05-01T08:46:41.951592Z,delphinID_clicks,click,Ggr,0.350314
delphinID_clicks:X1_2:11,,2024-05-01T08:46:41.951592Z,delphinID_clicks,click,Gme,0.186683
delphinID_clicks:X1_2:11,,2024-05-01T08:46:41.951592Z,delphinID_clicks,click,Lal,0.139903
delphinID_clicks:X1_2:11,,2024-05-01T08:46:41.951592Z,delphinID_clicks,click,Ttr,0.027722
delphinID_clicks:X1_2:12,,2024-05-01T08:42:18.020790Z,delphinID_clicks,click,Dde,0.059662
delphinID_clicks:X1_2:12,,2024-05-01T08:42:18.020790Z,delphinID_clicks,click,Ggr,0.14497
delphinID_clicks:X1_2:12,,2024-05-01T08:42:18.020790Z,delphinID_clicks,click,Gme,0.025472
delphinID_clicks:X1_2:12,,2024-05-01T08:42:18.020790Z,delphinID_clicks,click,Lal,0.765742
delphinID_clicks:X1_2:12,,2024-05-01T08:42:18.020790Z,delphinID_clicks,click,Ttr,0.004154
delphinID_clicks:X1_2:13,,2024-05-01T08:40:54.961530Z,delphinID_clicks,click,Dde,0.182408
delphinID_clicks:X1_2:13,,2024-05-01T08:40:54.961530Z,delphinID_clicks,click,Ggr,0.350444
delphinID_clicks:X1_2:13,,2024-05-01T08:40:54.961530Z,delphinID_clicks,click,Gme,0.047518
delphinID_clicks:X1_2:13,,2024-05-01T08:40:54.961530Z,delphinID_clicks,click,Lal,0.165609
delphinID_clicks:X1_2:13,,2024-05-01T08:40:54.961530Z,delphinID_clicks,click,Ttr,0.254021
delphinID_clicks:X1_2:14,,2024-05-01T08:43:33.576913Z,delphinID_clicks,click,Dde,0.039712
delphinID_clicks:X1_2:14,,2024-05-01T08:43:33.576913Z,delphinID_clicks,click,Ggr,0.480405
delphinID_clicks:X1_2:14,,2024-05-01T08:43:33.576913Z,delphinID_clicks,click,Gme,0.059941
delphinID_clicks:X1_2:14,,2024-05-01T08:43:33.576913Z,delphinID_clicks,click,Lal,0.165488
delphinID_clicks:X1_2:14,,2024-05-01T08:43:33.576913Z,delphinID_clicks,click,Ttr,0.254454
delphinID_clicks:X1_2:15,,2024-05-01T08:47:59.245644Z,delphinID_clicks,click,Dde,0.63986
delphinID_clicks:X1_2:15,,2024-05-01T08:47:59.245644Z,delphinID_clicks,click,Ggr,0.253258
delphinID_clicks:X1_2:15,,2024-05-01T08:47:59.245644Z,delphinID_clicks,click,Gme,0.102884
delphinID_clicks:X1_2:15,,2024-05-01T08:47:59.245644Z,delphinID_clicks,click,Lal,0.003988
delphinID_clicks:X1_2:15,,2024-05-01T08:47:59.245644Z,delphinID_clicks,click,Ttr,1e-05
delphinID_clicks:X1_2:16,,2024-05-01T08:40:07.015573Z,delphinID_clicks,click,Dde,0.089446
delphinID_clicks:X1_2:16,,2024-05-01T08:40:07.015573Z,delphinID_clicks,click,Ggr,0.385111
delphinID_clicks:X1_2:16,,2024-05-01T08:40:07.015573Z,delphinID_clicks,click,Gme,0.001224
delphinID_clicks:X1_2:16,,2024-05-01T08:40:07.015573Z,delphinID_clicks,click,Lal,0.106075
delphinID_clicks:X1_2:16,,2024-05-01T08:40:07.015573Z,delphinID_clicks,click,Ttr,0.418143
delphinID_clicks:X1_2:17,,2024-05-01T08:49:25.179009Z,delphinID_clicks,click,Dde,0.525631
delphinID_clicks:X1_2:17,,2024-05-01T08:49:25.179009Z,delphinID_clicks,click,Ggr,0.092145
delphinID_clicks:X1_2:17,,2024-05-01T08:49:25.179009Z,delphinID_clicks,click,Gme,0.228075
delphinID_clicks:X1_2:17,,2024-05-01T08:49:25.179009Z,delphinID_clicks,click,Lal,0.083471
delphinID_clicks:X1_2:17,,2024-05-01T08:49:25.179009Z,delphinID_clicks,click,Ttr,0.070679
delphinID_whistles:X1_3:0,,2024-05-01T09:22:11.135348Z,delphinID_whistles,whistle,Dde,0.12531
delphinID_whistles:X1_3:0,,2024-05-01T09:22:11.135348Z,delphinID_whistles,whistle,Ggr,0.28579
delphinID_whistles:X1_3:0,,2024-05-01T09:22:11.135348Z,delphinID_whistles,whistle,Gme,0.359372
delphinID_whistles:X1_3:0,,2024-05-01T09:22:11.135348Z,delphinID_whistles,whistle,Lac,0.111268
delphinID_whistles:X1_3:0,,2024-05-01T09:22:11.135348Z,delphinID_whistles,whistle,Lal,0.004746
delphinID_whistles:X1_3:0,,2024-05-01T09:22:11.135348Z,delphinID_whistles,whistle,Oor,0.091603
delphinID_whistles:X1_3:0,,2024-05-01T09:22:11.135348Z,delphinID_whistles,whistle,Ttr,0.02191
delphinID_whistles:X1_3:1,,2024-05-01T09:20:14.363842Z,delphinID_whistles,whistle,Dde,0.331598
delphinID_whistles:X1_3:1,,2024-05-01T09:20:14.363842Z,delphinID_whistles,whistle,Ggr,5e-06
delphinID_whistles:X1_3:1,,2024-05-01T09:20:14.363842Z,delphinID_whistles,whistle,Gme,0.288752
delphinID_whistles:X1_3:1,,2024-05-01T09:20:14.363842Z,delphinID_whistles,whistle,Lac,0.020749
delphinID_whistles:X1_3:1,,2024-05-01T09:20:14.363842Z,delphinID_whistles,whistle,Lal,0.195777
delphinID_whistles:X1_3:1,,2024-05-01T09:20:14.363842Z,delphinID_whistles,whistle,Oor,0.160219
delphinID_whistles:X1_3:1,,2024-05-01T09:20:14.363842Z,delphinID_whistles,whistle,Ttr,0.002899
delphinID_whistles:X1_3:2,,2024-05-01T09:28:38.245211Z,delphinID_whistles,whistle,Dde,0.204948
delphinID_whistles:X1_3:2,,2024-05-01T09:28:38.245211Z,delphinID_whistles,whistle,Ggr,0.228797
delphinID_whistles:X1_3:2,,2024-05-01T09:28:38.245211Z,delphinID_whistles,whistle,Gme,0.013762
delphinID_whistles:X1_3:2,,2024-05-01T09:28:38.245211Z,delphinID_whistles,whistle,Lac,0.111945
delphinID_whistles:X1_3:2,,2024-05-01T09:28:38.245211Z,delphinID_whistles,whistle,Lal,0.233674
delphinID_whistles:X1_3:2,,2024-05-01T09:28:38.245211Z,delphinID_whistles,whistle,Oor,0.169177
delphinID_whistles:X1_3:2,,2024-05-01T09:28:38.245211Z,delphinID_whistles,whistle,Ttr,0.037697
delphinID_whistles:X1_3:3,,2024-05-01T09:24:52.868159Z,delphinID_whistles,whistle,Dde,0.144238
delphinID_whistles:X1_3:3,,2024-05-01T09:24:52.868159Z,delphinID_whistles,whistle,Ggr,0.00168
delphinID_whistles:X1_3:3,,2024-05-01T09:24:52.868159Z,delphinID_whistles,whistle,Gme,0.003634
delphinID_whistles:X1_3:3,,2024-05-01T09:24:52.868159Z,delphinID_whistles,whistle,Lac,0.238851
delphinID_whistles:X1_3:3,,2024-05-01T09:24:52.868159Z,delphinID_whistles,whistle,Lal,0.053408
delphinID_whistles:X1_3:3,,2024-05-01T09:24:52.868159Z,delphinID_whistles,whistle,Oor,0.204448
delphinID_whistles:X1_3:3,,2024-05-01T09:24:52.868159Z,delphinID_whistles,whistle,Ttr,0.353741
delphinID_whistles:X1_3:4,,2024-05-01T09:24:11.824112Z,delphinID_whistles,whistle,Dde,0.198894
delphinID_whistles:X1_3:4,,2024-05-01T09:24:11.824112Z,delphinID_whistles,whistle,Ggr,0.004441
delphinID_whistles:X1_3:4,,2024-05-01T09:24:11.824112Z,delphinID_whistles,whistle,Gme,0.111204
delphinID_whistles:X1_3:4,,2024-05-01T09:24:11.824112Z,delphinID_whistles,whistle,Lac,0.000233
delphinID_whistles:X1_3:4,,2024-05-01T09:24:11.824112Z,delphinID_whistles,whistle,Lal,0.151648
delphinID_whistles:X1_3:4,,2024-05-01T09:24:11.824112Z,delphinID_whistles,whistle,Oor,0.472954
delphinID_whistles:X1_3:4,,2024-05-01T09:24:11.824112Z,delphinID_whistles,whistle,Ttr,0.060627
delphinID_whistles:X1_3:5,,2024-05-01T09:21:58.402121Z,delphinID_whistles,whistle,Dde,0.052728
delphinID_whistles:X1_3:5,,2024-05-01T09:21:58.402121Z,delphinID_whistles,whistle,Ggr,0.285168
delphinID_whistles:X1_3:5,,2024-05-01T09:21:58.402121Z,delphinID_whistles,whistle,Gme,0.074593
delphinID_whistles:X1_3:5,,2024-05-01T09:21:58.402121Z,delphinID_whistles,whistle,Lac,0.011474
delphinID_whistles:X1_3:5,,2024-05-01T09:21:58.402121Z,delphinID_whistles,whistle,Lal,0.371677
delphinID_whistles:X1_3:5,,2024-05-01T09:21:58.402121Z,delphinID_whistles,whistle,Oor,0.131345
delphinID_whistles:X1_3:5,,2024-05-01T09:21:58.402121Z,delphinID_whistles,whistle,Ttr,0.073015
delphinID_whistles:X1_3:6,,2024-05-01T09:23:18.122121Z,delphinID_whistles,whistle,Dde,0.254796
delphinID_whistles:X1_3:6,,2024-05-01T09:23:18.122121Z,delphinID_whistles,whistle,Ggr,0.089173
delphinID_whistles:X1_3:6,,2024-05-01T09:23:18.122121Z,delphinID_whistles,whistle,Gme,0.079411
delphinID_whistles:X1_3:6,,2024-05-01T09:23:18.122121Z,delphinID_whistles,whistle,Lac,0.236968
delphinID_whistles:X1_3:6,,2024-05-01T09:23:18.122121Z,delphinID_whistles,whistle,Lal,0.297439
delphinID_whistles:X1_3:6,,2024-05-01T09:23:18.122121Z,delphinID_whistles,whistle,Oor,0.002508
delphinID_whistles:X1_3:6,,2024-05-01T09:23:18.122121Z,delphinID_whistles,whistle,Ttr,0.039705
delphinID_whistles:X1_3:7,,2024-05-01T09:28:27.122379Z,delphinID_whistles,whistle,Dde,0.145027
delphinID_whistles:X1_3:7,,2024-05-01T09:28:27.122379Z,delphinID_whistles,whistle,Ggr,0.130582
delphinID_whistles:X1_3:7,,2024-05-01T09:28:27.122379Z,delphinID_whistles,whistle,Gme,0.055875
delphinID_whistles:X1_3:7,,2024-05-01T09:28:27.122379Z,delphinID_whistles,whistle,Lac,0.119436
delphinID_whistles:X1_3:7,,2024-05-01T09:28:27.122379Z,delphinID_whistles,whistle,Lal,0.423613
delphinID_whistles:X1_3:7,,2024-05-01T09:28:27.122379Z,delphinID_whistles,whistle,Oor,0.008059
delphinID_whistles:X1_3:7,,2024-05-01T09:28:27.122379Z,delphinID_whistles,whistle,Ttr,0.117408
delphinID_whistles:X1_3:8,,2024-05-01T09:29:57.060360Z,delphinID_whistles,whistle,Dde,0.275781
delphinID_whistles:X1_3:8,,2024-05-01T09:29:57.060360Z,delphinID_whistles,whistle,Ggr,0.373452
delphinID_whistles:X1_3:8,,2024-05-01T09:29:57.060360Z,delphinID_whistles,whistle,Gme,0.241257
delphinID_whistles:X1_3:8,,2024-05-01T09:29:57.060360Z,delphinID_whistles,whistle,Lac,0.000749
delphinID_whistles:X1_3:8,,2024-05-01T09:29:57.060360Z,delphinID_whistles,whistle,Lal,0.061057
delphinID_whistles:X1_3:8,,2024-05-01T09:29:57.060360Z,delphinID_whistles,whistle,Oor,0.011921
delphinID_whistles:X1_3:8,,2024-05-01T09:29:57.060360Z,delphinID_whistles,whistle,Ttr,0.035783
delphinID_clicks:X1_3:0,,2024-05-01T09:25:36.626064Z,delphinID_clicks,click,Dde,0.315075
delphinID_clicks:X1_3:0,,2024-05-01T09:25:36.626064Z,delphinID_clicks,click,Ggr,0.222827
delphinID_clicks:X1_3:0,,2024-05-01T09:25:36.626064Z,delphinID_clicks,click,Gme,0.124439
delphinID_clicks:X1_3:0,,2024-05-01T09:25:36.626064Z,delphinID_clicks,click,Lal,0.088386
delphinID_clicks:X1_3:0,,2024-05-01T09:25:36.626064Z,delphinID_clicks,click,Ttr,0.249273
delphinID_clicks:X1_3:1,,2024-05-01T09:28:30.668341Z,delphinID_clicks,click,Dde,0.065583
delphinID_clicks:X1_3:1,,2024-05-01T09:28:30.668341Z,delphinID_clicks,click,Ggr,0.056813
delphinID_clicks:X1_3:1,,2024-05-01T09:28:30.668341Z,delphinID_clicks,click,Gme,0.814631
delphinID_clicks:X1_3:1,,2024-05-01T09:28:30.668341Z,delphinID_clicks,click,Lal,0.010287
delphinID_clicks:X1_3:1,,2024-05-01T09:28:30.668341Z,delphinID_clicks,click,Ttr,0.052685
delphinID_clicks:X1_3:2,,2024-05-01T09:22:38.745132Z,delphinID_clicks,click,Dde,0.05572
delphinID_clicks:X1_3:2,,2024-05-01T09:22:38.745132Z,delphinID_clicks,click,Ggr,0.110277
delphinID_clicks:X1_3:2,,2024-05-01T09:22:38.745132Z,delphinID_clicks,click,Gme,0.121485
delphinID_clicks:X1_3:2,,2024-05-01T09:22:38.745132Z,delphinID_clicks,click,Lal,0.540488
delphinID_clicks:X1_3:2,,2024-05-01T09:22:38.745132Z,delphinID_clicks,click,Ttr,0.172029
delphinID_clicks:X1_3:3,,2024-05-01T09:27:13.347306Z,delphinID_clicks,click,Dde,0.081965
delphinID_clicks:X1_3:3,,2024-05-01T09:27:13.347306Z,delphinID_clicks,click,Ggr,0.125195
delphinID_clicks:X1_3:3,,2024-05-01T09:27:13.347306Z,delphinID_clicks,click,Gme,0.023475
delphinID_clicks:X1_3:3,,2024-05-01T09:27:13.347306Z,delphinID_clicks,click,Lal,0.760702
delphinID_clicks:X1_3:3,,2024-05-01T09:27:13.347306Z,delphinID_clicks,click,Ttr,0.008664
delphinID_clicks:X1_3:4,,2024-05-01T09:26:19.521962Z,delphinID_clicks,click,Dde,0.376095
delphinID_clicks:X1_3:4,,2024-05-01T09:26:19.521962Z,delphinID_clicks,click,Ggr,0.331256
delphinID_clicks:X1_3:4,,2024-05-01T09:26:19.521962Z,delphinID_clicks,click,Gme,0.244012
delphinID_clicks:X1_3:4,,2024-05-01T09:26:19.521962Z,delphinID_clicks,click,Lal,0.048317
delphinID_clicks:X1_3:4,,2024-05-01T09:26:19.521962Z,delphinID_clicks,click,Ttr,0.000319
delphinID_clicks:X1_3:5,,2024-05-01T09:23:56.552238Z,delphinID_clicks,click,Dde,1e-06
delphinID_clicks:X1_3:5,,2024-05-01T09:23:56.552238Z,delphinID_clicks,click,Ggr,0.237423
delphinID_clicks:X1_3:5,,2024-05-01T09:23:56.552238Z,delphinID_clicks,click,Gme,0.740779
delphinID_clicks:X1_3:5,,2024-05-01T09:23:56.552238Z,delphinID_clicks,click,Lal,0.021602
delphinID_clicks:X1_3:5,,2024-05-01T09:23:56.552238Z,delphinID_clicks,click,Ttr,0.000194
delphinID_clicks:X1_3:6,,2024-05-01T09:22:22.605248Z,delphinID_clicks,click,Dde,0.0
delphinID_clicks:X1_3:6,,2024-05-01T09:22:22.605248Z,delphinID_clicks,click,Ggr,0.458407
delphinID_clicks:X1_3:6,,2024-05-01T09:22:22.605248Z,delphinID_clicks,click,Gme,0.232099
delphinID_clicks:X1_3:6,,2024-05-01T09:22:22.605248Z,delphinID_clicks,click,Lal,0.281106
delphinID_clicks:X1_3:6,,2024-05-01T09:22:22.605248Z,delphinID_clicks,click,Ttr,0.028388
delphinID_clicks:X1_3:7,,2024-05-01T09:22:39.247682Z,delphinID_clicks,click,Dde,0.435898
delphinID_clicks:X1_3:7,,2024-05-01T09:22:39.247682Z,delphinID_clicks,click,Ggr,0.037951
delphinID_clicks:X1_3:7,,2024-05-01T09:22:39.247682Z,delphinID_clicks,click,Gme,0.242361
delphinID_clicks:X1_3:7,,2024-05-01T09:22:39.247682Z,delphinID_clicks,click,Lal,0.165795
delphinID_clicks:X1_3:7,,2024-05-01T09:22:39.247682Z,delphinID_clicks,click,Ttr,0.117995
delphinID_clicks:X1_3:8,,2024-05-01T09:29:47.021477Z,delphinID_clicks,click,Dde,0.246764
delphinID_clicks:X1_3:8,,2024-05-01T09:29:47.021477Z,delphinID_clicks,click,Ggr,0.045009
delphinID_clicks:X1_3:8,,2024-05-01T09:29:47.021477Z,delphinID_clicks,click,Gme,0.019869
delphinID_clicks:X1_3:8,,2024-05-01T09:29:47.021477Z,delphinID_clicks,click,Lal,0.613161
delphinID_clicks:X1_3:8,,2024-05-01T09:29:47.021477Z,delphinID_clicks,click,Ttr,0.075198
delphinID_clicks:X1_3:9,,2024-05-01T09:26:52.152829Z,delphinID_clicks,click,Dde,0.667317
delphinID_clicks:X1_3:9,,2024-05-01T09:26:52.152829Z,delphinID_clicks,click,Ggr,0.02679
delphinID_clicks:X1_3:9,,2024-05-01T09:26:52.152829Z,delphinID_clicks,click,Gme,0.0057
delphinID_clicks:X1_3:9,,2024-05-01T09:26:52.152829Z,delphinID_clicks,click,Lal,0.298745
delphinID_clicks:X1_3:9,,2024-05-01T09:26:52.152829Z,delphinID_clicks,click,Ttr,0.001449
delphinID_clicks:X1_3:10,,2024-05-01T09:21:33.629053Z,delphinID_clicks,click,Dde,0.142819
delphinID_clicks:X1_3:10,,2024-05-01T09:21:33.629053Z,delphinID_clicks,click,Ggr,0.155154
delphinID_clicks:X1_3:10,,2024-05-01T09:21:33.629053Z,delphinID_clicks,click,Gme,0.266687
delphinID_clicks:X1_3:10,,2024-05-01T09:21:33.629053Z,delphinID_clicks,click,Lal,0.109433
delphinID_clicks:X1_3:10,,2024-05-01T09:21:33.629053Z,delphinID_clicks,click,Ttr,0.325908
delphinID_clicks:X1_3:11,,2024-05-01T09:28:29.833959Z,delphinID_clicks,click,Dde,0.146247
delphinID_clicks:X1_3:11,,2024-05-01T09:28:29.833959Z,delphinID_clicks,click,Ggr,0.246154
delphinID_clicks:X1_3:11,,2024-05-01T09:28:29.833959Z,delphinID_clicks,click,Gme,0.302165
delphinID_clicks:X1_3:11,,2024-05-01T09:28:29.833959Z,delphinID_clicks,click,Lal,0.303215
delphinID_clicks:X1_3:11,,2024-05-01T09:28:29.833959Z,delphinID_clicks,click,Ttr,0.002219
delphinID_clicks:X1_3:12,,2024-05-01T09:29:14.040962Z,delphinID_clicks,click,Dde,0.139973
delphinID_clicks:X1_3:12,,2024-05-01T09:29:14.040962Z,delphinID_clicks,click,Ggr,0.249092
delphinID_clicks:X1_3:12,,2024-05-01T09:29:14.040962Z,delphinID_clicks,click,Gme,0.399286
delphinID_clicks:X1_3:12,,2024-05-01T09:29:14.040962Z,delphinID_clicks,click,Lal,0.209761
delphinID_clicks:X1_3:12,,2024-05-01T09:29:14.040962Z,delphinID_clicks,click,Ttr,0.001889
delphinID_clicks:X1_3:13,,2024-05-01T09:24:14.732271Z,delphinID_clicks,click,Dde,0.026977
delphinID_clicks:X1_3:13,,2024-05-01T09:24:14.732271Z,delphinID_clicks,click,Ggr,0.045353
delphinID_clicks:X1_3:13,,2024-05-01T09:24:14.732271Z,delphinID_clicks,click,Gme,0.000421
delphinID_clicks:X1_3:13,,2024-05-01T09:24:14.732271Z,delphinID_clicks,click,Lal,0.042505
delphinID_clicks:X1_3:13,,2024-05-01T09:24:14.732271Z,delphinID_clicks,click,Ttr,0.884744
delphinID_clicks:X1_3:14,,2024-05-01T09:22:23.853396Z,delphinID_clicks,click,Dde,0.219545
delphinID_clicks:X1_3:14,,2024-05-01T09:22:23.853396Z,delphinID_clicks,click,Ggr,0.572352
delphinID_clicks:X1_3:14,,2024-05-01T09:22:23.853396Z,delphinID_clicks,click,Gme,3.1e-05
delphinID_clicks:X1_3:14,,2024-05-01T09:22:23.853396Z,delphinID_clicks,click,Lal,0.162472
delphinID_clicks:X1_3:14,,2024-05-01T09:22:23.853396Z,delphinID_clicks,click,Ttr,0.0456
delphinID_clicks:X1_3:15,,2024-05-01T09:22:26.769796Z,delphinID_clicks,click,Dde,0.01486
delphinID_clicks:X1_3:15,,2024-05-01T09:22:26.769796Z,delphinID_clicks,click,Ggr,0.218001
delphinID_clicks:X1_3:15,,2024-05-01T09:22:26.769796Z,delphinID_clicks,click,Gme,0.340491
delphinID_clicks:X1_3:15,,2024-05-01T09:22:26.769796Z,delphinID_clicks,click,Lal,0.420369
delphinID_clicks:X1_3:15,,2024-05-01T09:22:26.769796Z,delphinID_clicks,click,Ttr,0.006278
delphinID_clicks:X1_3:16,,2024-05-01T09:25:57.770171Z,delphinID_clicks,click,Dde,0.056105
delphinID_clicks:X1_3:16,,2024-05-01T09:25:57.770171Z,delphinID_clicks,click,Ggr,0.43613
delphinID_clicks:X1_3:16,,2024-05-01T09:25:57.770171Z,delphinID_clicks,click,Gme,0.002666
delphinID_clicks:X1_3:16,,2024-05-01T09:25:57.770171Z,delphinID_clicks,click,Lal,0.016666
delphinID_clicks:X1_3:16,,2024-05-01T09:25:57.770171Z,delphinID_clicks,click,Ttr,0.488433
delphinID_clicks:X1_3:17,,2024-05-01T09:24:44.983275Z,delphinID_clicks,click,Dde,0.047523
delphinID_clicks:X1_3:17,,2024-05-01T09:24:44.983275Z,delphinID_clicks,click,Ggr,0.263577
delphinID_clicks:X1_3:17,,2024-05-01T09:24:44.983275Z,delphinID_clicks,click,Gme,0.499233
delphinID_clicks:X1_3:17,,2024-05-01T09:24:44.983275Z,delphinID_clicks,click,Lal,0.051852
delphinID_clicks:X1_3:17,,2024-05-01T09:24:44.983275Z,delphinID_clicks,click,Ttr,0.137814
delphinID_clicks:X1_3:18,,2024-05-01T09:29:56.897890Z,delphinID_clicks,click,Dde,0.139728
delphinID_clicks:X1_3:18,,2024-05-01T09:29:56.897890Z,delphinID_clicks,click,Ggr,0.213422
delphinID_clicks:X1_3:18,,2024-05-01T09:29:56.897890Z,delphinID_clicks,click,Gme,0.137765
delphinID_clicks:X1_3:18,,2024-05-01T09:29:56.897890Z,delphinID_clicks,click,Lal,0.39287
delphinID_clicks:X1_3:18,,2024-05-01T09:29:56.897890Z,delphinID_clicks,click,Ttr,0.116215
delphinID_clicks:X1_3:19,,2024-05-01T09:20:55.314643Z,delphinID_clicks,click,Dde,0.093966
delphinID_clicks:X1_3:19,,2024-05-01T09:20:55.314643Z,delphinID_clicks,click,Ggr,0.528388
delphinID_clicks:X1_3:19,,2024-05-01T09:20:55.314643Z,delphinID_clicks,click,Gme,0.075219
delphinID_clicks:X1_3:19,,2024-05-01T09:20:55.314643Z,delphinID_clicks,click,Lal,0.158286
delphinID_clicks:X1_3:19,,2024-05-01T09:20:55.314643Z,delphinID_clicks,click,Ttr,0.144142
delphinID_clicks:X1_3:20,,2024-05-01T09:27:29.105111Z,delphinID_clicks,click,Dde,0.265855
delphinID_clicks:X1_3:20,,2024-05-01T09:27:29.105111Z,delphinID_clicks,click,Ggr,0.196009
delphinID_clicks:X1_3:20,,2024-05-01T09:27:29.105111Z,delphinID_clicks,click,Gme,0.114602
delphinID_clicks:X1_3:20,,2024-05-01T09:27:29.105111Z,delphinID_clicks,click,Lal,0.000411
delphinID_clicks:X1_3:20,,2024-05-01T09:27:29.105111Z,delphinID_clicks,click,Ttr,0.423124
delphinID_clicks:X1_3:21,,2024-05-01T09:29:18.346359Z,delphinID_clicks,click,Dde,0.479183
delphinID_clicks:X1_3:21,,2024-05-01T09:29:18.346359Z,delphinID_clicks,click,Ggr,0.079453
delphinID_clicks:X1_3:21,,2024-05-01T09:29:18.346359Z,delphinID_clicks,click,Gme,0.243516
delphinID_clicks:X1_3:21,,2024-05-01T09:29:18.346359Z,delphinID_clicks,click,Lal,0.086424
delphinID_clicks:X1_3:21,,2024-05-01T09:29:18.346359Z,delphinID_clicks,click,Ttr,0.111423
delphinID_clicks:X1_3:22,,2024-05-01T09:22:34.530326Z,delphinID_clicks,click,Dde,0.031063
delphinID_clicks:X1_3:22,,2024-05-01T09:22:34.530326Z,delphinID_clicks,click,Ggr,0.400925
delphinID_clicks:X1_3:22,,2024-05-01T09:22:34.530326Z,delphinID_clicks,click,Gme,0.15583
delphinID_clicks:X1_3:22,,2024-05-01T09:22:34.530326Z,delphinID_clicks,click,Lal,0.001534
delphinID_clicks:X1_3:22,,2024-05-01T09:22:34.530326Z,delphinID_clicks,click,Ttr,0.410648
delphinID_clicks:X1_3:23,,2024-05-01T09:20:41.576367Z,delphinID_clicks,click,Dde,0.119471
delphinID_clicks:X1_3:23,,2024-05-01T09:20:41.576367Z,delphinID_clicks,click,Ggr,0.286942
delphinID_clicks:X1_3:23,,2024-05-01T09:20:41.576367Z,delphinID_clicks,click,Gme,0.143524
delphinID_clicks:X1_3:23,,2024-05-01T09:20:41.576367Z,delphinID_clicks,click,Lal,0.448349
delphinID_clicks:X1_3:23,,2024-05-01T09:20:41.576367Z,delphinID_clicks,click,Ttr,0.001715
delphinID_clicks:X1_3:24,,2024-05-01T09:26:45.008883Z,delphinID_clicks,click,Dde,0.072266
delphinID_clicks:X1_3:24,,2024-05-01T09:26:45.008883Z,delphinID_clicks,click,Ggr,0.654302
delphinID_clicks:X1_3:24,,2024-05-01T09:26:45.008883Z,delphinID_clicks,click,Gme,0.263781
delphinID_clicks:X1_3:24,,2024-05-01T09:26:45.008883Z,delphinID_clicks,click,Lal,0.004993
delphinID_clicks:X1_3:24,,2024-05-01T09:26:45.008883Z,delphinID_clicks,click,Ttr,0.004659
delphinID_clicks:X1_3:25,,2024-05-01T09:23:26.304263Z,delphinID_clicks,click,Dde,0.015649
delphinID_clicks:X1_3:25,,2024-05-01T09:23:26.304263Z,delphinID_clicks,click,Ggr,0.418832
delphinID_clicks:X1_3:25,,2024-05-01T09:23:26.304263Z,delphinID_clicks,click,Gme,0.00013
delphinID_clicks:X1_3:25,,2024-05-01T09:23:26.304263Z,delphinID_clicks,click,Lal,0.4041
delphinID_clicks:X1_3:25,,2024-05-01T09:23:26.304263Z,delphinID_clicks,click,Ttr,0.161289
delphinID_clicks:X1_3:26,,2024-05-01T09:29:04.451767Z,delphinID_clicks,click,Dde,0.001737
delphinID_clicks:X1_3:26,,2024-05-01T09:29:04.451767Z,delphinID_clicks,click,Ggr,0.435532
delphinID_clicks:X1_3:26,,2024-05-01T09:29:04.451767Z,delphinID_clicks,click,Gme,0.491795
delphinID_clicks:X1_3:26,,2024-05-01T09:29:04.451767Z,delphinID_clicks,click,Lal,0.037975
delphinID_clicks:X1_3:26,,2024-05-01T09:29:04.451767Z,delphinID_clicks,click,Ttr,0.032962
delphinID_clicks:X1_3:27,,2024-05-01T09:26:44.202542Z,delphinID_clicks,click,Dde,0.035138
delphinID_clicks:X1_3:27,,2024-05-01T09:26:44.202542Z,delphinID_clicks,click,Ggr,0.180838
delphinID_clicks:X1_3:27,,2024-05-01T09:26:44.202542Z,delphinID_clicks,click,Gme,0.000179
delphinID_clicks:X1_3:27,,2024-05-01T09:26:44.202542Z,delphinID_clicks,click,Lal,0.551603
delphinID_clicks:X1_3:27,,2024-05-01T09:26:44.202542Z,delphinID_clicks,click,Ttr,0.232242
delphinID_clicks:X1_3:28,,2024-05-01T09:20:50.260710Z,delphinID_clicks,click,Dde,0.180575
delphinID_clicks:X1_3:28,,2024-05-01T09:20:50.260710Z,delphinID_clicks,click,Ggr,0.173388
delphinID_clicks:X1_3:28,,2024-05-01T09:20:50.260710Z,delphinID_clicks,click,Gme,0.363316
delphinID_clicks:X1_3:28,,2024-05-01T09:20:50.260710Z,delphinID_clicks,click,Lal,0.07561
delphinID_clicks:X1_3:28,,2024-05-01T09:20:50.260710Z,delphinID_clicks,click,Ttr,0.207111
delphinID_clicks:X1_3:29,,2024-05-01T09:27:42.107108Z,delphinID_clicks,click,Dde,0.005728
delphinID_clicks:X1_3:29,,2024-05-01T09:27:42.107108Z,delphinID_clicks,click,Ggr,0.105839
delphinID_clicks:X1_3:29,,2024-05-01T09:27:42.107108Z,delphinID_clicks,click,Gme,0.023675
delphinID_clicks:X1_3:29,,2024-05-01T09:27:42.107108Z,delphinID_clicks,click,Lal,0.082831
delphinID_clicks:X1_3:29,,2024-05-01T09:27:42.107108Z,delphinID_clicks,click,Ttr,0.781926
delphinID_whistles:X2_1:0,,2024-05-02T10:03:57.568031Z,delphinID_whistles,whistle,Dde,0.078476
delphinID_whistles:X2_1:0,,2024-05-02T10:03:57.568031Z,delphinID_whistles,whistle,Ggr,0.000219
delphinID_whistles:X2_1:0,,2024-05-02T10:03:57.568031Z,delphinID_whistles,whistle,Gme,0.052386
delphinID_whistles:X2_1:0,,2024-05-02T10:03:57.568031Z,delphinID_whistles,whistle,Lac,0.067071
delphinID_whistles:X2_1:0,,2024-05-02T10:03:57.568031Z,delphinID_whistles,whistle,Lal,0.385705
delphinID_whistles:X2_1:0,,2024-05-02T10:03:57.568031Z,delphinID_whistles,whistle,Oor,0.210096
delphinID_whistles:X2_1:0,,2024-05-02T10:03:57.568031Z,delphinID_whistles,whistle,Ttr,0.206046
delphinID_clicks:X2_1:0,,2024-05-02T10:01:58.707082Z,delphinID_clicks,click,Dde,0.627278
delphinID_clicks:X2_1:0,,2024-05-02T10:01:58.707082Z,delphinID_clicks,click,Ggr,0.124902
delphinID_clicks:X2_1:0,,2024-05-02T10:01:58.707082Z,delphinID_clicks,click,Gme,0.016169
delphinID_clicks:X2_1:0,,2024-05-02T10:01:58.707082Z,delphinID_clicks,click,Lal,0.032052
delphinID_clicks:X2_1:0,,2024-05-02T10:01:58.707082Z,delphinID_clicks,click,Ttr,0.199599
delphinID_clicks:X2_1:1,,2024-05-02T10:02:56.935358Z,delphinID_clicks,click,Dde,0.521115
delphinID_clicks:X2_1:1,,2024-05-02T10:02:56.935358Z,delphinID_clicks,click,Ggr,0.306996
delphinID_clicks:X2_1:1,,2024-05-02T10:02:56.935358Z,delphinID_clicks,click,Gme,0.061353
delphinID_clicks:X2_1:1,,2024-05-02T10:02:56.935358Z,delphinID_clicks,click,Lal,0.091275
delphinID_clicks:X2_1:1,,2024-05-02T10:02:56.935358Z,delphinID_clicks,click,Ttr,0.01926
delphinID_clicks:X2_1:2,,2024-05-02T10:09:52.774596Z,delphinID_clicks,click,Dde,0.085076
delphinID_clicks:X2_1:2,,2024-05-02T10:09:52.774596Z,delphinID_clicks,click,Ggr,0.716973
delphinID_clicks:X2_1:2,,2024-05-02T10:09:52.774596Z,delphinID_clicks,click,Gme,0.02246
delphinID_clicks:X2_1:2,,2024-05-02T10:09:52.774596Z,delphinID_clicks,click,Lal,0.010656
delphinID_clicks:X2_1:2,,2024-05-02T10:09:52.774596Z,delphinID_clicks,click,Ttr,0.164836
delphinID_clicks:X2_1:3,,2024-05-02T10:00:17.595598Z,delphinID_clicks,click,Dde,0.075413
delphinID_clicks:X2_1:3,,2024-05-02T10:00:17.595598Z,delphinID_clicks,click,Ggr,0.635187
delphinID_clicks:X2_1:3,,2024-05-02T10:00:17.595598Z,delphinID_clicks,click,Gme,0.056135
delphinID_clicks:X2_1:3,,2024-05-02T10:00:17.595598Z,delphinID_clicks,click,Lal,0.231066
delphinID_clicks:X2_1:3,,2024-05-02T10:00:17.595598Z,delphinID_clicks,click,Ttr,0.002199
delphinID_clicks:X2_1:4,,2024-05-02T10:02:53.554054Z,delphinID_clicks,click,Dde,0.010398
delphinID_clicks:X2_1:4,,2024-05-02T10:02:53.554054Z,delphinID_clicks,click,Ggr,0.497236
delphinID_clicks:X2_1:4,,2024-05-02T10:02:53.554054Z,delphinID_clicks,click,Gme,0.337049
delphinID_clicks:X2_1:4,,2024-05-02T10:02:53.554054Z,delphinID_clicks,click,Lal,0.14341
delphinID_clicks:X2_1:4,,2024-05-02T10:02:53.554054Z,delphinID_clicks,click,Ttr,0.011907
delphinID_clicks:X2_1:5,,2024-05-02T10:04:43.663887Z,delphinID_clicks,click,Dde,0.125131
delphinID_clicks:X2_1:5,,2024-05-02T10:04:43.663887Z,delphinID_clicks,click,Ggr,0.09978
delphinID_clicks:X2_1:5,,2024-05-02T10:04:43.663887Z,delphinID_clicks,click,Gme,0.711843
delphinID_clicks:X2_1:5,,2024-05-02T10:04:43.663887Z,delphinID_clicks,click,Lal,0.017543
delphinID_clicks:X2_1:5,,2024-05-02T10:04:43.663887Z,delphinID_clicks,click,Ttr,0.045704
delphinID_clicks:X2_1:6,,2024-05-02T10:07:40.545284Z,delphinID_clicks,click,Dde,0.369877
delphinID_clicks:X2_1:6,,2024-05-02T10:07:40.545284Z,delphinID_clicks,click,Ggr,0.514352
delphinID_clicks:X2_1:6,,2024-05-02T10:07:40.545284Z,delphinID_clicks,click,Gme,0.060358
delphinID_clicks:X2_1:6,,2024-05-02T10:07:40.545284Z,delphinID_clicks,click,Lal,0.015179
delphinID_clicks:X2_1:6,,2024-05-02T10:07:40.545284Z,delphinID_clicks,click,Ttr,0.040234
delphinID_clicks:X2_1:7,,2024-05-02T10:06:36.986130Z,delphinID_clicks,click,Dde,0.3218
delphinID_clicks:X2_1:7,,2024-05-02T10:06:36.986130Z,delphinID_clicks,click,Ggr,0.366206
delphinID_clicks:X2_1:7,,2024-05-02T10:06:36.986130Z,delphinID_clicks,click,Gme,0.079641
delphinID_clicks:X2_1:7,,2024-05-02T10:06:36.986130Z,delphinID_clicks,click,Lal,0.23234
delphinID_clicks:X2_1:7,,2024-05-02T10:06:36.986130Z,delphinID_clicks,click,Ttr,1.3e-05
delphinID_clicks:X2_1:8,,2024-05-02T10:05:10.445967Z,delphinID_clicks,click,Dde,0.024197
delphinID_clicks:X2_1:8,,2024-05-02T10:05:10.445967Z,delphinID_clicks,click,Ggr,0.692088
delphinID_clicks:X2_1:8,,2024-05-02T10:05:10.445967Z,delphinID_clicks,click,Gme,0.209467
delphinID_clicks:X2_1:8,,2024-05-02T10:05:10.445967Z,delphinID_clicks,click,Lal,0.012439
delphinID_clicks:X2_1:8,,2024-05-02T10:05:10.445967Z,delphinID_clicks,click,Ttr,0.061809
delphinID_clicks:X2_1:9,,2024-05-02T10:07:57.844121Z,delphinID_clicks,click,Dde,0.190593
delphinID_clicks:X2_1:9,,2024-05-02T10:07:57.844121Z,delphinID_clicks,click,Ggr,0.696131
delphinID_clicks:X2_1:9,,2024-05-02T10:07:57.844121Z,delphinID_clicks,click,Gme,0.000814
delphinID_clicks:X2_1:9,,2024-05-02T10:07:57.844121Z,delphinID_clicks,click,Lal,0.042595
delphinID_clicks:X2_1:9,,2024-05-02T10:07:57.844121Z,delphinID_clicks,click,Ttr,0.069868
delphinID_clicks:X2_1:10,,2024-05-02T10:04:56.553525Z,delphinID_clicks,click,Dde,0.004347
delphinID_clicks:X2_1:10,,2024-05-02T10:04:56.553525Z,delphinID_clicks,click,Ggr,0.397943
delphinID_clicks:X2_1:10,,2024-05-02T10:04:56.553525Z,delphinID_clicks,click,Gme,0.002313
delphinID_clicks:X2_1:10,,2024-05-02T10:04:56.553525Z,delphinID_clicks,click,Lal,0.217369
delphinID_clicks:X2_1:10,,2024-05-02T10:04:56.553525Z,delphinID_clicks,click,Ttr,0.378028
delphinID_clicks:X2_1:11,,2024-05-02T10:07:56.144796Z,delphinID_clicks,click,Dde,0.238025
delphinID_clicks:X2_1:11,,2024-05-02T10:07:56.144796Z,delphinID_clicks,click,Ggr,0.373943
delphinID_clicks:X2_1:11,,2024-05-02T10:07:56.144796Z,delphinID_clicks,click,Gme,0.31903
delphinID_clicks:X2_1:11,,2024-05-02T10:07:56.144796Z,delphinID_clicks,click,Lal,0.030262
delphinID_clicks:X2_1:11,,2024-05-02T10:07:56.144796Z,delphinID_clicks,click,Ttr,0.038741
delphinID_clicks:X2_1:12,,2024-05-02T10:06:09.488635Z,delphinID_clicks,click,Dde,0.416652
delphinID_clicks:X2_1:12,,2024-05-02T10:06:09.488635Z,delphinID_clicks,click,Ggr,0.489004
delphinID_clicks:X2_1:12,,2024-05-02T10:06:09.488635Z,delphinID_clicks,click,Gme,0.02279
delphinID_clicks:X2_1:12,,2024-05-02T10:06:09.488635Z,delphinID_clicks,click,Lal,0.07155
delphinID_clicks:X2_1:12,,2024-05-02T10:06:09.488635Z,delphinID_clicks,click,Ttr,4e-06
delphinID_clicks:X2_1:13,,2024-05-02T10:02:49.748932Z,delphinID_clicks,click,Dde,0.132901
delphinID_clicks:X2_1:13,,2024-05-02T10:02:49.748932Z,delphinID_clicks,click,Ggr,0.063796
delphinID_clicks:X2_1:13,,2024-05-02T10:02:49.748932Z,delphinID_clicks,click,Gme,0.151071
delphinID_clicks:X2_1:13,,2024-05-02T10:02:49.748932Z,delphinID_clicks,click,Lal,0.044513
delphinID_clicks:X2_1:13,,2024-05-02T10:02:49.748932Z,delphinID_clicks,click,Ttr,0.607719
delphinID_clicks:X2_1:14,,2024-05-02T10:06:38.025204Z,delphinID_clicks,click,Dde,0.034244
delphinID_clicks:X2_1:14,,2024-05-02T10:06:38.025204Z,delphinID_clicks,click,Ggr,0.34638
delphinID_clicks:X2_1:14,,2024-05-02T10:06:38.025204Z,delphinID_clicks,click,Gme,0.175382
delphinID_clicks:X2_1:14,,2024-05-02T10:06:38.025204Z,delphinID_clicks,click,Lal,0.413582
delphinID_clicks:X2_1:14,,2024-05-02T10:06:38.025204Z,delphinID_clicks,click,Ttr,0.030412
delphinID_clicks:X2_1:15,,2024-05-02T10:02:46.152425Z,delphinID_clicks,click,Dde,0.160211
delphinID_clicks:X2_1:15,,2024-05-02T10:02:46.152425Z,delphinID_clicks,click,Ggr,0.452196
delphinID_clicks:X2_1:15,,2024-05-02T10:02:46.152425Z,delphinID_clicks,click,Gme,0.109282
delphinID_clicks:X2_1:15,,2024-05-02T10:02:46.152425Z,delphinID_clicks,click,Lal,0.005481
delphinID_clicks:X2_1:15,,2024-05-02T10:02:46.152425Z,delphinID_clicks,click,Ttr,0.272831
delphinID_clicks:X2_1:16,,2024-05-02T10:00:11.983678Z,delphinID_clicks,click,Dde,0.237795
delphinID_clicks:X2_1:16,,2024-05-02T10:00:11.983678Z,delphinID_clicks,click,Ggr,0.037289
delphinID_clicks:X2_1:16,,2024-05-02T10:00:11.983678Z,delphinID_clicks,click,Gme,0.003694
delphinID_clicks:X2_1:16,,2024-05-02T10:00:11.983678Z,delphinID_clicks,click,Lal,0.466701
delphinID_clicks:X2_1:16,,2024-05-02T10:00:11.983678Z,delphinID_clicks,click,Ttr,0.25452
delphinID_clicks:X2_1:17,,2024-05-02T10:01:19.226198Z,delphinID_clicks,click,Dde,0.010358
delphinID_clicks:X2_1:17,,2024-05-02T10:01:19.226198Z,delphinID_clicks,click,Ggr,0.060638
delphinID_clicks:X2_1:17,,2024-05-02T10:01:19.226198Z,delphinID_clicks,click,Gme,0.804479
delphinID_clicks:X2_1:17,,2024-05-02T10:01:19.226198Z,delphinID_clicks,click,Lal,0.091172
delphinID_clicks:X2_1:17,,2024-05-02T10:01:19.226198Z,delphinID_clicks,click,Ttr,0.033353
delphinID_clicks:X2_1:18,,2024-05-02T10:07:56.669589Z,delphinID_clicks,click,Dde,0.002771
delphinID_clicks:X2_1:18,,2024-05-02T10:07:56.669589Z,delphinID_clicks,click,Ggr,0.715978
delphinID_clicks:X2_1:18,,2024-05-02T10:07:56.669589Z,delphinID_clicks,click,Gme,0.075784
delphinID_clicks:X2_1:18,,2024-05-02T10:07:56.669589Z,delphinID_clicks,click,Lal,0.072941
delphinID_clicks:X2_1:18,,2024-05-02T10:07:56.669589Z,delphinID_clicks,click,Ttr,0.132526
delphinID_clicks:X2_1:19,,2024-05-02T10:02:26.359212Z,delphinID_clicks,click,Dde,0.065152
delphinID_clicks:X2_1:19,,2024-05-02T10:02:26.359212Z,delphinID_clicks,click,Ggr,0.831311
delphinID_clicks:X2_1:19,,2024-05-02T10:02:26.359212Z,delphinID_clicks,click,Gme,0.00647
delphinID_clicks:X2_1:19,,2024-05-02T10:02:26.359212Z,delphinID_clicks,click,Lal,0.083342
delphinID_clicks:X2_1:19,,2024-05-02T10:02:26.359212Z,delphinID_clicks,click,Ttr,0.013724
delphinID_clicks:X2_1:20,,2024-05-02T10:06:53.201970Z,delphinID_clicks,click,Dde,0.012036
delphinID_clicks:X2_1:20,,2024-05-02T10:06:53.201970Z,delphinID_clicks,click,Ggr,0.686391
delphinID_clicks:X2_1:20,,2024-05-02T10:06:53.201970Z,delphinID_clicks,click,Gme,0.005321
delphinID_clicks:X2_1:20,,2024-05-02T10:06:53.201970Z,delphinID_clicks,click,Lal,0.031611
delphinID_clicks:X2_1:20,,2024-05-02T10:06:53.201970Z,delphinID_clicks,click,Ttr,0.264641
delphinID_clicks:X2_1:21,,2024-05-02T10:06:36.159996Z,delphinID_clicks,click,Dde,0.187758
delphinID_clicks:X2_1:21,,2024-05-02T10:06:36.159996Z,delphinID_clicks,click,Ggr,0.245775
delphinID_clicks:X2_1:21,,2024-05-02T10:06:36.159996Z,delphinID_clicks,click,Gme,0.009514
delphinID_clicks:X2_1:21,,2024-05-02T10:06:36.159996Z,delphinID_clicks,click,Lal,0.554553
delphinID_clicks:X2_1:21,,2024-05-02T10:06:36.159996Z,delphinID_clicks,click,Ttr,0.0024
delphinID_clicks:X2_1:22,,2024-05-02T10:05:37.294419Z,delphinID_clicks,click,Dde,0.039352
delphinID_clicks:X2_1:22,,2024-05-02T10:05:37.294419Z,delphinID_clicks,click,Ggr,0.265376
delphinID_clicks:X2_1:22,,2024-05-02T10:05:37.294419Z,delphinID_clicks,click,Gme,0.007129
delphinID_clicks:X2_1:22,,2024-05-02T10:05:37.294419Z,delphinID_clicks,click,Lal,0.468131
delphinID_clicks:X2_1:22,,2024-05-02T10:05:37.294419Z,delphinID_clicks,click,Ttr,0.220012
delphinID_clicks:X2_1:23,,2024-05-02T10:02:47.899576Z,delphinID_clicks,click,Dde,0.391508
delphinID_clicks:X2_1:23,,2024-05-02T10:02:47.899576Z,delphinID_clicks,click,Ggr,0.022404
delphinID_clicks:X2_1:23,,2024-05-02T10:02:47.899576Z,delphinID_clicks,click,Gme,0.037463
delphinID_clicks:X2_1:23,,2024-05-02T10:02:47.899576Z,delphinID_clicks,click,Lal,0.024748
delphinID_clicks:X2_1:23,,2024-05-02T10:02:47.899576Z,delphinID_clicks,click,Ttr,0.523877
delphinID_clicks:X2_1:24,,2024-05-02T10:05:04.084636Z,delphinID_clicks,click,Dde,0.398112
delphinID_clicks:X2_1:24,,2024-05-02T10:05:04.084636Z,delphinID_clicks,click,Ggr,0.228838
delphinID_clicks:X2_1:24,,2024-05-02T10:05:04.084636Z,delphinID_clicks,click,Gme,0.002491
delphinID_clicks:X2_1:24,,2024-05-02T10:05:04.084636Z,delphinID_clicks,click,Lal,0.010403
delphinID_clicks:X2_1:24,,2024-05-02T10:05:04.084636Z,delphinID_clicks,click,Ttr,0.360156
delphinID_clicks:X2_1:25,,2024-05-02T10:06:42.844340Z,delphinID_clicks,click,Dde,0.118603
delphinID_clicks:X2_1:25,,2024-05-02T10:06:42.844340Z,delphinID_clicks,click,Ggr,0.301865
delphinID_clicks:X2_1:25,,2024-05-02T10:06:42.844340Z,delphinID_clicks,click,Gme,8.6e-05
delphinID_clicks:X2_1:25,,2024-05-02T10:06:42.844340Z,delphinID_clicks,click,Lal,0.279566
delphinID_clicks:X2_1:25,,2024-05-02T10:06:42.844340Z,delphinID_clicks,click,Ttr,0.299879
delphinID_clicks:X2_1:26,,2024-05-02T10:09:08.890959Z,delphinID_clicks,click,Dde,0.362885
delphinID_clicks:X2_1:26,,2024-05-02T10:09:08.890959Z,delphinID_clicks,click,Ggr,0.172713
delphinID_clicks:X2_1:26,,2024-05-02T10:09:08.890959Z,delphinID_clicks,click,Gme,0.459136
delphinID_clicks:X2_1:26,,2024-05-02T10:09:08.890959Z,delphinID_clicks,click,Lal,0.005125
delphinID_clicks:X2_1:26,,2024-05-02T10:09:08.890959Z,delphinID_clicks,click,Ttr,0.000142
delphinID_clicks:X2_1:27,,2024-05-02T10:08:22.786899Z,delphinID_clicks,click,Dde,0.004631
delphinID_clicks:X2_1:27,,2024-05-02T10:08:22.786899Z,delphinID_clicks,click,Ggr,0.041208
delphinID_clicks:X2_1:27,,2024-05-02T10:08:22.786899Z,delphinID_clicks,click,Gme,0.824188
delphinID_clicks:X2_1:27,,2024-05-02T10:08:22.786899Z,delphinID_clicks,click,Lal,0.129604
delphinID_clicks:X2_1:27,,2024-05-02T10:08:22.786899Z,delphinID_clicks,click,Ttr,0.00037
delphinID_clicks:X2_1:28,,2024-05-02T10:09:10.942573Z,delphinID_clicks,click,Dde,0.544673
delphinID_clicks:X2_1:28,,2024-05-02T10:09:10.942573Z,delphinID_clicks,click,Ggr,0.00774
delphinID_clicks:X2_1:28,,2024-05-02T10:09:10.942573Z,delphinID_clicks,click,Gme,0.065367
delphinID_clicks:X2_1:28,,2024-05-02T10:09:10.942573Z,delphinID_clicks,click,Lal,0.015955
delphinID_clicks:X2_1:28,,2024-05-02T10:09:10.942573Z,delphinID_clicks,click,Ttr,0.366266
delphinID_clicks:X2_1:29,,2024-05-02T10:02:09.715988Z,delphinID_clicks,click,Dde,0.000455
delphinID_clicks:X2_1:29,,2024-05-02T10:02:09.715988Z,delphinID_clicks,click,Ggr,0.290658
delphinID_clicks:X2_1:29,,2024-05-02T10:02:09.715988Z,delphinID_clicks,click,Gme,0.050287
delphinID_clicks:X2_1:29,,2024-05-02T10:02:09.715988Z,delphinID_clicks,click,Lal,0.038879
delphinID_clicks:X2_1:29,,2024-05-02T10:02:09.715988Z,delphinID_clicks,click,Ttr,0.619721
delphinID_clicks:X2_1:30,,2024-05-02T10:08:52.902571Z,delphinID_clicks,click,Dde,0.026096
delphinID_clicks:X2_1:30,,2024-05-02T10:08:52.902571Z,delphinID_clicks,click,Ggr,0.720688
delphinID_clicks:X2_1:30,,2024-05-02T10:08:52.902571Z,delphinID_clicks,click,Gme,0.165958
delphinID_clicks:X2_1:30,,2024-05-02T10:08:52.902571Z,delphinID_clicks,click,Lal,5.2e-05
delphinID_clicks:X2_1:30,,2024-05-02T10:08:52.902571Z,delphinID_clicks,click,Ttr,0.087205
delphinID_clicks:X2_1:31,,2024-05-02T10:08:18.566285Z,delphinID_clicks,click,Dde,0.004226
delphinID_clicks:X2_1:31,,2024-05-02T10:08:18.566285Z,delphinID_clicks,click,Ggr,0.54475
delphinID_clicks:X2_1:31,,2024-05-02T10:08:18.566285Z,delphinID_clicks,click,Gme,0.157695
delphinID_clicks:X2_1:31,,2024-05-02T10:08:18.566285Z,delphinID_clicks,click,Lal,0.103818
delphinID_clicks:X2_1:31,,2024-05-02T10:08:18.566285Z,delphinID_clicks,click,Ttr,0.189511
delphinID_clicks:X2_1:32,,2024-05-02T10:05:39.735779Z,delphinID_clicks,click,Dde,0.011275
delphinID_clicks:X2_1:32,,2024-05-02T10:05:39.735779Z,delphinID_clicks,click,Ggr,0.226247
delphinID_clicks:X2_1:32,,2024-05-02T10:05:39.735779Z,delphinID_clicks,click,Gme,0.22128
delphinID_clicks:X2_1:32,,2024-05-02T10:05:39.735779Z,delphinID_clicks,click,Lal,0.189129
delphinID_clicks:X2_1:32,,2024-05-02T10:05:39.735779Z,delphinID_clicks,click,Ttr,0.35207
delphinID_clicks:X2_1:33,,2024-05-02T10:05:42.821188Z,delphinID_clicks,click,Dde,0.023345
delphinID_clicks:X2_1:33,,2024-05-02T10:05:42.821188Z,delphinID_clicks,click,Ggr,0.370517
delphinID_clicks:X2_1:33,,2024-05-02T10:05:42.821188Z,delphinID_clicks,click,Gme,0.150088
delphinID_clicks:X2_1:33,,2024-05-02T10:05:42.821188Z,delphinID_clicks,click,Lal,0.206235
delphinID_clicks:X2_1:33,,2024-05-02T10:05:42.821188Z,delphinID_clicks,click,Ttr,0.249815
delphinID_clicks:X2_1:34,,2024-05-02T10:01:22.653976Z,delphinID_clicks,click,Dde,0.076339
delphinID_clicks:X2_1:34,,2024-05-02T10:01:22.653976Z,delphinID_clicks,click,Ggr,0.353478
delphinID_clicks:X2_1:34,,2024-05-02T10:01:22.653976Z,delphinID_clicks,click,Gme,0.563804
delphinID_clicks:X2_1:34,,2024-05-02T10:01:22.653976Z,delphinID_clicks,click,Lal,0.000118
delphinID_clicks:X2_1:34,,2024-05-02T10:01:22.653976Z,delphinID_clicks,click,Ttr,0.00626
delphinID_clicks:X2_1:35,,2024-05-02T10:01:27.429927Z,delphinID_clicks,click,Dde,0.311688
delphinID_clicks:X2_1:35,,2024-05-02T10:01:27.429927Z,delphinID_clicks,click,Ggr,0.355803
delphinID_clicks:X2_1:35,,2024-05-02T10:01:27.429927Z,delphinID_clicks,click,Gme,0.061537
delphinID_clicks:X2_1:35,,2024-05-02T10:01:27.429927Z,delphinID_clicks,click,Lal,0.057362
delphinID_clicks:X2_1:35,,2024-05-02T10:01:27.429927Z,delphinID_clicks,click,Ttr,0.213609
delphinID_whistles:X2_2:0,,2024-05-02T10:41:39.603280Z,delphinID_whistles,whistle,Dde,0.167131
delphinID_whistles:X2_2:0,,2024-05-02T10:41:39.603280Z,delphinID_whistles,whistle,Ggr,0.206445
delphinID_whistles:X2_2:0,,2024-05-02T10:41:39.603280Z,delphinID_whistles,whistle,Gme,0.188272
delphinID_whistles:X2_2:0,,2024-05-02T10:41:39.603280Z,delphinID_whistles,whistle,Lac,0.158101
delphinID_whistles:X2_2:0,,2024-05-02T10:41:39.603280Z,delphinID_whistles,whistle,Lal,0.171361
delphinID_whistles:X2_2:0,,2024-05-02T10:41:39.603280Z,delphinID_whistles,whistle,Oor,0.072984
delphinID_whistles:X2_2:0,,2024-05-02T10:41:39.603280Z,delphinID_whistles,whistle,Ttr,0.035706
delphinID_whistles:X2_2:1,,2024-05-02T10:49:38.108807Z,delphinID_whistles,whistle,Dde,0.244841
delphinID_whistles:X2_2:1,,2024-05-02T10:49:38.108807Z,delphinID_whistles,whistle,Ggr,0.350372
delphinID_whistles:X2_2:1,,2024-05-02T10:49:38.108807Z,delphinID_whistles,whistle,Gme,0.027041
delphinID_whistles:X2_2:1,,2024-05-02T10:49:38.108807Z,delphinID_whistles,whistle,Lac,0.005291
delphinID_whistles:X2_2:1,,2024-05-02T10:49:38.108807Z,delphinID_whistles,whistle,Lal,0.088817
delphinID_whistles:X2_2:1,,2024-05-02T10:49:38.108807Z,delphinID_whistles,whistle,Oor,0.073152
delphinID_whistles:X2_2:1,,2024-05-02T10:49:38.108807Z,delphinID_whistles,whistle,Ttr,0.210486
delphinID_whistles:X2_2:2,,2024-05-02T10:43:59.704728Z,delphinID_whistles,whistle,Dde,0.413106
delphinID_whistles:X2_2:2,,2024-05-02T10:43:59.704728Z,delphinID_whistles,whistle,Ggr,0.000321
delphinID_whistles:X2_2:2,,2024-05-02T10:43:59.704728Z,delphinID_whistles,whistle,Gme,0.052713
delphinID_whistles:X2_2:2,,2024-05-02T10:43:59.704728Z,delphinID_whistles,whistle,Lac,0.229844
delphinID_whistles:X2_2:2,,2024-05-02T10:43:59.704728Z,delphinID_whistles,whistle,Lal,0.282045
delphinID_whistles:X2_2:2,,2024-05-02T10:43:59.704728Z,delphinID_whistles,whistle,Oor,0.004493
delphinID_whistles:X2_2:2,,2024-05-02T10:43:59.704728Z,delphinID_whistles,whistle,Ttr,0.017479
delphinID_whistles:X2_2:3,,2024-05-02T10:46:51.899207Z,delphinID_whistles,whistle,Dde,0.547698
delphinID_whistles:X2_2:3,,2024-05-02T10:46:51.899207Z,delphinID_whistles,whistle,Ggr,0.179486
delphinID_whistles:X2_2:3,,2024-05-02T10:46:51.899207Z,delphinID_whistles,whistle,Gme,0.03443
delphinID_whistles:X2_2:3,,2024-05-02T10:46:51.899207Z,delphinID_whistles,whistle,Lac,0.096433
delphinID_whistles:X2_2:3,,2024-05-02T10:46:51.899207Z,delphinID_whistles,whistle,Lal,0.015427
delphinID_whistles:X2_2:3,,2024-05-02T10:46:51.899207Z,delphinID_whistles,whistle,Oor,0.125128
delphinID_whistles:X2_2:3,,2024-05-02T10:46:51.899207Z,delphinID_whistles,whistle,Ttr,0.001398
delphinID_whistles:X2_2:4,,2024-05-02T10:43:10.981404Z,delphinID_whistles,whistle,Dde,0.285601
delphinID_whistles:X2_2:4,,2024-05-02T10:43:10.981404Z,delphinID_whistles,whistle,Ggr,0.178339
delphinID_whistles:X2_2:4,,2024-05-02T10:43:10.981404Z,delphinID_whistles,whistle,Gme,0.246716
delphinID_whistles:X2_2:4,,2024-05-02T10:43:10.981404Z,delphinID_whistles,whistle,Lac,0.019342
delphinID_whistles:X2_2:4,,2024-05-02T10:43:10.981404Z,delphinID_whistles,whistle,Lal,0.02443
delphinID_whistles:X2_2:4,,2024-05-02T10:43:10.981404Z,delphinID_whistles,whistle,Oor,0.244016
delphinID_whistles:X2_2:4,,2024-05-02T10:43:10.981404Z,delphinID_whistles,whistle,Ttr,0.001556
delphinID_whistles:X2_2:5,,2024-05-02T10:46:41.877611Z,delphinID_whistles,whistle,Dde,0.350877
delphinID_whistles:X2_2:5,,2024-05-02T10:46:41.877611Z,delphinID_whistles,whistle,Ggr,0.302274
delphinID_whistles:X2_2:5,,2024-05-02T10:46:41.877611Z,delphinID_whistles,whistle,Gme,0.213105
delphinID_whistles:X2_2:5,,2024-05-02T10:46:41.877611Z,delphinID_whistles,whistle,Lac,0.044225
delphinID_whistles:X2_2:5,,2024-05-02T10:46:41.877611Z,delphinID_whistles,whistle,Lal,0.080203
delphinID_whistles:X2_2:5,,2024-05-02T10:46:41.877611Z,delphinID_whistles,whistle,Oor,0.0091
delphinID_whistles:X2_2:5,,2024-05-02T10:46:41.877611Z,delphinID_whistles,whistle,Ttr,0.000216
delphinID_whistles:X2_2:6,,2024-05-02T10:47:51.840271Z,delphinID_whistles,whistle,Dde,0.346668
delphinID_whistles:X2_2:6,,2024-05-02T10:47:51.840271Z,delphinID_whistles,whistle,Ggr,0.122344
delphinID_whistles:X2_2:6,,2024-05-02T10:47:51.840271Z,delphinID_whistles,whistle,Gme,0.425033
delphinID_whistles:X2_2:6,,2024-05-02T10:47:51.840271Z,delphinID_whistles,whistle,Lac,0.013127
delphinID_whistles:X2_2:6,,2024-05-02T10:47:51.840271Z,delphinID_whistles,whistle,Lal,0.00152
delphinID_whistles:X2_2:6,,2024-05-02T10:47:51.840271Z,delphinID_whistles,whistle,Oor,0.015183
delphinID_whistles:X2_2:6,,2024-05-02T10:47:51.840271Z,delphinID_whistles,whistle,Ttr,0.076126
delphinID_whistles:X2_2:7,,2024-05-02T10:46:54.590608Z,delphinID_whistles,whistle,Dde,0.188874
delphinID_whistles:X2_2:7,,2024-05-02T10:46:54.590608Z,delphinID_whistles,whistle,Ggr,5.4e-05
delphinID_whistles:X2_2:7,,2024-05-02T10:46:54.590608Z,delphinID_whistles,whistle,Gme,0.170247
delphinID_whistles:X2_2:7,,2024-05-02T10:46:54.590608Z,delphinID_whistles,whistle,Lac,0.057495
delphinID_whistles:X2_2:7,,2024-05-02T10:46:54.590608Z,delphinID_whistles,whistle,Lal,0.000218
delphinID_whistles:X2_2:7,,2024-05-02T10:46:54.590608Z,delphinID_whistles,whistle,Oor,0.301073
delphinID_whistles:X2_2:7,,2024-05-02T10:46:54.590608Z,delphinID_whistles,whistle,Ttr,0.282039
delphinID_whistles:X2_2:8,,2024-05-02T10:44:50.222282Z,delphinID_whistles,whistle,Dde,0.588017
delphinID_whistles:X2_2:8,,2024-05-02T10:44:50.222282Z,delphinID_whistles,whistle,Ggr,0.036872
delphinID_whistles:X2_2:8,,2024-05-02T10:44:50.222282Z,delphinID_whistles,whistle,Gme,0.079819
delphinID_whistles:X2_2:8,,2024-05-02T10:44:50.222282Z,delphinID_whistles,whistle,Lac,0.002641
delphinID_whistles:X2_2:8,,2024-05-02T10:44:50.222282Z,delphinID_whistles,whistle,Lal,0.003919
delphinID_whistles:X2_2:8,,2024-05-02T10:44:50.222282Z,delphinID_whistles,whistle,Oor,0.285346
delphinID_whistles:X2_2:8,,2024-05-02T10:44:50.222282Z,delphinID_whistles,whistle,Ttr,0.003386
delphinID_whistles:X2_2:9,,2024-05-02T10:45:43.739842Z,delphinID_whistles,whistle,Dde,0.098285
delphinID_whistles:X2_2:9,,2024-05-02T10:45:43.739842Z,delphinID_whistles,whistle,Ggr,0.111915
delphinID_whistles:X2_2:9,,2024-05-02T10:45:43.739842Z,delphinID_whistles,whistle,Gme,0.16813
delphinID_whistles:X2_2:9,,2024-05-02T10:45:43.739842Z,delphinID_whistles,whistle,Lac,0.139019
delphinID_whistles:X2_2:9,,2024-05-02T10:45:43.739842Z,delphinID_whistles,whistle,Lal,0.329885
delphinID_whistles:X2_2:9,,2024-05-02T10:45:43.739842Z,delphinID_whistles,whistle,Oor,0.146088
delphinID_whistles:X2_2:9,,2024-05-02T10:45:43.739842Z,delphinID_whistles,whistle,Ttr,0.006678
delphinID_whistles:X2_2:10,,2024-05-02T10:43:16.876146Z,delphinID_whistles,whistle,Dde,0.01856
delphinID_whistles:X2_2:10,,2024-05-02T10:43:16.876146Z,delphinID_whistles,whistle,Ggr,0.271219
delphinID_whistles:X2_2:10,,2024-05-02T10:43:16.876146Z,delphinID_whistles,whistle,Gme,0.046491
delphinID_whistles:X2_2:10,,2024-05-02T10:43:16.876146Z,delphinID_whistles,whistle,Lac,0.096832
delphinID_whistles:X2_2:10,,2024-05-02T10:43:16.876146Z,delphinID_whistles,whistle,Lal,0.019227
delphinID_whistles:X2_2:10,,2024-05-02T10:43:16.876146Z,delphinID_whistles,whistle,Oor,0.540893
delphinID_whistles:X2_2:10,,2024-05-02T10:43:16.876146Z,delphinID_whistles,whistle,Ttr,0.006779
delphinID_whistles:X2_2:11,,2024-05-02T10:40:25.479732Z,delphinID_whistles,whistle,Dde,0.226995
delphinID_whistles:X2_2:11,,2024-05-02T10:40:25.479732Z,delphinID_whistles,whistle,Ggr,0.326902
delphinID_whistles:X2_2:11,,2024-05-02T10:40:25.479732Z,delphinID_whistles,whistle,Gme,0.005758
delphinID_whistles:X2_2:11,,2024-05-02T10:40:25.479732Z,delphinID_whistles,whistle,Lac,0.282171
delphinID_whistles:X2_2:11,,2024-05-02T10:40:25.479732Z,delphinID_whistles,whistle,Lal,0.000311
delphinID_whistles:X2_2:11,,2024-05-02T10:40:25.479732Z,delphinID_whistles,whistle,Oor,0.000969
delphinID_whistles:X2_2:11,,2024-05-02T10:40:25.479732Z,delphinID_whistles,whistle,Ttr,0.156894
delphinID_whistles:X2_2:12,,2024-05-02T10:46:48.804352Z,delphinID_whistles,whistle,Dde,0.007197
delphinID_whistles:X2_2:12,,2024-05-02T10:46:48.804352Z,delphinID_whistles,whistle,Ggr,4e-05
delphinID_whistles:X2_2:12,,2024-05-02T10:46:48.804352Z,delphinID_whistles,whistle,Gme,0.036239
delphinID_whistles:X2_2:12,,2024-05-02T10:46:48.804352Z,delphinID_whistles,whistle,Lac,0.013574
delphinID_whistles:X2_2:12,,2024-05-02T10:46:48.804352Z,delphinID_whistles,whistle,Lal,0.57797
delphinID_whistles:X2_2:12,,2024-05-02T10:46:48.804352Z,delphinID_whistles,whistle,Oor,0.207064
delphinID_whistles:X2_2:12,,2024-05-02T10:46:48.804352Z,delphinID_whistles,whistle,Ttr,0.157916
delphinID_whistles:X2_2:13,,2024-05-02T10:45:25.559432Z,delphinID_whistles,whistle,Dde,0.002002
delphinID_whistles:X2_2:13,,2024-05-02T10:45:25.559432Z,delphinID_whistles,whistle,Ggr,0.000693
delphinID_whistles:X2_2:13,,2024-05-02T10:45:25.559432Z,delphinID_whistles,whistle,Gme,0.132335
delphinID_whistles:X2_2:13,,2024-05-02T10:45:25.559432Z,delphinID_whistles,whistle,Lac,0.156931
delphinID_whistles:X2_2:13,,2024-05-02T10:45:25.559432Z,delphinID_whistles,whistle,Lal,0.006448
delphinID_whistles:X2_2:13,,2024-05-02T10:45:25.559432Z,delphinID_whistles,whistle,Oor,0.700481
delphinID_whistles:X2_2:13,,2024-05-02T10:45:25.559432Z,delphinID_whistles,whistle,Ttr,0.00111
delphinID_whistles:X2_2:14,,2024-05-02T10:43:55.634142Z,delphinID_whistles,whistle,Dde,0.34568
delphinID_whistles:X2_2:14,,2024-05-02T10:43:55.634142Z,delphinID_whistles,whistle,Ggr,0.031399
delphinID_whistles:X2_2:14,,2024-05-02T10:43:55.634142Z,delphinID_whistles,whistle,Gme,0.039862
delphinID_whistles:X2_2:14,,2024-05-02T10:43:55.634142Z,delphinID_whistles,whistle,Lac,0.011876
delphinID_whistles:X2_2:14,,2024-05-02T10:43:55.634142Z,delphinID_whistles,whistle,Lal,0.522323
delphinID_whistles:X2_2:14,,2024-05-02T10:43:55.634142Z,delphinID_whistles,whistle,Oor,0.005414
delphinID_whistles:X2_2:14,,2024-05-02T10:43:55.634142Z,delphinID_whistles,whistle,Ttr,0.043445
delphinID_whistles:X2_3:0,,2024-05-02T11:25:19.335646Z,delphinID_whistles,whistle,Dde,0.486503
delphinID_whistles:X2_3:0,,2024-05-02T11:25:19.335646Z,delphinID_whistles,whistle,Ggr,0.130275
delphinID_whistles:X2_3:0,,2024-05-02T11:25:19.335646Z,delphinID_whistles,whistle,Gme,0.040498
delphinID_whistles:X2_3:0,,2024-05-02T11:25:19.335646Z,delphinID_whistles,whistle,Lac,0.01225
delphinID_whistles:X2_3:0,,2024-05-02T11:25:19.335646Z,delphinID_whistles,whistle,Lal,0.036571
delphinID_whistles:X2_3:0,,2024-05-02T11:25:19.335646Z,delphinID_whistles,whistle,Oor,0.279088
delphinID_whistles:X2_3:0,,2024-05-02T11:25:19.335646Z,delphinID_whistles,whistle,Ttr,0.014815
delphinID_whistles:X2_3:1,,2024-05-02T11:24:36.995953Z,delphinID_whistles,whistle,Dde,0.018025
delphinID_whistles:X2_3:1,,2024-05-02T11:24:36.995953Z,delphinID_whistles,whistle,Ggr,0.207111
delphinID_whistles:X2_3:1,,2024-05-02T11:24:36.995953Z,delphinID_whistles,whistle,Gme,0.105397
delphinID_whistles:X2_3:1,,2024-05-02T11:24:36.995953Z,delphinID_whistles,whistle,Lac,0.023595
delphinID_whistles:X2_3:1,,2024-05-02T11:24:36.995953Z,delphinID_whistles,whistle,Lal,0.47162
delphinID_whistles:X2_3:1,,2024-05-02T11:24:36.995953Z,delphinID_whistles,whistle,Oor,0.058277
delphinID_whistles:X2_3:1,,2024-05-02T11:24:36.995953Z,delphinID_whistles,whistle,Ttr,0.115975
delphinID_whistles:X2_3:2,,2024-05-02T11:26:46.022289Z,delphinID_whistles,whistle,Dde,0.046286
delphinID_whistles:X2_3:2,,2024-05-02T11:26:46.022289Z,delphinID_whistles,whistle,Ggr,0.001861
delphinID_whistles:X2_3:2,,2024-05-02T11:26:46.022289Z,delphinID_whistles,whistle,Gme,0.826747
delphinID_whistles:X2_3:2,,2024-05-02T11:26:46.022289Z,delphinID_whistles,whistle,Lac,0.011343
delphinID_whistles:X2_3:2,,2024-05-02T11:26:46.022289Z,delphinID_whistles,whistle,Lal,0.008296
delphinID_whistles:X2_3:2,,2024-05-02T11:26:46.022289Z,delphinID_whistles,whistle,Oor,0.055941
delphinID_whistles:X2_3:2,,2024-05-02T11:26:46.022289Z,delphinID_whistles,whistle,Ttr,0.049525
delphinID_whistles:X2_3:3,,2024-05-02T11:29:29.697401Z,delphinID_whistles,whistle,Dde,0.512032
delphinID_whistles:X2_3:3,,2024-05-02T11:29:29.697401Z,delphinID_whistles,whistle,Ggr,0.003824
delphinID_whistles:X2_3:3,,2024-05-02T11:29:29.697401Z,delphinID_whistles,whistle,Gme,0.156283
delphinID_whistles:X2_3:3,,2024-05-02T11:29:29.697401Z,delphinID_whistles,whistle,Lac,0.214493
delphinID_whistles:X2_3:3,,2024-05-02T11:29:29.697401Z,delphinID_whistles,whistle,Lal,0.078163
delphinID_whistles:X2_3:3,,2024-05-02T11:29:29.697401Z,delphinID_whistles,whistle,Oor,0.010636
delphinID_whistles:X2_3:3,,2024-05-02T11:29:29.697401Z,delphinID_whistles,whistle,Ttr,0.024568
delphinID_whistles:X2_3:4,,2024-05-02T11:20:35.878586Z,delphinID_whistles,whistle,Dde,0.132426
delphinID_whistles:X2_3:4,,2024-05-02T11:20:35.878586Z,delphinID_whistles,whistle,Ggr,0.132038
delphinID_whistles:X2_3:4,,2024-05-02T11:20:35.878586Z,delphinID_whistles,whistle,Gme,0.416424
delphinID_whistles:X2_3:4,,2024-05-02T11:20:35.878586Z,delphinID_whistles,whistle,Lac,0.002834
delphinID_whistles:X2_3:4,,2024-05-02T11:20:35.878586Z,delphinID_whistles,whistle,Lal,0.007837
delphinID_whistles:X2_3:4,,2024-05-02T11:20:35.878586Z,delphinID_whistles,whistle,Oor,0.195355
delphinID_whistles:X2_3:4,,2024-05-02T11:20:35.878586Z,delphinID_whistles,whistle,Ttr,0.113086
delphinID_whistles:X2_3:5,,2024-05-02T11:26:38.762993Z,delphinID_whistles,whistle,Dde,0.096463
delphinID_whistles:X2_3:5,,2024-05-02T11:26:38.762993Z,delphinID_whistles,whistle,Ggr,0.022446
delphinID_whistles:X2_3:5,,2024-05-02T11:26:38.762993Z,delphinID_whistles,whistle,Gme,0.00193
delphinID_whistles:X2_3:5,,2024-05-02T11:26:38.762993Z,delphinID_whistles,whistle,Lac,0.340649
delphinID_whistles:X2_3:5,,2024-05-02T11:26:38.762993Z,delphinID_whistles,whistle,Lal,0.01734
delphinID_whistles:X2_3:5,,2024-05-02T11:26:38.762993Z,delphinID_whistles,whistle,Oor,0.473936
delphinID_whistles:X2_3:5,,2024-05-02T11:26:38.762993Z,delphinID_whistles,whistle,Ttr,0.047235
delphinID_whistles:X2_3:6,,2024-05-02T11:25:19.302961Z,delphinID_whistles,whistle,Dde,0.596657
delphinID_whistles:X2_3:6,,2024-05-02T11:25:19.302961Z,delphinID_whistles,whistle,Ggr,0.031311
delphinID_whistles:X2_3:6,,2024-05-02T11:25:19.302961Z,delphinID_whistles,whistle,Gme,0.000126
delphinID_whistles:X2_3:6,,2024-05-02T11:25:19.302961Z,delphinID_whistles,whistle,Lac,0.0595
delphinID_whistles:X2_3:6,,2024-05-02T11:25:19.302961Z,delphinID_whistles,whistle,Lal,0.121661
delphinID_whistles:X2_3:6,,2024-05-02T11:25:19.302961Z,delphinID_whistles,whistle,Oor,0.166071
delphinID_whistles:X2_3:6,,2024-05-02T11:25:19.302961Z,delphinID_whistles,whistle,Ttr,0.024674
delphinID_whistles:X2_3:7,,2024-05-02T11:23:59.122883Z,delphinID_whistles,whistle,Dde,0.397334
delphinID_whistles:X2_3:7,,2024-05-02T11:23:59.122883Z,delphinID_whistles,whistle,Ggr,0.099947
delphinID_whistles:X2_3:7,,2024-05-02T11:23:59.122883Z,delphinID_whistles,whistle,Gme,0.083653
delphinID_whistles:X2_3:7,,2024-05-02T11:23:59.122883Z,delphinID_whistles,whistle,Lac,0.05877
delphinID_whistles:X2_3:7,,2024-05-02T11:23:59.122883Z,delphinID_whistles,whistle,Lal,0.109326
delphinID_whistles:X2_3:7,,2024-05-02T11:23:59.122883Z,delphinID_whistles,whistle,Oor,0.230887
delphinID_whistles:X2_3:7,,2024-05-02T11:23:59.122883Z,delphinID_whistles,whistle,Ttr,0.020083
delphinID_whistles:X2_3:8,,2024-05-02T11:27:25.822154Z,delphinID_whistles,whistle,Dde,0.518315
delphinID_whistles:X2_3:8,,2024-05-02T11:27:25.822154Z,delphinID_whistles,whistle,Ggr,0.029045
delphinID_whistles:X2_3:8,,2024-05-02T11:27:25.822154Z,delphinID_whistles,whistle,Gme,0.008001
delphinID_whistles:X2_3:8,,2024-05-02T11:27:25.822154Z,delphinID_whistles,whistle,Lac,0.078787
delphinID_whistles:X2_3:8,,2024-05-02T11:27:25.822154Z,delphinID_whistles,whistle,Lal,0.13654
delphinID_whistles:X2_3:8,,2024-05-02T11:27:25.822154Z,delphinID_whistles,whistle,Oor,0.074376
delphinID_whistles:X2_3:8,,2024-05-02T11:27:25.822154Z,delphinID_whistles,whistle,Ttr,0.154935
delphinID_whistles:X2_3:9,,2024-05-02T11:22:35.846149Z,delphinID_whistles,whistle,Dde,0.364454
delphinID_whistles:X2_3:9,,2024-05-02T11:22:35.846149Z,delphinID_whistles,whistle,Ggr,0.061058
delphinID_whistles:X2_3:9,,2024-05-02T11:22:35.846149Z,delphinID_whistles,whistle,Gme,0.458848
delphinID_whistles:X2_3:9,,2024-05-02T11:22:35.846149Z,delphinID_whistles,whistle,Lac,0.003472
delphinID_whistles:X2_3:9,,2024-05-02T11:22:35.846149Z,delphinID_whistles,whistle,Lal,0.054333
delphinID_whistles:X2_3:9,,2024-05-02T11:22:35.846149Z,delphinID_whistles,whistle,Oor,0.014068
delphinID_whistles:X2_3:9,,2024-05-02T11:22:35.846149Z,delphinID_whistles,whistle,Ttr,0.043767
delphinID_whistles:X2_3:10,,2024-05-02T11:26:59.665400Z,delphinID_whistles,whistle,Dde,0.115484
delphinID_whistles:X2_3:10,,2024-05-02T11:26:59.665400Z,delphinID_whistles,whistle,Ggr,0.211495
delphinID_whistles:X2_3:10,,2024-05-02T11:26:59.665400Z,delphinID_whistles,whistle,Gme,0.089658
delphinID_whistles:X2_3:10,,2024-05-02T11:26:59.665400Z,delphinID_whistles,whistle,Lac,0.023164
delphinID_whistles:X2_3:10,,2024-05-02T11:26:59.665400Z,delphinID_whistles,whistle,Lal,0.216375
delphinID_whistles:X2_3:10,,2024-05-02T11:26:59.665400Z,delphinID_whistles,whistle,Oor,0.250187
delphinID_whistles:X2_3:10,,2024-05-02T11:26:59.665400Z,delphinID_whistles,whistle,Ttr,0.093637
delphinID_clicks:X2_3:0,,2024-05-02T11:24:38.845087Z,delphinID_clicks,click,Dde,0.271607
delphinID_clicks:X2_3:0,,2024-05-02T11:24:38.845087Z,delphinID_clicks,click,Ggr,0.281865
delphinID_clicks:X2_3:0,,2024-05-02T11:24:38.845087Z,delphinID_clicks,click,Gme,0.160376
delphinID_clicks:X2_3:0,,2024-05-02T11:24:38.845087Z,delphinID_clicks,click,Lal,0.285748
delphinID_clicks:X2_3:0,,2024-05-02T11:24:38.845087Z,delphinID_clicks,click,Ttr,0.000404
delphinID_clicks:X2_3:1,,2024-05-02T11:20:49.817148Z,delphinID_clicks,click,Dde,0.006741
delphinID_clicks:X2_3:1,,2024-05-02T11:20:49.817148Z,delphinID_clicks,click,Ggr,0.577679
delphinID_clicks:X2_3:1,,2024-05-02T11:20:49.817148Z,delphinID_clicks,click,Gme,0.09744
delphinID_clicks:X2_3:1,,2024-05-02T11:20:49.817148Z,delphinID_clicks,click,Lal,0.287653
delphinID_clicks:X2_3:1,,2024-05-02T11:20:49.817148Z,delphinID_clicks,click,Ttr,0.030487
delphinID_clicks:X2_3:2,,2024-05-02T11:21:46.193889Z,delphinID_clicks,click,Dde,0.691817
delphinID_clicks:X2_3:2,,2024-05-02T11:21:46.193889Z,delphinID_clicks,click,Ggr,0.05842
delphinID_clicks:X2_3:2,,2024-05-02T11:21:46.193889Z,delphinID_clicks,click,Gme,0.000468
delphinID_clicks:X2_3:2,,2024-05-02T11:21:46.193889Z,delphinID_clicks,click,Lal,0.072674
delphinID_clicks:X2_3:2,,2024-05-02T11:21:46.193889Z,delphinID_clicks,click,Ttr,0.17662
delphinID_clicks:X2_3:3,,2024-05-02T11:21:04.583807Z,delphinID_clicks,click,Dde,0.357752
delphinID_clicks:X2_3:3,,2024-05-02T11:21:04.583807Z,delphinID_clicks,click,Ggr,0.225734
delphinID_clicks:X2_3:3,,2024-05-02T11:21:04.583807Z,delphinID_clicks,click,Gme,0.106208
delphinID_clicks:X2_3:3,,2024-05-02T11:21:04.583807Z,delphinID_clicks,click,Lal,0.308654
delphinID_clicks:X2_3:3,,2024-05-02T11:21:04.583807Z,delphinID_clicks,click,Ttr,0.001652
delphinID_clicks:X2_3:4,,2024-05-02T11:28:45.194580Z,delphinID_clicks,click,Dde,0.151266
delphinID_clicks:X2_3:4,,2024-05-02T11:28:45.194580Z,delphinID_clicks,click,Ggr,0.242259
delphinID_clicks:X2_3:4,,2024-05-02T11:28:45.194580Z,delphinID_clicks,click,Gme,0.005722
delphinID_clicks:X2_3:4,,2024-05-02T11:28:45.194580Z,delphinID_clicks,click,Lal,0.291445
delphinID_clicks:X2_3:4,,2024-05-02T11:28:45.194580Z,delphinID_clicks,click,Ttr,0.309308
delphinID_clicks:X2_3:5,,2024-05-02T11:23:56.820305Z,delphinID_clicks,click,Dde,0.737192
delphinID_clicks:X2_3:5,,2024-05-02T11:23:56.820305Z,delphinID_clicks,click,Ggr,0.002154
delphinID_clicks:X2_3:5,,2024-05-02T11:23:56.820305Z,delphinID_clicks,click,Gme,0.018833
delphinID_clicks:X2_3:5,,2024-05-02T11:23:56.820305Z,delphinID_clicks,click,Lal,0.22715
delphinID_clicks:X2_3:5,,2024-05-02T11:23:56.820305Z,delphinID_clicks,click,Ttr,0.01467
delphinID_clicks:X2_3:6,,2024-05-02T11:22:14.281109Z,delphinID_clicks,click,Dde,0.025353
delphinID_clicks:X2_3:6,,2024-05-02T11:22:14.281109Z,delphinID_clicks,click,Ggr,0.49083
delphinID_clicks:X2_3:6,,2024-05-02T11:22:14.281109Z,delphinID_clicks,click,Gme,0.00806
delphinID_clicks:X2_3:6,,2024-05-02T11:22:14.281109Z,delphinID_clicks,click,Lal,0.42455
delphinID_clicks:X2_3:6,,2024-05-02T11:22:14.281109Z,delphinID_clicks,click,Ttr,0.051207
delphinID_clicks:X2_3:7,,2024-05-02T11:29:30.536543Z,delphinID_clicks,click,Dde,0.164759
delphinID_clicks:X2_3:7,,2024-05-02T11:29:30.536543Z,delphinID_clicks,click,Ggr,0.790559
delphinID_clicks:X2_3:7,,2024-05-02T11:29:30.536543Z,delphinID_clicks,click,Gme,0.040899
delphinID_clicks:X2_3:7,,2024-05-02T11:29:30.536543Z,delphinID_clicks,click,Lal,0.002669
delphinID_clicks:X2_3:7,,2024-05-02T11:29:30.536543Z,delphinID_clicks,click,Ttr,0.001115
delphinID_clicks:X2_3:8,,2024-05-02T11:27:38.078248Z,delphinID_clicks,click,Dde,0.045346
delphinID_clicks:X2_3:8,,2024-05-02T11:27:38.078248Z,delphinID_clicks,click,Ggr,0.491811
delphinID_clicks:X2_3:8,,2024-05-02T11:27:38.078248Z,delphinID_clicks,click,Gme,0.449478
delphinID_clicks:X2_3:8,,2024-05-02T11:27:38.078248Z,delphinID_clicks,click,Lal,0.003062
delphinID_clicks:X2_3:8,,2024-05-02T11:27:38.078248Z,delphinID_clicks,click,Ttr,0.010303
delphinID_clicks:X2_3:9,,2024-05-02T11:25:49.571884Z,delphinID_clicks,click,Dde,0.065601
delphinID_clicks:X2_3:9,,2024-05-02T11:25:49.571884Z,delphinID_clicks,click,Ggr,0.663831
delphinID_clicks:X2_3:9,,2024-05-02T11:25:49.571884Z,delphinID_clicks,click,Gme,0.112872
delphinID_clicks:X2_3:9,,2024-05-02T11:25:49.571884Z,delphinID_clicks,click,Lal,0.150032
delphinID_clicks:X2_3:9,,2024-05-02T11:25:49.571884Z,delphinID_clicks,click,Ttr,0.007664
delphinID_clicks:X2_3:10,,2024-05-02T11:28:35.080019Z,delphinID_clicks,click,Dde,0.014524
delphinID_clicks:X2_3:10,,2024-05-02T11:28:35.080019Z,delphinID_clicks,click,Ggr,0.018282
delphinID_clicks:X2_3:10,,2024-05-02T11:28:35.080019Z,delphinID_clicks,click,Gme,0.727669
delphinID_clicks:X2_3:10,,2024-05-02T11:28:35.080019Z,delphinID_clicks,click,Lal,0.105023
delphinID_clicks:X2_3:10,,2024-05-02T11:28:35.080019Z,delphinID_clicks,click,Ttr,0.134502
delphinID_clicks:X2_3:11,,2024-05-02T11:24:53.085371Z,delphinID_clicks,click,Dde,0.077241
delphinID_clicks:X2_3:11,,2024-05-02T11:24:53.085371Z,delphinID_clicks,click,Ggr,0.611167
delphinID_clicks:X2_3:11,,2024-05-02T11:24:53.085371Z,delphinID_clicks,click,Gme,0.020948
delphinID_clicks:X2_3:11,,2024-05-02T11:24:53.085371Z,delphinID_clicks,click,Lal,0.061671
delphinID_clicks:X2_3:11,,2024-05-02T11:24:53.085371Z,delphinID_clicks,click,Ttr,0.228974
delphinID_clicks:X2_3:12,,2024-05-02T11:21:42.186243Z,delphinID_clicks,click,Dde,0.000467
delphinID_clicks:X2_3:12,,2024-05-02T11:21:42.186243Z,delphinID_clicks,click,Ggr,0.275787
delphinID_clicks:X2_3:12,,2024-05-02T11:21:42.186243Z,delphinID_clicks,click,Gme,0.081058
delphinID_clicks:X2_3:12,,2024-05-02T11:21:42.186243Z,delphinID_clicks,click,Lal,0.212795
delphinID_clicks:X2_3:12,,2024-05-02T11:21:42.186243Z,delphinID_clicks,click,Ttr,0.429893
delphinID_clicks:X2_3:13,,2024-05-02T11:27:43.060209Z,delphinID_clicks,click,Dde,0.224874
delphinID_clicks:X2_3:13,,2024-05-02T11:27:43.060209Z,delphinID_clicks,click,Ggr,0.568801
delphinID_clicks:X2_3:13,,2024-05-02T11:27:43.060209Z,delphinID_clicks,click,Gme,0.013135
delphinID_clicks:X2_3:13,,2024-05-02T11:27:43.060209Z,delphinID_clicks,click,Lal,0.177429
delphinID_clicks:X2_3:13,,2024-05-02T11:27:43.060209Z,delphinID_clicks,click,Ttr,0.015761
delphinID_clicks:X2_3:14,,2024-05-02T11:22:15.985589Z,delphinID_clicks,click,Dde,0.088587
delphinID_clicks:X2_3:14,,2024-05-02T11:22:15.985589Z,delphinID_clicks,click,Ggr,0.269533
delphinID_clicks:X2_3:14,,2024-05-02T11:22:15.985589Z,delphinID_clicks,click,Gme,0.145245
delphinID_clicks:X2_3:14,,2024-05-02T11:22:15.985589Z,delphinID_clicks,click,Lal,0.218157
delphinID_clicks:X2_3:14,,2024-05-02T11:22:15.985589Z,delphinID_clicks,click,Ttr,0.278478
delphinID_clicks:X2_3:15,,2024-05-02T11:28:53.941915Z,delphinID_clicks,click,Dde,0.148132
delphinID_clicks:X2_3:15,,2024-05-02T11:28:53.941915Z,delphinID_clicks,click,Ggr,0.151092
delphinID_clicks:X2_3:15,,2024-05-02T11:28:53.941915Z,delphinID_clicks,click,Gme,0.283719
delphinID_clicks:X2_3:15,,2024-05-02T11:28:53.941915Z,delphinID_clicks,click,Lal,0.159942
delphinID_clicks:X2_3:15,,2024-05-02T11:28:53.941915Z,delphinID_clicks,click,Ttr,0.257114
delphinID_clicks:X2_3:16,,2024-05-02T11:28:57.250321Z,delphinID_clicks,click,Dde,0.080617
delphinID_clicks:X2_3:16,,2024-05-02T11:28:57.250321Z,delphinID_clicks,click,Ggr,0.878469
delphinID_clicks:X2_3:16,,2024-05-02T11:28:57.250321Z,delphinID_clicks,click,Gme,0.035061
delphinID_clicks:X2_3:16,,2024-05-02T11:28:57.250321Z,delphinID_clicks,click,Lal,0.004199
delphinID_clicks:X2_3:16,,2024-05-02T11:28:57.250321Z,delphinID_clicks,click,Ttr,0.001654
delphinID_clicks:X2_3:17,,2024-05-02T11:21:50.953240Z,delphinID_clicks,click,Dde,0.125436
delphinID_clicks:X2_3:17,,2024-05-02T11:21:50.953240Z,delphinID_clicks,click,Ggr,0.755185
delphinID_clicks:X2_3:17,,2024-05-02T11:21:50.953240Z,delphinID_clicks,click,Gme,0.104798
delphinID_clicks:X2_3:17,,2024-05-02T11:21:50.953240Z,delphinID_clicks,click,Lal,0.012598
delphinID_clicks:X2_3:17,,2024-05-02T11:21:50.953240Z,delphinID_clicks,click,Ttr,0.001983
delphinID_clicks:X2_3:18,,2024-05-02T11:20:12.140320Z,delphinID_clicks,click,Dde,0.493363
delphinID_clicks:X2_3:18,,2024-05-02T11:20:12.140320Z,delphinID_clicks,click,Ggr,0.098883
delphinID_clicks:X2_3:18,,2024-05-02T11:20:12.140320Z,delphinID_clicks,click,Gme,0.402042
delphinID_clicks:X2_3:18,,2024-05-02T11:20:12.140320Z,delphinID_clicks,click,Lal,0.000521
delphinID_clicks:X2_3:18,,2024-05-02T11:20:12.140320Z,delphinID_clicks,click,Ttr,0.005191
delphinID_clicks:X2_3:19,,2024-05-02T11:20:36.427152Z,delphinID_clicks,click,Dde,0.429539
delphinID_clicks:X2_3:19,,2024-05-02T11:20:36.427152Z,delphinID_clicks,click,Ggr,0.117721
delphinID_clicks:X2_3:19,,2024-05-02T11:20:36.427152Z,delphinID_clicks,click,Gme,0.198381
delphinID_clicks:X2_3:19,,2024-05-02T11:20:36.427152Z,delphinID_clicks,click,Lal,0.051164
delphinID_clicks:X2_3:19,,2024-05-02T11:20:36.427152Z,delphinID_clicks,click,Ttr,0.203195
delphinID_clicks:X2_3:20,,2024-05-02T11:20:12.595447Z,delphinID_clicks,click,Dde,0.000747
delphinID_clicks:X2_3:20,,2024-05-02T11:20:12.595447Z,delphinID_clicks,click,Ggr,0.827203
delphinID_clicks:X2_3:20,,2024-05-02T11:20:12.595447Z,delphinID_clicks,click,Gme,0.000886
delphinID_clicks:X2_3:20,,2024-05-02T11:20:12.595447Z,delphinID_clicks,click,Lal,0.14147
delphinID_clicks:X2_3:20,,2024-05-02T11:20:12.595447Z,delphinID_clicks,click,Ttr,0.029694
delphinID_clicks:X2_3:21,,2024-05-02T11:25:01.655508Z,delphinID_clicks,click,Dde,0.026598
delphinID_clicks:X2_3:21,,2024-05-02T11:25:01.655508Z,delphinID_clicks,click,Ggr,0.61256
delphinID_clicks:X2_3:21,,2024-05-02T11:25:01.655508Z,delphinID_clicks,click,Gme,0.001357
delphinID_clicks:X2_3:21,,2024-05-02T11:25:01.655508Z,delphinID_clicks,click,Lal,0.297306
delphinID_clicks:X2_3:21,,2024-05-02T11:25:01.655508Z,delphinID_clicks,click,Ttr,0.06218
delphinID_clicks:X2_3:22,,2024-05-02T11:27:08.374286Z,delphinID_clicks,click,Dde,0.617301
delphinID_clicks:X2_3:22,,2024-05-02T11:27:08.374286Z,delphinID_clicks,click,Ggr,0.213299
delphinID_clicks:X2_3:22,,2024-05-02T11:27:08.374286Z,delphinID_clicks,click,Gme,0.092432
delphinID_clicks:X2_3:22,,2024-05-02T11:27:08.374286Z,delphinID_clicks,click,Lal,0.045718
delphinID_clicks:X2_3:22,,2024-05-02T11:27:08.374286Z,delphinID_clicks,click,Ttr,0.03125
delphinID_clicks:X2_3:23,,2024-05-02T11:26:56.788557Z,delphinID_clicks,click,Dde,0.009241
delphinID_clicks:X2_3:23,,2024-05-02T11:26:56.788557Z,delphinID_clicks,click,Ggr,0.131261
delphinID_clicks:X2_3:23,,2024-05-02T11:26:56.788557Z,delphinID_clicks,click,Gme,0.66659
delphinID_clicks:X2_3:23,,2024-05-02T11:26:56.788557Z,delphinID_clicks,click,Lal,0.190028
delphinID_clicks:X2_3:23,,2024-05-02T11:26:56.788557Z,delphinID_clicks,click,Ttr,0.002881
delphinID_clicks:X2_3:24,,2024-05-02T11:25:04.656290Z,delphinID_clicks,click,Dde,0.355859
delphinID_clicks:X2_3:24,,2024-05-02T11:25:04.656290Z,delphinID_clicks,click,Ggr,0.111125
delphinID_clicks:X2_3:24,,2024-05-02T11:25:04.656290Z,delphinID_clicks,click,Gme,0.217965
delphinID_clicks:X2_3:24,,2024-05-02T11:25:04.656290Z,delphinID_clicks,click,Lal,0.288265
delphinID_clicks:X2_3:24,,2024-05-02T11:25:04.656290Z,delphinID_clicks,click,Ttr,0.026786
delphinID_clicks:X2_3:25,,2024-05-02T11:22:54.671943Z,delphinID_clicks,click,Dde,0.711637
delphinID_clicks:X2_3:25,,2024-05-02T11:22:54.671943Z,delphinID_clicks,click,Ggr,0.006632
delphinID_clicks:X2_3:25,,2024-05-02T11:22:54.671943Z,delphinID_clicks,click,Gme,0.009986
delphinID_clicks:X2_3:25,,2024-05-02T11:22:54.671943Z,delphinID_clicks,click,Lal,0.265796
delphinID_clicks:X2_3:25,,2024-05-02T11:22:54.671943Z,delphinID_clicks,click,Ttr,0.005948
delphinID_clicks:X2_3:26,,2024-05-02T11:28:28.052285Z,delphinID_clicks,click,Dde,0.137077
delphinID_clicks:X2_3:26,,2024-05-02T11:28:28.052285Z,delphinID_clicks,click,Ggr,0.06063
delphinID_clicks:X2_3:26,,2024-05-02T11:28:28.052285Z,delphinID_clicks,click,Gme,0.149416
delphinID_clicks:X2_3:26,,2024-05-02T11:28:28.052285Z,delphinID_clicks,click,Lal,0.539403
delphinID_clicks:X2_3:26,,2024-05-02T11:28:28.052285Z,delphinID_clicks,click,Ttr,0.113474
delphinID_clicks:X2_3:27,,2024-05-02T11:26:38.904594Z,delphinID_clicks,click,Dde,0.121095
delphinID_clicks:X2_3:27,,2024-05-02T11:26:38.904594Z,delphinID_clicks,click,Ggr,0.086147
delphinID_clicks:X2_3:27,,2024-05-02T11:26:38.904594Z,delphinID_clicks,click,Gme,0.377481
delphinID_clicks:X2_3:27,,2024-05-02T11:26:38.904594Z,delphinID_clicks,click,Lal,0.39797
delphinID_clicks:X2_3:27,,2024-05-02T11:26:38.904594Z,delphinID_clicks,click,Ttr,0.017307
delphinID_clicks:X2_3:28,,2024-05-02T11:21:15.756860Z,delphinID_clicks,click,Dde,0.191834
delphinID_clicks:X2_3:28,,2024-05-02T11:21:15.756860Z,delphinID_clicks,click,Ggr,0.12929
delphinID_clicks:X2_3:28,,2024-05-02T11:21:15.756860Z,delphinID_clicks,click,Gme,0.274728
delphinID_clicks:X2_3:28,,2024-05-02T11:21:15.756860Z,delphinID_clicks,click,Lal,0.361714
delphinID_clicks:X2_3:28,,2024-05-02T11:21:15.756860Z,delphinID_clicks,click,Ttr,0.042433
delphinID_whistles:X2_4:0,,2024-05-02T12:03:11.960304Z,delphinID_whistles,whistle,Dde,0.029348
delphinID_whistles:X2_4:0,,2024-05-02T12:03:11.960304Z,delphinID_whistles,whistle,Ggr,0.021197
delphinID_whistles:X2_4:0,,2024-05-02T12:03:11.960304Z,delphinID_whistles,whistle,Gme,0.210613
delphinID_whistles:X2_4:0,,2024-05-02T12:03:11.960304Z,delphinID_whistles,whistle,Lac,0.155607
delphinID_whistles:X2_4:0,,2024-05-02T12:03:11.960304Z,delphinID_whistles,whistle,Lal,0.218657
delphinID_whistles:X2_4:0,,2024-05-02T12:03:11.960304Z,delphinID_whistles,whistle,Oor,0.131791
delphinID_whistles:X2_4:0,,2024-05-02T12:03:11.960304Z,delphinID_whistles,whistle,Ttr,0.232788
delphinID_whistles:X2_4:1,,2024-05-02T12:01:11.512373Z,delphinID_whistles,whistle,Dde,0.155444
delphinID_whistles:X2_4:1,,2024-05-02T12:01:11.512373Z,delphinID_whistles,whistle,Ggr,0.272761
delphinID_whistles:X2_4:1,,2024-05-02T12:01:11.512373Z,delphinID_whistles,whistle,Gme,0.003184
delphinID_whistles:X2_4:1,,2024-05-02T12:01:11.512373Z,delphinID_whistles,whistle,Lac,0.022843
delphinID_whistles:X2_4:1,,2024-05-02T12:01:11.512373Z,delphinID_whistles,whistle,Lal,4.4e-05
delphinID_whistles:X2_4:1,,2024-05-02T12:01:11.512373Z,delphinID_whistles,whistle,Oor,0.542341
delphinID_whistles:X2_4:1,,2024-05-02T12:01:11.512373Z,delphinID_whistles,whistle,Ttr,0.003383
delphinID_whistles:X2_4:2,,2024-05-02T12:05:34.077629Z,delphinID_whistles,whistle,Dde,0.106854
delphinID_whistles:X2_4:2,,2024-05-02T12:05:34.077629Z,delphinID_whistles,whistle,Ggr,0.042119
delphinID_whistles:X2_4:2,,2024-05-02T12:05:34.077629Z,delphinID_whistles,whistle,Gme,0.063225
delphinID_whistles:X2_4:2,,2024-05-02T12:05:34.077629Z,delphinID_whistles,whistle,Lac,0.474808
delphinID_whistles:X2_4:2,,2024-05-02T12:05:34.077629Z,delphinID_whistles,whistle,Lal,0.003735
delphinID_whistles:X2_4:2,,2024-05-02T12:05:34.077629Z,delphinID_whistles,whistle,Oor,0.263987
delphinID_whistles:X2_4:2,,2024-05-02T12:05:34.077629Z,delphinID_whistles,whistle,Ttr,0.045272
delphinID_whistles:X2_4:3,,2024-05-02T12:07:56.045283Z,delphinID_whistles,whistle,Dde,0.300184
delphinID_whistles:X2_4:3,,2024-05-02T12:07:56.045283Z,delphinID_whistles,whistle,Ggr,0.103255
delphinID_whistles:X2_4:3,,2024-05-02T12:07:56.045283Z,delphinID_whistles,whistle,Gme,0.172428
delphinID_whistles:X2_4:3,,2024-05-02T12:07:56.045283Z,delphinID_whistles,whistle,Lac,0.014913
delphinID_whistles:X2_4:3,,2024-05-02T12:07:56.045283Z,delphinID_whistles,whistle,Lal,0.135092
delphinID_whistles:X2_4:3,,2024-05-02T12:07:56.045283Z,delphinID_whistles,whistle,Oor,0.218605
delphinID_whistles:X2_4:3,,2024-05-02T12:07:56.045283Z,delphinID_whistles,whistle,Ttr,0.055523
delphinID_whistles:X2_4:4,,2024-05-02T12:03:35.162046Z,delphinID_whistles,whistle,Dde,0.137592
delphinID_whistles:X2_4:4,,2024-05-02T12:03:35.162046Z,delphinID_whistles,whistle,Ggr,0.008383
delphinID_whistles:X2_4:4,,2024-05-02T12:03:35.162046Z,delphinID_whistles,whistle,Gme,0.00773
delphinID_whistles:X2_4:4,,2024-05-02T12:03:35.162046Z,delphinID_whistles,whistle,Lac,0.09585
delphinID_whistles:X2_4:4,,2024-05-02T12:03:35.162046Z,delphinID_whistles,whistle,Lal,0.726379
delphinID_whistles:X2_4:4,,2024-05-02T12:03:35.162046Z,delphinID_whistles,whistle,Oor,0.02377
delphinID_whistles:X2_4:4,,2024-05-02T12:03:35.162046Z,delphinID_whistles,whistle,Ttr,0.000296
delphinID_whistles:X2_4:5,,2024-05-02T12:03:59.995064Z,delphinID_whistles,whistle,Dde,0.256974
delphinID_whistles:X2_4:5,,2024-05-02T12:03:59.995064Z,delphinID_whistles,whistle,Ggr,0.011295
delphinID_whistles:X2_4:5,,2024-05-02T12:03:59.995064Z,delphinID_whistles,whistle,Gme,0.24171
delphinID_whistles:X2_4:5,,2024-05-02T12:03:59.995064Z,delphinID_whistles,whistle,Lac,0.001042
delphinID_whistles:X2_4:5,,2024-05-02T12:03:59.995064Z,delphinID_whistles,whistle,Lal,0.479034
delphinID_whistles:X2_4:5,,2024-05-02T12:03:59.995064Z,delphinID_whistles,whistle,Oor,2.7e-05
delphinID_whistles:X2_4:5,,2024-05-02T12:03:59.995064Z,delphinID_whistles,whistle,Ttr,0.00992
delphinID_whistles:X2_4:6,,2024-05-02T12:07:01.894937Z,delphinID_whistles,whistle,Dde,0.06448
delphinID_whistles:X2_4:6,,2024-05-02T12:07:01.894937Z,delphinID_whistles,whistle,Ggr,0.036163
delphinID_whistles:X2_4:6,,2024-05-02T12:07:01.894937Z,delphinID_whistles,whistle,Gme,0.0805
delphinID_whistles:X2_4:6,,2024-05-02T12:07:01.894937Z,delphinID_whistles,whistle,Lac,0.012762
delphinID_whistles:X2_4:6,,2024-05-02T12:07:01.894937Z,delphinID_whistles,whistle,Lal,0.034028
delphinID_whistles:X2_4:6,,2024-05-02T12:07:01.894937Z,delphinID_whistles,whistle,Oor,0.023258
delphinID_whistles:X2_4:6,,2024-05-02T12:07:01.894937Z,delphinID_whistles,whistle,Ttr,0.74881
delphinID_whistles:X2_4:7,,2024-05-02T12:02:42.973684Z,delphinID_whistles,whistle,Dde,0.322695
delphinID_whistles:X2_4:7,,2024-05-02T12:02:42.973684Z,delphinID_whistles,whistle,Ggr,0.001163
delphinID_whistles:X2_4:7,,2024-05-02T12:02:42.973684Z,delphinID_whistles,whistle,Gme,0.146401
delphinID_whistles:X2_4:7,,2024-05-02T12:02:42.973684Z,delphinID_whistles,whistle,Lac,0.266624
delphinID_whistles:X2_4:7,,2024-05-02T12:02:42.973684Z,delphinID_whistles,whistle,Lal,0.121885
delphinID_whistles:X2_4:7,,2024-05-02T12:02:42.973684Z,delphinID_whistles,whistle,Oor,0.049546
delphinID_whistles:X2_4:7,,2024-05-02T12:02:42.973684Z,delphinID_whistles,whistle,Ttr,0.091686
delphinID_whistles:X2_4:8,,2024-05-02T12:00:08.693259Z,delphinID_whistles,whistle,Dde,0.318193
delphinID_whistles:X2_4:8,,2024-05-02T12:00:08.693259Z,delphinID_whistles,whistle,Ggr,0.166845
delphinID_whistles:X2_4:8,,2024-05-02T12:00:08.693259Z,delphinID_whistles,whistle,Gme,0.130961
delphinID_whistles:X2_4:8,,2024-05-02T12:00:08.693259Z,delphinID_whistles,whistle,Lac,0.007743
delphinID_whistles:X2_4:8,,2024-05-02T12:00:08.693259Z,delphinID_whistles,whistle,Lal,0.019362
delphinID_whistles:X2_4:8,,2024-05-02T12:00:08.693259Z,delphinID_whistles,whistle,Oor,0.318824
delphinID_whistles:X2_4:8,,2024-05-02T12:00:08.693259Z,delphinID_whistles,whistle,Ttr,0.038072
delphinID_whistles:X2_4:9,,2024-05-02T12:02:50.840565Z,delphinID_whistles,whistle,Dde,0.237246
delphinID_whistles:X2_4:9,,2024-05-02T12:02:50.840565Z,delphinID_whistles,whistle,Ggr,0.045146
delphinID_whistles:X2_4:9,,2024-05-02T12:02:50.840565Z,delphinID_whistles,whistle,Gme,0.001178
delphinID_whistles:X2_4:9,,2024-05-02T12:02:50.840565Z,delphinID_whistles,whistle,Lac,0.092041
delphinID_whistles:X2_4:9,,2024-05-02T12:02:50.840565Z,delphinID_whistles,whistle,Lal,0.365234
delphinID_whistles:X2_4:9,,2024-05-02T12:02:50.840565Z,delphinID_whistles,whistle,Oor,0.039201
delphinID_whistles:X2_4:9,,2024-05-02T12:02:50.840565Z,delphinID_whistles,whistle,Ttr,0.219953
delphinID_whistles:X2_4:10,,2024-05-02T12:01:03.468328Z,delphinID_whistles,whistle,Dde,0.294023
delphinID_whistles:X2_4:10,,2024-05-02T12:01:03.468328Z,delphinID_whistles,whistle,Ggr,0.009984
delphinID_whistles:X2_4:10,,2024-05-02T12:01:03.468328Z,delphinID_whistles,whistle,Gme,0.021212
delphinID_whistles:X2_4:10,,2024-05-02T12:01:03.468328Z,delphinID_whistles,whistle,Lac,0.054486
delphinID_whistles:X2_4:10,,2024-05-02T12:01:03.468328Z,delphinID_whistles,whistle,Lal,0.080974
delphinID_whistles:X2_4:10,,2024-05-02T12:01:03.468328Z,delphinID_whistles,whistle,Oor,0.277289
delphinID_whistles:X2_4:10,,2024-05-02T12:01:03.468328Z,delphinID_whistles,whistle,Ttr,0.262033
delphinID_whistles:X2_4:11,,2024-05-02T12:07:52.168714Z,delphinID_whistles,whistle,Dde,0.16876
delphinID_whistles:X2_4:11,,2024-05-02T12:07:52.168714Z,delphinID_whistles,whistle,Ggr,0.547766
delphinID_whistles:X2_4:11,,2024-05-02T12:07:52.168714Z,delphinID_whistles,whistle,Gme,0.220953
delphinID_whistles:X2_4:11,,2024-05-02T12:07:52.168714Z,delphinID_whistles,whistle,Lac,0.003405
delphinID_whistles:X2_4:11,,2024-05-02T12:07:52.168714Z,delphinID_whistles,whistle,Lal,0.001446
delphinID_whistles:X2_4:11,,2024-05-02T12:07:52.168714Z,delphinID_whistles,whistle,Oor,0.0541
delphinID_whistles:X2_4:11,,2024-05-02T12:07:52.168714Z,delphinID_whistles,whistle,Ttr,0.003571
delphinID_whistles:X2_4:12,,2024-05-02T12:03:10.754869Z,delphinID_whistles,whistle,Dde,0.393124
delphinID_whistles:X2_4:12,,2024-05-02T12:03:10.754869Z,delphinID_whistles,whistle,Ggr,0.015423
delphinID_whistles:X2_4:12,,2024-05-02T12:03:10.754869Z,delphinID_whistles,whistle,Gme,0.130344
delphinID_whistles:X2_4:12,,2024-05-02T12:03:10.754869Z,delphinID_whistles,whistle,Lac,0.104123
delphinID_whistles:X2_4:12,,2024-05-02T12:03:10.754869Z,delphinID_whistles,whistle,Lal,0.141992
delphinID_whistles:X2_4:12,,2024-05-02T12:03:10.754869Z,delphinID_whistles,whistle,Oor,0.012687
delphinID_whistles:X2_4:12,,2024-05-02T12:03:10.754869Z,delphinID_whistles,whistle,Ttr,0.202307
delphinID_whistles:X2_4:13,,2024-05-02T12:02:20.841308Z,delphinID_whistles,whistle,Dde,0.166441
delphinID_whistles:X2_4:13,,2024-05-02T12:02:20.841308Z,delphinID_whistles,whistle,Ggr,0.075647
delphinID_whistles:X2_4:13,,2024-05-02T12:02:20.841308Z,delphinID_whistles,whistle,Gme,0.042867
delphinID_whistles:X2_4:13,,2024-05-02T12:02:20.841308Z,delphinID_whistles,whistle,Lac,0.425691
delphinID_whistles:X2_4:13,,2024-05-02T12:02:20.841308Z,delphinID_whistles,whistle,Lal,0.287821
delphinID_whistles:X2_4:13,,2024-05-02T12:02:20.841308Z,delphinID_whistles,whistle,Oor,0.000489
delphinID_whistles:X2_4:13,,2024-05-02T12:02:20.841308Z,delphinID_whistles,whistle,Ttr,0.001044
delphinID_whistles:X2_4:14,,2024-05-02T12:01:51.419572Z,delphinID_whistles,whistle,Dde,0.121143
delphinID_whistles:X2_4:14,,2024-05-02T12:01:51.419572Z,delphinID_whistles,whistle,Ggr,0.462892
delphinID_whistles:X2_4:14,,2024-05-02T12:01:51.419572Z,delphinID_whistles,whistle,Gme,0.01854
delphinID_whistles:X2_4:14,,2024-05-02T12:01:51.419572Z,delphinID_whistles,whistle,Lac,0.186789
delphinID_whistles:X2_4:14,,2024-05-02T12:01:51.419572Z,delphinID_whistles,whistle,Lal,0.090266
delphinID_whistles:X2_4:14,,2024-05-02T12:01:51.419572Z,delphinID_whistles,whistle,Oor,0.120305
delphinID_whistles:X2_4:14,,2024-05-02T12:01:51.419572Z,delphinID_whistles,whistle,Ttr,6.5e-05
delphinID_whistles:X2_4:15,,2024-05-02T12:08:08.285392Z,delphinID_whistles,whistle,Dde,0.217393
delphinID_whistles:X2_4:15,,2024-05-02T12:08:08.285392Z,delphinID_whistles,whistle,Ggr,0.401208
delphinID_whistles:X2_4:15,,2024-05-02T12:08:08.285392Z,delphinID_whistles,whistle,Gme,0.281074
delphinID_whistles:X2_4:15,,2024-05-02T12:08:08.285392Z,delphinID_whistles,whistle,Lac,0.00102
delphinID_whistles:X2_4:15,,2024-05-02T12:08:08.285392Z,delphinID_whistles,whistle,Lal,4e-06
delphinID_whistles:X2_4:15,,2024-05-02T12:08:08.285392Z,delphinID_whistles,whistle,Oor,0.038209
delphinID_whistles:X2_4:15,,2024-05-02T12:08:08.285392Z,delphinID_whistles,whistle,Ttr,0.06109
delphinID_whistles:X2_4:16,,2024-05-02T12:03:23.711220Z,delphinID_whistles,whistle,Dde,0.02163
delphinID_whistles:X2_4:16,,2024-05-02T12:03:23.711220Z,delphinID_whistles,whistle,Ggr,0.612349
delphinID_whistles:X2_4:16,,2024-05-02T12:03:23.711220Z,delphinID_whistles,whistle,Gme,0.050177
delphinID_whistles:X2_4:16,,2024-05-02T12:03:23.711220Z,delphinID_whistles,whistle,Lac,0.229175
delphinID_whistles:X2_4:16,,2024-05-02T12:03:23.711220Z,delphinID_whistles,whistle,Lal,0.070664
delphinID_whistles:X2_4:16,,2024-05-02T12:03:23.711220Z,delphinID_whistles,whistle,Oor,0.009485
delphinID_whistles:X2_4:16,,2024-05-02T12:03:23.711220Z,delphinID_whistles,whistle,Ttr,0.00652
delphinID_whistles:X2_4:17,,2024-05-02T12:06:12.865753Z,delphinID_whistles,whistle,Dde,0.077618
delphinID_whistles:X2_4:17,,2024-05-02T12:06:12.865753Z,delphinID_whistles,whistle,Ggr,0.016537
delphinID_whistles:X2_4:17,,2024-05-02T12:06:12.865753Z,delphinID_whistles,whistle,Gme,0.024649
delphinID_whistles:X2_4:17,,2024-05-02T12:06:12.865753Z,delphinID_whistles,whistle,Lac,0.44607
delphinID_whistles:X2_4:17,,2024-05-02T12:06:12.865753Z,delphinID_whistles,whistle,Lal,4.1e-05
delphinID_whistles:X2_4:17,,2024-05-02T12:06:12.865753Z,delphinID_whistles,whistle,Oor,0.032691
delphinID_whistles:X2_4:17,,2024-05-02T12:06:12.865753Z,delphinID_whistles,whistle,Ttr,0.402395
delphinID_whistles:X3_1:0,,2024-05-03T12:40:40.438356Z,delphinID_whistles,whistle,Dde,0.222897
delphinID_whistles:X3_1:0,,2024-05-03T12:40:40.438356Z,delphinID_whistles,whistle,Ggr,0.144654
delphinID_whistles:X3_1:0,,2024-05-03T12:40:40.438356Z,delphinID_whistles,whistle,Gme,0.034546
delphinID_whistles:X3_1:0,,2024-05-03T12:40:40.438356Z,delphinID_whistles,whistle,Lac,0.502696
delphinID_whistles:X3_1:0,,2024-05-03T12:40:40.438356Z,delphinID_whistles,whistle,Lal,0.015862
delphinID_whistles:X3_1:0,,2024-05-03T12:40:40.438356Z,delphinID_whistles,whistle,Oor,0.021642
delphinID_whistles:X3_1:0,,2024-05-03T12:40:40.438356Z,delphinID_whistles,whistle,Ttr,0.057703
delphinID_whistles:X3_1:1,,2024-05-03T12:43:20.032860Z,delphinID_whistles,whistle,Dde,0.338253
delphinID_whistles:X3_1:1,,2024-05-03T12:43:20.032860Z,delphinID_whistles,whistle,Ggr,0.004736
delphinID_whistles:X3_1:1,,2024-05-03T12:43:20.032860Z,delphinID_whistles,whistle,Gme,0.216527
delphinID_whistles:X3_1:1,,2024-05-03T12:43:20.032860Z,delphinID_whistles,whistle,Lac,0.197204
delphinID_whistles:X3_1:1,,2024-05-03T12:43:20.032860Z,delphinID_whistles,whistle,Lal,0.03993
delphinID_whistles:X3_1:1,,2024-05-03T12:43:20.032860Z,delphinID_whistles,whistle,Oor,0.199613
delphinID_whistles:X3_1:1,,2024-05-03T12:43:20.032860Z,delphinID_whistles,whistle,Ttr,0.003737
delphinID_whistles:X3_1:2,,2024-05-03T12:41:58.609616Z,delphinID_whistles,whistle,Dde,0.302624
delphinID_whistles:X3_1:2,,2024-05-03T12:41:58.609616Z,delphinID_whistles,whistle,Ggr,0.000214
delphinID_whistles:X3_1:2,,2024-05-03T12:41:58.609616Z,delphinID_whistles,whistle,Gme,0.040679
delphinID_whistles:X3_1:2,,2024-05-03T12:41:58.609616Z,delphinID_whistles,whistle,Lac,0.331044
delphinID_whistles:X3_1:2,,2024-05-03T12:41:58.609616Z,delphinID_whistles,whistle,Lal,0.097533
delphinID_whistles:X3_1:2,,2024-05-03T12:41:58.609616Z,delphinID_whistles,whistle,Oor,0.003769
delphinID_whistles:X3_1:2,,2024-05-03T12:41:58.609616Z,delphinID_whistles,whistle,Ttr,0.224139
delphinID_whistles:X3_1:3,,2024-05-03T12:41:17.890992Z,delphinID_whistles,whistle,Dde,0.231931
delphinID_whistles:X3_1:3,,2024-05-03T12:41:17.890992Z,delphinID_whistles,whistle,Ggr,0.001025
delphinID_whistles:X3_1:3,,2024-05-03T12:41:17.890992Z,delphinID_whistles,whistle,Gme,0.017131
delphinID_whistles:X3_1:3,,2024-05-03T12:41:17.890992Z,delphinID_whistles,whistle,Lac,0.065761
delphinID_whistles:X3_1:3,,2024-05-03T12:41:17.890992Z,delphinID_whistles,whistle,Lal,0.236401
delphinID_whistles:X3_1:3,,2024-05-03T12:41:17.890992Z,delphinID_whistles,whistle,Oor,0.082849
delphinID_whistles:X3_1:3,,2024-05-03T12:41:17.890992Z,delphinID_whistles,whistle,Ttr,0.364903
delphinID_whistles:X3_1:4,,2024-05-03T12:40:09.023019Z,delphinID_whistles,whistle,Dde,0.523342
delphinID_whistles:X3_1:4,,2024-05-03T12:40:09.023019Z,delphinID_whistles,whistle,Ggr,0.000316
delphinID_whistles:X3_1:4,,2024-05-03T12:40:09.023019Z,delphinID_whistles,whistle,Gme,0.1419
delphinID_whistles:X3_1:4,,2024-05-03T12:40:09.023019Z,delphinID_whistles,whistle,Lac,0.052374
delphinID_whistles:X3_1:4,,2024-05-03T12:40:09.023019Z,delphinID_whistles,whistle,Lal,0.130174
delphinID_whistles:X3_1:4,,2024-05-03T12:40:09.023019Z,delphinID_whistles,whistle,Oor,0.000203
delphinID_whistles:X3_1:4,,2024-05-03T12:40:09.023019Z,delphinID_whistles,whistle,Ttr,0.151691
delphinID_whistles:X3_1:5,,2024-05-03T12:42:13.283623Z,delphinID_whistles,whistle,Dde,0.194706
delphinID_whistles:X3_1:5,,2024-05-03T12:42:13.283623Z,delphinID_whistles,whistle,Ggr,0.054627
delphinID_whistles:X3_1:5,,2024-05-03T12:42:13.283623Z,delphinID_whistles,whistle,Gme,0.018341
delphinID_whistles:X3_1:5,,2024-05-03T12:42:13.283623Z,delphinID_whistles,whistle,Lac,0.583338
delphinID_whistles:X3_1:5,,2024-05-03T12:42:13.283623Z,delphinID_whistles,whistle,Lal,0.002914
delphinID_whistles:X3_1:5,,2024-05-03T12:42:13.283623Z,delphinID_whistles,whistle,Oor,0.138279
delphinID_whistles:X3_1:5,,2024-05-03T12:42:13.283623Z,delphinID_whistles,whistle,Ttr,0.007794
delphinID_whistles:X3_1:6,,2024-05-03T12:40:11.721977Z,delphinID_whistles,whistle,Dde,0.835249
delphinID_whistles:X3_1:6,,2024-05-03T12:40:11.721977Z,delphinID_whistles,whistle,Ggr,0.004843
delphinID_whistles:X3_1:6,,2024-05-03T12:40:11.721977Z,delphinID_whistles,whistle,Gme,0.06054
delphinID_whistles:X3_1:6,,2024-05-03T12:40:11.721977Z,delphinID_whistles,whistle,Lac,0.073491
delphinID_whistles:X3_1:6,,2024-05-03T12:40:11.721977Z,delphinID_whistles,whistle,Lal,0.019653
delphinID_whistles:X3_1:6,,2024-05-03T12:40:11.721977Z,delphinID_whistles,whistle,Oor,8.1e-05
delphinID_whistles:X3_1:6,,2024-05-03T12:40:11.721977Z,delphinID_whistles,whistle,Ttr,0.006143
delphinID_whistles:X3_1:7,,2024-05-03T12:46:36.974036Z,delphinID_whistles,whistle,Dde,0.14429
delphinID_whistles:X3_1:7,,2024-05-03T12:46:36.974036Z,delphinID_whistles,whistle,Ggr,0.003366
delphinID_whistles:X3_1:7,,2024-05-03T12:46:36.974036Z,delphinID_whistles,whistle,Gme,0.469325
delphinID_whistles:X3_1:7,,2024-05-03T12:46:36.974036Z,delphinID_whistles,whistle,Lac,0.097803
delphinID_whistles:X3_1:7,,2024-05-03T12:46:36.974036Z,delphinID_whistles,whistle,Lal,0.016092
delphinID_whistles:X3_1:7,,2024-05-03T12:46:36.974036Z,delphinID_whistles,whistle,Oor,0.234076
delphinID_whistles:X3_1:7,,2024-05-03T12:46:36.974036Z,delphinID_whistles,whistle,Ttr,0.035048
delphinID_whistles:X3_1:8,,2024-05-03T12:49:06.676065Z,delphinID_whistles,whistle,Dde,0.004307
delphinID_whistles:X3_1:8,,2024-05-03T12:49:06.676065Z,delphinID_whistles,whistle,Ggr,0.020289
delphinID_whistles:X3_1:8,,2024-05-03T12:49:06.676065Z,delphinID_whistles,whistle,Gme,0.160972
delphinID_whistles:X3_1:8,,2024-05-03T12:49:06.676065Z,delphinID_whistles,whistle,Lac,0.520241
delphinID_whistles:X3_1:8,,2024-05-03T12:49:06.676065Z,delphinID_whistles,whistle,Lal,0.222251
delphinID_whistles:X3_1:8,,2024-05-03T12:49:06.676065Z,delphinID_whistles,whistle,Oor,0.060724
delphinID_whistles:X3_1:8,,2024-05-03T12:49:06.676065Z,delphinID_whistles,whistle,Ttr,0.011216
delphinID_whistles:X3_1:9,,2024-05-03T12:45:45.015526Z,delphinID_whistles,whistle,Dde,0.077238
delphinID_whistles:X3_1:9,,2024-05-03T12:45:45.015526Z,delphinID_whistles,whistle,Ggr,0.033136
delphinID_whistles:X3_1:9,,2024-05-03T12:45:45.015526Z,delphinID_whistles,whistle,Gme,0.17351
delphinID_whistles:X3_1:9,,2024-05-03T12:45:45.015526Z,delphinID_whistles,whistle,Lac,0.169731
delphinID_whistles:X3_1:9,,2024-05-03T12:45:45.015526Z,delphinID_whistles,whistle,Lal,0.070212
delphinID_whistles:X3_1:9,,2024-05-03T12:45:45.015526Z,delphinID_whistles,whistle,Oor,0.252302
delphinID_whistles:X3_1:9,,2024-05-03T12:45:45.015526Z,delphinID_whistles,whistle,Ttr,0.22387
delphinID_whistles:X3_1:10,,2024-05-03T12:44:29.199524Z,delphinID_whistles,whistle,Dde,0.321241
delphinID_whistles:X3_1:10,,2024-05-03T12:44:29.199524Z,delphinID_whistles,whistle,Ggr,0.010838
delphinID_whistles:X3_1:10,,2024-05-03T12:44:29.199524Z,delphinID_whistles,whistle,Gme,0.356936
delphinID_whistles:X3_1:10,,2024-05-03T12:44:29.199524Z,delphinID_whistles,whistle,Lac,0.247178
delphinID_whistles:X3_1:10,,2024-05-03T12:44:29.199524Z,delphinID_whistles,whistle,Lal,0.02986
delphinID_whistles:X3_1:10,,2024-05-03T12:44:29.199524Z,delphinID_whistles,whistle,Oor,0.024736
delphinID_whistles:X3_1:10,,2024-05-03T12:44:29.199524Z,delphinID_whistles,whistle,Ttr,0.009212
delphinID_whistles:X3_1:11,,2024-05-03T12:42:41.051826Z,delphinID_whistles,whistle,Dde,0.028032
delphinID_whistles:X3_1:11,,2024-05-03T12:42:41.051826Z,delphinID_whistles,whistle,Ggr,0.553248
delphinID_whistles:X3_1:11,,2024-05-03T12:42:41.051826Z,delphinID_whistles,whistle,Gme,0.184217
delphinID_whistles:X3_1:11,,2024-05-03T12:42:41.051826Z,delphinID_whistles,whistle,Lac,0.001609
delphinID_whistles:X3_1:11,,2024-05-03T12:42:41.051826Z,delphinID_whistles,whistle,Lal,0.028754
delphinID_whistles:X3_1:11,,2024-05-03T12:42:41.051826Z,delphinID_whistles,whistle,Oor,0.098072
delphinID_whistles:X3_1:11,,2024-05-03T12:42:41.051826Z,delphinID_whistles,whistle,Ttr,0.106068
delphinID_whistles:X3_1:12,,2024-05-03T12:44:53.406654Z,delphinID_whistles,whistle,Dde,0.212434
delphinID_whistles:X3_1:12,,2024-05-03T12:44:53.406654Z,delphinID_whistles,whistle,Ggr,0.310298
delphinID_whistles:X3_1:12,,2024-05-03T12:44:53.406654Z,delphinID_whistles,whistle,Gme,0.009561
delphinID_whistles:X3_1:12,,2024-05-03T12:44:53.406654Z,delphinID_whistles,whistle,Lac,0.074354
delphinID_whistles:X3_1:12,,2024-05-03T12:44:53.406654Z,delphinID_whistles,whistle,Lal,0.211201
delphinID_whistles:X3_1:12,,2024-05-03T12:44:53.406654Z,delphinID_whistles,whistle,Oor,0.160154
delphinID_whistles:X3_1:12,,2024-05-03T12:44:53.406654Z,delphinID_whistles,whistle,Ttr,0.021998
delphinID_whistles:X3_1:13,,2024-05-03T12:46:33.425140Z,delphinID_whistles,whistle,Dde,0.006916
delphinID_whistles:X3_1:13,,2024-05-03T12:46:33.425140Z,delphinID_whistles,whistle,Ggr,0.029583
delphinID_whistles:X3_1:13,,2024-05-03T12:46:33.425140Z,delphinID_whistles,whistle,Gme,0.642338
delphinID_whistles:X3_1:13,,2024-05-03T12:46:33.425140Z,delphinID_whistles,whistle,Lac,0.012559
delphinID_whistles:X3_1:13,,2024-05-03T12:46:33.425140Z,delphinID_whistles,whistle,Lal,0.000205
delphinID_whistles:X3_1:13,,2024-05-03T12:46:33.425140Z,delphinID_whistles,whistle,Oor,0.16577
delphinID_whistles:X3_1:13,,2024-05-03T12:46:33.425140Z,delphinID_whistles,whistle,Ttr,0.142629
delphinID_whistles:X3_1:14,,2024-05-03T12:42:53.505561Z,delphinID_whistles,whistle,Dde,0.135796
delphinID_whistles:X3_1:14,,2024-05-03T12:42:53.505561Z,delphinID_whistles,whistle,Ggr,0.000347
delphinID_whistles:X3_1:14,,2024-05-03T12:42:53.505561Z,delphinID_whistles,whistle,Gme,0.006905
delphinID_whistles:X3_1:14,,2024-05-03T12:42:53.505561Z,delphinID_whistles,whistle,Lac,0.115514
delphinID_whistles:X3_1:14,,2024-05-03T12:42:53.505561Z,delphinID_whistles,whistle,Lal,0.737837
delphinID_whistles:X3_1:14,,2024-05-03T12:42:53.505561Z,delphinID_whistles,whistle,Oor,5.5e-05
delphinID_whistles:X3_1:14,,2024-05-03T12:42:53.505561Z,delphinID_whistles,whistle,Ttr,0.003546
delphinID_whistles:X3_1:15,,2024-05-03T12:43:14.724357Z,delphinID_whistles,whistle,Dde,0.388305
delphinID_whistles:X3_1:15,,2024-05-03T12:43:14.724357Z,delphinID_whistles,whistle,Ggr,0.085753
delphinID_whistles:X3_1:15,,2024-05-03T12:43:14.724357Z,delphinID_whistles,whistle,Gme,0.099932
delphinID_whistles:X3_1:15,,2024-05-03T12:43:14.724357Z,delphinID_whistles,whistle,Lac,0.075914
delphinID_whistles:X3_1:15,,2024-05-03T12:43:14.724357Z,delphinID_whistles,whistle,Lal,0.034657
delphinID_whistles:X3_1:15,,2024-05-03T12:43:14.724357Z,delphinID_whistles,whistle,Oor,0.175961
delphinID_whistles:X3_1:15,,2024-05-03T12:43:14.724357Z,delphinID_whistles,whistle,Ttr,0.139478
delphinID_whistles:X3_1:16,,2024-05-03T12:44:52.566224Z,delphinID_whistles,whistle,Dde,0.50396
delphinID_whistles:X3_1:16,,2024-05-03T12:44:52.566224Z,delphinID_whistles,whistle,Ggr,0.035281
delphinID_whistles:X3_1:16,,2024-05-03T12:44:52.566224Z,delphinID_whistles,whistle,Gme,0.019947
delphinID_whistles:X3_1:16,,2024-05-03T12:44:52.566224Z,delphinID_whistles,whistle,Lac,0.009594
delphinID_whistles:X3_1:16,,2024-05-03T12:44:52.566224Z,delphinID_whistles,whistle,Lal,0.058501
delphinID_whistles:X3_1:16,,2024-05-03T12:44:52.566224Z,delphinID_whistles,whistle,Oor,0.106068
delphinID_whistles:X3_1:16,,2024-05-03T12:44:52.566224Z,delphinID_whistles,whistle,Ttr,0.266649
delphinID_whistles:X3_1:17,,2024-05-03T12:43:49.468244Z,delphinID_whistles,whistle,Dde,0.550622
delphinID_whistles:X3_1:17,,2024-05-03T12:43:49.468244Z,delphinID_whistles,whistle,Ggr,0.011163
delphinID_whistles:X3_1:17,,2024-05-03T12:43:49.468244Z,delphinID_whistles,whistle,Gme,0.006108
delphinID_whistles:X3_1:17,,2024-05-03T12:43:49.468244Z,delphinID_whistles,whistle,Lac,0.286004
delphinID_whistles:X3_1:17,,2024-05-03T12:43:49.468244Z,delphinID_whistles,whistle,Lal,0.007015
delphinID_whistles:X3_1:17,,2024-05-03T12:43:49.468244Z,delphinID_whistles,whistle,Oor,0.060228
delphinID_whistles:X3_1:17,,2024-05-03T12:43:49.468244Z,delphinID_whistles,whistle,Ttr,0.07886
delphinID_whistles:X3_1:18,,2024-05-03T12:40:56.649207Z,delphinID_whistles,whistle,Dde,0.182136
delphinID_whistles:X3_1:18,,2024-05-03T12:40:56.649207Z,delphinID_whistles,whistle,Ggr,0.072154
delphinID_whistles:X3_1:18,,2024-05-03T12:40:56.649207Z,delphinID_whistles,whistle,Gme,0.204926
delphinID_whistles:X3_1:18,,2024-05-03T12:40:56.649207Z,delphinID_whistles,whistle,Lac,0.043591
delphinID_whistles:X3_1:18,,2024-05-03T12:40:56.649207Z,delphinID_whistles,whistle,Lal,0.032766
delphinID_whistles:X3_1:18,,2024-05-03T12:40:56.649207Z,delphinID_whistles,whistle,Oor,0.083193
delphinID_whistles:X3_1:18,,2024-05-03T12:40:56.649207Z,delphinID_whistles,whistle,Ttr,0.381233
delphinID_whistles:X3_1:19,,2024-05-03T12:42:25.371262Z,delphinID_whistles,whistle,Dde,0.00334
delphinID_whistles:X3_1:19,,2024-05-03T12:42:25.371262Z,delphinID_whistles,whistle,Ggr,0.075943
delphinID_whistles:X3_1:19,,2024-05-03T12:42:25.371262Z,delphinID_whistles,whistle,Gme,0.06939
delphinID_whistles:X3_1:19,,2024-05-03T12:42:25.371262Z,delphinID_whistles,whistle,Lac,0.662881
delphinID_whistles:X3_1:19,,2024-05-03T12:42:25.371262Z,delphinID_whistles,whistle,Lal,0.010193
delphinID_whistles:X3_1:19,,2024-05-03T12:42:25.371262Z,delphinID_whistles,whistle,Oor,0.176791
delphinID_whistles:X3_1:19,,2024-05-03T12:42:25.371262Z,delphinID_whistles,whistle,Ttr,0.001461
delphinID_whistles:X3_1:20,,2024-05-03T12:47:27.645081Z,delphinID_whistles,whistle,Dde,0.056907
delphinID_whistles:X3_1:20,,2024-05-03T12:47:27.645081Z,delphinID_whistles,whistle,Ggr,0.314124
delphinID_whistles:X3_1:20,,2024-05-03T12:47:27.645081Z,delphinID_whistles,whistle,Gme,0.08391
delphinID_whistles:X3_1:20,,2024-05-03T12:47:27.645081Z,delphinID_whistles,whistle,Lac,0.146708
delphinID_whistles:X3_1:20,,2024-05-03T12:47:27.645081Z,delphinID_whistles,whistle,Lal,0.227936
delphinID_whistles:X3_1:20,,2024-05-03T12:47:27.645081Z,delphinID_whistles,whistle,Oor,0.003562
delphinID_whistles:X3_1:20,,2024-05-03T12:47:27.645081Z,delphinID_whistles,whistle,Ttr,0.166853
delphinID_whistles:X3_1:21,,2024-05-03T12:46:27.483433Z,delphinID_whistles,whistle,Dde,0.077293
delphinID_whistles:X3_1:21,,2024-05-03T12:46:27.483433Z,delphinID_whistles,whistle,Ggr,0.281528
delphinID_whistles:X3_1:21,,2024-05-03T12:46:27.483433Z,delphinID_whistles,whistle,Gme,0.033291
delphinID_whistles:X3_1:21,,2024-05-03T12:46:27.483433Z,delphinID_whistles,whistle,Lac,0.001731
delphinID_whistles:X3_1:21,,2024-05-03T12:46:27.483433Z,delphinID_whistles,whistle,Lal,0.392043
delphinID_whistles:X3_1:21,,2024-05-03T12:46:27.483433Z,delphinID_whistles,whistle,Oor,0.14662
delphinID_whistles:X3_1:21,,2024-05-03T12:46:27.483433Z,delphinID_whistles,whistle,Ttr,0.067493
delphinID_whistles:X3_1:22,,2024-05-03T12:46:48.190230Z,delphinID_whistles,whistle,Dde,0.145157
delphinID_whistles:X3_1:22,,2024-05-03T12:46:48.190230Z,delphinID_whistles,whistle,Ggr,0.060867
delphinID_whistles:X3_1:22,,2024-05-03T12:46:48.190230Z,delphinID_whistles,whistle,Gme,0.004143
delphinID_whistles:X3_1:22,,2024-05-03T12:46:48.190230Z,delphinID_whistles,whistle,Lac,0.291063
delphinID_whistles:X3_1:22,,2024-05-03T12:46:48.190230Z,delphinID_whistles,whistle,Lal,0.404856
delphinID_whistles:X3_1:22,,2024-05-03T12:46:48.190230Z,delphinID_whistles,whistle,Oor,0.012165
delphinID_whistles:X3_1:22,,2024-05-03T12:46:48.190230Z,delphinID_whistles,whistle,Ttr,0.081749
delphinID_whistles:X3_1:23,,2024-05-03T12:49:45.360483Z,delphinID_whistles,whistle,Dde,0.542266
delphinID_whistles:X3_1:23,,2024-05-03T12:49:45.360483Z,delphinID_whistles,whistle,Ggr,0.00651
delphinID_whistles:X3_1:23,,2024-05-03T12:49:45.360483Z,delphinID_whistles,whistle,Gme,0.031896
delphinID_whistles:X3_1:23,,2024-05-03T12:49:45.360483Z,delphinID_whistles,whistle,Lac,0.000283
delphinID_whistles:X3_1:23,,2024-05-03T12:49:45.360483Z,delphinID_whistles,whistle,Lal,0.04339
delphinID_whistles:X3_1:23,,2024-05-03T12:49:45.360483Z,delphinID_whistles,whistle,Oor,0.023331
delphinID_whistles:X3_1:23,,2024-05-03T12:49:45.360483Z,delphinID_whistles,whistle,Ttr,0.352324
delphinID_clicks:X3_1:0,,2024-05-03T12:42:05.726551Z,delphinID_clicks,click,Dde,0.265365
delphinID_clicks:X3_1:0,,2024-05-03T12:42:05.726551Z,delphinID_clicks,click,Ggr,0.437169
delphinID_clicks:X3_1:0,,2024-05-03T12:42:05.726551Z,delphinID_clicks,click,Gme,0.000631
delphinID_clicks:X3_1:0,,2024-05-03T12:42:05.726551Z,delphinID_clicks,click,Lal,0.090371
delphinID_clicks:X3_1:0,,2024-05-03T12:42:05.726551Z,delphinID_clicks,click,Ttr,0.206465
delphinID_clicks:X3_1:1,,2024-05-03T12:41:23.759656Z,delphinID_clicks,click,Dde,0.000891
delphinID_clicks:X3_1:1,,2024-05-03T12:41:23.759656Z,delphinID_clicks,click,Ggr,0.132546
delphinID_clicks:X3_1:1,,2024-05-03T12:41:23.759656Z,delphinID_clicks,click,Gme,0.296288
delphinID_clicks:X3_1:1,,2024-05-03T12:41:23.759656Z,delphinID_clicks,click,Lal,0.276339
delphinID_clicks:X3_1:1,,2024-05-03T12:41:23.759656Z,delphinID_clicks,click,Ttr,0.293936
delphinID_clicks:X3_1:2,,2024-05-03T12:48:15.804725Z,delphinID_clicks,click,Dde,0.29802
delphinID_clicks:X3_1:2,,2024-05-03T12:48:15.804725Z,delphinID_clicks,click,Ggr,0.621252
delphinID_clicks:X3_1:2,,2024-05-03T12:48:15.804725Z,delphinID_clicks,click,Gme,0.063621
delphinID_clicks:X3_1:2,,2024-05-03T12:48:15.804725Z,delphinID_clicks,click,Lal,0.012498
delphinID_clicks:X3_1:2,,2024-05-03T12:48:15.804725Z,delphinID_clicks,click,Ttr,0.00461
delphinID_clicks:X3_1:3,,2024-05-03T12:46:51.207828Z,delphinID_clicks,click,Dde,0.060231
delphinID_clicks:X3_1:3,,2024-05-03T12:46:51.207828Z,delphinID_clicks,click,Ggr,0.076432
delphinID_clicks:X3_1:3,,2024-05-03T12:46:51.207828Z,delphinID_clicks,click,Gme,0.028339
delphinID_clicks:X3_1:3,,2024-05-03T12:46:51.207828Z,delphinID_clicks,click,Lal,0.442414
delphinID_clicks:X3_1:3,,2024-05-03T12:46:51.207828Z,delphinID_clicks,click,Ttr,0.392584
delphinID_clicks:X3_1:4,,2024-05-03T12:43:56.725303Z,delphinID_clicks,click,Dde,0.100075
delphinID_clicks:X3_1:4,,2024-05-03T12:43:56.725303Z,delphinID_clicks,click,Ggr,0.115679
delphinID_clicks:X3_1:4,,2024-05-03T12:43:56.725303Z,delphinID_clicks,click,Gme,0.413329
delphinID_clicks:X3_1:4,,2024-05-03T12:43:56.725303Z,delphinID_clicks,click,Lal,0.32165
delphinID_clicks:X3_1:4,,2024-05-03T12:43:56.725303Z,delphinID_clicks,click,Ttr,0.049268
delphinID_clicks:X3_1:5,,2024-05-03T12:40:42.802904Z,delphinID_clicks,click,Dde,0.18147
delphinID_clicks:X3_1:5,,2024-05-03T12:40:42.802904Z,delphinID_clicks,click,Ggr,0.337912
delphinID_clicks:X3_1:5,,2024-05-03T12:40:42.802904Z,delphinID_clicks,click,Gme,0.285032
delphinID_clicks:X3_1:5,,2024-05-03T12:40:42.802904Z,delphinID_clicks,click,Lal,0.020467
delphinID_clicks:X3_1:5,,2024-05-03T12:40:42.802904Z,delphinID_clicks,click,Ttr,0.175119
delphinID_clicks:X3_1:6,,2024-05-03T12:43:40.292517Z,delphinID_clicks,click,Dde,0.075596
delphinID_clicks:X3_1:6,,2024-05-03T12:43:40.292517Z,delphinID_clicks,click,Ggr,0.085526
delphinID_clicks:X3_1:6,,2024-05-03T12:43:40.292517Z,delphinID_clicks,click,Gme,0.262872
delphinID_clicks:X3_1:6,,2024-05-03T12:43:40.292517Z,delphinID_clicks,click,Lal,0.469274
delphinID_clicks:X3_1:6,,2024-05-03T12:43:40.292517Z,delphinID_clicks,click,Ttr,0.106732
delphinID_clicks:X3_1:7,,2024-05-03T12:42:37.633162Z,delphinID_clicks,click,Dde,0.17913
delphinID_clicks:X3_1:7,,2024-05-03T12:42:37.633162Z,delphinID_clicks,click,Ggr,0.364665
delphinID_clicks:X3_1:7,,2024-05-03T12:42:37.633162Z,delphinID_clicks,click,Gme,0.059438
delphinID_clicks:X3_1:7,,2024-05-03T12:42:37.633162Z,delphinID_clicks,click,Lal,0.005262
delphinID_clicks:X3_1:7,,2024-05-03T12:42:37.633162Z,delphinID_clicks,click,Ttr,0.391505
delphinID_clicks:X3_1:8,,2024-05-03T12:42:12.742580Z,delphinID_clicks,click,Dde,0.014406
delphinID_clicks:X3_1:8,,2024-05-03T12:42:12.742580Z,delphinID_clicks,click,Ggr,0.590268
delphinID_clicks:X3_1:8,,2024-05-03T12:42:12.742580Z,delphinID_clicks,click,Gme,0.19931
delphinID_clicks:X3_1:8,,2024-05-03T12:42:12.742580Z,delphinID_clicks,click,Lal,0.156891
delphinID_clicks:X3_1:8,,2024-05-03T12:42:12.742580Z,delphinID_clicks,click,Ttr,0.039124
delphinID_clicks:X3_1:9,,2024-05-03T12:46:47.588274Z,delphinID_clicks,click,Dde,0.565402
delphinID_clicks:X3_1:9,,2024-05-03T12:46:47.588274Z,delphinID_clicks,click,Ggr,0.36006
delphinID_clicks:X3_1:9,,2024-05-03T12:46:47.588274Z,delphinID_clicks,click,Gme,0.052948
delphinID_clicks:X3_1:9,,2024-05-03T12:46:47.588274Z,delphinID_clicks,click,Lal,0.004294
delphinID_clicks:X3_1:9,,2024-05-03T12:46:47.588274Z,delphinID_clicks,click,Ttr,0.017296
delphinID_clicks:X3_1:10,,2024-05-03T12:46:07.392061Z,delphinID_clicks,click,Dde,0.147882
delphinID_clicks:X3_1:10,,2024-05-03T12:46:07.392061Z,delphinID_clicks,click,Ggr,0.138853
delphinID_clicks:X3_1:10,,2024-05-03T12:46:07.392061Z,delphinID_clicks,click,Gme,0.099953
delphinID_clicks:X3_1:10,,2024-05-03T12:46:07.392061Z,delphinID_clicks,click,Lal,0.008639
delphinID_clicks:X3_1:10,,2024-05-03T12:46:07.392061Z,delphinID_clicks,click,Ttr,0.604673
delphinID_clicks:X3_1:11,,2024-05-03T12:49:41.104305Z,delphinID_clicks,click,Dde,0.291649
delphinID_clicks:X3_1:11,,2024-05-03T12:49:41.104305Z,delphinID_clicks,click,Ggr,0.088068
delphinID_clicks:X3_1:11,,2024-05-03T12:49:41.104305Z,delphinID_clicks,click,Gme,0.013879
delphinID_clicks:X3_1:11,,2024-05-03T12:49:41.104305Z,delphinID_clicks,click,Lal,0.520313
delphinID_clicks:X3_1:11,,2024-05-03T12:49:41.104305Z,delphinID_clicks,click,Ttr,0.08609
delphinID_clicks:X3_1:12,,2024-05-03T12:48:21.290573Z,delphinID_clicks,click,Dde,0.005656
delphinID_clicks:X3_1:12,,2024-05-03T12:48:21.290573Z,delphinID_clicks,click,Ggr,0.217192
delphinID_clicks:X3_1:12,,2024-05-03T12:48:21.290573Z,delphinID_clicks,click,Gme,0.060712
delphinID_clicks:X3_1:12,,2024-05-03T12:48:21.290573Z,delphinID_clicks,click,Lal,0.037928
delphinID_clicks:X3_1:12,,2024-05-03T12:48:21.290573Z,delphinID_clicks,click,Ttr,0.678512
delphinID_clicks:X3_1:13,,2024-05-03T12:48:13.198897Z,delphinID_clicks,click,Dde,0.047307
delphinID_clicks:X3_1:13,,2024-05-03T12:48:13.198897Z,delphinID_clicks,click,Ggr,0.239023
delphinID_clicks:X3_1:13,,2024-05-03T12:48:13.198897Z,delphinID_clicks,click,Gme,0.022202
delphinID_clicks:X3_1:13,,2024-05-03T12:48:13.198897Z,delphinID_clicks,click,Lal,0.083434
delphinID_clicks:X3_1:13,,2024-05-03T12:48:13.198897Z,delphinID_clicks,click,Ttr,0.608034
delphinID_clicks:X3_1:14,,2024-05-03T12:48:57.550339Z,delphinID_clicks,click,Dde,0.767957
delphinID_clicks:X3_1:14,,2024-05-03T12:48:57.550339Z,delphinID_clicks,click,Ggr,0.111392
delphinID_clicks:X3_1:14,,2024-05-03T12:48:57.550339Z,delphinID_clicks,click,Gme,0.00533
delphinID_clicks:X3_1:14,,2024-05-03T12:48:57.550339Z,delphinID_clicks,click,Lal,0.114555
delphinID_clicks:X3_1:14,,2024-05-03T12:48:57.550339Z,delphinID_clicks,click,Ttr,0.000766
delphinID_clicks:X3_1:15,,2024-05-03T12:43:56.077637Z,delphinID_clicks,click,Dde,0.001478
delphinID_clicks:X3_1:15,,2024-05-03T12:43:56.077637Z,delphinID_clicks,click,Ggr,0.171412
delphinID_clicks:X3_1:15,,2024-05-03T12:43:56.077637Z,delphinID_clicks,click,Gme,0.240046
delphinID_clicks:X3_1:15,,2024-05-03T12:43:56.077637Z,delphinID_clicks,click,Lal,0.464449
delphinID_clicks:X3_1:15,,2024-05-03T12:43:56.077637Z,delphinID_clicks,click,Ttr,0.122615
delphinID_clicks:X3_1:16,,2024-05-03T12:49:10.916641Z,delphinID_clicks,click,Dde,0.30952
delphinID_clicks:X3_1:16,,2024-05-03T12:49:10.916641Z,delphinID_clicks,click,Ggr,0.351561
delphinID_clicks:X3_1:16,,2024-05-03T12:49:10.916641Z,delphinID_clicks,click,Gme,0.083948
delphinID_clicks:X3_1:16,,2024-05-03T12:49:10.916641Z,delphinID_clicks,click,Lal,0.073119
delphinID_clicks:X3_1:16,,2024-05-03T12:49:10.916641Z,delphinID_clicks,click,Ttr,0.181853
delphinID_clicks:X3_1:17,,2024-05-03T12:46:24.746611Z,delphinID_clicks,click,Dde,0.18483
delphinID_clicks:X3_1:17,,2024-05-03T12:46:24.746611Z,delphinID_clicks,click,Ggr,0.346573
delphinID_clicks:X3_1:17,,2024-05-03T12:46:24.746611Z,delphinID_clicks,click,Gme,0.034932
delphinID_clicks:X3_1:17,,2024-05-03T12:46:24.746611Z,delphinID_clicks,click,Lal,0.124019
delphinID_clicks:X3_1:17,,2024-05-03T12:46:24.746611Z,delphinID_clicks,click,Ttr,0.309645
delphinID_clicks:X3_1:18,,2024-05-03T12:42:21.951157Z,delphinID_clicks,click,Dde,0.036821
delphinID_clicks:X3_1:18,,2024-05-03T12:42:21.951157Z,delphinID_clicks,click,Ggr,0.396855
delphinID_clicks:X3_1:18,,2024-05-03T12:42:21.951157Z,delphinID_clicks,click,Gme,0.206645
delphinID_clicks:X3_1:18,,2024-05-03T12:42:21.951157Z,delphinID_clicks,click,Lal,0.026691
delphinID_clicks:X3_1:18,,2024-05-03T12:42:21.951157Z,delphinID_clicks,click,Ttr,0.332988
delphinID_clicks:X3_1:19,,2024-05-03T12:45:37.259413Z,delphinID_clicks,click,Dde,0.026165
delphinID_clicks:X3_1:19,,2024-05-03T12:45:37.259413Z,delphinID_clicks,click,Ggr,0.507999
delphinID_clicks:X3_1:19,,2024-05-03T12:45:37.259413Z,delphinID_clicks,click,Gme,0.138323
delphinID_clicks:X3_1:19,,2024-05-03T12:45:37.259413Z,delphinID_clicks,click,Lal,0.309801
delphinID_clicks:X3_1:19,,2024-05-03T12:45:37.259413Z,delphinID_clicks,click,Ttr,0.017712
delphinID_clicks:X3_1:20,,2024-05-03T12:40:55.066098Z,delphinID_clicks,click,Dde,0.000107
delphinID_clicks:X3_1:20,,2024-05-03T12:40:55.066098Z,delphinID_clicks,click,Ggr,0.317748
delphinID_clicks:X3_1:20,,2024-05-03T12:40:55.066098Z,delphinID_clicks,click,Gme,0.059447
delphinID_clicks:X3_1:20,,2024-05-03T12:40:55.066098Z,delphinID_clicks,click,Lal,0.00912
delphinID_clicks:X3_1:20,,2024-05-03T12:40:55.066098Z,delphinID_clicks,click,Ttr,0.613577
delphinID_clicks:X3_1:21,,2024-05-03T12:45:56.524117Z,delphinID_clicks,click,Dde,0.278651
delphinID_clicks:X3_1:21,,2024-05-03T12:45:56.524117Z,delphinID_clicks,click,Ggr,0.154614
delphinID_clicks:X3_1:21,,2024-05-03T12:45:56.524117Z,delphinID_clicks,click,Gme,0.332083
delphinID_clicks:X3_1:21,,2024-05-03T12:45:56.524117Z,delphinID_clicks,click,Lal,0.0497
delphinID_clicks:X3_1:21,,2024-05-03T12:45:56.524117Z,delphinID_clicks,click,Ttr,0.184952
delphinID_clicks:X3_1:22,,2024-05-03T12:47:37.187630Z,delphinID_clicks,click,Dde,0.007426
delphinID_clicks:X3_1:22,,2024-05-03T12:47:37.187630Z,delphinID_clicks,click,Ggr,0.032326
delphinID_clicks:X3_1:22,,2024-05-03T12:47:37.187630Z,delphinID_clicks,click,Gme,0.354143
delphinID_clicks:X3_1:22,,2024-05-03T12:47:37.187630Z,delphinID_clicks,click,Lal,0.013606
delphinID_clicks:X3_1:22,,2024-05-03T12:47:37.187630Z,delphinID_clicks,click,Ttr,0.592499
delphinID_clicks:X3_1:23,,2024-05-03T12:40:21.981057Z,delphinID_clicks,click,Dde,0.07414
delphinID_clicks:X3_1:23,,2024-05-03T12:40:21.981057Z,delphinID_clicks,click,Ggr,0.005096
delphinID_clicks:X3_1:23,,2024-05-03T12:40:21.981057Z,delphinID_clicks,click,Gme,0.021824
delphinID_clicks:X3_1:23,,2024-05-03T12:40:21.981057Z,delphinID_clicks,click,Lal,0.795181
delphinID_clicks:X3_1:23,,2024-05-03T12:40:21.981057Z,delphinID_clicks,click,Ttr,0.103759
delphinID_clicks:X3_1:24,,2024-05-03T12:43:12.717145Z,delphinID_clicks,click,Dde,0.011506
delphinID_clicks:X3_1:24,,2024-05-03T12:43:12.717145Z,delphinID_clicks,click,Ggr,0.250934
delphinID_clicks:X3_1:24,,2024-05-03T12:43:12.717145Z,delphinID_clicks,click,Gme,0.638049
delphinID_clicks:X3_1:24,,2024-05-03T12:43:12.717145Z,delphinID_clicks,click,Lal,0.095902
delphinID_clicks:X3_1:24,,2024-05-03T12:43:12.717145Z,delphinID_clicks,click,Ttr,0.003609
delphinID_clicks:X3_1:25,,2024-05-03T12:45:06.985363Z,delphinID_clicks,click,Dde,0.010083
delphinID_clicks:X3_1:25,,2024-05-03T12:45:06.985363Z,delphinID_clicks,click,Ggr,0.326998
delphinID_clicks:X3_1:25,,2024-05-03T12:45:06.985363Z,delphinID_clicks,click,Gme,0.192189
delphinID_clicks:X3_1:25,,2024-05-03T12:45:06.985363Z,delphinID_clicks,click,Lal,0.423675
delphinID_clicks:X3_1:25,,2024-05-03T12:45:06.985363Z,delphinID_clicks,click,Ttr,0.047055
delphinID_clicks:X3_1:26,,2024-05-03T12:47:37.427010Z,delphinID_clicks,click,Dde,0.023971
delphinID_clicks:X3_1:26,,2024-05-03T12:47:37.427010Z,delphinID_clicks,click,Ggr,0.133209
delphinID_clicks:X3_1:26,,2024-05-03T12:47:37.427010Z,delphinID_clicks,click,Gme,0.385353
delphinID_clicks:X3_1:26,,2024-05-03T12:47:37.427010Z,delphinID_clicks,click,Lal,0.135546
delphinID_clicks:X3_1:26,,2024-05-03T12:47:37.427010Z,delphinID_clicks,click,Ttr,0.321921
delphinID_clicks:X3_1:27,,2024-05-03T12:41:18.801197Z,delphinID_clicks,click,Dde,0.326822
delphinID_clicks:X3_1:27,,2024-05-03T12:41:18.801197Z,delphinID_clicks,click,Ggr,0.06487
delphinID_clicks:X3_1:27,,2024-05-03T12:41:18.801197Z,delphinID_clicks,click,Gme,0.530434
delphinID_clicks:X3_1:27,,2024-05-03T12:41:18.801197Z,delphinID_clicks,click,Lal,0.006514
delphinID_clicks:X3_1:27,,2024-05-03T12:41:18.801197Z,delphinID_clicks,click,Ttr,0.07136
delphinID_clicks:X3_1:28,,2024-05-03T12:42:56.226223Z,delphinID_clicks,click,Dde,0.011299
delphinID_clicks:X3_1:28,,2024-05-03T12:42:56.226223Z,delphinID_clicks,click,Ggr,0.104642
delphinID_clicks:X3_1:28,,2024-05-03T12:42:56.226223Z,delphinID_clicks,click,Gme,0.078482
delphinID_clicks:X3_1:28,,2024-05-03T12:42:56.226223Z,delphinID_clicks,click,Lal,0.077648
delphinID_clicks:X3_1:28,,2024-05-03T12:42:56.226223Z,delphinID_clicks,click,Ttr,0.727929
delphinID_clicks:X3_1:29,,2024-05-03T12:43:28.524123Z,delphinID_clicks,click,Dde,0.024129
delphinID_clicks:X3_1:29,,2024-05-03T12:43:28.524123Z,delphinID_clicks,click,Ggr,0.751217
delphinID_clicks:X3_1:29,,2024-05-03T12:43:28.524123Z,delphinID_clicks,click,Gme,0.196346
delphinID_clicks:X3_1:29,,2024-05-03T12:43:28.524123Z,delphinID_clicks,click,Lal,0.024005
delphinID_clicks:X3_1:29,,2024-05-03T12:43:28.524123Z,delphinID_clicks,click,Ttr,0.004303
delphinID_whistles:X3_2:0,,2024-05-03T13:27:46.828940Z,delphinID_whistles,whistle,Dde,0.030297
delphinID_whistles:X3_2:0,,2024-05-03T13:27:46.828940Z,delphinID_whistles,whistle,Ggr,0.783557
delphinID_whistles:X3_2:0,,2024-05-03T13:27:46.828940Z,delphinID_whistles,whistle,Gme,0.003932
delphinID_whistles:X3_2:0,,2024-05-03T13:27:46.828940Z,delphinID_whistles,whistle,Lac,1.1e-05
delphinID_whistles:X3_2:0,,2024-05-03T13:27:46.828940Z,delphinID_whistles,whistle,Lal,0.153179
delphinID_whistles:X3_2:0,,2024-05-03T13:27:46.828940Z,delphinID_whistles,whistle,Oor,0.028468
delphinID_whistles:X3_2:0,,2024-05-03T13:27:46.828940Z,delphinID_whistles,whistle,Ttr,0.000555
delphinID_whistles:X3_2:1,,2024-05-03T13:22:54.547512Z,delphinID_whistles,whistle,Dde,0.015042
delphinID_whistles:X3_2:1,,2024-05-03T13:22:54.547512Z,delphinID_whistles,whistle,Ggr,0.311908
delphinID_whistles:X3_2:1,,2024-05-03T13:22:54.547512Z,delphinID_whistles,whistle,Gme,0.020147
delphinID_whistles:X3_2:1,,2024-05-03T13:22:54.547512Z,delphinID_whistles,whistle,Lac,0.215697
delphinID_whistles:X3_2:1,,2024-05-03T13:22:54.547512Z,delphinID_whistles,whistle,Lal,0.028287
delphinID_whistles:X3_2:1,,2024-05-03T13:22:54.547512Z,delphinID_whistles,whistle,Oor,0.303472
delphinID_whistles:X3_2:1,,2024-05-03T13:22:54.547512Z,delphinID_whistles,whistle,Ttr,0.105445
delphinID_whistles:X3_2:2,,2024-05-03T13:28:41.769721Z,delphinID_whistles,whistle,Dde,0.107207
delphinID_whistles:X3_2:2,,2024-05-03T13:28:41.769721Z,delphinID_whistles,whistle,Ggr,0.263339
delphinID_whistles:X3_2:2,,2024-05-03T13:28:41.769721Z,delphinID_whistles,whistle,Gme,0.0073
delphinID_whistles:X3_2:2,,2024-05-03T13:28:41.769721Z,delphinID_whistles,whistle,Lac,0.040206
delphinID_whistles:X3_2:2,,2024-05-03T13:28:41.769721Z,delphinID_whistles,whistle,Lal,0.155224
delphinID_whistles:X3_2:2,,2024-05-03T13:28:41.769721Z,delphinID_whistles,whistle,Oor,0.149457
delphinID_whistles:X3_2:2,,2024-05-03T13:28:41.769721Z,delphinID_whistles,whistle,Ttr,0.277266
delphinID_whistles:X3_2:3,,2024-05-03T13:28:16.784607Z,delphinID_whistles,whistle,Dde,0.227748
delphinID_whistles:X3_2:3,,2024-05-03T13:28:16.784607Z,delphinID_whistles,whistle,Ggr,0.238499
delphinID_whistles:X3_2:3,,2024-05-03T13:28:16.784607Z,delphinID_whistles,whistle,Gme,0.139437
delphinID_whistles:X3_2:3,,2024-05-03T13:28:16.784607Z,delphinID_whistles,whistle,Lac,0.107937
delphinID_whistles:X3_2:3,,2024-05-03T13:28:16.784607Z,delphinID_whistles,whistle,Lal,0.1399
delphinID_whistles:X3_2:3,,2024-05-03T13:28:16.784607Z,delphinID_whistles,whistle,Oor,0.0421
delphinID_whistles:X3_2:3,,2024-05-03T13:28:16.784607Z,delphinID_whistles,whistle,Ttr,0.104378
delphinID_whistles:X3_2:4,,2024-05-03T13:23:33.702304Z,delphinID_whistles,whistle,Dde,0.020469
delphinID_whistles:X3_2:4,,2024-05-03T13:23:33.702304Z,delphinID_whistles,whistle,Ggr,0.421867
delphinID_whistles:X3_2:4,,2024-05-03T13:23:33.702304Z,delphinID_whistles,whistle,Gme,0.015851
delphinID_whistles:X3_2:4,,2024-05-03T13:23:33.702304Z,delphinID_whistles,whistle,Lac,0.244756
delphinID_whistles:X3_2:4,,2024-05-03T13:23:33.702304Z,delphinID_whistles,whistle,Lal,0.060002
delphinID_whistles:X3_2:4,,2024-05-03T13:23:33.702304Z,delphinID_whistles,whistle,Oor,0.2033
delphinID_whistles:X3_2:4,,2024-05-03T13:23:33.702304Z,delphinID_whistles,whistle,Ttr,0.033755
delphinID_whistles:X3_2:5,,2024-05-03T13:28:12.944685Z,delphinID_whistles,whistle,Dde,0.428454
delphinID_whistles:X3_2:5,,2024-05-03T13:28:12.944685Z,delphinID_whistles,whistle,Ggr,0.005111
delphinID_whistles:X3_2:5,,2024-05-03T13:28:12.944685Z,delphinID_whistles,whistle,Gme,0.002509
delphinID_whistles:X3_2:5,,2024-05-03T13:28:12.944685Z,delphinID_whistles,whistle,Lac,0.276758
delphinID_whistles:X3_2:5,,2024-05-03T13:28:12.944685Z,delphinID_whistles,whistle,Lal,0.245477
delphinID_whistles:X3_2:5,,2024-05-03T13:28:12.944685Z,delphinID_whistles,whistle,Oor,0.02219
delphinID_whistles:X3_2:5,,2024-05-03T13:28:12.944685Z,delphinID_whistles,whistle,Ttr,0.0195
delphinID_whistles:X3_2:6,,2024-05-03T13:20:00.823141Z,delphinID_whistles,whistle,Dde,0.261282
delphinID_whistles:X3_2:6,,2024-05-03T13:20:00.823141Z,delphinID_whistles,whistle,Ggr,0.029104
delphinID_whistles:X3_2:6,,2024-05-03T13:20:00.823141Z,delphinID_whistles,whistle,Gme,0.104675
delphinID_whistles:X3_2:6,,2024-05-03T13:20:00.823141Z,delphinID_whistles,whistle,Lac,0.012541
delphinID_whistles:X3_2:6,,2024-05-03T13:20:00.823141Z,delphinID_whistles,whistle,Lal,0.055606
delphinID_whistles:X3_2:6,,2024-05-03T13:20:00.823141Z,delphinID_whistles,whistle,Oor,0.43832
delphinID_whistles:X3_2:6,,2024-05-03T13:20:00.823141Z,delphinID_whistles,whistle,Ttr,0.098473
delphinID_whistles:X3_2:7,,2024-05-03T13:25:31.346650Z,delphinID_whistles,whistle,Dde,0.160964
delphinID_whistles:X3_2:7,,2024-05-03T13:25:31.346650Z,delphinID_whistles,whistle,Ggr,0.055766
delphinID_whistles:X3_2:7,,2024-05-03T13:25:31.346650Z,delphinID_whistles,whistle,Gme,0.427347
delphinID_whistles:X3_2:7,,2024-05-03T13:25:31.346650Z,delphinID_whistles,whistle,Lac,0.007627
delphinID_whistles:X3_2:7,,2024-05-03T13:25:31.346650Z,delphinID_whistles,whistle,Lal,7.1e-05
delphinID_whistles:X3_2:7,,2024-05-03T13:25:31.346650Z,delphinID_whistles,whistle,Oor,0.342591
delphinID_whistles:X3_2:7,,2024-05-03T13:25:31.346650Z,delphinID_whistles,whistle,Ttr,0.005635
delphinID_whistles:X3_2:8,,2024-05-03T13:22:26.204576Z,delphinID_whistles,whistle,Dde,0.140254
delphinID_whistles:X3_2:8,,2024-05-03T13:22:26.204576Z,delphinID_whistles,whistle,Ggr,0.058072
delphinID_whistles:X3_2:8,,2024-05-03T13:22:26.204576Z,delphinID_whistles,whistle,Gme,0.059033
delphinID_whistles:X3_2:8,,2024-05-03T13:22:26.204576Z,delphinID_whistles,whistle,Lac,3.7e-05
delphinID_whistles:X3_2:8,,2024-05-03T13:22:26.204576Z,delphinID_whistles,whistle,Lal,0.248091
delphinID_whistles:X3_2:8,,2024-05-03T13:22:26.204576Z,delphinID_whistles,whistle,Oor,0.286361
delphinID_whistles:X3_2:8,,2024-05-03T13:22:26.204576Z,delphinID_whistles,whistle,Ttr,0.208152
delphinID_whistles:X3_2:9,,2024-05-03T13:28:42.042920Z,delphinID_whistles,whistle,Dde,0.076658
delphinID_whistles:X3_2:9,,2024-05-03T13:28:42.042920Z,delphinID_whistles,whistle,Ggr,0.040748
delphinID_whistles:X3_2:9,,2024-05-03T13:28:42.042920Z,delphinID_whistles,whistle,Gme,0.120676
delphinID_whistles:X3_2:9,,2024-05-03T13:28:42.042920Z,delphinID_whistles,whistle,Lac,0.211742
delphinID_whistles:X3_2:9,,2024-05-03T13:28:42.042920Z,delphinID_whistles,whistle,Lal,0.42789
delphinID_whistles:X3_2:9,,2024-05-03T13:28:42.042920Z,delphinID_whistles,whistle,Oor,0.015583
delphinID_whistles:X3_2:9,,2024-05-03T13:28:42.042920Z,delphinID_whistles,whistle,Ttr,0.106702
delphinID_whistles:X3_2:10,,2024-05-03T13:20:41.064955Z,delphinID_whistles,whistle,Dde,0.002184
delphinID_whistles:X3_2:10,,2024-05-03T13:20:41.064955Z,delphinID_whistles,whistle,Ggr,0.616325
delphinID_whistles:X3_2:10,,2024-05-03T13:20:41.064955Z,delphinID_whistles,whistle,Gme,0.059208
delphinID_whistles:X3_2:10,,2024-05-03T13:20:41.064955Z,delphinID_whistles,whistle,Lac,0.014637
delphinID_whistles:X3_2:10,,2024-05-03T13:20:41.064955Z,delphinID_whistles,whistle,Lal,0.038323
delphinID_whistles:X3_2:10,,2024-05-03T13:20:41.064955Z,delphinID_whistles,whistle,Oor,0.158607
delphinID_whistles:X3_2:10,,2024-05-03T13:20:41.064955Z,delphinID_whistles,whistle,Ttr,0.110717
delphinID_whistles:X3_2:11,,2024-05-03T13:28:22.152764Z,delphinID_whistles,whistle,Dde,0.365679
delphinID_whistles:X3_2:11,,2024-05-03T13:28:22.152764Z,delphinID_whistles,whistle,Ggr,0.015007
delphinID_whistles:X3_2:11,,2024-05-03T13:28:22.152764Z,delphinID_whistles,whistle,Gme,0.064291
delphinID_whistles:X3_2:11,,2024-05-03T13:28:22.152764Z,delphinID_whistles,whistle,Lac,0.116513
delphinID_whistles:X3_2:11,,2024-05-03T13:28:22.152764Z,delphinID_whistles,whistle,Lal,4e-06
delphinID_whistles:X3_2:11,,2024-05-03T13:28:22.152764Z,delphinID_whistles,whistle,Oor,0.217783
delphinID_whistles:X3_2:11,,2024-05-03T13:28:22.152764Z,delphinID_whistles,whistle,Ttr,0.220723
delphinID_whistles:X3_2:12,,2024-05-03T13:23:38.493098Z,delphinID_whistles,whistle,Dde,0.218187
delphinID_whistles:X3_2:12,,2024-05-03T13:23:38.493098Z,delphinID_whistles,whistle,Ggr,0.103506
delphinID_whistles:X3_2:12,,2024-05-03T13:23:38.493098Z,delphinID_whistles,whistle,Gme,0.050193
delphinID_whistles:X3_2:12,,2024-05-03T13:23:38.493098Z,delphinID_whistles,whistle,Lac,0.068505
delphinID_whistles:X3_2:12,,2024-05-03T13:23:38.493098Z,delphinID_whistles,whistle,Lal,0.376528
delphinID_whistles:X3_2:12,,2024-05-03T13:23:38.493098Z,delphinID_whistles,whistle,Oor,0.052403
delphinID_whistles:X3_2:12,,2024-05-03T13:23:38.493098Z,delphinID_whistles,whistle,Ttr,0.130678
delphinID_whistles:X3_2:13,,2024-05-03T13:25:50.951225Z,delphinID_whistles,whistle,Dde,0.124669
delphinID_whistles:X3_2:13,,2024-05-03T13:25:50.951225Z,delphinID_whistles,whistle,Ggr,0.048065
delphinID_whistles:X3_2:13,,2024-05-03T13:25:50.951225Z,delphinID_whistles,whistle,Gme,0.012228
delphinID_whistles:X3_2:13,,2024-05-03T13:25:50.951225Z,delphinID_whistles,whistle,Lac,0.03366
delphinID_whistles:X3_2:13,,2024-05-03T13:25:50.951225Z,delphinID_whistles,whistle,Lal,0.657168
delphinID_whistles:X3_2:13,,2024-05-03T13:25:50.951225Z,delphinID_whistles,whistle,Oor,0.028832
delphinID_whistles:X3_2:13,,2024-05-03T13:25:50.951225Z,delphinID_whistles,whistle,Ttr,0.095379
delphinID_whistles:X3_2:14,,2024-05-03T13:24:20.063981Z,delphinID_whistles,whistle,Dde,0.071961
delphinID_whistles:X3_2:14,,2024-05-03T13:24:20.063981Z,delphinID_whistles,whistle,Ggr,0.004385
delphinID_whistles:X3_2:14,,2024-05-03T13:24:20.063981Z,delphinID_whistles,whistle,Gme,0.605014
delphinID_whistles:X3_2:14,,2024-05-03T13:24:20.063981Z,delphinID_whistles,whistle,Lac,0.046974
delphinID_whistles:X3_2:14,,2024-05-03T13:24:20.063981Z,delphinID_whistles,whistle,Lal,0.129855
delphinID_whistles:X3_2:14,,2024-05-03T13:24:20.063981Z,delphinID_whistles,whistle,Oor,0.108614
delphinID_whistles:X3_2:14,,2024-05-03T13:24:20.063981Z,delphinID_whistles,whistle,Ttr,0.033198
delphinID_whistles:X3_2:15,,2024-05-03T13:23:14.235088Z,delphinID_whistles,whistle,Dde,0.657974
delphinID_whistles:X3_2:15,,2024-05-03T13:23:14.235088Z,delphinID_whistles,whistle,Ggr,0.029406
delphinID_whistles:X3_2:15,,2024-05-03T13:23:14.235088Z,delphinID_whistles,whistle,Gme,0.279543
delphinID_whistles:X3_2:15,,2024-05-03T13:23:14.235088Z,delphinID_whistles,whistle,Lac,0.001554
delphinID_whistles:X3_2:15,,2024-05-03T13:23:14.235088Z,delphinID_whistles,whistle,Lal,0.001644
delphinID_whistles:X3_2:15,,2024-05-03T13:23:14.235088Z,delphinID_whistles,whistle,Oor,0.012438
delphinID_whistles:X3_2:15,,2024-05-03T13:23:14.235088Z,delphinID_whistles,whistle,Ttr,0.017441
delphinID_whistles:X3_2:16,,2024-05-03T13:23:56.818705Z,delphinID_whistles,whistle,Dde,0.151133
delphinID_whistles:X3_2:16,,2024-05-03T13:23:56.818705Z,delphinID_whistles,whistle,Ggr,0.065273
delphinID_whistles:X3_2:16,,2024-05-03T13:23:56.818705Z,delphinID_whistles,whistle,Gme,0.657735
delphinID_whistles:X3_2:16,,2024-05-03T13:23:56.818705Z,delphinID_whistles,whistle,Lac,0.018103
delphinID_whistles:X3_2:16,,2024-05-03T13:23:56.818705Z,delphinID_whistles,whistle,Lal,0.10617
delphinID_whistles:X3_2:16,,2024-05-03T13:23:56.818705Z,delphinID_whistles,whistle,Oor,0.001184
delphinID_whistles:X3_2:16,,2024-05-03T13:23:56.818705Z,delphinID_whistles,whistle,Ttr,0.000401
delphinID_whistles:X3_2:17,,2024-05-03T13:26:27.381972Z,delphinID_whistles,whistle,Dde,0.107364
delphinID_whistles:X3_2:17,,2024-05-03T13:26:27.381972Z,delphinID_whistles,whistle,Ggr,0.32179
delphinID_whistles:X3_2:17,,2024-05-03T13:26:27.381972Z,delphinID_whistles,whistle,Gme,3.3e-05
delphinID_whistles:X3_2:17,,2024-05-03T13:26:27.381972Z,delphinID_whistles,whistle,Lac,0.002649
delphinID_whistles:X3_2:17,,2024-05-03T13:26:27.381972Z,delphinID_whistles,whistle,Lal,0.124334
delphinID_whistles:X3_2:17,,2024-05-03T13:26:27.381972Z,delphinID_whistles,whistle,Oor,0.193568
delphinID_whistles:X3_2:17,,2024-05-03T13:26:27.381972Z,delphinID_whistles,whistle,Ttr,0.250262
delphinID_whistles:X3_2:18,,2024-05-03T13:24:01.297015Z,delphinID_whistles,whistle,Dde,0.120418
delphinID_whistles:X3_2:18,,2024-05-03T13:24:01.297015Z,delphinID_whistles,whistle,Ggr,0.045646
delphinID_whistles:X3_2:18,,2024-05-03T13:24:01.297015Z,delphinID_whistles,whistle,Gme,0.025919
delphinID_whistles:X3_2:18,,2024-05-03T13:24:01.297015Z,delphinID_whistles,whistle,Lac,0.000913
delphinID_whistles:X3_2:18,,2024-05-03T13:24:01.297015Z,delphinID_whistles,whistle,Lal,0.004997
delphinID_whistles:X3_2:18,,2024-05-03T13:24:01.297015Z,delphinID_whistles,whistle,Oor,0.785073
delphinID_whistles:X3_2:18,,2024-05-03T13:24:01.297015Z,delphinID_whistles,whistle,Ttr,0.017034
delphinID_whistles:X3_2:19,,2024-05-03T13:28:46.655054Z,delphinID_whistles,whistle,Dde,0.301505
delphinID_whistles:X3_2:19,,2024-05-03T13:28:46.655054Z,delphinID_whistles,whistle,Ggr,0.076162
delphinID_whistles:X3_2:19,,2024-05-03T13:28:46.655054Z,delphinID_whistles,whistle,Gme,0.146827
delphinID_whistles:X3_2:19,,2024-05-03T13:28:46.655054Z,delphinID_whistles,whistle,Lac,0.215753
delphinID_whistles:X3_2:19,,2024-05-03T13:28:46.655054Z,delphinID_whistles,whistle,Lal,0.06599
delphinID_whistles:X3_2:19,,2024-05-03T13:28:46.655054Z,delphinID_whistles,whistle,Oor,0.019519
delphinID_whistles:X3_2:19,,2024-05-03T13:28:46.655054Z,delphinID_whistles,whistle,Ttr,0.174243
delphinID_clicks:X3_2:0,,2024-05-03T13:29:04.616019Z,delphinID_clicks,click,Dde,0.247803
delphinID_clicks:X3_2:0,,2024-05-03T13:29:04.616019Z,delphinID_clicks,click,Ggr,0.179263
delphinID_clicks:X3_2:0,,2024-05-03T13:29:04.616019Z,delphinID_clicks,click,Gme,0.095126
delphinID_clicks:X3_2:0,,2024-05-03T13:29:04.616019Z,delphinID_clicks,click,Lal,0.018692
delphinID_clicks:X3_2:0,,2024-05-03T13:29:04.616019Z,delphinID_clicks,click,Ttr,0.459116
delphinID_clicks:X3_2:1,,2024-05-03T13:24:57.144059Z,delphinID_clicks,click,Dde,0.030064
delphinID_clicks:X3_2:1,,2024-05-03T13:24:57.144059Z,delphinID_clicks,click,Ggr,0.08047
delphinID_clicks:X3_2:1,,2024-05-03T13:24:57.144059Z,delphinID_clicks,click,Gme,0.46419
delphinID_clicks:X3_2:1,,2024-05-03T13:24:57.144059Z,delphinID_clicks,click,Lal,0.015613
delphinID_clicks:X3_2:1,,2024-05-03T13:24:57.144059Z,delphinID_clicks,click,Ttr,0.409663
delphinID_clicks:X3_2:2,,2024-05-03T13:26:10.618995Z,delphinID_clicks,click,Dde,0.021366
delphinID_clicks:X3_2:2,,2024-05-03T13:26:10.618995Z,delphinID_clicks,click,Ggr,0.184092
delphinID_clicks:X3_2:2,,2024-05-03T13:26:10.618995Z,delphinID_clicks,click,Gme,0.064208
delphinID_clicks:X3_2:2,,2024-05-03T13:26:10.618995Z,delphinID_clicks,click,Lal,0.009016
delphinID_clicks:X3_2:2,,2024-05-03T13:26:10.618995Z,delphinID_clicks,click,Ttr,0.721317
delphinID_clicks:X3_2:3,,2024-05-03T13:26:03.519862Z,delphinID_clicks,click,Dde,0.027373
delphinID_clicks:X3_2:3,,2024-05-03T13:26:03.519862Z,delphinID_clicks,click,Ggr,0.35972
delphinID_clicks:X3_2:3,,2024-05-03T13:26:03.519862Z,delphinID_clicks,click,Gme,0.555647
delphinID_clicks:X3_2:3,,2024-05-03T13:26:03.519862Z,delphinID_clicks,click,Lal,0.053333
delphinID_clicks:X3_2:3,,2024-05-03T13:26:03.519862Z,delphinID_clicks,click,Ttr,0.003927
delphinID_clicks:X3_2:4,,2024-05-03T13:29:26.095387Z,delphinID_clicks,click,Dde,0.135334
delphinID_clicks:X3_2:4,,2024-05-03T13:29:26.095387Z,delphinID_clicks,click,Ggr,0.039488
delphinID_clicks:X3_2:4,,2024-05-03T13:29:26.095387Z,delphinID_clicks,click,Gme,0.814285
delphinID_clicks:X3_2:4,,2024-05-03T13:29:26.095387Z,delphinID_clicks,click,Lal,0.006721
delphinID_clicks:X3_2:4,,2024-05-03T13:29:26.095387Z,delphinID_clicks,click,Ttr,0.004172
delphinID_clicks:X3_2:5,,2024-05-03T13:26:58.270166Z,delphinID_clicks,click,Dde,0.142817
delphinID_clicks:X3_2:5,,2024-05-03T13:26:58.270166Z,delphinID_clicks,click,Ggr,0.232483
delphinID_clicks:X3_2:5,,2024-05-03T13:26:58.270166Z,delphinID_clicks,click,Gme,0.273375
delphinID_clicks:X3_2:5,,2024-05-03T13:26:58.270166Z,delphinID_clicks,click,Lal,0.338615
delphinID_clicks:X3_2:5,,2024-05-03T13:26:58.270166Z,delphinID_clicks,click,Ttr,0.01271
delphinID_clicks:X3_2:6,,2024-05-03T13:28:23.574702Z,delphinID_clicks,click,Dde,0.062464
delphinID_clicks:X3_2:6,,2024-05-03T13:28:23.574702Z,delphinID_clicks,click,Ggr,0.006887
delphinID_clicks:X3_2:6,,2024-05-03T13:28:23.574702Z,delphinID_clicks,click,Gme,0.275846
delphinID_clicks:X3_2:6,,2024-05-03T13:28:23.574702Z,delphinID_clicks,click,Lal,0.003658
delphinID_clicks:X3_2:6,,2024-05-03T13:28:23.574702Z,delphinID_clicks,click,Ttr,0.651145
delphinID_clicks:X3_2:7,,2024-05-03T13:22:02.394094Z,delphinID_clicks,click,Dde,0.081646
delphinID_clicks:X3_2:7,,2024-05-03T13:22:02.394094Z,delphinID_clicks,click,Ggr,0.002521
delphinID_clicks:X3_2:7,,2024-05-03T13:22:02.394094Z,delphinID_clicks,click,Gme,0.500948
delphinID_clicks:X3_2:7,,2024-05-03T13:22:02.394094Z,delphinID_clicks,click,Lal,0.250116
delphinID_clicks:X3_2:7,,2024-05-03T13:22:02.394094Z,delphinID_clicks,click,Ttr,0.164768
delphinID_clicks:X3_2:8,,2024-05-03T13:22:30.097436Z,delphinID_clicks,click,Dde,0.302186
delphinID_clicks:X3_2:8,,2024-05-03T13:22:30.097436Z,delphinID_clicks,click,Ggr,0.685003
delphinID_clicks:X3_2:8,,2024-05-03T13:22:30.097436Z,delphinID_clicks,click,Gme,0.00052
delphinID_clicks:X3_2:8,,2024-05-03T13:22:30.097436Z,delphinID_clicks,click,Lal,0.011966
delphinID_clicks:X3_2:8,,2024-05-03T13:22:30.097436Z,delphinID_clicks,click,Ttr,0.000326
delphinID_clicks:X3_2:9,,2024-05-03T13:25:45.966636Z,delphinID_clicks,click,Dde,0.252286
delphinID_clicks:X3_2:9,,2024-05-03T13:25:45.966636Z,delphinID_clicks,click,Ggr,0.146685
delphinID_clicks:X3_2:9,,2024-05-03T13:25:45.966636Z,delphinID_clicks,click,Gme,0.051582
delphinID_clicks:X3_2:9,,2024-05-03T13:25:45.966636Z,delphinID_clicks,click,Lal,0.257062
delphinID_clicks:X3_2:9,,2024-05-03T13:25:45.966636Z,delphinID_clicks,click,Ttr,0.292384
delphinID_clicks:X3_2:10,,2024-05-03T13:23:06.392709Z,delphinID_clicks,click,Dde,0.114814
delphinID_clicks:X3_2:10,,2024-05-03T13:23:06.392709Z,delphinID_clicks,click,Ggr,0.578546
delphinID_clicks:X3_2:10,,2024-05-03T13:23:06.392709Z,delphinID_clicks,click,Gme,0.11287
delphinID_clicks:X3_2:10,,2024-05-03T13:23:06.392709Z,delphinID_clicks,click,Lal,0.083203
delphinID_clicks:X3_2:10,,2024-05-03T13:23:06.392709Z,delphinID_clicks,click,Ttr,0.110566
delphinID_clicks:X3_2:11,,2024-05-03T13:29:50.208587Z,delphinID_clicks,click,Dde,0.074433
delphinID_clicks:X3_2:11,,2024-05-03T13:29:50.208587Z,delphinID_clicks,click,Ggr,0.034746
delphinID_clicks:X3_2:11,,2024-05-03T13:29:50.208587Z,delphinID_clicks,click,Gme,0.319381
delphinID_clicks:X3_2:11,,2024-05-03T13:29:50.208587Z,delphinID_clicks,click,Lal,0.422423
delphinID_clicks:X3_2:11,,2024-05-03T13:29:50.208587Z,delphinID_clicks,click,Ttr,0.149017
delphinID_clicks:X3_2:12,,2024-05-03T13:21:18.070336Z,delphinID_clicks,click,Dde,0.018822
delphinID_clicks:X3_2:12,,2024-05-03T13:21:18.070336Z,delphinID_clicks,click,Ggr,0.369571
delphinID_clicks:X3_2:12,,2024-05-03T13:21:18.070336Z,delphinID_clicks,click,Gme,0.091161
delphinID_clicks:X3_2:12,,2024-05-03T13:21:18.070336Z,delphinID_clicks,click,Lal,0.29054
delphinID_clicks:X3_2:12,,2024-05-03T13:21:18.070336Z,delphinID_clicks,click,Ttr,0.229907
delphinID_clicks:X3_2:13,,2024-05-03T13:29:09.085809Z,delphinID_clicks,click,Dde,0.293504
delphinID_clicks:X3_2:13,,2024-05-03T13:29:09.085809Z,delphinID_clicks,click,Ggr,0.343818
delphinID_clicks:X3_2:13,,2024-05-03T13:29:09.085809Z,delphinID_clicks,click,Gme,0.246697
delphinID_clicks:X3_2:13,,2024-05-03T13:29:09.085809Z,delphinID_clicks,click,Lal,0.103685
delphinID_clicks:X3_2:13,,2024-05-03T13:29:09.085809Z,delphinID_clicks,click,Ttr,0.012297
delphinID_clicks:X3_2:14,,2024-05-03T13:29:55.510679Z,delphinID_clicks,click,Dde,0.261387
delphinID_clicks:X3_2:14,,2024-05-03T13:29:55.510679Z,delphinID_clicks,click,Ggr,0.020178
delphinID_clicks:X3_2:14,,2024-05-03T13:29:55.510679Z,delphinID_clicks,click,Gme,5.3e-05
delphinID_clicks:X3_2:14,,2024-05-03T13:29:55.510679Z,delphinID_clicks,click,Lal,0.17016
delphinID_clicks:X3_2:14,,2024-05-03T13:29:55.510679Z,delphinID_clicks,click,Ttr,0.548222
delphinID_clicks:X3_2:15,,2024-05-03T13:29:12.863183Z,delphinID_clicks,click,Dde,0.172422
delphinID_clicks:X3_2:15,,2024-05-03T13:29:12.863183Z,delphinID_clicks,click,Ggr,0.016201
delphinID_clicks:X3_2:15,,2024-05-03T13:29:12.863183Z,delphinID_clicks,click,Gme,0.004331
delphinID_clicks:X3_2:15,,2024-05-03T13:29:12.863183Z,delphinID_clicks,click,Lal,0.143775
delphinID_clicks:X3_2:15,,2024-05-03T13:29:12.863183Z,delphinID_clicks,click,Ttr,0.66327
delphinID_clicks:X3_2:16,,2024-05-03T13:29:16.209360Z,delphinID_clicks,click,Dde,0.402941
delphinID_clicks:X3_2:16,,2024-05-03T13:29:16.209360Z,delphinID_clicks,click,Ggr,0.520041
delphinID_clicks:X3_2:16,,2024-05-03T13:29:16.209360Z,delphinID_clicks,click,Gme,0.048648
delphinID_clicks:X3_2:16,,2024-05-03T13:29:16.209360Z,delphinID_clicks,click,Lal,0.012744
delphinID_clicks:X3_2:16,,2024-05-03T13:29:16.209360Z,delphinID_clicks,click,Ttr,0.015625
delphinID_clicks:X3_2:17,,2024-05-03T13:21:30.562419Z,delphinID_clicks,click,Dde,0.137387
delphinID_clicks:X3_2:17,,2024-05-03T13:21:30.562419Z,delphinID_clicks,click,Ggr,0.590244
delphinID_clicks:X3_2:17,,2024-05-03T13:21:30.562419Z,delphinID_clicks,click,Gme,0.117518
delphinID_clicks:X3_2:17,,2024-05-03T13:21:30.562419Z,delphinID_clicks,click,Lal,0.053358
delphinID_clicks:X3_2:17,,2024-05-03T13:21:30.562419Z,delphinID_clicks,click,Ttr,0.101493
delphinID_clicks:X3_2:18,,2024-05-03T13:23:49.234579Z,delphinID_clicks,click,Dde,0.394011
delphinID_clicks:X3_2:18,,2024-05-03T13:23:49.234579Z,delphinID_clicks,click,Ggr,0.227956
delphinID_clicks:X3_2:18,,2024-05-03T13:23:49.234579Z,delphinID_clicks,click,Gme,0.262723
delphinID_clicks:X3_2:18,,2024-05-03T13:23:49.234579Z,delphinID_clicks,click,Lal,0.115017
delphinID_clicks:X3_2:18,,2024-05-03T13:23:49.234579Z,delphinID_clicks,click,Ttr,0.000293
delphinID_clicks:X3_2:19,,2024-05-03T13:24:20.812302Z,delphinID_clicks,click,Dde,0.03436
delphinID_clicks:X3_2:19,,2024-05-03T13:24:20.812302Z,delphinID_clicks,click,Ggr,0.331001
delphinID_clicks:X3_2:19,,2024-05-03T13:24:20.812302Z,delphinID_clicks,click,Gme,0.260275
delphinID_clicks:X3_2:19,,2024-05-03T13:24:20.812302Z,delphinID_clicks,click,Lal,7.9e-05
delphinID_clicks:X3_2:19,,2024-05-03T13:24:20.812302Z,delphinID_clicks,click,Ttr,0.374286
delphinID_clicks:X3_2:20,,2024-05-03T13:25:08.448739Z,delphinID_clicks,click,Dde,0.004186
delphinID_clicks:X3_2:20,,2024-05-03T13:25:08.448739Z,delphinID_clicks,click,Ggr,0.143031
delphinID_clicks:X3_2:20,,2024-05-03T13:25:08.448739Z,delphinID_clicks,click,Gme,0.379393
delphinID_clicks:X3_2:20,,2024-05-03T13:25:08.448739Z,delphinID_clicks,click,Lal,0.428827
delphinID_clicks:X3_2:20,,2024-05-03T13:25:08.448739Z,delphinID_clicks,click,Ttr,0.044562
delphinID_clicks:X3_2:21,,2024-05-03T13:29:47.235443Z,delphinID_clicks,click,Dde,0.031835
delphinID_clicks:X3_2:21,,2024-05-03T13:29:47.235443Z,delphinID_clicks,click,Ggr,0.780024
delphinID_clicks:X3_2:21,,2024-05-03T13:29:47.235443Z,delphinID_clicks,click,Gme,0.006253
delphinID_clicks:X3_2:21,,2024-05-03T13:29:47.235443Z,delphinID_clicks,click,Lal,0.094868
delphinID_clicks:X3_2:21,,2024-05-03T13:29:47.235443Z,delphinID_clicks,click,Ttr,0.087019
delphinID_whistles:X3_3:0,,2024-05-03T14:04:12.322838Z,delphinID_whistles,whistle,Dde,0.041219
delphinID_whistles:X3_3:0,,2024-05-03T14:04:12.322838Z,delphinID_whistles,whistle,Ggr,0.311996
delphinID_whistles:X3_3:0,,2024-05-03T14:04:12.322838Z,delphinID_whistles,whistle,Gme,0.389722
delphinID_whistles:X3_3:0,,2024-05-03T14:04:12.322838Z,delphinID_whistles,whistle,Lac,0.03711
delphinID_whistles:X3_3:0,,2024-05-03T14:04:12.322838Z,delphinID_whistles,whistle,Lal,0.143487
delphinID_whistles:X3_3:0,,2024-05-03T14:04:12.322838Z,delphinID_whistles,whistle,Oor,0.022489
delphinID_whistles:X3_3:0,,2024-05-03T14:04:12.322838Z,delphinID_whistles,whistle,Ttr,0.053976
delphinID_whistles:X3_3:1,,2024-05-03T14:07:07.601096Z,delphinID_whistles,whistle,Dde,0.256815
delphinID_whistles:X3_3:1,,2024-05-03T14:07:07.601096Z,delphinID_whistles,whistle,Ggr,0.171211
delphinID_whistles:X3_3:1,,2024-05-03T14:07:07.601096Z,delphinID_whistles,whistle,Gme,0.00086
delphinID_whistles:X3_3:1,,2024-05-03T14:07:07.601096Z,delphinID_whistles,whistle,Lac,0.260655
delphinID_whistles:X3_3:1,,2024-05-03T14:07:07.601096Z,delphinID_whistles,whistle,Lal,0.20625
delphinID_whistles:X3_3:1,,2024-05-03T14:07:07.601096Z,delphinID_whistles,whistle,Oor,0.046164
delphinID_whistles:X3_3:1,,2024-05-03T14:07:07.601096Z,delphinID_whistles,whistle,Ttr,0.058045
delphinID_clicks:X3_3:0,,2024-05-03T14:06:02.856506Z,delphinID_clicks,click,Dde,0.147682
delphinID_clicks:X3_3:0,,2024-05-03T14:06:02.856506Z,delphinID_clicks,click,Ggr,0.502359
delphinID_clicks:X3_3:0,,2024-05-03T14:06:02.856506Z,delphinID_clicks,click,Gme,0.137568
delphinID_clicks:X3_3:0,,2024-05-03T14:06:02.856506Z,delphinID_clicks,click,Lal,0.197071
delphinID_clicks:X3_3:0,,2024-05-03T14:06:02.856506Z,delphinID_clicks,click,Ttr,0.01532
delphinID_clicks:X3_3:1,,2024-05-03T14:06:19.805690Z,delphinID_clicks,click,Dde,0.122633
delphinID_clicks:X3_3:1,,2024-05-03T14:06:19.805690Z,delphinID_clicks,click,Ggr,0.314722
delphinID_clicks:X3_3:1,,2024-05-03T14:06:19.805690Z,delphinID_clicks,click,Gme,0.244321
delphinID_clicks:X3_3:1,,2024-05-03T14:06:19.805690Z,delphinID_clicks,click,Lal,0.072632
delphinID_clicks:X3_3:1,,2024-05-03T14:06:19.805690Z,delphinID_clicks,click,Ttr,0.245692
delphinID_clicks:X3_3:2,,2024-05-03T14:04:33.994408Z,delphinID_clicks,click,Dde,0.752394
delphinID_clicks:X3_3:2,,2024-05-03T14:04:33.994408Z,delphinID_clicks,click,Ggr,0.05409
delphinID_clicks:X3_3:2,,2024-05-03T14:04:33.994408Z,delphinID_clicks,click,Gme,0.117452
delphinID_clicks:X3_3:2,,2024-05-03T14:04:33.994408Z,delphinID_clicks,click,Lal,0.017258
delphinID_clicks:X3_3:2,,2024-05-03T14:04:33.994408Z,delphinID_clicks,click,Ttr,0.058806
delphinID_clicks:X3_3:3,,2024-05-03T14:06:33.816622Z,delphinID_clicks,click,Dde,0.408158
delphinID_clicks:X3_3:3,,2024-05-03T14:06:33.816622Z,delphinID_clicks,click,Ggr,0.336852
delphinID_clicks:X3_3:3,,2024-05-03T14:06:33.816622Z,delphinID_clicks,click,Gme,0.104687
delphinID_clicks:X3_3:3,,2024-05-03T14:06:33.816622Z,delphinID_clicks,click,Lal,0.036538
delphinID_clicks:X3_3:3,,2024-05-03T14:06:33.816622Z,delphinID_clicks,click,Ttr,0.113764
delphinID_clicks:X3_3:4,,2024-05-03T14:02:54.004115Z,delphinID_clicks,click,Dde,0.371185
delphinID_clicks:X3_3:4,,2024-05-03T14:02:54.004115Z,delphinID_clicks,click,Ggr,0.296552
delphinID_clicks:X3_3:4,,2024-05-03T14:02:54.004115Z,delphinID_clicks,click,Gme,0.002661
delphinID_clicks:X3_3:4,,2024-05-03T14:02:54.004115Z,delphinID_clicks,click,Lal,0.033342
delphinID_clicks:X3_3:4,,2024-05-03T14:02:54.004115Z,delphinID_clicks,click,Ttr,0.29626
delphinID_clicks:X3_3:5,,2024-05-03T14:07:03.763130Z,delphinID_clicks,click,Dde,0.278032
delphinID_clicks:X3_3:5,,2024-05-03T14:07:03.763130Z,delphinID_clicks,click,Ggr,0.279275
delphinID_clicks:X3_3:5,,2024-05-03T14:07:03.763130Z,delphinID_clicks,click,Gme,0.255676
delphinID_clicks:X3_3:5,,2024-05-03T14:07:03.763130Z,delphinID_clicks,click,Lal,0.185837
delphinID_clicks:X3_3:5,,2024-05-03T14:07:03.763130Z,delphinID_clicks,click,Ttr,0.00118
delphinID_clicks:X3_3:6,,2024-05-03T14:07:32.558244Z,delphinID_clicks,click,Dde,0.695452
delphinID_clicks:X3_3:6,,2024-05-03T14:07:32.558244Z,delphinID_clicks,click,Ggr,0.139036
delphinID_clicks:X3_3:6,,2024-05-03T14:07:32.558244Z,delphinID_clicks,click,Gme,0.097914
delphinID_clicks:X3_3:6,,2024-05-03T14:07:32.558244Z,delphinID_clicks,click,Lal,0.026239
delphinID_clicks:X3_3:6,,2024-05-03T14:07:32.558244Z,delphinID_clicks,click,Ttr,0.04136
delphinID_clicks:X3_3:7,,2024-05-03T14:08:29.392732Z,delphinID_clicks,click,Dde,0.110364
delphinID_clicks:X3_3:7,,2024-05-03T14:08:29.392732Z,delphinID_clicks,click,Ggr,0.336225
delphinID_clicks:X3_3:7,,2024-05-03T14:08:29.392732Z,delphinID_clicks,click,Gme,0.379164
delphinID_clicks:X3_3:7,,2024-05-03T14:08:29.392732Z,delphinID_clicks,click,Lal,0.172358
delphinID_clicks:X3_3:7,,2024-05-03T14:08:29.392732Z,delphinID_clicks,click,Ttr,0.00189
delphinID_clicks:X3_3:8,,2024-05-03T14:02:22.533987Z,delphinID_clicks,click,Dde,0.04295
delphinID_clicks:X3_3:8,,2024-05-03T14:02:22.533987Z,delphinID_clicks,click,Ggr,0.099274
delphinID_clicks:X3_3:8,,2024-05-03T14:02:22.533987Z,delphinID_clicks,click,Gme,0.078451
delphinID_clicks:X3_3:8,,2024-05-03T14:02:22.533987Z,delphinID_clicks,click,Lal,0.003037
delphinID_clicks:X3_3:8,,2024-05-03T14:02:22.533987Z,delphinID_clicks,click,Ttr,0.776287
delphinID_clicks:X3_3:9,,2024-05-03T14:08:32.983096Z,delphinID_clicks,click,Dde,0.521151
delphinID_clicks:X3_3:9,,2024-05-03T14:08:32.983096Z,delphinID_clicks,click,Ggr,0.133756
delphinID_clicks:X3_3:9,,2024-05-03T14:08:32.983096Z,delphinID_clicks,click,Gme,0.106039
delphinID_clicks:X3_3:9,,2024-05-03T14:08:32.983096Z,delphinID_clicks,click,Lal,0.17446
delphinID_clicks:X3_3:9,,2024-05-03T14:08:32.983096Z,delphinID_clicks,click,Ttr,0.064593
delphinID_clicks:X3_3:10,,2024-05-03T14:07:45.138243Z,delphinID_clicks,click,Dde,0.564745
delphinID_clicks:X3_3:10,,2024-05-03T14:07:45.138243Z,delphinID_clicks,click,Ggr,0.309288
delphinID_clicks:X3_3:10,,2024-05-03T14:07:45.138243Z,delphinID_clicks,click,Gme,0.027855
delphinID_clicks:X3_3:10,,2024-05-03T14:07:45.138243Z,delphinID_clicks,click,Lal,0.094101
delphinID_clicks:X3_3:10,,2024-05-03T14:07:45.138243Z,delphinID_clicks,click,Ttr,0.004011
delphinID_clicks:X3_3:11,,2024-05-03T14:00:21.205893Z,delphinID_clicks,click,Dde,0.184591
delphinID_clicks:X3_3:11,,2024-05-03T14:00:21.205893Z,delphinID_clicks,click,Ggr,0.454462
delphinID_clicks:X3_3:11,,2024-05-03T14:00:21.205893Z,delphinID_clicks,click,Gme,0.091024
delphinID_clicks:X3_3:11,,2024-05-03T14:00:21.205893Z,delphinID_clicks,click,Lal,0.01821
delphinID_clicks:X3_3:11,,2024-05-03T14:00:21.205893Z,delphinID_clicks,click,Ttr,0.251713
delphinID_clicks:X3_3:12,,2024-05-03T14:08:42.308568Z,delphinID_clicks,click,Dde,0.020353
delphinID_clicks:X3_3:12,,2024-05-03T14:08:42.308568Z,delphinID_clicks,click,Ggr,0.300043
delphinID_clicks:X3_3:12,,2024-05-03T14:08:42.308568Z,delphinID_clicks,click,Gme,0.015318
delphinID_clicks:X3_3:12,,2024-05-03T14:08:42.308568Z,delphinID_clicks,click,Lal,0.578492
delphinID_clicks:X3_3:12,,2024-05-03T14:08:42.308568Z,delphinID_clicks,click,Ttr,0.085795
delphinID_clicks:X3_3:13,,2024-05-03T14:03:06.615709Z,delphinID_clicks,click,Dde,0.348918
delphinID_clicks:X3_3:13,,2024-05-03T14:03:06.615709Z,delphinID_clicks,click,Ggr,0.308602
delphinID_clicks:X3_3:13,,2024-05-03T14:03:06.615709Z,delphinID_clicks,click,Gme,0.244373
delphinID_clicks:X3_3:13,,2024-05-03T14:03:06.615709Z,delphinID_clicks,click,Lal,0.007204
delphinID_clicks:X3_3:13,,2024-05-03T14:03:06.615709Z,delphinID_clicks,click,Ttr,0.090903
delphinID_clicks:X3_3:14,,2024-05-03T14:09:13.348178Z,delphinID_clicks,click,Dde,0.038752
delphinID_clicks:X3_3:14,,2024-05-03T14:09:13.348178Z,delphinID_clicks,click,Ggr,0.166365
delphinID_clicks:X3_3:14,,2024-05-03T14:09:13.348178Z,delphinID_clicks,click,Gme,0.560356
delphinID_clicks:X3_3:14,,2024-05-03T14:09:13.348178Z,delphinID_clicks,click,Lal,0.211637
delphinID_clicks:X3_3:14,,2024-05-03T14:09:13.348178Z,delphinID_clicks,click,Ttr,0.02289
delphinID_clicks:X3_3:15,,2024-05-03T14:08:45.516078Z,delphinID_clicks,click,Dde,0.096844
delphinID_clicks:X3_3:15,,2024-05-03T14:08:45.516078Z,delphinID_clicks,click,Ggr,0.670363
delphinID_clicks:X3_3:15,,2024-05-03T14:08:45.516078Z,delphinID_clicks,click,Gme,0.121522
delphinID_clicks:X3_3:15,,2024-05-03T14:08:45.516078Z,delphinID_clicks,click,Lal,0.031515
delphinID_clicks:X3_3:15,,2024-05-03T14:08:45.516078Z,delphinID_clicks,click,Ttr,0.079755
delphinID_clicks:X3_3:16,,2024-05-03T14:08:43.323018Z,delphinID_clicks,click,Dde,0.135329
delphinID_clicks:X3_3:16,,2024-05-03T14:08:43.323018Z,delphinID_clicks,click,Ggr,0.613941
delphinID_clicks:X3_3:16,,2024-05-03T14:08:43.323018Z,delphinID_clicks,click,Gme,0.214444
delphinID_clicks:X3_3:16,,2024-05-03T14:08:43.323018Z,delphinID_clicks,click,Lal,0.00861
delphinID_clicks:X3_3:16,,2024-05-03T14:08:43.323018Z,delphinID_clicks,click,Ttr,0.027676
delphinID_clicks:X3_3:17,,2024-05-03T14:02:51.293965Z,delphinID_clicks,click,Dde,0.481695
delphinID_clicks:X3_3:17,,2024-05-03T14:02:51.293965Z,delphinID_clicks,click,Ggr,0.034685
delphinID_clicks:X3_3:17,,2024-05-03T14:02:51.293965Z,delphinID_clicks,click,Gme,0.281865
delphinID_clicks:X3_3:17,,2024-05-03T14:02:51.293965Z,delphinID_clicks,click,Lal,0.000576
delphinID_clicks:X3_3:17,,2024-05-03T14:02:51.293965Z,delphinID_clicks,click,Ttr,0.201179
delphinID_clicks:X4_1:0,,2024-05-04T14:41:39.365973Z,delphinID_clicks,click,Dde,0.426466
delphinID_clicks:X4_1:0,,2024-05-04T14:41:39.365973Z,delphinID_clicks,click,Ggr,0.374805
delphinID_clicks:X4_1:0,,2024-05-04T14:41:39.365973Z,delphinID_clicks,click,Gme,0.036908
delphinID_clicks:X4_1:0,,2024-05-04T14:41:39.365973Z,delphinID_clicks,click,Lal,0.059866
delphinID_clicks:X4_1:0,,2024-05-04T14:41:39.365973Z,delphinID_clicks,click,Ttr,0.101954
delphinID_clicks:X4_1:1,,2024-05-04T14:41:04.833414Z,delphinID_clicks,click,Dde,0.260848
delphinID_clicks:X4_1:1,,2024-05-04T14:41:04.833414Z,delphinID_clicks,click,Ggr,0.172517
delphinID_clicks:X4_1:1,,2024-05-04T14:41:04.833414Z,delphinID_clicks,click,Gme,0.00903
delphinID_clicks:X4_1:1,,2024-05-04T14:41:04.833414Z,delphinID_clicks,click,Lal,0.174882
delphinID_clicks:X4_1:1,,2024-05-04T14:41:04.833414Z,delphinID_clicks,click,Ttr,0.382723
delphinID_clicks:X4_1:2,,2024-05-04T14:40:12.411955Z,delphinID_clicks,click,Dde,0.121526
delphinID_clicks:X4_1:2,,2024-05-04T14:40:12.411955Z,delphinID_clicks,click,Ggr,0.005972
delphinID_clicks:X4_1:2,,2024-05-04T14:40:12.411955Z,delphinID_clicks,click,Gme,0.732611
delphinID_clicks:X4_1:2,,2024-05-04T14:40:12.411955Z,delphinID_clicks,click,Lal,0.016731
delphinID_clicks:X4_1:2,,2024-05-04T14:40:12.411955Z,delphinID_clicks,click,Ttr,0.12316
delphinID_clicks:X4_1:3,,2024-05-04T14:40:32.803432Z,delphinID_clicks,click,Dde,0.002917
delphinID_clicks:X4_1:3,,2024-05-04T14:40:32.803432Z,delphinID_clicks,click,Ggr,0.895592
delphinID_clicks:X4_1:3,,2024-05-04T14:40:32.803432Z,delphinID_clicks,click,Gme,0.014226
delphinID_clicks:X4_1:3,,2024-05-04T14:40:32.803432Z,delphinID_clicks,click,Lal,0.086953
delphinID_clicks:X4_1:3,,2024-05-04T14:40:32.803432Z,delphinID_clicks,click,Ttr,0.000313
delphinID_clicks:X4_1:4,,2024-05-04T14:41:57.597928Z,delphinID_clicks,click,Dde,0.186439
delphinID_clicks:X4_1:4,,2024-05-04T14:41:57.597928Z,delphinID_clicks,click,Ggr,0.629111
delphinID_clicks:X4_1:4,,2024-05-04T14:41:57.597928Z,delphinID_clicks,click,Gme,0.089397
delphinID_clicks:X4_1:4,,2024-05-04T14:41:57.597928Z,delphinID_clicks,click,Lal,0.025256
delphinID_clicks:X4_1:4,,2024-05-04T14:41:57.597928Z,delphinID_clicks,click,Ttr,0.069798
delphinID_clicks:X4_1:5,,2024-05-04T14:45:22.425097Z,delphinID_clicks,click,Dde,0.153669
delphinID_clicks:X4_1:5,,2024-05-04T14:45:22.425097Z,delphinID_clicks,click,Ggr,0.572629
delphinID_clicks:X4_1:5,,2024-05-04T14:45:22.425097Z,delphinID_clicks,click,Gme,0.041153
delphinID_clicks:X4_1:5,,2024-05-04T14:45:22.425097Z,delphinID_clicks,click,Lal,0.157473
delphinID_clicks:X4_1:5,,2024-05-04T14:45:22.425097Z,delphinID_clicks,click,Ttr,0.075077
delphinID_clicks:X4_1:6,,2024-05-04T14:45:28.035565Z,delphinID_clicks,click,Dde,0.014692
delphinID_clicks:X4_1:6,,2024-05-04T14:45:28.035565Z,delphinID_clicks,click,Ggr,1.2e-05
delphinID_clicks:X4_1:6,,2024-05-04T14:45:28.035565Z,delphinID_clicks,click,Gme,0.536139
delphinID_clicks:X4_1:6,,2024-05-04T14:45:28.035565Z,delphinID_clicks,click,Lal,0.216837
delphinID_clicks:X4_1:6,,2024-05-04T14:45:28.035565Z,delphinID_clicks,click,Ttr,0.23232
delphinID_clicks:X4_1:7,,2024-05-04T14:40:38.866876Z,delphinID_clicks,click,Dde,0.079347
delphinID_clicks:X4_1:7,,2024-05-04T14:40:38.866876Z,delphinID_clicks,click,Ggr,0.077766
delphinID_clicks:X4_1:7,,2024-05-04T14:40:38.866876Z,delphinID_clicks,click,Gme,0.012138
delphinID_clicks:X4_1:7,,2024-05-04T14:40:38.866876Z,delphinID_clicks,click,Lal,0.037997
delphinID_clicks:X4_1:7,,2024-05-04T14:40:38.866876Z,delphinID_clicks,click,Ttr,0.792752
delphinID_clicks:X4_1:8,,2024-05-04T14:48:48.383483Z,delphinID_clicks,click,Dde,0.25018
delphinID_clicks:X4_1:8,,2024-05-04T14:48:48.383483Z,delphinID_clicks,click,Ggr,0.201181
delphinID_clicks:X4_1:8,,2024-05-04T14:48:48.383483Z,delphinID_clicks,click,Gme,0.413378
delphinID_clicks:X4_1:8,,2024-05-04T14:48:48.383483Z,delphinID_clicks,click,Lal,0.056824
delphinID_clicks:X4_1:8,,2024-05-04T14:48:48.383483Z,delphinID_clicks,click,Ttr,0.078437
delphinID_clicks:X4_1:9,,2024-05-04T14:47:22.391363Z,delphinID_clicks,click,Dde,0.456892
delphinID_clicks:X4_1:9,,2024-05-04T14:47:22.391363Z,delphinID_clicks,click,Ggr,0.368229
delphinID_clicks:X4_1:9,,2024-05-04T14:47:22.391363Z,delphinID_clicks,click,Gme,0.039262
delphinID_clicks:X4_1:9,,2024-05-04T14:47:22.391363Z,delphinID_clicks,click,Lal,0.118569
delphinID_clicks:X4_1:9,,2024-05-04T14:47:22.391363Z,delphinID_clicks,click,Ttr,0.017047
delphinID_clicks:X4_1:10,,2024-05-04T14:47:04.013260Z,delphinID_clicks,click,Dde,0.271274
delphinID_clicks:X4_1:10,,2024-05-04T14:47:04.013260Z,delphinID_clicks,click,Ggr,0.31931
delphinID_clicks:X4_1:10,,2024-05-04T14:47:04.013260Z,delphinID_clicks,click,Gme,0.287367
delphinID_clicks:X4_1:10,,2024-05-04T14:47:04.013260Z,delphinID_clicks,click,Lal,0.043122
delphinID_clicks:X4_1:10,,2024-05-04T14:47:04.013260Z,delphinID_clicks,click,Ttr,0.078926
delphinID_clicks:X4_1:11,,2024-05-04T14:46:55.175999Z,delphinID_clicks,click,Dde,0.831124
delphinID_clicks:X4_1:11,,2024-05-04T14:46:55.175999Z,delphinID_clicks,click,Ggr,0.029028
delphinID_clicks:X4_1:11,,2024-05-04T14:46:55.175999Z,delphinID_clicks,click,Gme,0.045602
delphinID_clicks:X4_1:11,,2024-05-04T14:46:55.175999Z,delphinID_clicks,click,Lal,0.028133
delphinID_clicks:X4_1:11,,2024-05-04T14:46:55.175999Z,delphinID_clicks,click,Ttr,0.066112
delphinID_clicks:X4_1:12,,2024-05-04T14:45:39.730592Z,delphinID_clicks,click,Dde,0.00146
delphinID_clicks:X4_1:12,,2024-05-04T14:45:39.730592Z,delphinID_clicks,click,Ggr,0.77492
delphinID_clicks:X4_1:12,,2024-05-04T14:45:39.730592Z,delphinID_clicks,click,Gme,0.008194
delphinID_clicks:X4_1:12,,2024-05-04T14:45:39.730592Z,delphinID_clicks,click,Lal,0.214069
delphinID_clicks:X4_1:12,,2024-05-04T14:45:39.730592Z,delphinID_clicks,click,Ttr,0.001357
delphinID_clicks:X4_1:13,,2024-05-04T14:44:13.584580Z,delphinID_clicks,click,Dde,0.098054
delphinID_clicks:X4_1:13,,2024-05-04T14:44:13.584580Z,delphinID_clicks,click,Ggr,0.747129
delphinID_clicks:X4_1:13,,2024-05-04T14:44:13.584580Z,delphinID_clicks,click,Gme,0.064447
delphinID_clicks:X4_1:13,,2024-05-04T14:44:13.584580Z,delphinID_clicks,click,Lal,0.081933
delphinID_clicks:X4_1:13,,2024-05-04T14:44:13.584580Z,delphinID_clicks,click,Ttr,0.008437
delphinID_clicks:X4_1:14,,2024-05-04T14:42:54.525452Z,delphinID_clicks,click,Dde,0.142309
delphinID_clicks:X4_1:14,,2024-05-04T14:42:54.525452Z,delphinID_clicks,click,Ggr,0.063747
delphinID_clicks:X4_1:14,,2024-05-04T14:42:54.525452Z,delphinID_clicks,click,Gme,0.139177
delphinID_clicks:X4_1:14,,2024-05-04T14:42:54.525452Z,delphinID_clicks,click,Lal,0.542567
delphinID_clicks:X4_1:14,,2024-05-04T14:42:54.525452Z,delphinID_clicks,click,Ttr,0.1122
delphinID_clicks:X4_1:15,,2024-05-04T14:49:03.845925Z,delphinID_clicks,click,Dde,0.379278
delphinID_clicks:X4_1:15,,2024-05-04T14:49:03.845925Z,delphinID_clicks,click,Ggr,0.110464
delphinID_clicks:X4_1:15,,2024-05-04T14:49:03.845925Z,delphinID_clicks,click,Gme,0.180553
delphinID_clicks:X4_1:15,,2024-05-04T14:49:03.845925Z,delphinID_clicks,click,Lal,0.056947
delphinID_clicks:X4_1:15,,2024-05-04T14:49:03.845925Z,delphinID_clicks,click,Ttr,0.272758
delphinID_clicks:X4_1:16,,2024-05-04T14:41:40.371929Z,delphinID_clicks,click,Dde,0.25476
delphinID_clicks:X4_1:16,,2024-05-04T14:41:40.371929Z,delphinID_clicks,click,Ggr,0.123437
delphinID_clicks:X4_1:16,,2024-05-04T14:41:40.371929Z,delphinID_clicks,click,Gme,0.058969
delphinID_clicks:X4_1:16,,2024-05-04T14:41:40.371929Z,delphinID_clicks,click,Lal,0.340088
delphinID_clicks:X4_1:16,,2024-05-04T14:41:40.371929Z,delphinID_clicks,click,Ttr,0.222746
delphinID_clicks:X4_1:17,,2024-05-04T14:40:52.746256Z,delphinID_clicks,click,Dde,0.023003
delphinID_clicks:X4_1:17,,2024-05-04T14:40:52.746256Z,delphinID_clicks,click,Ggr,0.865571
delphinID_clicks:X4_1:17,,2024-05-04T14:40:52.746256Z,delphinID_clicks,click,Gme,0.037166
delphinID_clicks:X4_1:17,,2024-05-04T14:40:52.746256Z,delphinID_clicks,click,Lal,0.015465
delphinID_clicks:X4_1:17,,2024-05-04T14:40:52.746256Z,delphinID_clicks,click,Ttr,0.058795
delphinID_clicks:X4_1:18,,2024-05-04T14:42:06.790065Z,delphinID_clicks,click,Dde,0.000493
delphinID_clicks:X4_1:18,,2024-05-04T14:42:06.790065Z,delphinID_clicks,click,Ggr,0.426308
delphinID_clicks:X4_1:18,,2024-05-04T14:42:06.790065Z,delphinID_clicks,click,Gme,0.076551
delphinID_clicks:X4_1:18,,2024-05-04T14:42:06.790065Z,delphinID_clicks,click,Lal,0.381943
delphinID_clicks:X4_1:18,,2024-05-04T14:42:06.790065Z,delphinID_clicks,click,Ttr,0.114706
delphinID_clicks:X4_1:19,,2024-05-04T14:45:02.175796Z,delphinID_clicks,click,Dde,0.178328
delphinID_clicks:X4_1:19,,2024-05-04T14:45:02.175796Z,delphinID_clicks,click,Ggr,0.507865
delphinID_clicks:X4_1:19,,2024-05-04T14:45:02.175796Z,delphinID_clicks,click,Gme,0.068399
delphinID_clicks:X4_1:19,,2024-05-04T14:45:02.175796Z,delphinID_clicks,click,Lal,0.215519
delphinID_clicks:X4_1:19,,2024-05-04T14:45:02.175796Z,delphinID_clicks,click,Ttr,0.029888
delphinID_clicks:X4_1:20,,2024-05-04T14:42:18.700818Z,delphinID_clicks,click,Dde,0.013411
delphinID_clicks:X4_1:20,,2024-05-04T14:42:18.700818Z,delphinID_clicks,click,Ggr,0.085687
delphinID_clicks:X4_1:20,,2024-05-04T14:42:18.700818Z,delphinID_clicks,click,Gme,0.026245
delphinID_clicks:X4_1:20,,2024-05-04T14:42:18.700818Z,delphinID_clicks,click,Lal,0.853636
delphinID_clicks:X4_1:20,,2024-05-04T14:42:18.700818Z,delphinID_clicks,click,Ttr,0.02102
delphinID_clicks:X4_1:21,,2024-05-04T14:41:07.688629Z,delphinID_clicks,click,Dde,0.012421
delphinID_clicks:X4_1:21,,2024-05-04T14:41:07.688629Z,delphinID_clicks,click,Ggr,0.103714
delphinID_clicks:X4_1:21,,2024-05-04T14:41:07.688629Z,delphinID_clicks,click,Gme,0.068473
delphinID_clicks:X4_1:21,,2024-05-04T14:41:07.688629Z,delphinID_clicks,click,Lal,0.703248
delphinID_clicks:X4_1:21,,2024-05-04T14:41:07.688629Z,delphinID_clicks,click,Ttr,0.112144
delphinID_clicks:X4_1:22,,2024-05-04T14:47:02.028663Z,delphinID_clicks,click,Dde,0.097412
delphinID_clicks:X4_1:22,,2024-05-04T14:47:02.028663Z,delphinID_clicks,click,Ggr,0.067464
delphinID_clicks:X4_1:22,,2024-05-04T14:47:02.028663Z,delphinID_clicks,click,Gme,0.010733
delphinID_clicks:X4_1:22,,2024-05-04T14:47:02.028663Z,delphinID_clicks,click,Lal,0.002926
delphinID_clicks:X4_1:22,,2024-05-04T14:47:02.028663Z,delphinID_clicks,click,Ttr,0.821464
delphinID_clicks:X4_1:23,,2024-05-04T14:43:57.572569Z,delphinID_clicks,click,Dde,0.012861
delphinID_clicks:X4_1:23,,2024-05-04T14:43:57.572569Z,delphinID_clicks,click,Ggr,0.274755
delphinID_clicks:X4_1:23,,2024-05-04T14:43:57.572569Z,delphinID_clicks,click,Gme,0.257731
delphinID_clicks:X4_1:23,,2024-05-04T14:43:57.572569Z,delphinID_clicks,click,Lal,0.081945
delphinID_clicks:X4_1:23,,2024-05-04T14:43:57.572569Z,delphinID_clicks,click,Ttr,0.372708
delphinID_clicks:X4_1:24,,2024-05-04T14:44:47.563222Z,delphinID_clicks,click,Dde,0.25033
delphinID_clicks:X4_1:24,,2024-05-04T14:44:47.563222Z,delphinID_clicks,click,Ggr,0.61808
delphinID_clicks:X4_1:24,,2024-05-04T14:44:47.563222Z,delphinID_clicks,click,Gme,0.085848
delphinID_clicks:X4_1:24,,2024-05-04T14:44:47.563222Z,delphinID_clicks,click,Lal,0.010042
delphinID_clicks:X4_1:24,,2024-05-04T14:44:47.563222Z,delphinID_clicks,click,Ttr,0.035701
delphinID_whistles:X4_2:0,,2024-05-04T15:27:23.073566Z,delphinID_whistles,whistle,Dde,0.038676
delphinID_whistles:X4_2:0,,2024-05-04T15:27:23.073566Z,delphinID_whistles,whistle,Ggr,0.2912
delphinID_whistles:X4_2:0,,2024-05-04T15:27:23.073566Z,delphinID_whistles,whistle,Gme,0.175039
delphinID_whistles:X4_2:0,,2024-05-04T15:27:23.073566Z,delphinID_whistles,whistle,Lac,0.012627
delphinID_whistles:X4_2:0,,2024-05-04T15:27:23.073566Z,delphinID_whistles,whistle,Lal,0.042972
delphinID_whistles:X4_2:0,,2024-05-04T15:27:23.073566Z,delphinID_whistles,whistle,Oor,0.000223
delphinID_whistles:X4_2:0,,2024-05-04T15:27:23.073566Z,delphinID_whistles,whistle,Ttr,0.439262
delphinID_whistles:X4_2:1,,2024-05-04T15:28:00.406897Z,delphinID_whistles,whistle,Dde,0.101799
delphinID_whistles:X4_2:1,,2024-05-04T15:28:00.406897Z,delphinID_whistles,whistle,Ggr,0.119744
delphinID_whistles:X4_2:1,,2024-05-04T15:28:00.406897Z,delphinID_whistles,whistle,Gme,0.466867
delphinID_whistles:X4_2:1,,2024-05-04T15:28:00.406897Z,delphinID_whistles,whistle,Lac,0.284675
delphinID_whistles:X4_2:1,,2024-05-04T15:28:00.406897Z,delphinID_whistles,whistle,Lal,0.012799
delphinID_whistles:X4_2:1,,2024-05-04T15:28:00.406897Z,delphinID_whistles,whistle,Oor,0.013668
delphinID_whistles:X4_2:1,,2024-05-04T15:28:00.406897Z,delphinID_whistles,whistle,Ttr,0.000448
delphinID_whistles:X4_2:2,,2024-05-04T15:25:18.857786Z,delphinID_whistles,whistle,Dde,0.608419
delphinID_whistles:X4_2:2,,2024-05-04T15:25:18.857786Z,delphinID_whistles,whistle,Ggr,0.005813
delphinID_whistles:X4_2:2,,2024-05-04T15:25:18.857786Z,delphinID_whistles,whistle,Gme,0.061306
delphinID_whistles:X4_2:2,,2024-05-04T15:25:18.857786Z,delphinID_whistles,whistle,Lac,0.186637
delphinID_whistles:X4_2:2,,2024-05-04T15:25:18.857786Z,delphinID_whistles,whistle,Lal,0.099797
delphinID_whistles:X4_2:2,,2024-05-04T15:25:18.857786Z,delphinID_whistles,whistle,Oor,0.031772
delphinID_whistles:X4_2:2,,2024-05-04T15:25:18.857786Z,delphinID_whistles,whistle,Ttr,0.006256
delphinID_whistles:X4_2:3,,2024-05-04T15:21:31.696769Z,delphinID_whistles,whistle,Dde,0.358271
delphinID_whistles:X4_2:3,,2024-05-04T15:21:31.696769Z,delphinID_whistles,whistle,Ggr,0.260115
delphinID_whistles:X4_2:3,,2024-05-04T15:21:31.696769Z,delphinID_whistles,whistle,Gme,0.305475
delphinID_whistles:X4_2:3,,2024-05-04T15:21:31.696769Z,delphinID_whistles,whistle,Lac,0.002859
delphinID_whistles:X4_2:3,,2024-05-04T15:21:31.696769Z,delphinID_whistles,whistle,Lal,0.024781
delphinID_whistles:X4_2:3,,2024-05-04T15:21:31.696769Z,delphinID_whistles,whistle,Oor,0.02274
delphinID_whistles:X4_2:3,,2024-05-04T15:21:31.696769Z,delphinID_whistles,whistle,Ttr,0.025758
delphinID_whistles:X4_2:4,,2024-05-04T15:24:44.821805Z,delphinID_whistles,whistle,Dde,0.070813
delphinID_whistles:X4_2:4,,2024-05-04T15:24:44.821805Z,delphinID_whistles,whistle,Ggr,0.015588
delphinID_whistles:X4_2:4,,2024-05-04T15:24:44.821805Z,delphinID_whistles,whistle,Gme,0.156439
delphinID_whistles:X4_2:4,,2024-05-04T15:24:44.821805Z,delphinID_whistles,whistle,Lac,0.041518
delphinID_whistles:X4_2:4,,2024-05-04T15:24:44.821805Z,delphinID_whistles,whistle,Lal,0.258182
delphinID_whistles:X4_2:4,,2024-05-04T15:24:44.821805Z,delphinID_whistles,whistle,Oor,0.167159
delphinID_whistles:X4_2:4,,2024-05-04T15:24:44.821805Z,delphinID_whistles,whistle,Ttr,0.290301
delphinID_whistles:X4_2:5,,2024-05-04T15:21:50.783074Z,delphinID_whistles,whistle,Dde,0.086158
delphinID_whistles:X4_2:5,,2024-05-04T15:21:50.783074Z,delphinID_whistles,whistle,Ggr,0.004097
delphinID_whistles:X4_2:5,,2024-05-04T15:21:50.783074Z,delphinID_whistles,whistle,Gme,0.124421
delphinID_whistles:X4_2:5,,2024-05-04T15:21:50.783074Z,delphinID_whistles,whistle,Lac,0.126822
delphinID_whistles:X4_2:5,,2024-05-04T15:21:50.783074Z,delphinID_whistles,whistle,Lal,0.0055
delphinID_whistles:X4_2:5,,2024-05-04T15:21:50.783074Z,delphinID_whistles,whistle,Oor,0.633036
delphinID_whistles:X4_2:5,,2024-05-04T15:21:50.783074Z,delphinID_whistles,whistle,Ttr,0.019967
delphinID_whistles:X4_2:6,,2024-05-04T15:28:14.273214Z,delphinID_whistles,whistle,Dde,0.141069
delphinID_whistles:X4_2:6,,2024-05-04T15:28:14.273214Z,delphinID_whistles,whistle,Ggr,0.034029
delphinID_whistles:X4_2:6,,2024-05-04T15:28:14.273214Z,delphinID_whistles,whistle,Gme,0.00253
delphinID_whistles:X4_2:6,,2024-05-04T15:28:14.273214Z,delphinID_whistles,whistle,Lac,0.002095
delphinID_whistles:X4_2:6,,2024-05-04T15:28:14.273214Z,delphinID_whistles,whistle,Lal,0.326339
delphinID_whistles:X4_2:6,,2024-05-04T15:28:14.273214Z,delphinID_whistles,whistle,Oor,0.146942
delphinID_whistles:X4_2:6,,2024-05-04T15:28:14.273214Z,delphinID_whistles,whistle,Ttr,0.346996
delphinID_whistles:X4_2:7,,2024-05-04T15:24:34.743137Z,delphinID_whistles,whistle,Dde,0.489114
delphinID_whistles:X4_2:7,,2024-05-04T15:24:34.743137Z,delphinID_whistles,whistle,Ggr,0.017508
delphinID_whistles:X4_2:7,,2024-05-04T15:24:34.743137Z,delphinID_whistles,whistle,Gme,0.058442
delphinID_whistles:X4_2:7,,2024-05-04T15:24:34.743137Z,delphinID_whistles,whistle,Lac,0.009405
delphinID_whistles:X4_2:7,,2024-05-04T15:24:34.743137Z,delphinID_whistles,whistle,Lal,0.087766
delphinID_whistles:X4_2:7,,2024-05-04T15:24:34.743137Z,delphinID_whistles,whistle,Oor,0.233807
delphinID_whistles:X4_2:7,,2024-05-04T15:24:34.743137Z,delphinID_whistles,whistle,Ttr,0.103958
delphinID_whistles:X4_2:8,,2024-05-04T15:29:27.761762Z,delphinID_whistles,whistle,Dde,0.05269
delphinID_whistles:X4_2:8,,2024-05-04T15:29:27.761762Z,delphinID_whistles,whistle,Ggr,0.087338
delphinID_whistles:X4_2:8,,2024-05-04T15:29:27.761762Z,delphinID_whistles,whistle,Gme,0.01485
delphinID_whistles:X4_2:8,,2024-05-04T15:29:27.761762Z,delphinID_whistles,whistle,Lac,0.032191
delphinID_whistles:X4_2:8,,2024-05-04T15:29:27.761762Z,delphinID_whistles,whistle,Lal,0.235058
delphinID_whistles:X4_2:8,,2024-05-04T15:29:27.761762Z,delphinID_whistles,whistle,Oor,0.098844
delphinID_whistles:X4_2:8,,2024-05-04T15:29:27.761762Z,delphinID_whistles,whistle,Ttr,0.479029
delphinID_whistles:X4_2:9,,2024-05-04T15:26:05.447234Z,delphinID_whistles,whistle,Dde,0.234059
delphinID_whistles:X4_2:9,,2024-05-04T15:26:05.447234Z,delphinID_whistles,whistle,Ggr,0.081983
delphinID_whistles:X4_2:9,,2024-05-04T15:26:05.447234Z,delphinID_whistles,whistle,Gme,0.092146
delphinID_whistles:X4_2:9,,2024-05-04T15:26:05.447234Z,delphinID_whistles,whistle,Lac,0.053716
delphinID_whistles:X4_2:9,,2024-05-04T15:26:05.447234Z,delphinID_whistles,whistle,Lal,0.07
delphinID_whistles:X4_2:9,,2024-05-04T15:26:05.447234Z,delphinID_whistles,whistle,Oor,0.264815
delphinID_whistles:X4_2:9,,2024-05-04T15:26:05.447234Z,delphinID_whistles,whistle,Ttr,0.203282
delphinID_whistles:X4_2:10,,2024-05-04T15:27:12.675841Z,delphinID_whistles,whistle,Dde,0.131841
delphinID_whistles:X4_2:10,,2024-05-04T15:27:12.675841Z,delphinID_whistles,whistle,Ggr,0.118962
delphinID_whistles:X4_2:10,,2024-05-04T15:27:12.675841Z,delphinID_whistles,whistle,Gme,0.136735
delphinID_whistles:X4_2:10,,2024-05-04T15:27:12.675841Z,delphinID_whistles,whistle,Lac,0.052846
delphinID_whistles:X4_2:10,,2024-05-04T15:27:12.675841Z,delphinID_whistles,whistle,Lal,0.313449
delphinID_whistles:X4_2:10,,2024-05-04T15:27:12.675841Z,delphinID_whistles,whistle,Oor,0.022514
delphinID_whistles:X4_2:10,,2024-05-04T15:27:12.675841Z,delphinID_whistles,whistle,Ttr,0.223654
delphinID_whistles:X4_2:11,,2024-05-04T15:28:57.297191Z,delphinID_whistles,whistle,Dde,0.021848
delphinID_whistles:X4_2:11,,2024-05-04T15:28:57.297191Z,delphinID_whistles,whistle,Ggr,0.120349
delphinID_whistles:X4_2:11,,2024-05-04T15:28:57.297191Z,delphinID_whistles,whistle,Gme,0.002508
delphinID_whistles:X4_2:11,,2024-05-04T15:28:57.297191Z,delphinID_whistles,whistle,Lac,0.026996
delphinID_whistles:X4_2:11,,2024-05-04T15:28:57.297191Z,delphinID_whistles,whistle,Lal,0.125952
delphinID_whistles:X4_2:11,,2024-05-04T15:28:57.297191Z,delphinID_whistles,whistle,Oor,0.470346
delphinID_whistles:X4_2:11,,2024-05-04T15:28:57.297191Z,delphinID_whistles,whistle,Ttr,0.232
delphinID_whistles:X4_2:12,,2024-05-04T15:24:13.952464Z,delphinID_whistles,whistle,Dde,0.14729
delphinID_whistles:X4_2:12,,2024-05-04T15:24:13.952464Z,delphinID_whistles,whistle,Ggr,0.035324
delphinID_whistles:X4_2:12,,2024-05-04T15:24:13.952464Z,delphinID_whistles,whistle,Gme,0.162067
delphinID_whistles:X4_2:12,,2024-05-04T15:24:13.952464Z,delphinID_whistles,whistle,Lac,0.001564
delphinID_whistles:X4_2:12,,2024-05-04T15:24:13.952464Z,delphinID_whistles,whistle,Lal,0.002969
delphinID_whistles:X4_2:12,,2024-05-04T15:24:13.952464Z,delphinID_whistles,whistle,Oor,0.636719
delphinID_whistles:X4_2:12,,2024-05-04T15:24:13.952464Z,delphinID_whistles,whistle,Ttr,0.014068
delphinID_whistles:X4_2:13,,2024-05-04T15:20:31.082914Z,delphinID_whistles,whistle,Dde,0.032532
delphinID_whistles:X4_2:13,,2024-05-04T15:20:31.082914Z,delphinID_whistles,whistle,Ggr,0.198734
delphinID_whistles:X4_2:13,,2024-05-04T15:20:31.082914Z,delphinID_whistles,whistle,Gme,0.051314
delphinID_whistles:X4_2:13,,2024-05-04T15:20:31.082914Z,delphinID_whistles,whistle,Lac,0.018239
delphinID_whistles:X4_2:13,,2024-05-04T15:20:31.082914Z,delphinID_whistles,whistle,Lal,0.034307
delphinID_whistles:X4_2:13,,2024-05-04T15:20:31.082914Z,delphinID_whistles,whistle,Oor,0.664463
delphinID_whistles:X4_2:13,,2024-05-04T15:20:31.082914Z,delphinID_whistles,whistle,Ttr,0.000411
delphinID_whistles:X4_2:14,,2024-05-04T15:29:33.885657Z,delphinID_whistles,whistle,Dde,0.28375
delphinID_whistles:X4_2:14,,2024-05-04T15:29:33.885657Z,delphinID_whistles,whistle,Ggr,0.059026
delphinID_whistles:X4_2:14,,2024-05-04T15:29:33.885657Z,delphinID_whistles,whistle,Gme,0.000987
delphinID_whistles:X4_2:14,,2024-05-04T15:29:33.885657Z,delphinID_whistles,whistle,Lac,0.268895
delphinID_whistles:X4_2:14,,2024-05-04T15:29:33.885657Z,delphinID_whistles,whistle,Lal,0.095297
delphinID_whistles:X4_2:14,,2024-05-04T15:29:33.885657Z,delphinID_whistles,whistle,Oor,0.1222
delphinID_whistles:X4_2:14,,2024-05-04T15:29:33.885657Z,delphinID_whistles,whistle,Ttr,0.169845
delphinID_whistles:X4_2:15,,2024-05-04T15:23:48.845184Z,delphinID_whistles,whistle,Dde,0.163011
delphinID_whistles:X4_2:15,,2024-05-04T15:23:48.845184Z,delphinID_whistles,whistle,Ggr,0.079994
delphinID_whistles:X4_2:15,,2024-05-04T15:23:48.845184Z,delphinID_whistles,whistle,Gme,0.002728
delphinID_whistles:X4_2:15,,2024-05-04T15:23:48.845184Z,delphinID_whistles,whistle,Lac,0.47671
delphinID_whistles:X4_2:15,,2024-05-04T15:23:48.845184Z,delphinID_whistles,whistle,Lal,0.238045
delphinID_whistles:X4_2:15,,2024-05-04T15:23:48.845184Z,delphinID_whistles,whistle,Oor,0.03814
delphinID_whistles:X4_2:15,,2024-05-04T15:23:48.845184Z,delphinID_whistles,whistle,Ttr,0.001371
delphinID_whistles:X4_2:16,,2024-05-04T15:20:21.600426Z,delphinID_whistles,whistle,Dde,0.599913
delphinID_whistles:X4_2:16,,2024-05-04T15:20:21.600426Z,delphinID_whistles,whistle,Ggr,0.001242
delphinID_whistles:X4_2:16,,2024-05-04T15:20:21.600426Z,delphinID_whistles,whistle,Gme,0.1948
delphinID_whistles:X4_2:16,,2024-05-04T15:20:21.600426Z,delphinID_whistles,whistle,Lac,0.098698
delphinID_whistles:X4_2:16,,2024-05-04T15:20:21.600426Z,delphinID_whistles,whistle,Lal,4.1e-05
delphinID_whistles:X4_2:16,,2024-05-04T15:20:21.600426Z,delphinID_whistles,whistle,Oor,0.105007
delphinID_whistles:X4_2:16,,2024-05-04T15:20:21.600426Z,delphinID_whistles,whistle,Ttr,0.0003
delphinID_clicks:X4_2:0,,2024-05-04T15:28:56.949398Z,delphinID_clicks,click,Dde,0.057149
delphinID_clicks:X4_2:0,,2024-05-04T15:28:56.949398Z,delphinID_clicks,click,Ggr,0.07765
delphinID_clicks:X4_2:0,,2024-05-04T15:28:56.949398Z,delphinID_clicks,click,Gme,0.532741
delphinID_clicks:X4_2:0,,2024-05-04T15:28:56.949398Z,delphinID_clicks,click,Lal,0.188212
delphinID_clicks:X4_2:0,,2024-05-04T15:28:56.949398Z,delphinID_clicks,click,Ttr,0.144249
delphinID_clicks:X4_2:1,,2024-05-04T15:20:15.760125Z,delphinID_clicks,click,Dde,0.224905
delphinID_clicks:X4_2:1,,2024-05-04T15:20:15.760125Z,delphinID_clicks,click,Ggr,0.580623
delphinID_clicks:X4_2:1,,2024-05-04T15:20:15.760125Z,delphinID_clicks,click,Gme,0.146415
delphinID_clicks:X4_2:1,,2024-05-04T15:20:15.760125Z,delphinID_clicks,click,Lal,0.047475
delphinID_clicks:X4_2:1,,2024-05-04T15:20:15.760125Z,delphinID_clicks,click,Ttr,0.000582
delphinID_clicks:X4_2:2,,2024-05-04T15:26:37.835740Z,delphinID_clicks,click,Dde,0.004671
delphinID_clicks:X4_2:2,,2024-05-04T15:26:37.835740Z,delphinID_clicks,click,Ggr,0.601331
delphinID_clicks:X4_2:2,,2024-05-04T15:26:37.835740Z,delphinID_clicks,click,Gme,0.272254
delphinID_clicks:X4_2:2,,2024-05-04T15:26:37.835740Z,delphinID_clicks,click,Lal,0.013705
delphinID_clicks:X4_2:2,,2024-05-04T15:26:37.835740Z,delphinID_clicks,click,Ttr,0.108039
delphinID_clicks:X4_2:3,,2024-05-04T15:27:21.008828Z,delphinID_clicks,click,Dde,0.000917
delphinID_clicks:X4_2:3,,2024-05-04T15:27:21.008828Z,delphinID_clicks,click,Ggr,0.074605
delphinID_clicks:X4_2:3,,2024-05-04T15:27:21.008828Z,delphinID_clicks,click,Gme,0.060171
delphinID_clicks:X4_2:3,,2024-05-04T15:27:21.008828Z,delphinID_clicks,click,Lal,0.858857
delphinID_clicks:X4_2:3,,2024-05-04T15:27:21.008828Z,delphinID_clicks,click,Ttr,0.005449
delphinID_clicks:X4_2:4,,2024-05-04T15:26:49.504227Z,delphinID_clicks,click,Dde,0.540642
delphinID_clicks:X4_2:4,,2024-05-04T15:26:49.504227Z,delphinID_clicks,click,Ggr,0.088758
delphinID_clicks:X4_2:4,,2024-05-04T15:26:49.504227Z,delphinID_clicks,click,Gme,0.071691
delphinID_clicks:X4_2:4,,2024-05-04T15:26:49.504227Z,delphinID_clicks,click,Lal,0.079973
delphinID_clicks:X4_2:4,,2024-05-04T15:26:49.504227Z,delphinID_clicks,click,Ttr,0.218937
delphinID_clicks:X4_2:5,,2024-05-04T15:27:23.390618Z,delphinID_clicks,click,Dde,0.370538
delphinID_clicks:X4_2:5,,2024-05-04T15:27:23.390618Z,delphinID_clicks,click,Ggr,0.532737
delphinID_clicks:X4_2:5,,2024-05-04T15:27:23.390618Z,delphinID_clicks,click,Gme,0.011873
delphinID_clicks:X4_2:5,,2024-05-04T15:27:23.390618Z,delphinID_clicks,click,Lal,0.065595
delphinID_clicks:X4_2:5,,2024-05-04T15:27:23.390618Z,delphinID_clicks,click,Ttr,0.019256
delphinID_clicks:X4_2:6,,2024-05-04T15:22:08.664482Z,delphinID_clicks,click,Dde,0.005906
delphinID_clicks:X4_2:6,,2024-05-04T15:22:08.664482Z,delphinID_clicks,click,Ggr,0.391483
delphinID_clicks:X4_2:6,,2024-05-04T15:22:08.664482Z,delphinID_clicks,click,Gme,0.458113
delphinID_clicks:X4_2:6,,2024-05-04T15:22:08.664482Z,delphinID_clicks,click,Lal,0.067182
delphinID_clicks:X4_2:6,,2024-05-04T15:22:08.664482Z,delphinID_clicks,click,Ttr,0.077316
delphinID_clicks:X4_2:7,,2024-05-04T15:25:36.453767Z,delphinID_clicks,click,Dde,0.613107
delphinID_clicks:X4_2:7,,2024-05-04T15:25:36.453767Z,delphinID_clicks,click,Ggr,0.222426
delphinID_clicks:X4_2:7,,2024-05-04T15:25:36.453767Z,delphinID_clicks,click,Gme,0.024954
delphinID_clicks:X4_2:7,,2024-05-04T15:25:36.453767Z,delphinID_clicks,click,Lal,0.115369
delphinID_clicks:X4_2:7,,2024-05-04T15:25:36.453767Z,delphinID_clicks,click,Ttr,0.024144
delphinID_clicks:X4_2:8,,2024-05-04T15:22:49.133333Z,delphinID_clicks,click,Dde,0.102115
delphinID_clicks:X4_2:8,,2024-05-04T15:22:49.133333Z,delphinID_clicks,click,Ggr,0.039313
delphinID_clicks:X4_2:8,,2024-05-04T15:22:49.133333Z,delphinID_clicks,click,Gme,0.2055
delphinID_clicks:X4_2:8,,2024-05-04T15:22:49.133333Z,delphinID_clicks,click,Lal,0.525711
delphinID_clicks:X4_2:8,,2024-05-04T15:22:49.133333Z,delphinID_clicks,click,Ttr,0.12736
delphinID_clicks:X4_2:9,,2024-05-04T15:28:01.810888Z,delphinID_clicks,click,Dde,0.006274
delphinID_clicks:X4_2:9,,2024-05-04T15:28:01.810888Z,delphinID_clicks,click,Ggr,0.184819
delphinID_clicks:X4_2:9,,2024-05-04T15:28:01.810888Z,delphinID_clicks,click,Gme,0.27195
delphinID_clicks:X4_2:9,,2024-05-04T15:28:01.810888Z,delphinID_clicks,click,Lal,0.510821
delphinID_clicks:X4_2:9,,2024-05-04T15:28:01.810888Z,delphinID_clicks,click,Ttr,0.026136
delphinID_clicks:X4_2:10,,2024-05-04T15:20:07.052238Z,delphinID_clicks,click,Dde,0.234184
delphinID_clicks:X4_2:10,,2024-05-04T15:20:07.052238Z,delphinID_clicks,click,Ggr,0.687857
delphinID_clicks:X4_2:10,,2024-05-04T15:20:07.052238Z,delphinID_clicks,click,Gme,0.058058
delphinID_clicks:X4_2:10,,2024-05-04T15:20:07.052238Z,delphinID_clicks,click,Lal,0.017699
delphinID_clicks:X4_2:10,,2024-05-04T15:20:07.052238Z,delphinID_clicks,click,Ttr,0.002202
delphinID_clicks:X4_2:11,,2024-05-04T15:22:29.483402Z,delphinID_clicks,click,Dde,0.021047
delphinID_clicks:X4_2:11,,2024-05-04T15:22:29.483402Z,delphinID_clicks,click,Ggr,0.819393
delphinID_clicks:X4_2:11,,2024-05-04T15:22:29.483402Z,delphinID_clicks,click,Gme,0.025722
delphinID_clicks:X4_2:11,,2024-05-04T15:22:29.483402Z,delphinID_clicks,click,Lal,0.005441
delphinID_clicks:X4_2:11,,2024-05-04T15:22:29.483402Z,delphinID_clicks,click,Ttr,0.128398
delphinID_clicks:X4_2:12,,2024-05-04T15:27:41.190464Z,delphinID_clicks,click,Dde,0.014064
delphinID_clicks:X4_2:12,,2024-05-04T15:27:41.190464Z,delphinID_clicks,click,Ggr,0.014507
delphinID_clicks:X4_2:12,,2024-05-04T15:27:41.190464Z,delphinID_clicks,click,Gme,0.161336
delphinID_clicks:X4_2:12,,2024-05-04T15:27:41.190464Z,delphinID_clicks,click,Lal,0.159903
delphinID_clicks:X4_2:12,,2024-05-04T15:27:41.190464Z,delphinID_clicks,click,Ttr,0.650189
delphinID_clicks:X4_2:13,,2024-05-04T15:23:38.477583Z,delphinID_clicks,click,Dde,0.326452
delphinID_clicks:X4_2:13,,2024-05-04T15:23:38.477583Z,delphinID_clicks,click,Ggr,0.364784
delphinID_clicks:X4_2:13,,2024-05-04T15:23:38.477583Z,delphinID_clicks,click,Gme,0.173289
delphinID_clicks:X4_2:13,,2024-05-04T15:23:38.477583Z,delphinID_clicks,click,Lal,0.010696
delphinID_clicks:X4_2:13,,2024-05-04T15:23:38.477583Z,delphinID_clicks,click,Ttr,0.124778
delphinID_clicks:X4_2:14,,2024-05-04T15:28:43.982574Z,delphinID_clicks,click,Dde,0.036816
delphinID_clicks:X4_2:14,,2024-05-04T15:28:43.982574Z,delphinID_clicks,click,Ggr,0.277814
delphinID_clicks:X4_2:14,,2024-05-04T15:28:43.982574Z,delphinID_clicks,click,Gme,0.134841
delphinID_clicks:X4_2:14,,2024-05-04T15:28:43.982574Z,delphinID_clicks,click,Lal,0.02765
delphinID_clicks:X4_2:14,,2024-05-04T15:28:43.982574Z,delphinID_clicks,click,Ttr,0.522878
delphinID_whistles:X4_3:0,,2024-05-04T16:03:05.588680Z,delphinID_whistles,whistle,Dde,0.000379
delphinID_whistles:X4_3:0,,2024-05-04T16:03:05.588680Z,delphinID_whistles,whistle,Ggr,0.063889
delphinID_whistles:X4_3:0,,2024-05-04T16:03:05.588680Z,delphinID_whistles,whistle,Gme,0.097212
delphinID_whistles:X4_3:0,,2024-05-04T16:03:05.588680Z,delphinID_whistles,whistle,Lac,0.764245
delphinID_whistles:X4_3:0,,2024-05-04T16:03:05.588680Z,delphinID_whistles,whistle,Lal,0.002339
delphinID_whistles:X4_3:0,,2024-05-04T16:03:05.588680Z,delphinID_whistles,whistle,Oor,0.057983
delphinID_whistles:X4_3:0,,2024-05-04T16:03:05.588680Z,delphinID_whistles,whistle,Ttr,0.013953
delphinID_whistles:X4_3:1,,2024-05-04T16:08:18.366709Z,delphinID_whistles,whistle,Dde,0.335195
delphinID_whistles:X4_3:1,,2024-05-04T16:08:18.366709Z,delphinID_whistles,whistle,Ggr,0.047655
delphinID_whistles:X4_3:1,,2024-05-04T16:08:18.366709Z,delphinID_whistles,whistle,Gme,0.196021
delphinID_whistles:X4_3:1,,2024-05-04T16:08:18.366709Z,delphinID_whistles,whistle,Lac,0.012514
delphinID_whistles:X4_3:1,,2024-05-04T16:08:18.366709Z,delphinID_whistles,whistle,Lal,0.116315
delphinID_whistles:X4_3:1,,2024-05-04T16:08:18.366709Z,delphinID_whistles,whistle,Oor,0.014301
delphinID_whistles:X4_3:1,,2024-05-04T16:08:18.366709Z,delphinID_whistles,whistle,Ttr,0.277998
delphinID_whistles:X4_3:2,,2024-05-04T16:08:41.203587Z,delphinID_whistles,whistle,Dde,0.247873
delphinID_whistles:X4_3:2,,2024-05-04T16:08:41.203587Z,delphinID_whistles,whistle,Ggr,0.25399
delphinID_whistles:X4_3:2,,2024-05-04T16:08:41.203587Z,delphinID_whistles,whistle,Gme,0.022578
delphinID_whistles:X4_3:2,,2024-05-04T16:08:41.203587Z,delphinID_whistles,whistle,Lac,0.097516
delphinID_whistles:X4_3:2,,2024-05-04T16:08:41.203587Z,delphinID_whistles,whistle,Lal,0.230968
delphinID_whistles:X4_3:2,,2024-05-04T16:08:41.203587Z,delphinID_whistles,whistle,Oor,0.147074
delphinID_whistles:X4_3:2,,2024-05-04T16:08:41.203587Z,delphinID_whistles,whistle,Ttr,0.0
delphinID_whistles:X4_3:3,,2024-05-04T16:06:09.311279Z,delphinID_whistles,whistle,Dde,0.630793
delphinID_whistles:X4_3:3,,2024-05-04T16:06:09.311279Z,delphinID_whistles,whistle,Ggr,0.032303
delphinID_whistles:X4_3:3,,2024-05-04T16:06:09.311279Z,delphinID_whistles,whistle,Gme,0.142466
delphinID_whistles:X4_3:3,,2024-05-04T16:06:09.311279Z,delphinID_whistles,whistle,Lac,1e-05
delphinID_whistles:X4_3:3,,2024-05-04T16:06:09.311279Z,delphinID_whistles,whistle,Lal,0.086344
delphinID_whistles:X4_3:3,,2024-05-04T16:06:09.311279Z,delphinID_whistles,whistle,Oor,0.108074
delphinID_whistles:X4_3:3,,2024-05-04T16:06:09.311279Z,delphinID_whistles,whistle,Ttr,1e-05
delphinID_whistles:X4_3:4,,2024-05-04T16:07:40.141569Z,delphinID_whistles,whistle,Dde,0.075194
delphinID_whistles:X4_3:4,,2024-05-04T16:07:40.141569Z,delphinID_whistles,whistle,Ggr,0.000491
delphinID_whistles:X4_3:4,,2024-05-04T16:07:40.141569Z,delphinID_whistles,whistle,Gme,0.310786
delphinID_whistles:X4_3:4,,2024-05-04T16:07:40.141569Z,delphinID_whistles,whistle,Lac,0.004016
delphinID_whistles:X4_3:4,,2024-05-04T16:07:40.141569Z,delphinID_whistles,whistle,Lal,0.388452
delphinID_whistles:X4_3:4,,2024-05-04T16:07:40.141569Z,delphinID_whistles,whistle,Oor,0.219986
delphinID_whistles:X4_3:4,,2024-05-04T16:07:40.141569Z,delphinID_whistles,whistle,Ttr,0.001076
delphinID_whistles:X4_3:5,,2024-05-04T16:04:14.236244Z,delphinID_whistles,whistle,Dde,0.089261
delphinID_whistles:X4_3:5,,2024-05-04T16:04:14.236244Z,delphinID_whistles,whistle,Ggr,0.001637
delphinID_whistles:X4_3:5,,2024-05-04T16:04:14.236244Z,delphinID_whistles,whistle,Gme,0.069576
delphinID_whistles:X4_3:5,,2024-05-04T16:04:14.236244Z,delphinID_whistles,whistle,Lac,0.183117
delphinID_whistles:X4_3:5,,2024-05-04T16:04:14.236244Z,delphinID_whistles,whistle,Lal,0.140759
delphinID_whistles:X4_3:5,,2024-05-04T16:04:14.236244Z,delphinID_whistles,whistle,Oor,0.275638
delphinID_whistles:X4_3:5,,2024-05-04T16:04:14.236244Z,delphinID_whistles,whistle,Ttr,0.240011
delphinID_whistles:X4_3:6,,2024-05-04T16:06:24.531567Z,delphinID_whistles,whistle,Dde,0.084939
delphinID_whistles:X4_3:6,,2024-05-04T16:06:24.531567Z,delphinID_whistles,whistle,Ggr,0.152969
delphinID_whistles:X4_3:6,,2024-05-04T16:06:24.531567Z,delphinID_whistles,whistle,Gme,0.059628
delphinID_whistles:X4_3:6,,2024-05-04T16:06:24.531567Z,delphinID_whistles,whistle,Lac,0.099875
delphinID_whistles:X4_3:6,,2024-05-04T16:06:24.531567Z,delphinID_whistles,whistle,Lal,0.119839
delphinID_whistles:X4_3:6,,2024-05-04T16:06:24.531567Z,delphinID_whistles,whistle,Oor,0.007216
delphinID_whistles:X4_3:6,,2024-05-04T16:06:24.531567Z,delphinID_whistles,whistle,Ttr,0.475534
delphinID_whistles:X4_3:7,,2024-05-04T16:06:55.547777Z,delphinID_whistles,whistle,Dde,0.029576
delphinID_whistles:X4_3:7,,2024-05-04T16:06:55.547777Z,delphinID_whistles,whistle,Ggr,0.274433
delphinID_whistles:X4_3:7,,2024-05-04T16:06:55.547777Z,delphinID_whistles,whistle,Gme,0.217271
delphinID_whistles:X4_3:7,,2024-05-04T16:06:55.547777Z,delphinID_whistles,whistle,Lac,0.108018
delphinID_whistles:X4_3:7,,2024-05-04T16:06:55.547777Z,delphinID_whistles,whistle,Lal,0.271412
delphinID_whistles:X4_3:7,,2024-05-04T16:06:55.547777Z,delphinID_whistles,whistle,Oor,0.080677
delphinID_whistles:X4_3:7,,2024-05-04T16:06:55.547777Z,delphinID_whistles,whistle,Ttr,0.018614
delphinID_whistles:X4_3:8,,2024-05-04T16:01:25.281812Z,delphinID_whistles,whistle,Dde,0.381093
delphinID_whistles:X4_3:8,,2024-05-04T16:01:25.281812Z,delphinID_whistles,whistle,Ggr,0.003055
delphinID_whistles:X4_3:8,,2024-05-04T16:01:25.281812Z,delphinID_whistles,whistle,Gme,0.164325
delphinID_whistles:X4_3:8,,2024-05-04T16:01:25.281812Z,delphinID_whistles,whistle,Lac,0.147582
delphinID_whistles:X4_3:8,,2024-05-04T16:01:25.281812Z,delphinID_whistles,whistle,Lal,0.165448
delphinID_whistles:X4_3:8,,2024-05-04T16:01:25.281812Z,delphinID_whistles,whistle,Oor,0.119812
delphinID_whistles:X4_3:8,,2024-05-04T16:01:25.281812Z,delphinID_whistles,whistle,Ttr,0.018684
delphinID_clicks:X4_3:0,,2024-05-04T16:08:29.114087Z,delphinID_clicks,click,Dde,0.546902
delphinID_clicks:X4_3:0,,2024-05-04T16:08:29.114087Z,delphinID_clicks,click,Ggr,0.010686
delphinID_clicks:X4_3:0,,2024-05-04T16:08:29.114087Z,delphinID_clicks,click,Gme,0.138115
delphinID_clicks:X4_3:0,,2024-05-04T16:08:29.114087Z,delphinID_clicks,click,Lal,0.05612
delphinID_clicks:X4_3:0,,2024-05-04T16:08:29.114087Z,delphinID_clicks,click,Ttr,0.248177
delphinID_clicks:X4_3:1,,2024-05-04T16:02:07.894923Z,delphinID_clicks,click,Dde,0.155378
delphinID_clicks:X4_3:1,,2024-05-04T16:02:07.894923Z,delphinID_clicks,click,Ggr,0.275209
delphinID_clicks:X4_3:1,,2024-05-04T16:02:07.894923Z,delphinID_clicks,click,Gme,0.000458
delphinID_clicks:X4_3:1,,2024-05-04T16:02:07.894923Z,delphinID_clicks,click,Lal,0.181674
delphinID_clicks:X4_3:1,,2024-05-04T16:02:07.894923Z,delphinID_clicks,click,Ttr,0.387281
delphinID_clicks:X4_3:2,,2024-05-04T16:00:54.675651Z,delphinID_clicks,click,Dde,0.070532
delphinID_clicks:X4_3:2,,2024-05-04T16:00:54.675651Z,delphinID_clicks,click,Ggr,0.164637
delphinID_clicks:X4_3:2,,2024-05-04T16:00:54.675651Z,delphinID_clicks,click,Gme,0.231457
delphinID_clicks:X4_3:2,,2024-05-04T16:00:54.675651Z,delphinID_clicks,click,Lal,0.426293
delphinID_clicks:X4_3:2,,2024-05-04T16:00:54.675651Z,delphinID_clicks,click,Ttr,0.10708
delphinID_clicks:X4_3:3,,2024-05-04T16:04:57.043913Z,delphinID_clicks,click,Dde,0.206968
delphinID_clicks:X4_3:3,,2024-05-04T16:04:57.043913Z,delphinID_clicks,click,Ggr,0.602293
delphinID_clicks:X4_3:3,,2024-05-04T16:04:57.043913Z,delphinID_clicks,click,Gme,1.3e-05
delphinID_clicks:X4_3:3,,2024-05-04T16:04:57.043913Z,delphinID_clicks,click,Lal,0.163252
delphinID_clicks:X4_3:3,,2024-05-04T16:04:57.043913Z,delphinID_clicks,click,Ttr,0.027475
delphinID_clicks:X4_3:4,,2024-05-04T16:01:04.126823Z,delphinID_clicks,click,Dde,0.112896
delphinID_clicks:X4_3:4,,2024-05-04T16:01:04.126823Z,delphinID_clicks,click,Ggr,0.162472
delphinID_clicks:X4_3:4,,2024-05-04T16:01:04.126823Z,delphinID_clicks,click,Gme,0.483456
delphinID_clicks:X4_3:4,,2024-05-04T16:01:04.126823Z,delphinID_clicks,click,Lal,0.044856
delphinID_clicks:X4_3:4,,2024-05-04T16:01:04.126823Z,delphinID_clicks,click,Ttr,0.19632
delphinID_clicks:X4_3:5,,2024-05-04T16:00:19.106498Z,delphinID_clicks,click,Dde,0.149671
delphinID_clicks:X4_3:5,,2024-05-04T16:00:19.106498Z,delphinID_clicks,click,Ggr,0.256957
delphinID_clicks:X4_3:5,,2024-05-04T16:00:19.106498Z,delphinID_clicks,click,Gme,0.000846
delphinID_clicks:X4_3:5,,2024-05-04T16:00:19.106498Z,delphinID_clicks,click,Lal,0.00307
delphinID_clicks:X4_3:5,,2024-05-04T16:00:19.106498Z,delphinID_clicks,click,Ttr,0.589456
delphinID_clicks:X4_3:6,,2024-05-04T16:00:50.662099Z,delphinID_clicks,click,Dde,0.038326
delphinID_clicks:X4_3:6,,2024-05-04T16:00:50.662099Z,delphinID_clicks,click,Ggr,0.008511
delphinID_clicks:X4_3:6,,2024-05-04T16:00:50.662099Z,delphinID_clicks,click,Gme,0.185282
delphinID_clicks:X4_3:6,,2024-05-04T16:00:50.662099Z,delphinID_clicks,click,Lal,0.762636
delphinID_clicks:X4_3:6,,2024-05-04T16:00:50.662099Z,delphinID_clicks,click,Ttr,0.005245
delphinID_clicks:X4_3:7,,2024-05-04T16:07:06.121491Z,delphinID_clicks,click,Dde,0.060806
delphinID_clicks:X4_3:7,,2024-05-04T16:07:06.121491Z,delphinID_clicks,click,Ggr,0.344072
delphinID_clicks:X4_3:7,,2024-05-04T16:07:06.121491Z,delphinID_clicks,click,Gme,0.05432
delphinID_clicks:X4_3:7,,2024-05-04T16:07:06.121491Z,delphinID_clicks,click,Lal,0.500749
delphinID_clicks:X4_3:7,,2024-05-04T16:07:06.121491Z,delphinID_clicks,click,Ttr,0.040053
delphinID_clicks:X4_3:8,,2024-05-04T16:01:59.306220Z,delphinID_clicks,click,Dde,0.595168
delphinID_clicks:X4_3:8,,2024-05-04T16:01:59.306220Z,delphinID_clicks,click,Ggr,0.281481
delphinID_clicks:X4_3:8,,2024-05-04T16:01:59.306220Z,delphinID_clicks,click,Gme,0.038744
delphinID_clicks:X4_3:8,,2024-05-04T16:01:59.306220Z,delphinID_clicks,click,Lal,0.084168
delphinID_clicks:X4_3:8,,2024-05-04T16:01:59.306220Z,delphinID_clicks,click,Ttr,0.00044
delphinID_clicks:X4_3:9,,2024-05-04T16:00:22.382195Z,delphinID_clicks,click,Dde,0.031367
delphinID_clicks:X4_3:9,,2024-05-04T16:00:22.382195Z,delphinID_clicks,click,Ggr,0.71234
delphinID_clicks:X4_3:9,,2024-05-04T16:00:22.382195Z,delphinID_clicks,click,Gme,0.00723
delphinID_clicks:X4_3:9,,2024-05-04T16:00:22.382195Z,delphinID_clicks,click,Lal,0.01722
delphinID_clicks:X4_3:9,,2024-05-04T16:00:22.382195Z,delphinID_clicks,click,Ttr,0.231843
delphinID_clicks:X4_3:10,,2024-05-04T16:08:46.084220Z,delphinID_clicks,click,Dde,0.373267
delphinID_clicks:X4_3:10,,2024-05-04T16:08:46.084220Z,delphinID_clicks,click,Ggr,0.251871
delphinID_clicks:X4_3:10,,2024-05-04T16:08:46.084220Z,delphinID_clicks,click,Gme,0.040764
delphinID_clicks:X4_3:10,,2024-05-04T16:08:46.084220Z,delphinID_clicks,click,Lal,0.251087
delphinID_clicks:X4_3:10,,2024-05-04T16:08:46.084220Z,delphinID_clicks,click,Ttr,0.08301
delphinID_clicks:X4_3:11,,2024-05-04T16:00:10.061411Z,delphinID_clicks,click,Dde,0.210934
delphinID_clicks:X4_3:11,,2024-05-04T16:00:10.061411Z,delphinID_clicks,click,Ggr,0.583899
delphinID_clicks:X4_3:11,,2024-05-04T16:00:10.061411Z,delphinID_clicks,click,Gme,0.001014
delphinID_clicks:X4_3:11,,2024-05-04T16:00:10.061411Z,delphinID_clicks,click,Lal,0.107606
delphinID_clicks:X4_3:11,,2024-05-04T16:00:10.061411Z,delphinID_clicks,click,Ttr,0.096546
delphinID_clicks:X4_3:12,,2024-05-04T16:08:56.102795Z,delphinID_clicks,click,Dde,0.002854
delphinID_clicks:X4_3:12,,2024-05-04T16:08:56.102795Z,delphinID_clicks,click,Ggr,0.583045
delphinID_clicks:X4_3:12,,2024-05-04T16:08:56.102795Z,delphinID_clicks,click,Gme,0.002842
delphinID_clicks:X4_3:12,,2024-05-04T16:08:56.102795Z,delphinID_clicks,click,Lal,0.281532
delphinID_clicks:X4_3:12,,2024-05-04T16:08:56.102795Z,delphinID_clicks,click,Ttr,0.129727
delphinID_clicks:X4_3:13,,2024-05-04T16:00:05.646204Z,delphinID_clicks,click,Dde,0.183829
delphinID_clicks:X4_3:13,,2024-05-04T16:00:05.646204Z,delphinID_clicks,click,Ggr,0.1738
delphinID_clicks:X4_3:13,,2024-05-04T16:00:05.646204Z,delphinID_clicks,click,Gme,0.412507
delphinID_clicks:X4_3:13,,2024-05-04T16:00:05.646204Z,delphinID_clicks,click,Lal,0.005915
delphinID_clicks:X4_3:13,,2024-05-04T16:00:05.646204Z,delphinID_clicks,click,Ttr,0.223949
delphinID_clicks:X4_3:14,,2024-05-04T16:08:14.247604Z,delphinID_clicks,click,Dde,0.166808
delphinID_clicks:X4_3:14,,2024-05-04T16:08:14.247604Z,delphinID_clicks,click,Ggr,0.555639
delphinID_clicks:X4_3:14,,2024-05-04T16:08:14.247604Z,delphinID_clicks,click,Gme,0.002742
delphinID_clicks:X4_3:14,,2024-05-04T16:08:14.247604Z,delphinID_clicks,click,Lal,0.021446
delphinID_clicks:X4_3:14,,2024-05-04T16:08:14.247604Z,delphinID_clicks,click,Ttr,0.253365
delphinID_clicks:X4_3:15,,2024-05-04T16:04:20.393462Z,delphinID_clicks,click,Dde,0.016782
delphinID_clicks:X4_3:15,,2024-05-04T16:04:20.393462Z,delphinID_clicks,click,Ggr,0.859036
delphinID_clicks:X4_3:15,,2024-05-04T16:04:20.393462Z,delphinID_clicks,click,Gme,0.012642
delphinID_clicks:X4_3:15,,2024-05-04T16:04:20.393462Z,delphinID_clicks,click,Lal,0.053631
delphinID_clicks:X4_3:15,,2024-05-04T16:04:20.393462Z,delphinID_clicks,click,Ttr,0.057909
delphinID_clicks:X4_3:16,,2024-05-04T16:06:40.774217Z,delphinID_clicks,click,Dde,0.246528
delphinID_clicks:X4_3:16,,2024-05-04T16:06:40.774217Z,delphinID_clicks,click,Ggr,0.003729
delphinID_clicks:X4_3:16,,2024-05-04T16:06:40.774217Z,delphinID_clicks,click,Gme,0.224806
delphinID_clicks:X4_3:16,,2024-05-04T16:06:40.774217Z,delphinID_clicks,click,Lal,0.516425
delphinID_clicks:X4_3:16,,2024-05-04T16:06:40.774217Z,delphinID_clicks,click,Ttr,0.008512
delphinID_clicks:X4_3:17,,2024-05-04T16:06:23.347655Z,delphinID_clicks,click,Dde,0.170182
delphinID_clicks:X4_3:17,,2024-05-04T16:06:23.347655Z,delphinID_clicks,click,Ggr,0.373499
delphinID_clicks:X4_3:17,,2024-05-04T16:06:23.347655Z,delphinID_clicks,click,Gme,2.9e-05
delphinID_clicks:X4_3:17,,2024-05-04T16:06:23.347655Z,delphinID_clicks,click,Lal,0.454641
delphinID_clicks:X4_3:17,,2024-05-04T16:06:23.347655Z,delphinID_clicks,click,Ttr,0.001649
delphinID_clicks:X4_3:18,,2024-05-04T16:01:20.285672Z,delphinID_clicks,click,Dde,0.068734
delphinID_clicks:X4_3:18,,2024-05-04T16:01:20.285672Z,delphinID_clicks,click,Ggr,0.411551
delphinID_clicks:X4_3:18,,2024-05-04T16:01:20.285672Z,delphinID_clicks,click,Gme,0.204705
delphinID_clicks:X4_3:18,,2024-05-04T16:01:20.285672Z,delphinID_clicks,click,Lal,0.266444
delphinID_clicks:X4_3:18,,2024-05-04T16:01:20.285672Z,delphinID_clicks,click,Ttr,0.048566
delphinID_clicks:X4_3:19,,2024-05-04T16:03:31.601436Z,delphinID_clicks,click,Dde,0.100492
delphinID_clicks:X4_3:19,,2024-05-04T16:03:31.601436Z,delphinID_clicks,click,Ggr,0.448576
delphinID_clicks:X4_3:19,,2024-05-04T16:03:31.601436Z,delphinID_clicks,click,Gme,0.093118
delphinID_clicks:X4_3:19,,2024-05-04T16:03:31.601436Z,delphinID_clicks,click,Lal,0.029338
delphinID_clicks:X4_3:19,,2024-05-04T16:03:31.601436Z,delphinID_clicks,click,Ttr,0.328477
delphinID_clicks:X4_3:20,,2024-05-04T16:00:05.354055Z,delphinID_clicks,click,Dde,0.432271
delphinID_clicks:X4_3:20,,2024-05-04T16:00:05.354055Z,delphinID_clicks,click,Ggr,0.352154
delphinID_clicks:X4_3:20,,2024-05-04T16:00:05.354055Z,delphinID_clicks,click,Gme,0.039649
delphinID_clicks:X4_3:20,,2024-05-04T16:00:05.354055Z,delphinID_clicks,click,Lal,0.088991
delphinID_clicks:X4_3:20,,2024-05-04T16:00:05.354055Z,delphinID_clicks,click,Ttr,0.086935
delphinID_clicks:X4_3:21,,2024-05-04T16:03:55.972337Z,delphinID_clicks,click,Dde,0.053147
delphinID_clicks:X4_3:21,,2024-05-04T16:03:55.972337Z,delphinID_clicks,click,Ggr,0.27575
delphinID_clicks:X4_3:21,,2024-05-04T16:03:55.972337Z,delphinID_clicks,click,Gme,0.032449
delphinID_clicks:X4_3:21,,2024-05-04T16:03:55.972337Z,delphinID_clicks,click,Lal,0.400109
delphinID_clicks:X4_3:21,,2024-05-04T16:03:55.972337Z,delphinID_clicks,click,Ttr,0.238545
delphinID_clicks:X4_3:22,,2024-05-04T16:04:59.272804Z,delphinID_clicks,click,Dde,0.088342
delphinID_clicks:X4_3:22,,2024-05-04T16:04:59.272804Z,delphinID_clicks,click,Ggr,0.070298
delphinID_clicks:X4_3:22,,2024-05-04T16:04:59.272804Z,delphinID_clicks,click,Gme,0.011787
delphinID_clicks:X4_3:22,,2024-05-04T16:04:59.272804Z,delphinID_clicks,click,Lal,0.694427
delphinID_clicks:X4_3:22,,2024-05-04T16:04:59.272804Z,delphinID_clicks,click,Ttr,0.135147
delphinID_clicks:X4_3:23,,2024-05-04T16:03:31.325611Z,delphinID_clicks,click,Dde,0.407603
delphinID_clicks:X4_3:23,,2024-05-04T16:03:31.325611Z,delphinID_clicks,click,Ggr,0.227398
delphinID_clicks:X4_3:23,,2024-05-04T16:03:31.325611Z,delphinID_clicks,click,Gme,0.003853
delphinID_clicks:X4_3:23,,2024-05-04T16:03:31.325611Z,delphinID_clicks,click,Lal,0.35316
delphinID_clicks:X4_3:23,,2024-05-04T16:03:31.325611Z,delphinID_clicks,click,Ttr,0.007987
delphinID_clicks:X4_3:24,,2024-05-04T16:07:14.845505Z,delphinID_clicks,click,Dde,0.21389
delphinID_clicks:X4_3:24,,2024-05-04T16:07:14.845505Z,delphinID_clicks,click,Ggr,0.285219
delphinID_clicks:X4_3:24,,2024-05-04T16:07:14.845505Z,delphinID_clicks,click,Gme,0.35735
delphinID_clicks:X4_3:24,,2024-05-04T16:07:14.845505Z,delphinID_clicks,click,Lal,0.143246
delphinID_clicks:X4_3:24,,2024-05-04T16:07:14.845505Z,delphinID_clicks,click,Ttr,0.000295
delphinID_clicks:X4_3:25,,2024-05-04T16:08:35.905373Z,delphinID_clicks,click,Dde,0.157616
delphinID_clicks:X4_3:25,,2024-05-04T16:08:35.905373Z,delphinID_clicks,click,Ggr,0.090664
delphinID_clicks:X4_3:25,,2024-05-04T16:08:35.905373Z,delphinID_clicks,click,Gme,0.710125
delphinID_clicks:X4_3:25,,2024-05-04T16:08:35.905373Z,delphinID_clicks,click,Lal,0.007954
delphinID_clicks:X4_3:25,,2024-05-04T16:08:35.905373Z,delphinID_clicks,click,Ttr,0.033641
delphinID_clicks:X4_3:26,,2024-05-04T16:05:48.659883Z,delphinID_clicks,click,Dde,0.031041
delphinID_clicks:X4_3:26,,2024-05-04T16:05:48.659883Z,delphinID_clicks,click,Ggr,0.110986
delphinID_clicks:X4_3:26,,2024-05-04T16:05:48.659883Z,delphinID_clicks,click,Gme,0.050765
delphinID_clicks:X4_3:26,,2024-05-04T16:05:48.659883Z,delphinID_clicks,click,Lal,0.60103
delphinID_clicks:X4_3:26,,2024-05-04T16:05:48.659883Z,delphinID_clicks,click,Ttr,0.206177
delphinID_clicks:X4_3:27,,2024-05-04T16:08:48.077234Z,delphinID_clicks,click,Dde,0.000202
delphinID_clicks:X4_3:27,,2024-05-04T16:08:48.077234Z,delphinID_clicks,click,Ggr,0.308866
delphinID_clicks:X4_3:27,,2024-05-04T16:08:48.077234Z,delphinID_clicks,click,Gme,0.382025
delphinID_clicks:X4_3:27,,2024-05-04T16:08:48.077234Z,delphinID_clicks,click,Lal,0.026262
delphinID_clicks:X4_3:27,,2024-05-04T16:08:48.077234Z,delphinID_clicks,click,Ttr,0.282645
delphinID_clicks:X4_3:28,,2024-05-04T16:01:56.078696Z,delphinID_clicks,click,Dde,0.000675
delphinID_clicks:X4_3:28,,2024-05-04T16:01:56.078696Z,delphinID_clicks,click,Ggr,0.016327
delphinID_clicks:X4_3:28,,2024-05-04T16:01:56.078696Z,delphinID_clicks,click,Gme,0.788137
delphinID_clicks:X4_3:28,,2024-05-04T16:01:56.078696Z,delphinID_clicks,click,Lal,0.123667
delphinID_clicks:X4_3:28,,2024-05-04T16:01:56.078696Z,delphinID_clicks,click,Ttr,0.071193
delphinID_clicks:X4_3:29,,2024-05-04T16:01:36.607570Z,delphinID_clicks,click,Dde,0.633225
delphinID_clicks:X4_3:29,,2024-05-04T16:01:36.607570Z,delphinID_clicks,click,Ggr,0.162264
delphinID_clicks:X4_3:29,,2024-05-04T16:01:36.607570Z,delphinID_clicks,click,Gme,0.039017
delphinID_clicks:X4_3:29,,2024-05-04T16:01:36.607570Z,delphinID_clicks,click,Lal,0.029233
delphinID_clicks:X4_3:29,,2024-05-04T16:01:36.607570Z,delphinID_clicks,click,Ttr,0.136261
delphinID_clicks:X4_3:30,,2024-05-04T16:09:08.698675Z,delphinID_clicks,click,Dde,0.000265
delphinID_clicks:X4_3:30,,2024-05-04T16:09:08.698675Z,delphinID_clicks,click,Ggr,0.387234
delphinID_clicks:X4_3:30,,2024-05-04T16:09:08.698675Z,delphinID_clicks,click,Gme,0.366126
delphinID_clicks:X4_3:30,,2024-05-04T16:09:08.698675Z,delphinID_clicks,click,Lal,0.213129
delphinID_clicks:X4_3:30,,2024-05-04T16:09:08.698675Z,delphinID_clicks,click,Ttr,0.033246
delphinID_clicks:X4_3:31,,2024-05-04T16:02:25.144367Z,delphinID_clicks,click,Dde,0.441302
delphinID_clicks:X4_3:31,,2024-05-04T16:02:25.144367Z,delphinID_clicks,click,Ggr,0.066376
delphinID_clicks:X4_3:31,,2024-05-04T16:02:25.144367Z,delphinID_clicks,click,Gme,0.078932
delphinID_clicks:X4_3:31,,2024-05-04T16:02:25.144367Z,delphinID_clicks,click,Lal,0.400454
delphinID_clicks:X4_3:31,,2024-05-04T16:02:25.144367Z,delphinID_clicks,click,Ttr,0.012936
delphinID_clicks:X4_3:32,,2024-05-04T16:01:50.564970Z,delphinID_clicks,click,Dde,0.075488
delphinID_clicks:X4_3:32,,2024-05-04T16:01:50.564970Z,delphinID_clicks,click,Ggr,0.29816
delphinID_clicks:X4_3:32,,2024-05-04T16:01:50.564970Z,delphinID_clicks,click,Gme,0.581629
delphinID_clicks:X4_3:32,,2024-05-04T16:01:50.564970Z,delphinID_clicks,click,Lal,0.037925
delphinID_clicks:X4_3:32,,2024-05-04T16:01:50.564970Z,delphinID_clicks,click,Ttr,0.006798
delphinID_clicks:X4_4:0,,2024-05-04T16:41:58.014462Z,delphinID_clicks,click,Dde,0.13933
delphinID_clicks:X4_4:0,,2024-05-04T16:41:58.014462Z,delphinID_clicks,click,Ggr,0.637853
delphinID_clicks:X4_4:0,,2024-05-04T16:41:58.014462Z,delphinID_clicks,click,Gme,0.051032
delphinID_clicks:X4_4:0,,2024-05-04T16:41:58.014462Z,delphinID_clicks,click,Lal,0.100641
delphinID_clicks:X4_4:0,,2024-05-04T16:41:58.014462Z,delphinID_clicks,click,Ttr,0.071144
delphinID_clicks:X4_4:1,,2024-05-04T16:42:10.053486Z,delphinID_clicks,click,Dde,0.206405
delphinID_clicks:X4_4:1,,2024-05-04T16:42:10.053486Z,delphinID_clicks,click,Ggr,0.217632
delphinID_clicks:X4_4:1,,2024-05-04T16:42:10.053486Z,delphinID_clicks,click,Gme,0.006732
delphinID_clicks:X4_4:1,,2024-05-04T16:42:10.053486Z,delphinID_clicks,click,Lal,0.567972
delphinID_clicks:X4_4:1,,2024-05-04T16:42:10.053486Z,delphinID_clicks,click,Ttr,0.001259
delphinID_clicks:X4_4:2,,2024-05-04T16:40:12.195268Z,delphinID_clicks,click,Dde,0.387207
delphinID_clicks:X4_4:2,,2024-05-04T16:40:12.195268Z,delphinID_clicks,click,Ggr,0.198782
delphinID_clicks:X4_4:2,,2024-05-04T16:40:12.195268Z,delphinID_clicks,click,Gme,0.000329
delphinID_clicks:X4_4:2,,2024-05-04T16:40:12.195268Z,delphinID_clicks,click,Lal,0.043032
delphinID_clicks:X4_4:2,,2024-05-04T16:40:12.195268Z,delphinID_clicks,click,Ttr,0.37065
delphinID_clicks:X4_4:3,,2024-05-04T16:40:27.888703Z,delphinID_clicks,click,Dde,0.303431
delphinID_clicks:X4_4:3,,2024-05-04T16:40:27.888703Z,delphinID_clicks,click,Ggr,0.127424
delphinID_clicks:X4_4:3,,2024-05-04T16:40:27.888703Z,delphinID_clicks,click,Gme,0.388534
delphinID_clicks:X4_4:3,,2024-05-04T16:40:27.888703Z,delphinID_clicks,click,Lal,0.013922
delphinID_clicks:X4_4:3,,2024-05-04T16:40:27.888703Z,delphinID_clicks,click,Ttr,0.16669
delphinID_clicks:X4_4:4,,2024-05-04T16:47:14.918074Z,delphinID_clicks,click,Dde,0.042799
delphinID_clicks:X4_4:4,,2024-05-04T16:47:14.918074Z,delphinID_clicks,click,Ggr,0.575185
delphinID_clicks:X4_4:4,,2024-05-04T16:47:14.918074Z,delphinID_clicks,click,Gme,0.133277
delphinID_clicks:X4_4:4,,2024-05-04T16:47:14.918074Z,delphinID_clicks,click,Lal,0.054158
delphinID_clicks:X4_4:4,,2024-05-04T16:47:14.918074Z,delphinID_clicks,click,Ttr,0.194582
delphinID_clicks:X4_4:5,,2024-05-04T16:42:34.737026Z,delphinID_clicks,click,Dde,0.464716
delphinID_clicks:X4_4:5,,2024-05-04T16:42:34.737026Z,delphinID_clicks,click,Ggr,0.129182
delphinID_clicks:X4_4:5,,2024-05-04T16:42:34.737026Z,delphinID_clicks,click,Gme,0.09643
delphinID_clicks:X4_4:5,,2024-05-04T16:42:34.737026Z,delphinID_clicks,click,Lal,0.104636
delphinID_clicks:X4_4:5,,2024-05-04T16:42:34.737026Z,delphinID_clicks,click,Ttr,0.205037
delphinID_clicks:X4_4:6,,2024-05-04T16:42:41.077109Z,delphinID_clicks,click,Dde,0.199706
delphinID_clicks:X4_4:6,,2024-05-04T16:42:41.077109Z,delphinID_clicks,click,Ggr,0.240448
delphinID_clicks:X4_4:6,,2024-05-04T16:42:41.077109Z,delphinID_clicks,click,Gme,0.408134
delphinID_clicks:X4_4:6,,2024-05-04T16:42:41.077109Z,delphinID_clicks,click,Lal,0.086659
delphinID_clicks:X4_4:6,,2024-05-04T16:42:41.077109Z,delphinID_clicks,click,Ttr,0.065054
delphinID_clicks:X4_4:7,,2024-05-04T16:42:17.807391Z,delphinID_clicks,click,Dde,0.002921
delphinID_clicks:X4_4:7,,2024-05-04T16:42:17.807391Z,delphinID_clicks,click,Ggr,0.321851
delphinID_clicks:X4_4:7,,2024-05-04T16:42:17.807391Z,delphinID_clicks,click,Gme,0.017787
delphinID_clicks:X4_4:7,,2024-05-04T16:42:17.807391Z,delphinID_clicks,click,Lal,0.318834
delphinID_clicks:X4_4:7,,2024-05-04T16:42:17.807391Z,delphinID_clicks,click,Ttr,0.338608
delphinID_clicks:X4_4:8,,2024-05-04T16:42:58.607201Z,delphinID_clicks,click,Dde,0.656954
delphinID_clicks:X4_4:8,,2024-05-04T16:42:58.607201Z,delphinID_clicks,click,Ggr,0.072933
delphinID_clicks:X4_4:8,,2024-05-04T16:42:58.607201Z,delphinID_clicks,click,Gme,0.026009
delphinID_clicks:X4_4:8,,2024-05-04T16:42:58.607201Z,delphinID_clicks,click,Lal,0.021016
delphinID_clicks:X4_4:8,,2024-05-04T16:42:58.607201Z,delphinID_clicks,click,Ttr,0.223089
delphinID_clicks:X4_4:9,,2024-05-04T16:43:23.926552Z,delphinID_clicks,click,Dde,0.008095
delphinID_clicks:X4_4:9,,2024-05-04T16:43:23.926552Z,delphinID_clicks,click,Ggr,0.709489
delphinID_clicks:X4_4:9,,2024-05-04T16:43:23.926552Z,delphinID_clicks,click,Gme,0.055861
delphinID_clicks:X4_4:9,,2024-05-04T16:43:23.926552Z,delphinID_clicks,click,Lal,0.088351
delphinID_clicks:X4_4:9,,2024-05-04T16:43:23.926552Z,delphinID_clicks,click,Ttr,0.138204
delphinID_clicks:X4_4:10,,2024-05-04T16:45:07.917903Z,delphinID_clicks,click,Dde,0.301143
delphinID_clicks:X4_4:10,,2024-05-04T16:45:07.917903Z,delphinID_clicks,click,Ggr,0.519168
delphinID_clicks:X4_4:10,,2024-05-04T16:45:07.917903Z,delphinID_clicks,click,Gme,0.028819
delphinID_clicks:X4_4:10,,2024-05-04T16:45:07.917903Z,delphinID_clicks,click,Lal,0.147917
delphinID_clicks:X4_4:10,,2024-05-04T16:45:07.917903Z,delphinID_clicks,click,Ttr,0.002954
delphinID_clicks:X4_4:11,,2024-05-04T16:41:54.075227Z,delphinID_clicks,click,Dde,0.129204
delphinID_clicks:X4_4:11,,2024-05-04T16:41:54.075227Z,delphinID_clicks,click,Ggr,0.070864
delphinID_clicks:X4_4:11,,2024-05-04T16:41:54.075227Z,delphinID_clicks,click,Gme,0.621321
delphinID_clicks:X4_4:11,,2024-05-04T16:41:54.075227Z,delphinID_clicks,click,Lal,0.072712
delphinID_clicks:X4_4:11,,2024-05-04T16:41:54.075227Z,delphinID_clicks,click,Ttr,0.105899
delphinID_clicks:X4_4:12,,2024-05-04T16:47:08.415985Z,delphinID_clicks,click,Dde,0.075521
delphinID_clicks:X4_4:12,,2024-05-04T16:47:08.415985Z,delphinID_clicks,click,Ggr,0.274096
delphinID_clicks:X4_4:12,,2024-05-04T16:47:08.415985Z,delphinID_clicks,click,Gme,0.057297
delphinID_clicks:X4_4:12,,2024-05-04T16:47:08.415985Z,delphinID_clicks,click,Lal,0.013023
delphinID_clicks:X4_4:12,,2024-05-04T16:47:08.415985Z,delphinID_clicks,click,Ttr,0.580063
delphinID_clicks:X4_4:13,,2024-05-04T16:43:23.632674Z,delphinID_clicks,click,Dde,0.16508
delphinID_clicks:X4_4:13,,2024-05-04T16:43:23.632674Z,delphinID_clicks,click,Ggr,0.444616
delphinID_clicks:X4_4:13,,2024-05-04T16:43:23.632674Z,delphinID_clicks,click,Gme,0.351783
delphinID_clicks:X4_4:13,,2024-05-04T16:43:23.632674Z,delphinID_clicks,click,Lal,0.036726
delphinID_clicks:X4_4:13,,2024-05-04T16:43:23.632674Z,delphinID_clicks,click,Ttr,0.001796
delphinID_whistles:X4_5:0,,2024-05-04T17:24:35.190456Z,delphinID_whistles,whistle,Dde,0.022215
delphinID_whistles:X4_5:0,,2024-05-04T17:24:35.190456Z,delphinID_whistles,whistle,Ggr,0.021545
delphinID_whistles:X4_5:0,,2024-05-04T17:24:35.190456Z,delphinID_whistles,whistle,Gme,0.107504
delphinID_whistles:X4_5:0,,2024-05-04T17:24:35.190456Z,delphinID_whistles,whistle,Lac,0.668946
delphinID_whistles:X4_5:0,,2024-05-04T17:24:35.190456Z,delphinID_whistles,whistle,Lal,0.013488
delphinID_whistles:X4_5:0,,2024-05-04T17:24:35.190456Z,delphinID_whistles,whistle,Oor,0.01762
delphinID_whistles:X4_5:0,,2024-05-04T17:24:35.190456Z,delphinID_whistles,whistle,Ttr,0.148681
delphinID_whistles:X4_5:1,,2024-05-04T17:29:34.419373Z,delphinID_whistles,whistle,Dde,0.466084
delphinID_whistles:X4_5:1,,2024-05-04T17:29:34.419373Z,delphinID_whistles,whistle,Ggr,0.097278
delphinID_whistles:X4_5:1,,2024-05-04T17:29:34.419373Z,delphinID_whistles,whistle,Gme,0.009535
delphinID_whistles:X4_5:1,,2024-05-04T17:29:34.419373Z,delphinID_whistles,whistle,Lac,0.021678
delphinID_whistles:X4_5:1,,2024-05-04T17:29:34.419373Z,delphinID_whistles,whistle,Lal,0.033799
delphinID_whistles:X4_5:1,,2024-05-04T17:29:34.419373Z,delphinID_whistles,whistle,Oor,0.353396
delphinID_whistles:X4_5:1,,2024-05-04T17:29:34.419373Z,delphinID_whistles,whistle,Ttr,0.018231
delphinID_clicks:X4_5:0,,2024-05-04T17:21:52.954225Z,delphinID_clicks,click,Dde,0.095337
delphinID_clicks:X4_5:0,,2024-05-04T17:21:52.954225Z,delphinID_clicks,click,Ggr,0.236348
delphinID_clicks:X4_5:0,,2024-05-04T17:21:52.954225Z,delphinID_clicks,click,Gme,0.42281
delphinID_clicks:X4_5:0,,2024-05-04T17:21:52.954225Z,delphinID_clicks,click,Lal,0.219618
delphinID_clicks:X4_5:0,,2024-05-04T17:21:52.954225Z,delphinID_clicks,click,Ttr,0.025888
delphinID_clicks:X4_5:1,,2024-05-04T17:29:36.811305Z,delphinID_clicks,click,Dde,0.036483
delphinID_clicks:X4_5:1,,2024-05-04T17:29:36.811305Z,delphinID_clicks,click,Ggr,0.226068
delphinID_clicks:X4_5:1,,2024-05-04T17:29:36.811305Z,delphinID_clicks,click,Gme,0.445649
delphinID_clicks:X4_5:1,,2024-05-04T17:29:36.811305Z,delphinID_clicks,click,Lal,0.254484
delphinID_clicks:X4_5:1,,2024-05-04T17:29:36.811305Z,delphinID_clicks,click,Ttr,0.037316
delphinID_clicks:X4_5:2,,2024-05-04T17:21:50.912991Z,delphinID_clicks,click,Dde,0.205934
delphinID_clicks:X4_5:2,,2024-05-04T17:21:50.912991Z,delphinID_clicks,click,Ggr,0.492247
delphinID_clicks:X4_5:2,,2024-05-04T17:21:50.912991Z,delphinID_clicks,click,Gme,0.054673
delphinID_clicks:X4_5:2,,2024-05-04T17:21:50.912991Z,delphinID_clicks,click,Lal,0.244984
delphinID_clicks:X4_5:2,,2024-05-04T17:21:50.912991Z,delphinID_clicks,click,Ttr,0.002162
delphinID_clicks:X4_5:3,,2024-05-04T17:29:27.214711Z,delphinID_clicks,click,Dde,0.377299
delphinID_clicks:X4_5:3,,2024-05-04T17:29:27.214711Z,delphinID_clicks,click,Ggr,0.193184
delphinID_clicks:X4_5:3,,2024-05-04T17:29:27.214711Z,delphinID_clicks,click,Gme,0.086331
delphinID_clicks:X4_5:3,,2024-05-04T17:29:27.214711Z,delphinID_clicks,click,Lal,0.340205
delphinID_clicks:X4_5:3,,2024-05-04T17:29:27.214711Z,delphinID_clicks,click,Ttr,0.00298
delphinID_clicks:X4_5:4,,2024-05-04T17:20:29.961925Z,delphinID_clicks,click,Dde,0.376102
delphinID_clicks:X4_5:4,,2024-05-04T17:20:29.961925Z,delphinID_clicks,click,Ggr,0.402019
delphinID_clicks:X4_5:4,,2024-05-04T17:20:29.961925Z,delphinID_clicks,click,Gme,0.181433
delphinID_clicks:X4_5:4,,2024-05-04T17:20:29.961925Z,delphinID_clicks,click,Lal,0.001955
delphinID_clicks:X4_5:4,,2024-05-04T17:20:29.961925Z,delphinID_clicks,click,Ttr,0.038492
delphinID_clicks:X4_5:5,,2024-05-04T17:20:19.140616Z,delphinID_clicks,click,Dde,0.071531
delphinID_clicks:X4_5:5,,2024-05-04T17:20:19.140616Z,delphinID_clicks,click,Ggr,0.213339
delphinID_clicks:X4_5:5,,2024-05-04T17:20:19.140616Z,delphinID_clicks,click,Gme,0.153518
delphinID_clicks:X4_5:5,,2024-05-04T17:20:19.140616Z,delphinID_clicks,click,Lal,0.157721
delphinID_clicks:X4_5:5,,2024-05-04T17:20:19.140616Z,delphinID_clicks,click,Ttr,0.403892
delphinID_clicks:X4_5:6,,2024-05-04T17:29:18.301381Z,delphinID_clicks,click,Dde,0.321051
delphinID_clicks:X4_5:6,,2024-05-04T17:29:18.301381Z,delphinID_clicks,click,Ggr,0.186371
delphinID_clicks:X4_5:6,,2024-05-04T17:29:18.301381Z,delphinID_clicks,click,Gme,0.12462
delphinID_clicks:X4_5:6,,2024-05-04T17:29:18.301381Z,delphinID_clicks,click,Lal,0.32418
delphinID_clicks:X4_5:6,,2024-05-04T17:29:18.301381Z,delphinID_clicks,click,Ttr,0.043778
delphinID_clicks:X4_5:7,,2024-05-04T17:23:15.880156Z,delphinID_clicks,click,Dde,0.101461
delphinID_clicks:X4_5:7,,2024-05-04T17:23:15.880156Z,delphinID_clicks,click,Ggr,0.303743
delphinID_clicks:X4_5:7,,2024-05-04T17:23:15.880156Z,delphinID_clicks,click,Gme,0.045184
delphinID_clicks:X4_5:7,,2024-05-04T17:23:15.880156Z,delphinID_clicks,click,Lal,0.433442
delphinID_clicks:X4_5:7,,2024-05-04T17:23:15.880156Z,delphinID_clicks,click,Ttr,0.11617
delphinID_clicks:X4_5:8,,2024-05-04T17:28:25.939630Z,delphinID_clicks,click,Dde,0.035451
delphinID_clicks:X4_5:8,,2024-05-04T17:28:25.939630Z,delphinID_clicks,click,Ggr,0.818532
delphinID_clicks:X4_5:8,,2024-05-04T17:28:25.939630Z,delphinID_clicks,click,Gme,0.019457
delphinID_clicks:X4_5:8,,2024-05-04T17:28:25.939630Z,delphinID_clicks,click,Lal,0.120329
delphinID_clicks:X4_5:8,,2024-05-04T17:28:25.939630Z,delphinID_clicks,click,Ttr,0.006231
delphinID_clicks:X4_5:9,,2024-05-04T17:26:55.553350Z,delphinID_clicks,click,Dde,0.030243
delphinID_clicks:X4_5:9,,2024-05-04T17:26:55.553350Z,delphinID_clicks,click,Ggr,0.095475
delphinID_clicks:X4_5:9,,2024-05-04T17:26:55.553350Z,delphinID_clicks,click,Gme,0.030261
delphinID_clicks:X4_5:9,,2024-05-04T17:26:55.553350Z,delphinID_clicks,click,Lal,0.195234
delphinID_clicks:X4_5:9,,2024-05-04T17:26:55.553350Z,delphinID_clicks,click,Ttr,0.648787
delphinID_clicks:X4_5:10,,2024-05-04T17:25:51.827972Z,delphinID_clicks,click,Dde,0.007168
delphinID_clicks:X4_5:10,,2024-05-04T17:25:51.827972Z,delphinID_clicks,click,Ggr,0.84741
delphinID_clicks:X4_5:10,,2024-05-04T17:25:51.827972Z,delphinID_clicks,click,Gme,2e-05
delphinID_clicks:X4_5:10,,2024-05-04T17:25:51.827972Z,delphinID_clicks,click,Lal,0.09338
delphinID_clicks:X4_5:10,,2024-05-04T17:25:51.827972Z,delphinID_clicks,click,Ttr,0.052022
delphinID_clicks:X4_5:11,,2024-05-04T17:21:42.535009Z,delphinID_clicks,click,Dde,0.161681
delphinID_clicks:X4_5:11,,2024-05-04T17:21:42.535009Z,delphinID_clicks,click,Ggr,0.3191
delphinID_clicks:X4_5:11,,2024-05-04T17:21:42.535009Z,delphinID_clicks,click,Gme,0.010617
delphinID_clicks:X4_5:11,,2024-05-04T17:21:42.535009Z,delphinID_clicks,click,Lal,0.425661
delphinID_clicks:X4_5:11,,2024-05-04T17:21:42.535009Z,delphinID_clicks,click,Ttr,0.082942
delphinID_clicks:X4_5:12,,2024-05-04T17:25:59.182941Z,delphinID_clicks,click,Dde,0.656074
delphinID_clicks:X4_5:12,,2024-05-04T17:25:59.182941Z,delphinID_clicks,click,Ggr,0.193357
delphinID_clicks:X4_5:12,,2024-05-04T17:25:59.182941Z,delphinID_clicks,click,Gme,0.092899
delphinID_clicks:X4_5:12,,2024-05-04T17:25:59.182941Z,delphinID_clicks,click,Lal,0.010473
delphinID_clicks:X4_5:12,,2024-05-04T17:25:59.182941Z,delphinID_clicks,click,Ttr,0.047197
delphinID_clicks:X4_5:13,,2024-05-04T17:22:23.643770Z,delphinID_clicks,click,Dde,0.028955
delphinID_clicks:X4_5:13,,2024-05-04T17:22:23.643770Z,delphinID_clicks,click,Ggr,0.058188
delphinID_clicks:X4_5:13,,2024-05-04T17:22:23.643770Z,delphinID_clicks,click,Gme,0.046941
delphinID_clicks:X4_5:13,,2024-05-04T17:22:23.643770Z,delphinID_clicks,click,Lal,0.041641
delphinID_clicks:X4_5:13,,2024-05-04T17:22:23.643770Z,delphinID_clicks,click,Ttr,0.824275
delphinID_clicks:X4_5:14,,2024-05-04T17:26:12.471899Z,delphinID_clicks,click,Dde,0.514714
delphinID_clicks:X4_5:14,,2024-05-04T17:26:12.471899Z,delphinID_clicks,click,Ggr,0.054566
delphinID_clicks:X4_5:14,,2024-05-04T17:26:12.471899Z,delphinID_clicks,click,Gme,0.115194
delphinID_clicks:X4_5:14,,2024-05-04T17:26:12.471899Z,delphinID_clicks,click,Lal,0.302921
delphinID_clicks:X4_5:14,,2024-05-04T17:26:12.471899Z,delphinID_clicks,click,Ttr,0.012605
delphinID_clicks:X4_5:15,,2024-05-04T17:25:53.328329Z,delphinID_clicks,click,Dde,0.000249
delphinID_clicks:X4_5:15,,2024-05-04T17:25:53.328329Z,delphinID_clicks,click,Ggr,0.768343
delphinID_clicks:X4_5:15,,2024-05-04T17:25:53.328329Z,delphinID_clicks,click,Gme,0.087005
delphinID_clicks:X4_5:15,,2024-05-04T17:25:53.328329Z,delphinID_clicks,click,Lal,0.133061
delphinID_clicks:X4_5:15,,2024-05-04T17:25:53.328329Z,delphinID_clicks,click,Ttr,0.011341
delphinID_clicks:X4_5:16,,2024-05-04T17:27:48.247215Z,delphinID_clicks,click,Dde,0.05266
delphinID_clicks:X4_5:16,,2024-05-04T17:27:48.247215Z,delphinID_clicks,click,Ggr,0.003901
delphinID_clicks:X4_5:16,,2024-05-04T17:27:48.247215Z,delphinID_clicks,click,Gme,0.551422
delphinID_clicks:X4_5:16,,2024-05-04T17:27:48.247215Z,delphinID_clicks,click,Lal,0.167866
delphinID_clicks:X4_5:16,,2024-05-04T17:27:48.247215Z,delphinID_clicks,click,Ttr,0.22415
delphinID_clicks:X4_5:17,,2024-05-04T17:20:20.344113Z,delphinID_clicks,click,Dde,0.223105
delphinID_clicks:X4_5:17,,2024-05-04T17:20:20.344113Z,delphinID_clicks,click,Ggr,0.693899
delphinID_clicks:X4_5:17,,2024-05-04T17:20:20.344113Z,delphinID_clicks,click,Gme,0.072379
delphinID_clicks:X4_5:17,,2024-05-04T17:20:20.344113Z,delphinID_clicks,click,Lal,0.005013
delphinID_clicks:X4_5:17,,2024-05-04T17:20:20.344113Z,delphinID_clicks,click,Ttr,0.005605
delphinID_clicks:X4_5:18,,2024-05-04T17:27:14.191721Z,delphinID_clicks,click,Dde,0.477654
delphinID_clicks:X4_5:18,,2024-05-04T17:27:14.191721Z,delphinID_clicks,click,Ggr,0.238421
delphinID_clicks:X4_5:18,,2024-05-04T17:27:14.191721Z,delphinID_clicks,click,Gme,0.079573
delphinID_clicks:X4_5:18,,2024-05-04T17:27:14.191721Z,delphinID_clicks,click,Lal,0.082459
delphinID_clicks:X4_5:18,,2024-05-04T17:27:14.191721Z,delphinID_clicks,click,Ttr,0.121894
delphinID_clicks:X4_5:19,,2024-05-04T17:22:53.970589Z,delphinID_clicks,click,Dde,0.132941
delphinID_clicks:X4_5:19,,2024-05-04T17:22:53.970589Z,delphinID_clicks,click,Ggr,0.307331
delphinID_clicks:X4_5:19,,2024-05-04T17:22:53.970589Z,delphinID_clicks,click,Gme,0.167896
delphinID_clicks:X4_5:19,,2024-05-04T17:22:53.970589Z,delphinID_clicks,click,Lal,0.026727
delphinID_clicks:X4_5:19,,2024-05-04T17:22:53.970589Z,delphinID_clicks,click,Ttr,0.365105
delphinID_clicks:X4_5:20,,2024-05-04T17:24:36.994659Z,delphinID_clicks,click,Dde,0.021873
delphinID_clicks:X4_5:20,,2024-05-04T17:24:36.994659Z,delphinID_clicks,click,Ggr,0.087746
delphinID_clicks:X4_5:20,,2024-05-04T17:24:36.994659Z,delphinID_clicks,click,Gme,0.343
delphinID_clicks:X4_5:20,,2024-05-04T17:24:36.994659Z,delphinID_clicks,click,Lal,0.489636
delphinID_clicks:X4_5:20,,2024-05-04T17:24:36.994659Z,delphinID_clicks,click,Ttr,0.057744
delphinID_clicks:X4_5:21,,2024-05-04T17:27:59.803566Z,delphinID_clicks,click,Dde,0.137498
delphinID_clicks:X4_5:21,,2024-05-04T17:27:59.803566Z,delphinID_clicks,click,Ggr,0.567016
delphinID_clicks:X4_5:21,,2024-05-04T17:27:59.803566Z,delphinID_clicks,click,Gme,0.127397
delphinID_clicks:X4_5:21,,2024-05-04T17:27:59.803566Z,delphinID_clicks,click,Lal,0.004155
delphinID_clicks:X4_5:21,,2024-05-04T17:27:59.803566Z,delphinID_clicks,click,Ttr,0.163935
delphinID_clicks:X4_5:22,,2024-05-04T17:22:59.421534Z,delphinID_clicks,click,Dde,0.231466
delphinID_clicks:X4_5:22,,2024-05-04T17:22:59.421534Z,delphinID_clicks,click,Ggr,0.240103
delphinID_clicks:X4_5:22,,2024-05-04T17:22:59.421534Z,delphinID_clicks,click,Gme,0.221397
delphinID_clicks:X4_5:22,,2024-05-04T17:22:59.421534Z,delphinID_clicks,click,Lal,0.16025
delphinID_clicks:X4_5:22,,2024-05-04T17:22:59.421534Z,delphinID_clicks,click,Ttr,0.146785
delphinID_clicks:X4_5:23,,2024-05-04T17:21:25.070120Z,delphinID_clicks,click,Dde,0.615911
delphinID_clicks:X4_5:23,,2024-05-04T17:21:25.070120Z,delphinID_clicks,click,Ggr,0.023029
delphinID_clicks:X4_5:23,,2024-05-04T17:21:25.070120Z,delphinID_clicks,click,Gme,0.174525
delphinID_clicks:X4_5:23,,2024-05-04T17:21:25.070120Z,delphinID_clicks,click,Lal,0.049933
delphinID_clicks:X4_5:23,,2024-05-04T17:21:25.070120Z,delphinID_clicks,click,Ttr,0.136601
delphinID_clicks:X4_5:24,,2024-05-04T17:20:15.581970Z,delphinID_clicks,click,Dde,0.47642
delphinID_clicks:X4_5:24,,2024-05-04T17:20:15.581970Z,delphinID_clicks,click,Ggr,0.163611
delphinID_clicks:X4_5:24,,2024-05-04T17:20:15.581970Z,delphinID_clicks,click,Gme,0.042901
delphinID_clicks:X4_5:24,,2024-05-04T17:20:15.581970Z,delphinID_clicks,click,Lal,0.15624
delphinID_clicks:X4_5:24,,2024-05-04T17:20:15.581970Z,delphinID_clicks,click,Ttr,0.160828
delphinID_whistles:Y1_1:0,,2024-05-05T18:02:17.931577Z,delphinID_whistles,whistle,Dde,0.031119
delphinID_whistles:Y1_1:0,,2024-05-05T18:02:17.931577Z,delphinID_whistles,whistle,Ggr,0.277956
delphinID_whistles:Y1_1:0,,2024-05-05T18:02:17.931577Z,delphinID_whistles,whistle,Gme,0.042492
delphinID_whistles:Y1_1:0,,2024-05-05T18:02:17.931577Z,delphinID_whistles,whistle,Lac,0.24786
delphinID_whistles:Y1_1:0,,2024-05-05T18:02:17.931577Z,delphinID_whistles,whistle,Lal,0.026214
delphinID_whistles:Y1_1:0,,2024-05-05T18:02:17.931577Z,delphinID_whistles,whistle,Oor,0.126343
delphinID_whistles:Y1_1:0,,2024-05-05T18:02:17.931577Z,delphinID_whistles,whistle,Ttr,0.248015
delphinID_whistles:Y1_1:1,,2024-05-05T18:02:35.952370Z,delphinID_whistles,whistle,Dde,4.6e-05
delphinID_whistles:Y1_1:1,,2024-05-05T18:02:35.952370Z,delphinID_whistles,whistle,Ggr,0.32858
delphinID_whistles:Y1_1:1,,2024-05-05T18:02:35.952370Z,delphinID_whistles,whistle,Gme,0.327585
delphinID_whistles:Y1_1:1,,2024-05-05T18:02:35.952370Z,delphinID_whistles,whistle,Lac,0.015359
delphinID_whistles:Y1_1:1,,2024-05-05T18:02:35.952370Z,delphinID_whistles,whistle,Lal,0.009007
delphinID_whistles:Y1_1:1,,2024-05-05T18:02:35.952370Z,delphinID_whistles,whistle,Oor,0.214578
delphinID_whistles:Y1_1:1,,2024-05-05T18:02:35.952370Z,delphinID_whistles,whistle,Ttr,0.104846
delphinID_whistles:Y1_1:2,,2024-05-05T18:05:55.035111Z,delphinID_whistles,whistle,Dde,0.128187
delphinID_whistles:Y1_1:2,,2024-05-05T18:05:55.035111Z,delphinID_whistles,whistle,Ggr,0.000226
delphinID_whistles:Y1_1:2,,2024-05-05T18:05:55.035111Z,delphinID_whistles,whistle,Gme,0.225615
delphinID_whistles:Y1_1:2,,2024-05-05T18:05:55.035111Z,delphinID_whistles,whistle,Lac,0.244603
delphinID_whistles:Y1_1:2,,2024-05-05T18:05:55.035111Z,delphinID_whistles,whistle,Lal,0.347605
delphinID_whistles:Y1_1:2,,2024-05-05T18:05:55.035111Z,delphinID_whistles,whistle,Oor,0.044938
delphinID_whistles:Y1_1:2,,2024-05-05T18:05:55.035111Z,delphinID_whistles,whistle,Ttr,0.008824
delphinID_whistles:Y1_1:3,,2024-05-05T18:02:06.804180Z,delphinID_whistles,whistle,Dde,0.001991
delphinID_whistles:Y1_1:3,,2024-05-05T18:02:06.804180Z,delphinID_whistles,whistle,Ggr,0.048057
delphinID_whistles:Y1_1:3,,2024-05-05T18:02:06.804180Z,delphinID_whistles,whistle,Gme,0.093293
delphinID_whistles:Y1_1:3,,2024-05-05T18:02:06.804180Z,delphinID_whistles,whistle,Lac,0.239139
delphinID_whistles:Y1_1:3,,2024-05-05T18:02:06.804180Z,delphinID_whistles,whistle,Lal,0.027475
delphinID_whistles:Y1_1:3,,2024-05-05T18:02:06.804180Z,delphinID_whistles,whistle,Oor,0.012751
delphinID_whistles:Y1_1:3,,2024-05-05T18:02:06.804180Z,delphinID_whistles,whistle,Ttr,0.577294
delphinID_whistles:Y1_1:4,,2024-05-05T18:09:44.021704Z,delphinID_whistles,whistle,Dde,0.37672
delphinID_whistles:Y1_1:4,,2024-05-05T18:09:44.021704Z,delphinID_whistles,whistle,Ggr,0.11408
delphinID_whistles:Y1_1:4,,2024-05-05T18:09:44.021704Z,delphinID_whistles,whistle,Gme,0.038639
delphinID_whistles:Y1_1:4,,2024-05-05T18:09:44.021704Z,delphinID_whistles,whistle,Lac,0.111571
delphinID_whistles:Y1_1:4,,2024-05-05T18:09:44.021704Z,delphinID_whistles,whistle,Lal,0.111913
delphinID_whistles:Y1_1:4,,2024-05-05T18:09:44.021704Z,delphinID_whistles,whistle,Oor,0.129276
delphinID_whistles:Y1_1:4,,2024-05-05T18:09:44.021704Z,delphinID_whistles,whistle,Ttr,0.117801
delphinID_whistles:Y1_1:5,,2024-05-05T18:03:58.920147Z,delphinID_whistles,whistle,Dde,0.084261
delphinID_whistles:Y1_1:5,,2024-05-05T18:03:58.920147Z,delphinID_whistles,whistle,Ggr,0.004943
delphinID_whistles:Y1_1:5,,2024-05-05T18:03:58.920147Z,delphinID_whistles,whistle,Gme,0.08652
delphinID_whistles:Y1_1:5,,2024-05-05T18:03:58.920147Z,delphinID_whistles,whistle,Lac,0.001163
delphinID_whistles:Y1_1:5,,2024-05-05T18:03:58.920147Z,delphinID_whistles,whistle,Lal,0.022614
delphinID_whistles:Y1_1:5,,2024-05-05T18:03:58.920147Z,delphinID_whistles,whistle,Oor,0.39688
delphinID_whistles:Y1_1:5,,2024-05-05T18:03:58.920147Z,delphinID_whistles,whistle,Ttr,0.403619
delphinID_clicks:Y1_1:0,,2024-05-05T18:04:21.244347Z,delphinID_clicks,click,Dde,0.279199
delphinID_clicks:Y1_1:0,,2024-05-05T18:04:21.244347Z,delphinID_clicks,click,Ggr,0.284504
delphinID_clicks:Y1_1:0,,2024-05-05T18:04:21.244347Z,delphinID_clicks,click,Gme,0.002662
delphinID_clicks:Y1_1:0,,2024-05-05T18:04:21.244347Z,delphinID_clicks,click,Lal,0.08371
delphinID_clicks:Y1_1:0,,2024-05-05T18:04:21.244347Z,delphinID_clicks,click,Ttr,0.349925
delphinID_clicks:Y1_1:1,,2024-05-05T18:02:16.360296Z,delphinID_clicks,click,Dde,0.037253
delphinID_clicks:Y1_1:1,,2024-05-05T18:02:16.360296Z,delphinID_clicks,click,Ggr,0.040513
delphinID_clicks:Y1_1:1,,2024-05-05T18:02:16.360296Z,delphinID_clicks,click,Gme,0.687957
delphinID_clicks:Y1_1:1,,2024-05-05T18:02:16.360296Z,delphinID_clicks,click,Lal,0.143202
delphinID_clicks:Y1_1:1,,2024-05-05T18:02:16.360296Z,delphinID_clicks,click,Ttr,0.091075
delphinID_clicks:Y1_1:2,,2024-05-05T18:04:00.196432Z,delphinID_clicks,click,Dde,0.003392
delphinID_clicks:Y1_1:2,,2024-05-05T18:04:00.196432Z,delphinID_clicks,click,Ggr,0.438915
delphinID_clicks:Y1_1:2,,2024-05-05T18:04:00.196432Z,delphinID_clicks,click,Gme,0.345558
delphinID_clicks:Y1_1:2,,2024-05-05T18:04:00.196432Z,delphinID_clicks,click,Lal,0.000517
delphinID_clicks:Y1_1:2,,2024-05-05T18:04:00.196432Z,delphinID_clicks,click,Ttr,0.211619
delphinID_clicks:Y1_1:3,,2024-05-05T18:07:20.867082Z,delphinID_clicks,click,Dde,0.16234
delphinID_clicks:Y1_1:3,,2024-05-05T18:07:20.867082Z,delphinID_clicks,click,Ggr,0.102889
delphinID_clicks:Y1_1:3,,2024-05-05T18:07:20.867082Z,delphinID_clicks,click,Gme,0.060191
delphinID_clicks:Y1_1:3,,2024-05-05T18:07:20.867082Z,delphinID_clicks,click,Lal,0.027945
delphinID_clicks:Y1_1:3,,2024-05-05T18:07:20.867082Z,delphinID_clicks,click,Ttr,0.646634
delphinID_clicks:Y1_1:4,,2024-05-05T18:00:43.851620Z,delphinID_clicks,click,Dde,0.050855
delphinID_clicks:Y1_1:4,,2024-05-05T18:00:43.851620Z,delphinID_clicks,click,Ggr,0.000173
delphinID_clicks:Y1_1:4,,2024-05-05T18:00:43.851620Z,delphinID_clicks,click,Gme,0.292885
delphinID_clicks:Y1_1:4,,2024-05-05T18:00:43.851620Z,delphinID_clicks,click,Lal,0.490073
delphinID_clicks:Y1_1:4,,2024-05-05T18:00:43.851620Z,delphinID_clicks,click,Ttr,0.166015
delphinID_clicks:Y1_1:5,,2024-05-05T18:05:53.667380Z,delphinID_clicks,click,Dde,0.748111
delphinID_clicks:Y1_1:5,,2024-05-05T18:05:53.667380Z,delphinID_clicks,click,Ggr,0.010488
delphinID_clicks:Y1_1:5,,2024-05-05T18:05:53.667380Z,delphinID_clicks,click,Gme,0.033641
delphinID_clicks:Y1_1:5,,2024-05-05T18:05:53.667380Z,delphinID_clicks,click,Lal,0.172666
delphinID_clicks:Y1_1:5,,2024-05-05T18:05:53.667380Z,delphinID_clicks,click,Ttr,0.035095
delphinID_clicks:Y1_1:6,,2024-05-05T18:00:48.380682Z,delphinID_clicks,click,Dde,0.029487
delphinID_clicks:Y1_1:6,,2024-05-05T18:00:48.380682Z,delphinID_clicks,click,Ggr,0.035231
delphinID_clicks:Y1_1:6,,2024-05-05T18:00:48.380682Z,delphinID_clicks,click,Gme,0.422013
delphinID_clicks:Y1_1:6,,2024-05-05T18:00:48.380682Z,delphinID_clicks,click,Lal,0.212749
delphinID_clicks:Y1_1:6,,2024-05-05T18:00:48.380682Z,delphinID_clicks,click,Ttr,0.30052
delphinID_clicks:Y1_1:7,,2024-05-05T18:00:41.987378Z,delphinID_clicks,click,Dde,0.654899
delphinID_clicks:Y1_1:7,,2024-05-05T18:00:41.987378Z,delphinID_clicks,click,Ggr,0.034135
delphinID_clicks:Y1_1:7,,2024-05-05T18:00:41.987378Z,delphinID_clicks,click,Gme,0.101711
delphinID_clicks:Y1_1:7,,2024-05-05T18:00:41.987378Z,delphinID_clicks,click,Lal,0.018652
delphinID_clicks:Y1_1:7,,2024-05-05T18:00:41.987378Z,delphinID_clicks,click,Ttr,0.190602
delphinID_clicks:Y1_1:8,,2024-05-05T18:08:20.072222Z,delphinID_clicks,click,Dde,0.156704
delphinID_clicks:Y1_1:8,,2024-05-05T18:08:20.072222Z,delphinID_clicks,click,Ggr,0.318386
delphinID_clicks:Y1_1:8,,2024-05-05T18:08:20.072222Z,delphinID_clicks,click,Gme,0.000675
delphinID_clicks:Y1_1:8,,2024-05-05T18:08:20.072222Z,delphinID_clicks,click,Lal,0.206848
delphinID_clicks:Y1_1:8,,2024-05-05T18:08:20.072222Z,delphinID_clicks,click,Ttr,0.317387
delphinID_clicks:Y1_1:9,,2024-05-05T18:09:09.483099Z,delphinID_clicks,click,Dde,0.089961
delphinID_clicks:Y1_1:9,,2024-05-05T18:09:09.483099Z,delphinID_clicks,click,Ggr,0.065104
delphinID_clicks:Y1_1:9,,2024-05-05T18:09:09.483099Z,delphinID_clicks,click,Gme,0.020505
delphinID_clicks:Y1_1:9,,2024-05-05T18:09:09.483099Z,delphinID_clicks,click,Lal,0.44502
delphinID_clicks:Y1_1:9,,2024-05-05T18:09:09.483099Z,delphinID_clicks,click,Ttr,0.379411
delphinID_whistles:Y1_2:0,,2024-05-05T18:42:18.699687Z,delphinID_whistles,whistle,Dde,0.056815
delphinID_whistles:Y1_2:0,,2024-05-05T18:42:18.699687Z,delphinID_whistles,whistle,Ggr,0.384551
delphinID_whistles:Y1_2:0,,2024-05-05T18:42:18.699687Z,delphinID_whistles,whistle,Gme,0.045933
delphinID_whistles:Y1_2:0,,2024-05-05T18:42:18.699687Z,delphinID_whistles,whistle,Lac,0.353681
delphinID_whistles:Y1_2:0,,2024-05-05T18:42:18.699687Z,delphinID_whistles,whistle,Lal,0.068147
delphinID_whistles:Y1_2:0,,2024-05-05T18:42:18.699687Z,delphinID_whistles,whistle,Oor,0.048318
delphinID_whistles:Y1_2:0,,2024-05-05T18:42:18.699687Z,delphinID_whistles,whistle,Ttr,0.042555
delphinID_whistles:Y1_2:1,,2024-05-05T18:44:36.342334Z,delphinID_whistles,whistle,Dde,0.213076
delphinID_whistles:Y1_2:1,,2024-05-05T18:44:36.342334Z,delphinID_whistles,whistle,Ggr,0.000967
delphinID_whistles:Y1_2:1,,2024-05-05T18:44:36.342334Z,delphinID_whistles,whistle,Gme,0.001716
delphinID_whistles:Y1_2:1,,2024-05-05T18:44:36.342334Z,delphinID_whistles,whistle,Lac,0.007874
delphinID_whistles:Y1_2:1,,2024-05-05T18:44:36.342334Z,delphinID_whistles,whistle,Lal,0.177566
delphinID_whistles:Y1_2:1,,2024-05-05T18:44:36.342334Z,delphinID_whistles,whistle,Oor,0.025108
delphinID_whistles:Y1_2:1,,2024-05-05T18:44:36.342334Z,delphinID_whistles,whistle,Ttr,0.573694
delphinID_whistles:Y1_2:2,,2024-05-05T18:44:03.132142Z,delphinID_whistles,whistle,Dde,0.10888
delphinID_whistles:Y1_2:2,,2024-05-05T18:44:03.132142Z,delphinID_whistles,whistle,Ggr,0.049459
delphinID_whistles:Y1_2:2,,2024-05-05T18:44:03.132142Z,delphinID_whistles,whistle,Gme,0.019409
delphinID_whistles:Y1_2:2,,2024-05-05T18:44:03.132142Z,delphinID_whistles,whistle,Lac,0.623031
delphinID_whistles:Y1_2:2,,2024-05-05T18:44:03.132142Z,delphinID_whistles,whistle,Lal,0.148183
delphinID_whistles:Y1_2:2,,2024-05-05T18:44:03.132142Z,delphinID_whistles,whistle,Oor,0.003253
delphinID_whistles:Y1_2:2,,2024-05-05T18:44:03.132142Z,delphinID_whistles,whistle,Ttr,0.047785
delphinID_whistles:Y1_2:3,,2024-05-05T18:42:20.070660Z,delphinID_whistles,whistle,Dde,0.032356
delphinID_whistles:Y1_2:3,,2024-05-05T18:42:20.070660Z,delphinID_whistles,whistle,Ggr,0.181238
delphinID_whistles:Y1_2:3,,2024-05-05T18:42:20.070660Z,delphinID_whistles,whistle,Gme,0.212374
delphinID_whistles:Y1_2:3,,2024-05-05T18:42:20.070660Z,delphinID_whistles,whistle,Lac,0.000695
delphinID_whistles:Y1_2:3,,2024-05-05T18:42:20.070660Z,delphinID_whistles,whistle,Lal,0.052621
delphinID_whistles:Y1_2:3,,2024-05-05T18:42:20.070660Z,delphinID_whistles,whistle,Oor,0.061302
delphinID_whistles:Y1_2:3,,2024-05-05T18:42:20.070660Z,delphinID_whistles,whistle,Ttr,0.459414
delphinID_whistles:Y1_2:4,,2024-05-05T18:48:18.230292Z,delphinID_whistles,whistle,Dde,0.513708
delphinID_whistles:Y1_2:4,,2024-05-05T18:48:18.230292Z,delphinID_whistles,whistle,Ggr,0.064232
delphinID_whistles:Y1_2:4,,2024-05-05T18:48:18.230292Z,delphinID_whistles,whistle,Gme,0.001304
delphinID_whistles:Y1_2:4,,2024-05-05T18:48:18.230292Z,delphinID_whistles,whistle,Lac,0.103192
delphinID_whistles:Y1_2:4,,2024-05-05T18:48:18.230292Z,delphinID_whistles,whistle,Lal,0.068464
delphinID_whistles:Y1_2:4,,2024-05-05T18:48:18.230292Z,delphinID_whistles,whistle,Oor,0.134973
delphinID_whistles:Y1_2:4,,2024-05-05T18:48:18.230292Z,delphinID_whistles,whistle,Ttr,0.114127
delphinID_clicks:Y1_2:0,,2024-05-05T18:46:37.251179Z,delphinID_clicks,click,Dde,0.154572
delphinID_clicks:Y1_2:0,,2024-05-05T18:46:37.251179Z,delphinID_clicks,click,Ggr,0.094438
delphinID_clicks:Y1_2:0,,2024-05-05T18:46:37.251179Z,delphinID_clicks,click,Gme,0.256176
delphinID_clicks:Y1_2:0,,2024-05-05T18:46:37.251179Z,delphinID_clicks,click,Lal,0.00148
delphinID_clicks:Y1_2:0,,2024-05-05T18:46:37.251179Z,delphinID_clicks,click,Ttr,0.493334
delphinID_clicks:Y1_2:1,,2024-05-05T18:44:07.964944Z,delphinID_clicks,click,Dde,0.002678
delphinID_clicks:Y1_2:1,,2024-05-05T18:44:07.964944Z,delphinID_clicks,click,Ggr,0.00457
delphinID_clicks:Y1_2:1,,2024-05-05T18:44:07.964944Z,delphinID_clicks,click,Gme,0.019867
delphinID_clicks:Y1_2:1,,2024-05-05T18:44:07.964944Z,delphinID_clicks,click,Lal,0.167138
delphinID_clicks:Y1_2:1,,2024-05-05T18:44:07.964944Z,delphinID_clicks,click,Ttr,0.805747
delphinID_clicks:Y1_2:2,,2024-05-05T18:40:36.992480Z,delphinID_clicks,click,Dde,1e-06
delphinID_clicks:Y1_2:2,,2024-05-05T18:40:36.992480Z,delphinID_clicks,click,Ggr,0.112432
delphinID_clicks:Y1_2:2,,2024-05-05T18:40:36.992480Z,delphinID_clicks,click,Gme,0.004477
delphinID_clicks:Y1_2:2,,2024-05-05T18:40:36.992480Z,delphinID_clicks,click,Lal,0.509893
delphinID_clicks:Y1_2:2,,2024-05-05T18:40:36.992480Z,delphinID_clicks,click,Ttr,0.373197
delphinID_clicks:Y1_2:3,,2024-05-05T18:43:32.193914Z,delphinID_clicks,click,Dde,0.344394
delphinID_clicks:Y1_2:3,,2024-05-05T18:43:32.193914Z,delphinID_clicks,click,Ggr,0.077663
delphinID_clicks:Y1_2:3,,2024-05-05T18:43:32.193914Z,delphinID_clicks,click,Gme,0.087507
delphinID_clicks:Y1_2:3,,2024-05-05T18:43:32.193914Z,delphinID_clicks,click,Lal,0.012655
delphinID_clicks:Y1_2:3,,2024-05-05T18:43:32.193914Z,delphinID_clicks,click,Ttr,0.477781
delphinID_clicks:Y1_2:4,,2024-05-05T18:44:39.619620Z,delphinID_clicks,click,Dde,0.182386
delphinID_clicks:Y1_2:4,,2024-05-05T18:44:39.619620Z,delphinID_clicks,click,Ggr,0.241504
delphinID_clicks:Y1_2:4,,2024-05-05T18:44:39.619620Z,delphinID_clicks,click,Gme,0.354158
delphinID_clicks:Y1_2:4,,2024-05-05T18:44:39.619620Z,delphinID_clicks,click,Lal,0.19251
delphinID_clicks:Y1_2:4,,2024-05-05T18:44:39.619620Z,delphinID_clicks,click,Ttr,0.029442
delphinID_clicks:Y1_2:5,,2024-05-05T18:40:50.536636Z,delphinID_clicks,click,Dde,0.131453
delphinID_clicks:Y1_2:5,,2024-05-05T18:40:50.536636Z,delphinID_clicks,click,Ggr,0.077525
delphinID_clicks:Y1_2:5,,2024-05-05T18:40:50.536636Z,delphinID_clicks,click,Gme,0.006674
delphinID_clicks:Y1_2:5,,2024-05-05T18:40:50.536636Z,delphinID_clicks,click,Lal,0.741988
delphinID_clicks:Y1_2:5,,2024-05-05T18:40:50.536636Z,delphinID_clicks,click,Ttr,0.04236
delphinID_clicks:Y1_2:6,,2024-05-05T18:40:28.550986Z,delphinID_clicks,click,Dde,0.061685
delphinID_clicks:Y1_2:6,,2024-05-05T18:40:28.550986Z,delphinID_clicks,click,Ggr,0.107227
delphinID_clicks:Y1_2:6,,2024-05-05T18:40:28.550986Z,delphinID_clicks,click,Gme,0.180667
delphinID_clicks:Y1_2:6,,2024-05-05T18:40:28.550986Z,delphinID_clicks,click,Lal,0.423931
delphinID_clicks:Y1_2:6,,2024-05-05T18:40:28.550986Z,delphinID_clicks,click,Ttr,0.226491
delphinID_clicks:Y1_2:7,,2024-05-05T18:49:26.904612Z,delphinID_clicks,click,Dde,0.005
delphinID_clicks:Y1_2:7,,2024-05-05T18:49:26.904612Z,delphinID_clicks,click,Ggr,0.300346
delphinID_clicks:Y1_2:7,,2024-05-05T18:49:26.904612Z,delphinID_clicks,click,Gme,0.001416
delphinID_clicks:Y1_2:7,,2024-05-05T18:49:26.904612Z,delphinID_clicks,click,Lal,0.034479
delphinID_clicks:Y1_2:7,,2024-05-05T18:49:26.904612Z,delphinID_clicks,click,Ttr,0.658759
delphinID_clicks:Y1_2:8,,2024-05-05T18:41:24.604956Z,delphinID_clicks,click,Dde,0.370864
delphinID_clicks:Y1_2:8,,2024-05-05T18:41:24.604956Z,delphinID_clicks,click,Ggr,0.001177
delphinID_clicks:Y1_2:8,,2024-05-05T18:41:24.604956Z,delphinID_clicks,click,Gme,0.085816
delphinID_clicks:Y1_2:8,,2024-05-05T18:41:24.604956Z,delphinID_clicks,click,Lal,0.006554
delphinID_clicks:Y1_2:8,,2024-05-05T18:41:24.604956Z,delphinID_clicks,click,Ttr,0.535588
delphinID_clicks:Y1_2:9,,2024-05-05T18:46:56.476764Z,delphinID_clicks,click,Dde,0.183742
delphinID_clicks:Y1_2:9,,2024-05-05T18:46:56.476764Z,delphinID_clicks,click,Ggr,0.134713
delphinID_clicks:Y1_2:9,,2024-05-05T18:46:56.476764Z,delphinID_clicks,click,Gme,0.006734
delphinID_clicks:Y1_2:9,,2024-05-05T18:46:56.476764Z,delphinID_clicks,click,Lal,0.470778
delphinID_clicks:Y1_2:9,,2024-05-05T18:46:56.476764Z,delphinID_clicks,click,Ttr,0.204033
delphinID_clicks:Y1_2:10,,2024-05-05T18:42:41.563846Z,delphinID_clicks,click,Dde,0.005449
delphinID_clicks:Y1_2:10,,2024-05-05T18:42:41.563846Z,delphinID_clicks,click,Ggr,0.00043
delphinID_clicks:Y1_2:10,,2024-05-05T18:42:41.563846Z,delphinID_clicks,click,Gme,0.161057
delphinID_clicks:Y1_2:10,,2024-05-05T18:42:41.563846Z,delphinID_clicks,click,Lal,0.068418
delphinID_clicks:Y1_2:10,,2024-05-05T18:42:41.563846Z,delphinID_clicks,click,Ttr,0.764647
delphinID_whistles:Y1_3:0,,2024-05-05T19:24:58.316368Z,delphinID_whistles,whistle,Dde,0.632612
delphinID_whistles:Y1_3:0,,2024-05-05T19:24:58.316368Z,delphinID_whistles,whistle,Ggr,0.010655
delphinID_whistles:Y1_3:0,,2024-05-05T19:24:58.316368Z,delphinID_whistles,whistle,Gme,0.087745
delphinID_whistles:Y1_3:0,,2024-05-05T19:24:58.316368Z,delphinID_whistles,whistle,Lac,0.19502
delphinID_whistles:Y1_3:0,,2024-05-05T19:24:58.316368Z,delphinID_whistles,whistle,Lal,0.021423
delphinID_whistles:Y1_3:0,,2024-05-05T19:24:58.316368Z,delphinID_whistles,whistle,Oor,0.000223
delphinID_whistles:Y1_3:0,,2024-05-05T19:24:58.316368Z,delphinID_whistles,whistle,Ttr,0.052321
delphinID_whistles:Y1_3:1,,2024-05-05T19:22:34.287951Z,delphinID_whistles,whistle,Dde,0.263238
delphinID_whistles:Y1_3:1,,2024-05-05T19:22:34.287951Z,delphinID_whistles,whistle,Ggr,0.042874
delphinID_whistles:Y1_3:1,,2024-05-05T19:22:34.287951Z,delphinID_whistles,whistle,Gme,0.040822
delphinID_whistles:Y1_3:1,,2024-05-05T19:22:34.287951Z,delphinID_whistles,whistle,Lac,0.119793
delphinID_whistles:Y1_3:1,,2024-05-05T19:22:34.287951Z,delphinID_whistles,whistle,Lal,0.231653
delphinID_whistles:Y1_3:1,,2024-05-05T19:22:34.287951Z,delphinID_whistles,whistle,Oor,0.034663
delphinID_whistles:Y1_3:1,,2024-05-05T19:22:34.287951Z,delphinID_whistles,whistle,Ttr,0.266957
delphinID_whistles:Y1_3:2,,2024-05-05T19:23:01.291165Z,delphinID_whistles,whistle,Dde,0.100236
delphinID_whistles:Y1_3:2,,2024-05-05T19:23:01.291165Z,delphinID_whistles,whistle,Ggr,0.166609
delphinID_whistles:Y1_3:2,,2024-05-05T19:23:01.291165Z,delphinID_whistles,whistle,Gme,0.034115
delphinID_whistles:Y1_3:2,,2024-05-05T19:23:01.291165Z,delphinID_whistles,whistle,Lac,0.133193
delphinID_whistles:Y1_3:2,,2024-05-05T19:23:01.291165Z,delphinID_whistles,whistle,Lal,0.403855
delphinID_whistles:Y1_3:2,,2024-05-05T19:23:01.291165Z,delphinID_whistles,whistle,Oor,0.052173
delphinID_whistles:Y1_3:2,,2024-05-05T19:23:01.291165Z,delphinID_whistles,whistle,Ttr,0.109818
delphinID_whistles:Y1_3:3,,2024-05-05T19:24:29.753374Z,delphinID_whistles,whistle,Dde,0.065379
delphinID_whistles:Y1_3:3,,2024-05-05T19:24:29.753374Z,delphinID_whistles,whistle,Ggr,0.080938
delphinID_whistles:Y1_3:3,,2024-05-05T19:24:29.753374Z,delphinID_whistles,whistle,Gme,0.049408
delphinID_whistles:Y1_3:3,,2024-05-05T19:24:29.753374Z,delphinID_whistles,whistle,Lac,0.197241
delphinID_whistles:Y1_3:3,,2024-05-05T19:24:29.753374Z,delphinID_whistles,whistle,Lal,0.27031
delphinID_whistles:Y1_3:3,,2024-05-05T19:24:29.753374Z,delphinID_whistles,whistle,Oor,0.054974
delphinID_whistles:Y1_3:3,,2024-05-05T19:24:29.753374Z,delphinID_whistles,whistle,Ttr,0.281749
delphinID_whistles:Y1_3:4,,2024-05-05T19:20:39.840425Z,delphinID_whistles,whistle,Dde,0.558524
delphinID_whistles:Y1_3:4,,2024-05-05T19:20:39.840425Z,delphinID_whistles,whistle,Ggr,0.008947
delphinID_whistles:Y1_3:4,,2024-05-05T19:20:39.840425Z,delphinID_whistles,whistle,Gme,0.091896
delphinID_whistles:Y1_3:4,,2024-05-05T19:20:39.840425Z,delphinID_whistles,whistle,Lac,0.107911
delphinID_whistles:Y1_3:4,,2024-05-05T19:20:39.840425Z,delphinID_whistles,whistle,Lal,0.037089
delphinID_whistles:Y1_3:4,,2024-05-05T19:20:39.840425Z,delphinID_whistles,whistle,Oor,0.009515
delphinID_whistles:Y1_3:4,,2024-05-05T19:20:39.840425Z,delphinID_whistles,whistle,Ttr,0.186117
delphinID_whistles:Y1_3:5,,2024-05-05T19:20:58.644193Z,delphinID_whistles,whistle,Dde,0.002133
delphinID_whistles:Y1_3:5,,2024-05-05T19:20:58.644193Z,delphinID_whistles,whistle,Ggr,0.002083
delphinID_whistles:Y1_3:5,,2024-05-05T19:20:58.644193Z,delphinID_whistles,whistle,Gme,0.046049
delphinID_whistles:Y1_3:5,,2024-05-05T19:20:58.644193Z,delphinID_whistles,whistle,Lac,0.535659
delphinID_whistles:Y1_3:5,,2024-05-05T19:20:58.644193Z,delphinID_whistles,whistle,Lal,0.002345
delphinID_whistles:Y1_3:5,,2024-05-05T19:20:58.644193Z,delphinID_whistles,whistle,Oor,0.007483
delphinID_whistles:Y1_3:5,,2024-05-05T19:20:58.644193Z,delphinID_whistles,whistle,Ttr,0.404249
delphinID_whistles:Y1_3:6,,2024-05-05T19:25:07.484742Z,delphinID_whistles,whistle,Dde,0.074121
delphinID_whistles:Y1_3:6,,2024-05-05T19:25:07.484742Z,delphinID_whistles,whistle,Ggr,0.012382
delphinID_whistles:Y1_3:6,,2024-05-05T19:25:07.484742Z,delphinID_whistles,whistle,Gme,0.013993
delphinID_whistles:Y1_3:6,,2024-05-05T19:25:07.484742Z,delphinID_whistles,whistle,Lac,0.038352
delphinID_whistles:Y1_3:6,,2024-05-05T19:25:07.484742Z,delphinID_whistles,whistle,Lal,0.035417
delphinID_whistles:Y1_3:6,,2024-05-05T19:25:07.484742Z,delphinID_whistles,whistle,Oor,0.149217
delphinID_whistles:Y1_3:6,,2024-05-05T19:25:07.484742Z,delphinID_whistles,whistle,Ttr,0.676518
delphinID_whistles:Y1_3:7,,2024-05-05T19:26:15.617179Z,delphinID_whistles,whistle,Dde,0.170148
delphinID_whistles:Y1_3:7,,2024-05-05T19:26:15.617179Z,delphinID_whistles,whistle,Ggr,0.005262
delphinID_whistles:Y1_3:7,,2024-05-05T19:26:15.617179Z,delphinID_whistles,whistle,Gme,0.000437
delphinID_whistles:Y1_3:7,,2024-05-05T19:26:15.617179Z,delphinID_whistles,whistle,Lac,0.332427
delphinID_whistles:Y1_3:7,,2024-05-05T19:26:15.617179Z,delphinID_whistles,whistle,Lal,0.21632
delphinID_whistles:Y1_3:7,,2024-05-05T19:26:15.617179Z,delphinID_whistles,whistle,Oor,0.085162
delphinID_whistles:Y1_3:7,,2024-05-05T19:26:15.617179Z,delphinID_whistles,whistle,Ttr,0.190244
delphinID_whistles:Y1_3:8,,2024-05-05T19:22:42.717012Z,delphinID_whistles,whistle,Dde,0.00374
delphinID_whistles:Y1_3:8,,2024-05-05T19:22:42.717012Z,delphinID_whistles,whistle,Ggr,0.293842
delphinID_whistles:Y1_3:8,,2024-05-05T19:22:42.717012Z,delphinID_whistles,whistle,Gme,0.061349
delphinID_whistles:Y1_3:8,,2024-05-05T19:22:42.717012Z,delphinID_whistles,whistle,Lac,0.028351
delphinID_whistles:Y1_3:8,,2024-05-05T19:22:42.717012Z,delphinID_whistles,whistle,Lal,0.192591
delphinID_whistles:Y1_3:8,,2024-05-05T19:22:42.717012Z,delphinID_whistles,whistle,Oor,0.116763
delphinID_whistles:Y1_3:8,,2024-05-05T19:22:42.717012Z,delphinID_whistles,whistle,Ttr,0.303364
delphinID_whistles:Y1_3:9,,2024-05-05T19:21:50.155552Z,delphinID_whistles,whistle,Dde,0.390021
delphinID_whistles:Y1_3:9,,2024-05-05T19:21:50.155552Z,delphinID_whistles,whistle,Ggr,0.021154
delphinID_whistles:Y1_3:9,,2024-05-05T19:21:50.155552Z,delphinID_whistles,whistle,Gme,0.035302
delphinID_whistles:Y1_3:9,,2024-05-05T19:21:50.155552Z,delphinID_whistles,whistle,Lac,0.001365
delphinID_whistles:Y1_3:9,,2024-05-05T19:21:50.155552Z,delphinID_whistles,whistle,Lal,0.016538
delphinID_whistles:Y1_3:9,,2024-05-05T19:21:50.155552Z,delphinID_whistles,whistle,Oor,0.493862
delphinID_whistles:Y1_3:9,,2024-05-05T19:21:50.155552Z,delphinID_whistles,whistle,Ttr,0.041757
delphinID_whistles:Y1_3:10,,2024-05-05T19:29:02.596671Z,delphinID_whistles,whistle,Dde,2.8e-05
delphinID_whistles:Y1_3:10,,2024-05-05T19:29:02.596671Z,delphinID_whistles,whistle,Ggr,0.003589
delphinID_whistles:Y1_3:10,,2024-05-05T19:29:02.596671Z,delphinID_whistles,whistle,Gme,0.082802
delphinID_whistles:Y1_3:10,,2024-05-05T19:29:02.596671Z,delphinID_whistles,whistle,Lac,0.493948
delphinID_whistles:Y1_3:10,,2024-05-05T19:29:02.596671Z,delphinID_whistles,whistle,Lal,0.094004
delphinID_whistles:Y1_3:10,,2024-05-05T19:29:02.596671Z,delphinID_whistles,whistle,Oor,0.008615
delphinID_whistles:Y1_3:10,,2024-05-05T19:29:02.596671Z,delphinID_whistles,whistle,Ttr,0.317014
delphinID_whistles:Y1_3:11,,2024-05-05T19:24:40.356435Z,delphinID_whistles,whistle,Dde,0.033367
delphinID_whistles:Y1_3:11,,2024-05-05T19:24:40.356435Z,delphinID_whistles,whistle,Ggr,0.522239
delphinID_whistles:Y1_3:11,,2024-05-05T19:24:40.356435Z,delphinID_whistles,whistle,Gme,0.00226
delphinID_whistles:Y1_3:11,,2024-05-05T19:24:40.356435Z,delphinID_whistles,whistle,Lac,0.000971
delphinID_whistles:Y1_3:11,,2024-05-05T19:24:40.356435Z,delphinID_whistles,whistle,Lal,0.031432
delphinID_whistles:Y1_3:11,,2024-05-05T19:24:40.356435Z,delphinID_whistles,whistle,Oor,0.016672
delphinID_whistles:Y1_3:11,,2024-05-05T19:24:40.356435Z,delphinID_whistles,whistle,Ttr,0.393059
delphinID_whistles:Y1_3:12,,2024-05-05T19:29:43.206361Z,delphinID_whistles,whistle,Dde,0.032854
delphinID_whistles:Y1_3:12,,2024-05-05T19:29:43.206361Z,delphinID_whistles,whistle,Ggr,0.002914
delphinID_whistles:Y1_3:12,,2024-05-05T19:29:43.206361Z,delphinID_whistles,whistle,Gme,0.035961
delphinID_whistles:Y1_3:12,,2024-05-05T19:29:43.206361Z,delphinID_whistles,whistle,Lac,0.046353
delphinID_whistles:Y1_3:12,,2024-05-05T19:29:43.206361Z,delphinID_whistles,whistle,Lal,0.012411
delphinID_whistles:Y1_3:12,,2024-05-05T19:29:43.206361Z,delphinID_whistles,whistle,Oor,0.011306
delphinID_whistles:Y1_3:12,,2024-05-05T19:29:43.206361Z,delphinID_whistles,whistle,Ttr,0.858199
delphinID_whistles:Y1_3:13,,2024-05-05T19:26:44.298872Z,delphinID_whistles,whistle,Dde,0.047502
delphinID_whistles:Y1_3:13,,2024-05-05T19:26:44.298872Z,delphinID_whistles,whistle,Ggr,0.203118
delphinID_whistles:Y1_3:13,,2024-05-05T19:26:44.298872Z,delphinID_whistles,whistle,Gme,0.214707
delphinID_whistles:Y1_3:13,,2024-05-05T19:26:44.298872Z,delphinID_whistles,whistle,Lac,0.246294
delphinID_whistles:Y1_3:13,,2024-05-05T19:26:44.298872Z,delphinID_whistles,whistle,Lal,0.073652
delphinID_whistles:Y1_3:13,,2024-05-05T19:26:44.298872Z,delphinID_whistles,whistle,Oor,0.193506
delphinID_whistles:Y1_3:13,,2024-05-05T19:26:44.298872Z,delphinID_whistles,whistle,Ttr,0.02122
delphinID_whistles:Y1_3:14,,2024-05-05T19:27:58.088502Z,delphinID_whistles,whistle,Dde,0.092348
delphinID_whistles:Y1_3:14,,2024-05-05T19:27:58.088502Z,delphinID_whistles,whistle,Ggr,0.293041
delphinID_whistles:Y1_3:14,,2024-05-05T19:27:58.088502Z,delphinID_whistles,whistle,Gme,0.218007
delphinID_whistles:Y1_3:14,,2024-05-05T19:27:58.088502Z,delphinID_whistles,whistle,Lac,0.05175
delphinID_whistles:Y1_3:14,,2024-05-05T19:27:58.088502Z,delphinID_whistles,whistle,Lal,0.005278
delphinID_whistles:Y1_3:14,,2024-05-05T19:27:58.088502Z,delphinID_whistles,whistle,Oor,0.164274
delphinID_whistles:Y1_3:14,,2024-05-05T19:27:58.088502Z,delphinID_whistles,whistle,Ttr,0.175302
delphinID_whistles:Y1_3:15,,2024-05-05T19:24:51.273841Z,delphinID_whistles,whistle,Dde,0.0
delphinID_whistles:Y1_3:15,,2024-05-05T19:24:51.273841Z,delphinID_whistles,whistle,Ggr,0.000385
delphinID_whistles:Y1_3:15,,2024-05-05T19:24:51.273841Z,delphinID_whistles,whistle,Gme,0.041423
delphinID_whistles:Y1_3:15,,2024-05-05T19:24:51.273841Z,delphinID_whistles,whistle,Lac,0.103725
delphinID_whistles:Y1_3:15,,2024-05-05T19:24:51.273841Z,delphinID_whistles,whistle,Lal,0.22115
delphinID_whistles:Y1_3:15,,2024-05-05T19:24:51.273841Z,delphinID_whistles,whistle,Oor,0.103077
delphinID_whistles:Y1_3:15,,2024-05-05T19:24:51.273841Z,delphinID_whistles,whistle,Ttr,0.530239
delphinID_whistles:Y1_3:16,,2024-05-05T19:29:32.138159Z,delphinID_whistles,whistle,Dde,0.019156
delphinID_whistles:Y1_3:16,,2024-05-05T19:29:32.138159Z,delphinID_whistles,whistle,Ggr,0.062368
delphinID_whistles:Y1_3:16,,2024-05-05T19:29:32.138159Z,delphinID_whistles,whistle,Gme,0.653824
delphinID_whistles:Y1_3:16,,2024-05-05T19:29:32.138159Z,delphinID_whistles,whistle,Lac,0.021436
delphinID_whistles:Y1_3:16,,2024-05-05T19:29:32.138159Z,delphinID_whistles,whistle,Lal,0.025046
delphinID_whistles:Y1_3:16,,2024-05-05T19:29:32.138159Z,delphinID_whistles,whistle,Oor,0.150848
delphinID_whistles:Y1_3:16,,2024-05-05T19:29:32.138159Z,delphinID_whistles,whistle,Ttr,0.067322
delphinID_clicks:Y1_3:0,,2024-05-05T19:26:44.036609Z,delphinID_clicks,click,Dde,0.342437
delphinID_clicks:Y1_3:0,,2024-05-05T19:26:44.036609Z,delphinID_clicks,click,Ggr,0.178954
delphinID_clicks:Y1_3:0,,2024-05-05T19:26:44.036609Z,delphinID_clicks,click,Gme,0.033016
delphinID_clicks:Y1_3:0,,2024-05-05T19:26:44.036609Z,delphinID_clicks,click,Lal,0.135472
delphinID_clicks:Y1_3:0,,2024-05-05T19:26:44.036609Z,delphinID_clicks,click,Ttr,0.310122
delphinID_clicks:Y1_3:1,,2024-05-05T19:26:29.530792Z,delphinID_clicks,click,Dde,0.031819
delphinID_clicks:Y1_3:1,,2024-05-05T19:26:29.530792Z,delphinID_clicks,click,Ggr,0.152529
delphinID_clicks:Y1_3:1,,2024-05-05T19:26:29.530792Z,delphinID_clicks,click,Gme,0.571471
delphinID_clicks:Y1_3:1,,2024-05-05T19:26:29.530792Z,delphinID_clicks,click,Lal,0.025717
delphinID_clicks:Y1_3:1,,2024-05-05T19:26:29.530792Z,delphinID_clicks,click,Ttr,0.218465
delphinID_clicks:Y1_3:2,,2024-05-05T19:23:04.333264Z,delphinID_clicks,click,Dde,1.4e-05
delphinID_clicks:Y1_3:2,,2024-05-05T19:23:04.333264Z,delphinID_clicks,click,Ggr,0.361013
delphinID_clicks:Y1_3:2,,2024-05-05T19:23:04.333264Z,delphinID_clicks,click,Gme,0.408006
delphinID_clicks:Y1_3:2,,2024-05-05T19:23:04.333264Z,delphinID_clicks,click,Lal,0.051504
delphinID_clicks:Y1_3:2,,2024-05-05T19:23:04.333264Z,delphinID_clicks,click,Ttr,0.179462
delphinID_clicks:Y1_3:3,,2024-05-05T19:26:27.762680Z,delphinID_clicks,click,Dde,0.005944
delphinID_clicks:Y1_3:3,,2024-05-05T19:26:27.762680Z,delphinID_clicks,click,Ggr,0.247544
delphinID_clicks:Y1_3:3,,2024-05-05T19:26:27.762680Z,delphinID_clicks,click,Gme,0.375864
delphinID_clicks:Y1_3:3,,2024-05-05T19:26:27.762680Z,delphinID_clicks,click,Lal,0.003347
delphinID_clicks:Y1_3:3,,2024-05-05T19:26:27.762680Z,delphinID_clicks,click,Ttr,0.367302
delphinID_clicks:Y1_3:4,,2024-05-05T19:21:01.095646Z,delphinID_clicks,click,Dde,0.015799
delphinID_clicks:Y1_3:4,,2024-05-05T19:21:01.095646Z,delphinID_clicks,click,Ggr,0.021695
delphinID_clicks:Y1_3:4,,2024-05-05T19:21:01.095646Z,delphinID_clicks,click,Gme,0.412528
delphinID_clicks:Y1_3:4,,2024-05-05T19:21:01.095646Z,delphinID_clicks,click,Lal,0.106219
delphinID_clicks:Y1_3:4,,2024-05-05T19:21:01.095646Z,delphinID_clicks,click,Ttr,0.443759
delphinID_clicks:Y1_3:5,,2024-05-05T19:26:20.876381Z,delphinID_clicks,click,Dde,0.406786
delphinID_clicks:Y1_3:5,,2024-05-05T19:26:20.876381Z,delphinID_clicks,click,Ggr,0.012491
delphinID_clicks:Y1_3:5,,2024-05-05T19:26:20.876381Z,delphinID_clicks,click,Gme,0.018899
delphinID_clicks:Y1_3:5,,2024-05-05T19:26:20.876381Z,delphinID_clicks,click,Lal,0.237252
delphinID_clicks:Y1_3:5,,2024-05-05T19:26:20.876381Z,delphinID_clicks,click,Ttr,0.324572
delphinID_clicks:Y1_3:6,,2024-05-05T19:27:38.098907Z,delphinID_clicks,click,Dde,0.03119
delphinID_clicks:Y1_3:6,,2024-05-05T19:27:38.098907Z,delphinID_clicks,click,Ggr,0.1438
delphinID_clicks:Y1_3:6,,2024-05-05T19:27:38.098907Z,delphinID_clicks,click,Gme,0.009701
delphinID_clicks:Y1_3:6,,2024-05-05T19:27:38.098907Z,delphinID_clicks,click,Lal,0.321108
delphinID_clicks:Y1_3:6,,2024-05-05T19:27:38.098907Z,delphinID_clicks,click,Ttr,0.494201
delphinID_clicks:Y1_3:7,,2024-05-05T19:26:34.347994Z,delphinID_clicks,click,Dde,0.091969
delphinID_clicks:Y1_3:7,,2024-05-05T19:26:34.347994Z,delphinID_clicks,click,Ggr,0.521428
delphinID_clicks:Y1_3:7,,2024-05-05T19:26:34.347994Z,delphinID_clicks,click,Gme,0.011222
delphinID_clicks:Y1_3:7,,2024-05-05T19:26:34.347994Z,delphinID_clicks,click,Lal,0.098249
delphinID_clicks:Y1_3:7,,2024-05-05T19:26:34.347994Z,delphinID_clicks,click,Ttr,0.277131
delphinID_clicks:Y1_3:8,,2024-05-05T19:29:55.377978Z,delphinID_clicks,click,Dde,0.15149
delphinID_clicks:Y1_3:8,,2024-05-05T19:29:55.377978Z,delphinID_clicks,click,Ggr,0.221932
delphinID_clicks:Y1_3:8,,2024-05-05T19:29:55.377978Z,delphinID_clicks,click,Gme,0.096373
delphinID_clicks:Y1_3:8,,2024-05-05T19:29:55.377978Z,delphinID_clicks,click,Lal,0.27407
delphinID_clicks:Y1_3:8,,2024-05-05T19:29:55.377978Z,delphinID_clicks,click,Ttr,0.256134
delphinID_clicks:Y1_3:9,,2024-05-05T19:24:04.066880Z,delphinID_clicks,click,Dde,0.413178
delphinID_clicks:Y1_3:9,,2024-05-05T19:24:04.066880Z,delphinID_clicks,click,Ggr,0.423324
delphinID_clicks:Y1_3:9,,2024-05-05T19:24:04.066880Z,delphinID_clicks,click,Gme,0.023773
delphinID_clicks:Y1_3:9,,2024-05-05T19:24:04.066880Z,delphinID_clicks,click,Lal,0.13653
delphinID_clicks:Y1_3:9,,2024-05-05T19:24:04.066880Z,delphinID_clicks,click,Ttr,0.003196
delphinID_clicks:Y1_3:10,,2024-05-05T19:29:16.733658Z,delphinID_clicks,click,Dde,0.019632
delphinID_clicks:Y1_3:10,,2024-05-05T19:29:16.733658Z,delphinID_clicks,click,Ggr,0.584011
delphinID_clicks:Y1_3:10,,2024-05-05T19:29:16.733658Z,delphinID_clicks,click,Gme,0.016272
delphinID_clicks:Y1_3:10,,2024-05-05T19:29:16.733658Z,delphinID_clicks,click,Lal,0.190475
delphinID_clicks:Y1_3:10,,2024-05-05T19:29:16.733658Z,delphinID_clicks,click,Ttr,0.189611
delphinID_clicks:Y1_3:11,,2024-05-05T19:26:02.536461Z,delphinID_clicks,click,Dde,0.083932
delphinID_clicks:Y1_3:11,,2024-05-05T19:26:02.536461Z,delphinID_clicks,click,Ggr,0.001912
delphinID_clicks:Y1_3:11,,2024-05-05T19:26:02.536461Z,delphinID_clicks,click,Gme,0.003219
delphinID_clicks:Y1_3:11,,2024-05-05T19:26:02.536461Z,delphinID_clicks,click,Lal,0.018575
delphinID_clicks:Y1_3:11,,2024-05-05T19:26:02.536461Z,delphinID_clicks,click,Ttr,0.892362
delphinID_whistles:Y1_5:0,,2024-05-05T20:49:06.202722Z,delphinID_whistles,whistle,Dde,0.102626
delphinID_whistles:Y1_5:0,,2024-05-05T20:49:06.202722Z,delphinID_whistles,whistle,Ggr,0.145563
delphinID_whistles:Y1_5:0,,2024-05-05T20:49:06.202722Z,delphinID_whistles,whistle,Gme,0.348134
delphinID_whistles:Y1_5:0,,2024-05-05T20:49:06.202722Z,delphinID_whistles,whistle,Lac,0.00131
delphinID_whistles:Y1_5:0,,2024-05-05T20:49:06.202722Z,delphinID_whistles,whistle,Lal,0.016715
delphinID_whistles:Y1_5:0,,2024-05-05T20:49:06.202722Z,delphinID_whistles,whistle,Oor,0.019284
delphinID_whistles:Y1_5:0,,2024-05-05T20:49:06.202722Z,delphinID_whistles,whistle,Ttr,0.366369
delphinID_whistles:Y1_5:1,,2024-05-05T20:47:32.327266Z,delphinID_whistles,whistle,Dde,0.086392
delphinID_whistles:Y1_5:1,,2024-05-05T20:47:32.327266Z,delphinID_whistles,whistle,Ggr,0.016409
delphinID_whistles:Y1_5:1,,2024-05-05T20:47:32.327266Z,delphinID_whistles,whistle,Gme,0.498398
delphinID_whistles:Y1_5:1,,2024-05-05T20:47:32.327266Z,delphinID_whistles,whistle,Lac,0.114018
delphinID_whistles:Y1_5:1,,2024-05-05T20:47:32.327266Z,delphinID_whistles,whistle,Lal,0.007938
delphinID_whistles:Y1_5:1,,2024-05-05T20:47:32.327266Z,delphinID_whistles,whistle,Oor,0.013883
delphinID_whistles:Y1_5:1,,2024-05-05T20:47:32.327266Z,delphinID_whistles,whistle,Ttr,0.262961
delphinID_whistles:Y1_5:2,,2024-05-05T20:49:04.775256Z,delphinID_whistles,whistle,Dde,0.009533
delphinID_whistles:Y1_5:2,,2024-05-05T20:49:04.775256Z,delphinID_whistles,whistle,Ggr,3.5e-05
delphinID_whistles:Y1_5:2,,2024-05-05T20:49:04.775256Z,delphinID_whistles,whistle,Gme,0.004036
delphinID_whistles:Y1_5:2,,2024-05-05T20:49:04.775256Z,delphinID_whistles,whistle,Lac,0.712067
delphinID_whistles:Y1_5:2,,2024-05-05T20:49:04.775256Z,delphinID_whistles,whistle,Lal,0.034034
delphinID_whistles:Y1_5:2,,2024-05-05T20:49:04.775256Z,delphinID_whistles,whistle,Oor,0.030584
delphinID_whistles:Y1_5:2,,2024-05-05T20:49:04.775256Z,delphinID_whistles,whistle,Ttr,0.209711
delphinID_whistles:Y1_5:3,,2024-05-05T20:48:32.379579Z,delphinID_whistles,whistle,Dde,0.261687
delphinID_whistles:Y1_5:3,,2024-05-05T20:48:32.379579Z,delphinID_whistles,whistle,Ggr,0.201682
delphinID_whistles:Y1_5:3,,2024-05-05T20:48:32.379579Z,delphinID_whistles,whistle,Gme,4.6e-05
delphinID_whistles:Y1_5:3,,2024-05-05T20:48:32.379579Z,delphinID_whistles,whistle,Lac,0.000578
delphinID_whistles:Y1_5:3,,2024-05-05T20:48:32.379579Z,delphinID_whistles,whistle,Lal,0.00599
delphinID_whistles:Y1_5:3,,2024-05-05T20:48:32.379579Z,delphinID_whistles,whistle,Oor,0.365223
delphinID_whistles:Y1_5:3,,2024-05-05T20:48:32.379579Z,delphinID_whistles,whistle,Ttr,0.164794
delphinID_whistles:Y1_5:4,,2024-05-05T20:41:54.264497Z,delphinID_whistles,whistle,Dde,0.13762
delphinID_whistles:Y1_5:4,,2024-05-05T20:41:54.264497Z,delphinID_whistles,whistle,Ggr,0.000851
delphinID_whistles:Y1_5:4,,2024-05-05T20:41:54.264497Z,delphinID_whistles,whistle,Gme,0.126431
delphinID_whistles:Y1_5:4,,2024-05-05T20:41:54.264497Z,delphinID_whistles,whistle,Lac,0.040168
delphinID_whistles:Y1_5:4,,2024-05-05T20:41:54.264497Z,delphinID_whistles,whistle,Lal,0.281824
delphinID_whistles:Y1_5:4,,2024-05-05T20:41:54.264497Z,delphinID_whistles,whistle,Oor,0.18333
delphinID_whistles:Y1_5:4,,2024-05-05T20:41:54.264497Z,delphinID_whistles,whistle,Ttr,0.229776
delphinID_whistles:Y1_5:5,,2024-05-05T20:40:32.787249Z,delphinID_whistles,whistle,Dde,0.183071
delphinID_whistles:Y1_5:5,,2024-05-05T20:40:32.787249Z,delphinID_whistles,whistle,Ggr,0.158094
delphinID_whistles:Y1_5:5,,2024-05-05T20:40:32.787249Z,delphinID_whistles,whistle,Gme,0.034151
delphinID_whistles:Y1_5:5,,2024-05-05T20:40:32.787249Z,delphinID_whistles,whistle,Lac,0.155645
delphinID_whistles:Y1_5:5,,2024-05-05T20:40:32.787249Z,delphinID_whistles,whistle,Lal,0.051495
delphinID_whistles:Y1_5:5,,2024-05-05T20:40:32.787249Z,delphinID_whistles,whistle,Oor,0.111629
delphinID_whistles:Y1_5:5,,2024-05-05T20:40:32.787249Z,delphinID_whistles,whistle,Ttr,0.305915
delphinID_whistles:Y1_5:6,,2024-05-05T20:49:40.668350Z,delphinID_whistles,whistle,Dde,0.003217
delphinID_whistles:Y1_5:6,,2024-05-05T20:49:40.668350Z,delphinID_whistles,whistle,Ggr,0.008264
delphinID_whistles:Y1_5:6,,2024-05-05T20:49:40.668350Z,delphinID_whistles,whistle,Gme,0.063918
delphinID_whistles:Y1_5:6,,2024-05-05T20:49:40.668350Z,delphinID_whistles,whistle,Lac,0.862452
delphinID_whistles:Y1_5:6,,2024-05-05T20:49:40.668350Z,delphinID_whistles,whistle,Lal,0.018249
delphinID_whistles:Y1_5:6,,2024-05-05T20:49:40.668350Z,delphinID_whistles,whistle,Oor,0.037024
delphinID_whistles:Y1_5:6,,2024-05-05T20:49:40.668350Z,delphinID_whistles,whistle,Ttr,0.006877
delphinID_whistles:Y1_5:7,,2024-05-05T20:44:25.269779Z,delphinID_whistles,whistle,Dde,0.017039
delphinID_whistles:Y1_5:7,,2024-05-05T20:44:25.269779Z,delphinID_whistles,whistle,Ggr,6.8e-05
delphinID_whistles:Y1_5:7,,2024-05-05T20:44:25.269779Z,delphinID_whistles,whistle,Gme,0.060062
delphinID_whistles:Y1_5:7,,2024-05-05T20:44:25.269779Z,delphinID_whistles,whistle,Lac,0.591008
delphinID_whistles:Y1_5:7,,2024-05-05T20:44:25.269779Z,delphinID_whistles,whistle,Lal,0.009988
delphinID_whistles:Y1_5:7,,2024-05-05T20:44:25.269779Z,delphinID_whistles,whistle,Oor,0.005082
delphinID_whistles:Y1_5:7,,2024-05-05T20:44:25.269779Z,delphinID_whistles,whistle,Ttr,0.316754
delphinID_whistles:Y1_5:8,,2024-05-05T20:48:14.418534Z,delphinID_whistles,whistle,Dde,0.732298
delphinID_whistles:Y1_5:8,,2024-05-05T20:48:14.418534Z,delphinID_whistles,whistle,Ggr,0.097859
delphinID_whistles:Y1_5:8,,2024-05-05T20:48:14.418534Z,delphinID_whistles,whistle,Gme,0.003964
delphinID_whistles:Y1_5:8,,2024-05-05T20:48:14.418534Z,delphinID_whistles,whistle,Lac,0.064738
delphinID_whistles:Y1_5:8,,2024-05-05T20:48:14.418534Z,delphinID_whistles,whistle,Lal,0.015361
delphinID_whistles:Y1_5:8,,2024-05-05T20:48:14.418534Z,delphinID_whistles,whistle,Oor,0.013678
delphinID_whistles:Y1_5:8,,2024-05-05T20:48:14.418534Z,delphinID_whistles,whistle,Ttr,0.072102
delphinID_whistles:Y1_5:9,,2024-05-05T20:47:21.076808Z,delphinID_whistles,whistle,Dde,0.085807
delphinID_whistles:Y1_5:9,,2024-05-05T20:47:21.076808Z,delphinID_whistles,whistle,Ggr,0.030556
delphinID_whistles:Y1_5:9,,2024-05-05T20:47:21.076808Z,delphinID_whistles,whistle,Gme,0.073352
delphinID_whistles:Y1_5:9,,2024-05-05T20:47:21.076808Z,delphinID_whistles,whistle,Lac,0.256265
delphinID_whistles:Y1_5:9,,2024-05-05T20:47:21.076808Z,delphinID_whistles,whistle,Lal,0.192931
delphinID_whistles:Y1_5:9,,2024-05-05T20:47:21.076808Z,delphinID_whistles,whistle,Oor,0.353095
delphinID_whistles:Y1_5:9,,2024-05-05T20:47:21.076808Z,delphinID_whistles,whistle,Ttr,0.007995
delphinID_whistles:Y1_5:10,,2024-05-05T20:47:38.206090Z,delphinID_whistles,whistle,Dde,0.055053
delphinID_whistles:Y1_5:10,,2024-05-05T20:47:38.206090Z,delphinID_whistles,whistle,Ggr,0.096683
delphinID_whistles:Y1_5:10,,2024-05-05T20:47:38.206090Z,delphinID_whistles,whistle,Gme,0.022244
delphinID_whistles:Y1_5:10,,2024-05-05T20:47:38.206090Z,delphinID_whistles,whistle,Lac,0.769828
delphinID_whistles:Y1_5:10,,2024-05-05T20:47:38.206090Z,delphinID_whistles,whistle,Lal,0.014456
delphinID_whistles:Y1_5:10,,2024-05-05T20:47:38.206090Z,delphinID_whistles,whistle,Oor,0.009277
delphinID_whistles:Y1_5:10,,2024-05-05T20:47:38.206090Z,delphinID_whistles,whistle,Ttr,0.03246
delphinID_whistles:Y1_5:11,,2024-05-05T20:46:35.105764Z,delphinID_whistles,whistle,Dde,0.093629
delphinID_whistles:Y1_5:11,,2024-05-05T20:46:35.105764Z,delphinID_whistles,whistle,Ggr,0.043899
delphinID_whistles:Y1_5:11,,2024-05-05T20:46:35.105764Z,delphinID_whistles,whistle,Gme,0.472103
delphinID_whistles:Y1_5:11,,2024-05-05T20:46:35.105764Z,delphinID_whistles,whistle,Lac,0.02507
delphinID_whistles:Y1_5:11,,2024-05-05T20:46:35.105764Z,delphinID_whistles,whistle,Lal,0.011968
delphinID_whistles:Y1_5:11,,2024-05-05T20:46:35.105764Z,delphinID_whistles,whistle,Oor,0.077329
delphinID_whistles:Y1_5:11,,2024-05-05T20:46:35.105764Z,delphinID_whistles,whistle,Ttr,0.276002
delphinID_whistles:Y1_5:12,,2024-05-05T20:49:41.465811Z,delphinID_whistles,whistle,Dde,0.128138
delphinID_whistles:Y1_5:12,,2024-05-05T20:49:41.465811Z,delphinID_whistles,whistle,Ggr,0.11542
delphinID_whistles:Y1_5:12,,2024-05-05T20:49:41.465811Z,delphinID_whistles,whistle,Gme,0.298026
delphinID_whistles:Y1_5:12,,2024-05-05T20:49:41.465811Z,delphinID_whistles,whistle,Lac,0.050354
delphinID_whistles:Y1_5:12,,2024-05-05T20:49:41.465811Z,delphinID_whistles,whistle,Lal,0.070899
delphinID_whistles:Y1_5:12,,2024-05-05T20:49:41.465811Z,delphinID_whistles,whistle,Oor,0.127817
delphinID_whistles:Y1_5:12,,2024-05-05T20:49:41.465811Z,delphinID_whistles,whistle,Ttr,0.209346
delphinID_whistles:Y1_5:13,,2024-05-05T20:48:41.455101Z,delphinID_whistles,whistle,Dde,0.403483
delphinID_whistles:Y1_5:13,,2024-05-05T20:48:41.455101Z,delphinID_whistles,whistle,Ggr,0.038971
delphinID_whistles:Y1_5:13,,2024-05-05T20:48:41.455101Z,delphinID_whistles,whistle,Gme,0.0471
delphinID_whistles:Y1_5:13,,2024-05-05T20:48:41.455101Z,delphinID_whistles,whistle,Lac,0.117199
delphinID_whistles:Y1_5:13,,2024-05-05T20:48:41.455101Z,delphinID_whistles,whistle,Lal,0.009332
delphinID_whistles:Y1_5:13,,2024-05-05T20:48:41.455101Z,delphinID_whistles,whistle,Oor,0.23992
delphinID_whistles:Y1_5:13,,2024-05-05T20:48:41.455101Z,delphinID_whistles,whistle,Ttr,0.143995
delphinID_whistles:Y1_5:14,,2024-05-05T20:43:30.715860Z,delphinID_whistles,whistle,Dde,0.004851
delphinID_whistles:Y1_5:14,,2024-05-05T20:43:30.715860Z,delphinID_whistles,whistle,Ggr,0.000281
delphinID_whistles:Y1_5:14,,2024-05-05T20:43:30.715860Z,delphinID_whistles,whistle,Gme,0.000927
delphinID_whistles:Y1_5:14,,2024-05-05T20:43:30.715860Z,delphinID_whistles,whistle,Lac,0.255253
delphinID_whistles:Y1_5:14,,2024-05-05T20:43:30.715860Z,delphinID_whistles,whistle,Lal,0.265105
delphinID_whistles:Y1_5:14,,2024-05-05T20:43:30.715860Z,delphinID_whistles,whistle,Oor,0.000493
delphinID_whistles:Y1_5:14,,2024-05-05T20:43:30.715860Z,delphinID_whistles,whistle,Ttr,0.473089
delphinID_whistles:Y1_5:15,,2024-05-05T20:49:41.516788Z,delphinID_whistles,whistle,Dde,0.114817
delphinID_whistles:Y1_5:15,,2024-05-05T20:49:41.516788Z,delphinID_whistles,whistle,Ggr,0.011967
delphinID_whistles:Y1_5:15,,2024-05-05T20:49:41.516788Z,delphinID_whistles,whistle,Gme,0.155801
delphinID_whistles:Y1_5:15,,2024-05-05T20:49:41.516788Z,delphinID_whistles,whistle,Lac,0.103382
delphinID_whistles:Y1_5:15,,2024-05-05T20:49:41.516788Z,delphinID_whistles,whistle,Lal,0.164861
delphinID_whistles:Y1_5:15,,2024-05-05T20:49:41.516788Z,delphinID_whistles,whistle,Oor,0.11098
delphinID_whistles:Y1_5:15,,2024-05-05T20:49:41.516788Z,delphinID_whistles,whistle,Ttr,0.338192
delphinID_clicks:Y1_5:0,,2024-05-05T20:49:15.715413Z,delphinID_clicks,click,Dde,0.342446
delphinID_clicks:Y1_5:0,,2024-05-05T20:49:15.715413Z,delphinID_clicks,click,Ggr,0.004477
delphinID_clicks:Y1_5:0,,2024-05-05T20:49:15.715413Z,delphinID_clicks,click,Gme,0.001908
delphinID_clicks:Y1_5:0,,2024-05-05T20:49:15.715413Z,delphinID_clicks,click,Lal,0.196544
delphinID_clicks:Y1_5:0,,2024-05-05T20:49:15.715413Z,delphinID_clicks,click,Ttr,0.454624
delphinID_clicks:Y1_5:1,,2024-05-05T20:40:11.447873Z,delphinID_clicks,click,Dde,0.019988
delphinID_clicks:Y1_5:1,,2024-05-05T20:40:11.447873Z,delphinID_clicks,click,Ggr,0.521372
delphinID_clicks:Y1_5:1,,2024-05-05T20:40:11.447873Z,delphinID_clicks,click,Gme,0.034609
delphinID_clicks:Y1_5:1,,2024-05-05T20:40:11.447873Z,delphinID_clicks,click,Lal,0.2306
delphinID_clicks:Y1_5:1,,2024-05-05T20:40:11.447873Z,delphinID_clicks,click,Ttr,0.193431
delphinID_clicks:Y1_5:2,,2024-05-05T20:40:41.166474Z,delphinID_clicks,click,Dde,0.138054
delphinID_clicks:Y1_5:2,,2024-05-05T20:40:41.166474Z,delphinID_clicks,click,Ggr,0.015031
delphinID_clicks:Y1_5:2,,2024-05-05T20:40:41.166474Z,delphinID_clicks,click,Gme,0.165035
delphinID_clicks:Y1_5:2,,2024-05-05T20:40:41.166474Z,delphinID_clicks,click,Lal,0.003154
delphinID_clicks:Y1_5:2,,2024-05-05T20:40:41.166474Z,delphinID_clicks,click,Ttr,0.678726
delphinID_clicks:Y1_5:3,,2024-05-05T20:49:11.504159Z,delphinID_clicks,click,Dde,0.137561
delphinID_clicks:Y1_5:3,,2024-05-05T20:49:11.504159Z,delphinID_clicks,click,Ggr,0.313235
delphinID_clicks:Y1_5:3,,2024-05-05T20:49:11.504159Z,delphinID_clicks,click,Gme,0.297173
delphinID_clicks:Y1_5:3,,2024-05-05T20:49:11.504159Z,delphinID_clicks,click,Lal,0.222379
delphinID_clicks:Y1_5:3,,2024-05-05T20:49:11.504159Z,delphinID_clicks,click,Ttr,0.029652
delphinID_clicks:Y1_5:4,,2024-05-05T20:45:46.189011Z,delphinID_clicks,click,Dde,0.470278
delphinID_clicks:Y1_5:4,,2024-05-05T20:45:46.189011Z,delphinID_clicks,click,Ggr,0.039013
delphinID_clicks:Y1_5:4,,2024-05-05T20:45:46.189011Z,delphinID_clicks,click,Gme,0.02079
delphinID_clicks:Y1_5:4,,2024-05-05T20:45:46.189011Z,delphinID_clicks,click,Lal,0.091735
delphinID_clicks:Y1_5:4,,2024-05-05T20:45:46.189011Z,delphinID_clicks,click,Ttr,0.378184
delphinID_clicks:Y1_5:5,,2024-05-05T20:49:02.462006Z,delphinID_clicks,click,Dde,0.074593
delphinID_clicks:Y1_5:5,,2024-05-05T20:49:02.462006Z,delphinID_clicks,click,Ggr,0.093265
delphinID_clicks:Y1_5:5,,2024-05-05T20:49:02.462006Z,delphinID_clicks,click,Gme,0.000376
delphinID_clicks:Y1_5:5,,2024-05-05T20:49:02.462006Z,delphinID_clicks,click,Lal,0.018875
delphinID_clicks:Y1_5:5,,2024-05-05T20:49:02.462006Z,delphinID_clicks,click,Ttr,0.812891
delphinID_clicks:Y1_5:6,,2024-05-05T20:47:59.970935Z,delphinID_clicks,click,Dde,0.669014
delphinID_clicks:Y1_5:6,,2024-05-05T20:47:59.970935Z,delphinID_clicks,click,Ggr,0.05693
delphinID_clicks:Y1_5:6,,2024-05-05T20:47:59.970935Z,delphinID_clicks,click,Gme,0.000788
delphinID_clicks:Y1_5:6,,2024-05-05T20:47:59.970935Z,delphinID_clicks,click,Lal,0.084134
delphinID_clicks:Y1_5:6,,2024-05-05T20:47:59.970935Z,delphinID_clicks,click,Ttr,0.189134
delphinID_clicks:Y1_5:7,,2024-05-05T20:41:26.965700Z,delphinID_clicks,click,Dde,0.045976
delphinID_clicks:Y1_5:7,,2024-05-05T20:41:26.965700Z,delphinID_clicks,click,Ggr,0.034619
delphinID_clicks:Y1_5:7,,2024-05-05T20:41:26.965700Z,delphinID_clicks,click,Gme,0.684061
delphinID_clicks:Y1_5:7,,2024-05-05T20:41:26.965700Z,delphinID_clicks,click,Lal,0.163971
delphinID_clicks:Y1_5:7,,2024-05-05T20:41:26.965700Z,delphinID_clicks,click,Ttr,0.071374
delphinID_clicks:Y1_5:8,,2024-05-05T20:48:28.046971Z,delphinID_clicks,click,Dde,0.215742
delphinID_clicks:Y1_5:8,,2024-05-05T20:48:28.046971Z,delphinID_clicks,click,Ggr,0.511834
delphinID_clicks:Y1_5:8,,2024-05-05T20:48:28.046971Z,delphinID_clicks,click,Gme,0.142468
delphinID_clicks:Y1_5:8,,2024-05-05T20:48:28.046971Z,delphinID_clicks,click,Lal,0.103675
delphinID_clicks:Y1_5:8,,2024-05-05T20:48:28.046971Z,delphinID_clicks,click,Ttr,0.026282
delphinID_clicks:Y1_5:9,,2024-05-05T20:42:40.484146Z,delphinID_clicks,click,Dde,0.150433
delphinID_clicks:Y1_5:9,,2024-05-05T20:42:40.484146Z,delphinID_clicks,click,Ggr,0.091936
delphinID_clicks:Y1_5:9,,2024-05-05T20:42:40.484146Z,delphinID_clicks,click,Gme,0.476924
delphinID_clicks:Y1_5:9,,2024-05-05T20:42:40.484146Z,delphinID_clicks,click,Lal,0.277587
delphinID_clicks:Y1_5:9,,2024-05-05T20:42:40.484146Z,delphinID_clicks,click,Ttr,0.00312
delphinID_clicks:Y1_5:10,,2024-05-05T20:48:16.837647Z,delphinID_clicks,click,Dde,0.003614
delphinID_clicks:Y1_5:10,,2024-05-05T20:48:16.837647Z,delphinID_clicks,click,Ggr,0.593793
delphinID_clicks:Y1_5:10,,2024-05-05T20:48:16.837647Z,delphinID_clicks,click,Gme,0.22537
delphinID_clicks:Y1_5:10,,2024-05-05T20:48:16.837647Z,delphinID_clicks,click,Lal,0.035541
delphinID_clicks:Y1_5:10,,2024-05-05T20:48:16.837647Z,delphinID_clicks,click,Ttr,0.141682
delphinID_clicks:Y1_5:11,,2024-05-05T20:48:42.291530Z,delphinID_clicks,click,Dde,0.198079
delphinID_clicks:Y1_5:11,,2024-05-05T20:48:42.291530Z,delphinID_clicks,click,Ggr,0.077479
delphinID_clicks:Y1_5:11,,2024-05-05T20:48:42.291530Z,delphinID_clicks,click,Gme,0.111466
delphinID_clicks:Y1_5:11,,2024-05-05T20:48:42.291530Z,delphinID_clicks,click,Lal,0.008846
delphinID_clicks:Y1_5:11,,2024-05-05T20:48:42.291530Z,delphinID_clicks,click,Ttr,0.604129
delphinID_clicks:Y1_5:12,,2024-05-05T20:47:13.127698Z,delphinID_clicks,click,Dde,0.37259
delphinID_clicks:Y1_5:12,,2024-05-05T20:47:13.127698Z,delphinID_clicks,click,Ggr,8.7e-05
delphinID_clicks:Y1_5:12,,2024-05-05T20:47:13.127698Z,delphinID_clicks,click,Gme,0.136146
delphinID_clicks:Y1_5:12,,2024-05-05T20:47:13.127698Z,delphinID_clicks,click,Lal,0.309023
delphinID_clicks:Y1_5:12,,2024-05-05T20:47:13.127698Z,delphinID_clicks,click,Ttr,0.182153
delphinID_clicks:Y1_5:13,,2024-05-05T20:47:17.293397Z,delphinID_clicks,click,Dde,0.015113
delphinID_clicks:Y1_5:13,,2024-05-05T20:47:17.293397Z,delphinID_clicks,click,Ggr,0.089001
delphinID_clicks:Y1_5:13,,2024-05-05T20:47:17.293397Z,delphinID_clicks,click,Gme,0.035452
delphinID_clicks:Y1_5:13,,2024-05-05T20:47:17.293397Z,delphinID_clicks,click,Lal,0.047373
delphinID_clicks:Y1_5:13,,2024-05-05T20:47:17.293397Z,delphinID_clicks,click,Ttr,0.813061
delphinID_clicks:Y1_5:14,,2024-05-05T20:48:41.150959Z,delphinID_clicks,click,Dde,0.000113
delphinID_clicks:Y1_5:14,,2024-05-05T20:48:41.150959Z,delphinID_clicks,click,Ggr,0.080002
delphinID_clicks:Y1_5:14,,2024-05-05T20:48:41.150959Z,delphinID_clicks,click,Gme,0.037071
delphinID_clicks:Y1_5:14,,2024-05-05T20:48:41.150959Z,delphinID_clicks,click,Lal,0.245578
delphinID_clicks:Y1_5:14,,2024-05-05T20:48:41.150959Z,delphinID_clicks,click,Ttr,0.637237
delphinID_clicks:Y1_5:15,,2024-05-05T20:44:47.471225Z,delphinID_clicks,click,Dde,0.333793
delphinID_clicks:Y1_5:15,,2024-05-05T20:44:47.471225Z,delphinID_clicks,click,Ggr,0.487706
delphinID_clicks:Y1_5:15,,2024-05-05T20:44:47.471225Z,delphinID_clicks,click,Gme,0.096117
delphinID_clicks:Y1_5:15,,2024-05-05T20:44:47.471225Z,delphinID_clicks,click,Lal,0.057767
delphinID_clicks:Y1_5:15,,2024-05-05T20:44:47.471225Z,delphinID_clicks,click,Ttr,0.024617
delphinID_clicks:Y1_5:16,,2024-05-05T20:42:50.237476Z,delphinID_clicks,click,Dde,0.115347
delphinID_clicks:Y1_5:16,,2024-05-05T20:42:50.237476Z,delphinID_clicks,click,Ggr,0.227709
delphinID_clicks:Y1_5:16,,2024-05-05T20:42:50.237476Z,delphinID_clicks,click,Gme,0.153272
delphinID_clicks:Y1_5:16,,2024-05-05T20:42:50.237476Z,delphinID_clicks,click,Lal,0.419841
delphinID_clicks:Y1_5:16,,2024-05-05T20:42:50.237476Z,delphinID_clicks,click,Ttr,0.083831
delphinID_clicks:Y1_5:17,,2024-05-05T20:40:00.818347Z,delphinID_clicks,click,Dde,0.003913
delphinID_clicks:Y1_5:17,,2024-05-05T20:40:00.818347Z,delphinID_clicks,click,Ggr,0.080865
delphinID_clicks:Y1_5:17,,2024-05-05T20:40:00.818347Z,delphinID_clicks,click,Gme,0.001896
delphinID_clicks:Y1_5:17,,2024-05-05T20:40:00.818347Z,delphinID_clicks,click,Lal,0.035268
delphinID_clicks:Y1_5:17,,2024-05-05T20:40:00.818347Z,delphinID_clicks,click,Ttr,0.878058
delphinID_clicks:Y1_5:18,,2024-05-05T20:48:24.066374Z,delphinID_clicks,click,Dde,0.002685
delphinID_clicks:Y1_5:18,,2024-05-05T20:48:24.066374Z,delphinID_clicks,click,Ggr,0.036021
delphinID_clicks:Y1_5:18,,2024-05-05T20:48:24.066374Z,delphinID_clicks,click,Gme,0.271988
delphinID_clicks:Y1_5:18,,2024-05-05T20:48:24.066374Z,delphinID_clicks,click,Lal,0.003445
delphinID_clicks:Y1_5:18,,2024-05-05T20:48:24.066374Z,delphinID_clicks,click,Ttr,0.68586
delphinID_clicks:Y1_5:19,,2024-05-05T20:47:15.601211Z,delphinID_clicks,click,Dde,0.10666
delphinID_clicks:Y1_5:19,,2024-05-05T20:47:15.601211Z,delphinID_clicks,click,Ggr,0.176252
delphinID_clicks:Y1_5:19,,2024-05-05T20:47:15.601211Z,delphinID_clicks,click,Gme,0.348283
delphinID_clicks:Y1_5:19,,2024-05-05T20:47:15.601211Z,delphinID_clicks,click,Lal,0.134852
delphinID_clicks:Y1_5:19,,2024-05-05T20:47:15.601211Z,delphinID_clicks,click,Ttr,0.233954
delphinID_clicks:Y1_5:20,,2024-05-05T20:48:16.989840Z,delphinID_clicks,click,Dde,0.0791
delphinID_clicks:Y1_5:20,,2024-05-05T20:48:16.989840Z,delphinID_clicks,click,Ggr,0.043366
delphinID_clicks:Y1_5:20,,2024-05-05T20:48:16.989840Z,delphinID_clicks,click,Gme,0.005919
delphinID_clicks:Y1_5:20,,2024-05-05T20:48:16.989840Z,delphinID_clicks,click,Lal,0.549922
delphinID_clicks:Y1_5:20,,2024-05-05T20:48:16.989840Z,delphinID_clicks,click,Ttr,0.321693
delphinID_clicks:Y1_5:21,,2024-05-05T20:44:29.227878Z,delphinID_clicks,click,Dde,0.281576
delphinID_clicks:Y1_5:21,,2024-05-05T20:44:29.227878Z,delphinID_clicks,click,Ggr,0.001857
delphinID_clicks:Y1_5:21,,2024-05-05T20:44:29.227878Z,delphinID_clicks,click,Gme,0.021089
delphinID_clicks:Y1_5:21,,2024-05-05T20:44:29.227878Z,delphinID_clicks,click,Lal,0.013318
delphinID_clicks:Y1_5:21,,2024-05-05T20:44:29.227878Z,delphinID_clicks,click,Ttr,0.68216
delphinID_clicks:Y1_5:22,,2024-05-05T20:48:52.850211Z,delphinID_clicks,click,Dde,0.677645
delphinID_clicks:Y1_5:22,,2024-05-05T20:48:52.850211Z,delphinID_clicks,click,Ggr,0.056519
delphinID_clicks:Y1_5:22,,2024-05-05T20:48:52.850211Z,delphinID_clicks,click,Gme,0.006212
delphinID_clicks:Y1_5:22,,2024-05-05T20:48:52.850211Z,delphinID_clicks,click,Lal,0.069074
delphinID_clicks:Y1_5:22,,2024-05-05T20:48:52.850211Z,delphinID_clicks,click,Ttr,0.190551
delphinID_clicks:Y1_5:23,,2024-05-05T20:47:21.343351Z,delphinID_clicks,click,Dde,0.01884
delphinID_clicks:Y1_5:23,,2024-05-05T20:47:21.343351Z,delphinID_clicks,click,Ggr,0.602454
delphinID_clicks:Y1_5:23,,2024-05-05T20:47:21.343351Z,delphinID_clicks,click,Gme,0.10486
delphinID_clicks:Y1_5:23,,2024-05-05T20:47:21.343351Z,delphinID_clicks,click,Lal,0.068513
delphinID_clicks:Y1_5:23,,2024-05-05T20:47:21.343351Z,delphinID_clicks,click,Ttr,0.205333
delphinID_clicks:Y1_5:24,,2024-05-05T20:40:44.289249Z,delphinID_clicks,click,Dde,0.066642
delphinID_clicks:Y1_5:24,,2024-05-05T20:40:44.289249Z,delphinID_clicks,click,Ggr,0.101129
delphinID_clicks:Y1_5:24,,2024-05-05T20:40:44.289249Z,delphinID_clicks,click,Gme,0.36777
delphinID_clicks:Y1_5:24,,2024-05-05T20:40:44.289249Z,delphinID_clicks,click,Lal,0.137333
delphinID_clicks:Y1_5:24,,2024-05-05T20:40:44.289249Z,delphinID_clicks,click,Ttr,0.327126
delphinID_clicks:Y1_5:25,,2024-05-05T20:48:38.291827Z,delphinID_clicks,click,Dde,0.382631
delphinID_clicks:Y1_5:25,,2024-05-05T20:48:38.291827Z,delphinID_clicks,click,Ggr,0.055786
delphinID_clicks:Y1_5:25,,2024-05-05T20:48:38.291827Z,delphinID_clicks,click,Gme,0.028242
delphinID_clicks:Y1_5:25,,2024-05-05T20:48:38.291827Z,delphinID_clicks,click,Lal,0.413412
delphinID_clicks:Y1_5:25,,2024-05-05T20:48:38.291827Z,delphinID_clicks,click,Ttr,0.119928
delphinID_clicks:Y1_5:26,,2024-05-05T20:42:19.029556Z,delphinID_clicks,click,Dde,0.212963
delphinID_clicks:Y1_5:26,,2024-05-05T20:42:19.029556Z,delphinID_clicks,click,Ggr,0.042515
delphinID_clicks:Y1_5:26,,2024-05-05T20:42:19.029556Z,delphinID_clicks,click,Gme,0.069686
delphinID_clicks:Y1_5:26,,2024-05-05T20:42:19.029556Z,delphinID_clicks,click,Lal,0.561458
delphinID_clicks:Y1_5:26,,2024-05-05T20:42:19.029556Z,delphinID_clicks,click,Ttr,0.113378
delphinID_clicks:Y1_5:27,,2024-05-05T20:43:40.231000Z,delphinID_clicks,click,Dde,0.011581
delphinID_clicks:Y1_5:27,,2024-05-05T20:43:40.231000Z,delphinID_clicks,click,Ggr,0.001246
delphinID_clicks:Y1_5:27,,2024-05-05T20:43:40.231000Z,delphinID_clicks,click,Gme,0.314542
delphinID_clicks:Y1_5:27,,2024-05-05T20:43:40.231000Z,delphinID_clicks,click,Lal,0.472658
delphinID_clicks:Y1_5:27,,2024-05-05T20:43:40.231000Z,delphinID_clicks,click,Ttr,0.199974
delphinID_clicks:Y1_5:28,,2024-05-05T20:41:38.916674Z,delphinID_clicks,click,Dde,0.099416
delphinID_clicks:Y1_5:28,,2024-05-05T20:41:38.916674Z,delphinID_clicks,click,Ggr,0.284824
delphinID_clicks:Y1_5:28,,2024-05-05T20:41:38.916674Z,delphinID_clicks,click,Gme,0.002002
delphinID_clicks:Y1_5:28,,2024-05-05T20:41:38.916674Z,delphinID_clicks,click,Lal,0.011133
delphinID_clicks:Y1_5:28,,2024-05-05T20:41:38.916674Z,delphinID_clicks,click,Ttr,0.602625
delphinID_clicks:Y1_5:29,,2024-05-05T20:41:07.493100Z,delphinID_clicks,click,Dde,0.002725
delphinID_clicks:Y1_5:29,,2024-05-05T20:41:07.493100Z,delphinID_clicks,click,Ggr,0.131918
delphinID_clicks:Y1_5:29,,2024-05-05T20:41:07.493100Z,delphinID_clicks,click,Gme,0.696034
delphinID_clicks:Y1_5:29,,2024-05-05T20:41:07.493100Z,delphinID_clicks,click,Lal,0.000241
delphinID_clicks:Y1_5:29,,2024-05-05T20:41:07.493100Z,delphinID_clicks,click,Ttr,0.169082
delphinID_clicks:Y1_5:30,,2024-05-05T20:42:34.946499Z,delphinID_clicks,click,Dde,0.01787
delphinID_clicks:Y1_5:30,,2024-05-05T20:42:34.946499Z,delphinID_clicks,click,Ggr,0.088114
delphinID_clicks:Y1_5:30,,2024-05-05T20:42:34.946499Z,delphinID_clicks,click,Gme,0.293738
delphinID_clicks:Y1_5:30,,2024-05-05T20:42:34.946499Z,delphinID_clicks,click,Lal,0.508556
delphinID_clicks:Y1_5:30,,2024-05-05T20:42:34.946499Z,delphinID_clicks,click,Ttr,0.091721
delphinID_clicks:Y1_5:31,,2024-05-05T20:47:51.322361Z,delphinID_clicks,click,Dde,0.17169
delphinID_clicks:Y1_5:31,,2024-05-05T20:47:51.322361Z,delphinID_clicks,click,Ggr,0.086069
delphinID_clicks:Y1_5:31,,2024-05-05T20:47:51.322361Z,delphinID_clicks,click,Gme,0.150643
delphinID_clicks:Y1_5:31,,2024-05-05T20:47:51.322361Z,delphinID_clicks,click,Lal,0.247687
delphinID_clicks:Y1_5:31,,2024-05-05T20:47:51.322361Z,delphinID_clicks,click,Ttr,0.343911
delphinID_clicks:Y1_5:32,,2024-05-05T20:43:20.115781Z,delphinID_clicks,click,Dde,0.209583
delphinID_clicks:Y1_5:32,,2024-05-05T20:43:20.115781Z,delphinID_clicks,click,Ggr,0.27172
delphinID_clicks:Y1_5:32,,2024-05-05T20:43:20.115781Z,delphinID_clicks,click,Gme,0.393114
delphinID_clicks:Y1_5:32,,2024-05-05T20:43:20.115781Z,delphinID_clicks,click,Lal,0.081576
delphinID_clicks:Y1_5:32,,2024-05-05T20:43:20.115781Z,delphinID_clicks,click,Ttr,0.044006
delphinID_clicks:Y1_5:33,,2024-05-05T20:48:11.616870Z,delphinID_clicks,click,Dde,0.018061
delphinID_clicks:Y1_5:33,,2024-05-05T20:48:11.616870Z,delphinID_clicks,click,Ggr,0.609553
delphinID_clicks:Y1_5:33,,2024-05-05T20:48:11.616870Z,delphinID_clicks,click,Gme,0.002741
delphinID_clicks:Y1_5:33,,2024-05-05T20:48:11.616870Z,delphinID_clicks,click,Lal,0.004118
delphinID_clicks:Y1_5:33,,2024-05-05T20:48:11.616870Z,delphinID_clicks,click,Ttr,0.365527
delphinID_clicks:Y1_5:34,,2024-05-05T20:45:38.349258Z,delphinID_clicks,click,Dde,9.7e-05
delphinID_clicks:Y1_5:34,,2024-05-05T20:45:38.349258Z,delphinID_clicks,click,Ggr,0.092771
delphinID_clicks:Y1_5:34,,2024-05-05T20:45:38.349258Z,delphinID_clicks,click,Gme,0.070969
delphinID_clicks:Y1_5:34,,2024-05-05T20:45:38.349258Z,delphinID_clicks,click,Lal,0.026281
delphinID_clicks:Y1_5:34,,2024-05-05T20:45:38.349258Z,delphinID_clicks,click,Ttr,0.809882
delphinID_clicks:Y1_5:35,,2024-05-05T20:44:22.130850Z,delphinID_clicks,click,Dde,0.011913
delphinID_clicks:Y1_5:35,,2024-05-05T20:44:22.130850Z,delphinID_clicks,click,Ggr,0.519964
delphinID_clicks:Y1_5:35,,2024-05-05T20:44:22.130850Z,delphinID_clicks,click,Gme,0.151972
delphinID_clicks:Y1_5:35,,2024-05-05T20:44:22.130850Z,delphinID_clicks,click,Lal,0.016555
delphinID_clicks:Y1_5:35,,2024-05-05T20:44:22.130850Z,delphinID_clicks,click,Ttr,0.299597
delphinID_whistles:Y2_1:0,,2024-05-06T21:25:51.456187Z,delphinID_whistles,whistle,Dde,0.013955
delphinID_whistles:Y2_1:0,,2024-05-06T21:25:51.456187Z,delphinID_whistles,whistle,Ggr,0.018715
delphinID_whistles:Y2_1:0,,2024-05-06T21:25:51.456187Z,delphinID_whistles,whistle,Gme,0.266743
delphinID_whistles:Y2_1:0,,2024-05-06T21:25:51.456187Z,delphinID_whistles,whistle,Lac,0.342261
delphinID_whistles:Y2_1:0,,2024-05-06T21:25:51.456187Z,delphinID_whistles,whistle,Lal,0.065494
delphinID_whistles:Y2_1:0,,2024-05-06T21:25:51.456187Z,delphinID_whistles,whistle,Oor,0.098148
delphinID_whistles:Y2_1:0,,2024-05-06T21:25:51.456187Z,delphinID_whistles,whistle,Ttr,0.194685
delphinID_whistles:Y2_1:1,,2024-05-06T21:21:50.076714Z,delphinID_whistles,whistle,Dde,0.156318
delphinID_whistles:Y2_1:1,,2024-05-06T21:21:50.076714Z,delphinID_whistles,whistle,Ggr,0.000538
delphinID_whistles:Y2_1:1,,2024-05-06T21:21:50.076714Z,delphinID_whistles,whistle,Gme,0.214177
delphinID_whistles:Y2_1:1,,2024-05-06T21:21:50.076714Z,delphinID_whistles,whistle,Lac,0.007505
delphinID_whistles:Y2_1:1,,2024-05-06T21:21:50.076714Z,delphinID_whistles,whistle,Lal,0.175309
delphinID_whistles:Y2_1:1,,2024-05-06T21:21:50.076714Z,delphinID_whistles,whistle,Oor,0.007209
delphinID_whistles:Y2_1:1,,2024-05-06T21:21:50.076714Z,delphinID_whistles,whistle,Ttr,0.438944
delphinID_whistles:Y2_1:2,,2024-05-06T21:27:09.949968Z,delphinID_whistles,whistle,Dde,0.021251
delphinID_whistles:Y2_1:2,,2024-05-06T21:27:09.949968Z,delphinID_whistles,whistle,Ggr,0.045981
delphinID_whistles:Y2_1:2,,2024-05-06T21:27:09.949968Z,delphinID_whistles,whistle,Gme,0.231415
delphinID_whistles:Y2_1:2,,2024-05-06T21:27:09.949968Z,delphinID_whistles,whistle,Lac,0.144958
delphinID_whistles:Y2_1:2,,2024-05-06T21:27:09.949968Z,delphinID_whistles,whistle,Lal,0.015801
delphinID_whistles:Y2_1:2,,2024-05-06T21:27:09.949968Z,delphinID_whistles,whistle,Oor,0.101213
delphinID_whistles:Y2_1:2,,2024-05-06T21:27:09.949968Z,delphinID_whistles,whistle,Ttr,0.439383
delphinID_whistles:Y2_1:3,,2024-05-06T21:24:56.913933Z,delphinID_whistles,whistle,Dde,0.133201
delphinID_whistles:Y2_1:3,,2024-05-06T21:24:56.913933Z,delphinID_whistles,whistle,Ggr,0.093866
delphinID_whistles:Y2_1:3,,2024-05-06T21:24:56.913933Z,delphinID_whistles,whistle,Gme,0.299884
delphinID_whistles:Y2_1:3,,2024-05-06T21:24:56.913933Z,delphinID_whistles,whistle,Lac,0.058786
delphinID_whistles:Y2_1:3,,2024-05-06T21:24:56.913933Z,delphinID_whistles,whistle,Lal,0.002235
delphinID_whistles:Y2_1:3,,2024-05-06T21:24:56.913933Z,delphinID_whistles,whistle,Oor,0.205221
delphinID_whistles:Y2_1:3,,2024-05-06T21:24:56.913933Z,delphinID_whistles,whistle,Ttr,0.206806
delphinID_whistles:Y2_1:4,,2024-05-06T21:25:36.583574Z,delphinID_whistles,whistle,Dde,0.026936
delphinID_whistles:Y2_1:4,,2024-05-06T21:25:36.583574Z,delphinID_whistles,whistle,Ggr,0.209307
delphinID_whistles:Y2_1:4,,2024-05-06T21:25:36.583574Z,delphinID_whistles,whistle,Gme,0.027727
delphinID_whistles:Y2_1:4,,2024-05-06T21:25:36.583574Z,delphinID_whistles,whistle,Lac,0.002572
delphinID_whistles:Y2_1:4,,2024-05-06T21:25:36.583574Z,delphinID_whistles,whistle,Lal,0.121987
delphinID_whistles:Y2_1:4,,2024-05-06T21:25:36.583574Z,delphinID_whistles,whistle,Oor,0.176231
delphinID_whistles:Y2_1:4,,2024-05-06T21:25:36.583574Z,delphinID_whistles,whistle,Ttr,0.43524
delphinID_whistles:Y2_1:5,,2024-05-06T21:27:39.541352Z,delphinID_whistles,whistle,Dde,0.000192
delphinID_whistles:Y2_1:5,,2024-05-06T21:27:39.541352Z,delphinID_whistles,whistle,Ggr,0.18793
delphinID_whistles:Y2_1:5,,2024-05-06T21:27:39.541352Z,delphinID_whistles,whistle,Gme,0.025513
delphinID_whistles:Y2_1:5,,2024-05-06T21:27:39.541352Z,delphinID_whistles,whistle,Lac,0.07025
delphinID_whistles:Y2_1:5,,2024-05-06T21:27:39.541352Z,delphinID_whistles,whistle,Lal,0.220606
delphinID_whistles:Y2_1:5,,2024-05-06T21:27:39.541352Z,delphinID_whistles,whistle,Oor,0.42707
delphinID_whistles:Y2_1:5,,2024-05-06T21:27:39.541352Z,delphinID_whistles,whistle,Ttr,0.068439
delphinID_whistles:Y2_1:6,,2024-05-06T21:20:29.441672Z,delphinID_whistles,whistle,Dde,0.042065
delphinID_whistles:Y2_1:6,,2024-05-06T21:20:29.441672Z,delphinID_whistles,whistle,Ggr,0.049894
delphinID_whistles:Y2_1:6,,2024-05-06T21:20:29.441672Z,delphinID_whistles,whistle,Gme,0.029339
delphinID_whistles:Y2_1:6,,2024-05-06T21:20:29.441672Z,delphinID_whistles,whistle,Lac,0.39867
delphinID_whistles:Y2_1:6,,2024-05-06T21:20:29.441672Z,delphinID_whistles,whistle,Lal,0.039915
delphinID_whistles:Y2_1:6,,2024-05-06T21:20:29.441672Z,delphinID_whistles,whistle,Oor,0.419612
delphinID_whistles:Y2_1:6,,2024-05-06T21:20:29.441672Z,delphinID_whistles,whistle,Ttr,0.020506
delphinID_whistles:Y2_1:7,,2024-05-06T21:29:23.927720Z,delphinID_whistles,whistle,Dde,0.012076
delphinID_whistles:Y2_1:7,,2024-05-06T21:29:23.927720Z,delphinID_whistles,whistle,Ggr,0.050857
delphinID_whistles:Y2_1:7,,2024-05-06T21:29:23.927720Z,delphinID_whistles,whistle,Gme,0.183114
delphinID_whistles:Y2_1:7,,2024-05-06T21:29:23.927720Z,delphinID_whistles,whistle,Lac,0.228234
delphinID_whistles:Y2_1:7,,2024-05-06T21:29:23.927720Z,delphinID_whistles,whistle,Lal,0.004885
delphinID_whistles:Y2_1:7,,2024-05-06T21:29:23.927720Z,delphinID_whistles,whistle,Oor,0.484811
delphinID_whistles:Y2_1:7,,2024-05-06T21:29:23.927720Z,delphinID_whistles,whistle,Ttr,0.036023
delphinID_whistles:Y2_1:8,,2024-05-06T21:21:53.071114Z,delphinID_whistles,whistle,Dde,0.001863
delphinID_whistles:Y2_1:8,,2024-05-06T21:21:53.071114Z,delphinID_whistles,whistle,Ggr,0.00025
delphinID_whistles:Y2_1:8,,2024-05-06T21:21:53.071114Z,delphinID_whistles,whistle,Gme,0.184795
delphinID_whistles:Y2_1:8,,2024-05-06T21:21:53.071114Z,delphinID_whistles,whistle,Lac,1.9e-05
delphinID_whistles:Y2_1:8,,2024-05-06T21:21:53.071114Z,delphinID_whistles,whistle,Lal,0.045991
delphinID_whistles:Y2_1:8,,2024-05-06T21:21:53.071114Z,delphinID_whistles,whistle,Oor,0.00306
delphinID_whistles:Y2_1:8,,2024-05-06T21:21:53.071114Z,delphinID_whistles,whistle,Ttr,0.764021
delphinID_whistles:Y2_1:9,,2024-05-06T21:27:46.070060Z,delphinID_whistles,whistle,Dde,0.303568
delphinID_whistles:Y2_1:9,,2024-05-06T21:27:46.070060Z,delphinID_whistles,whistle,Ggr,0.00693
delphinID_whistles:Y2_1:9,,2024-05-06T21:27:46.070060Z,delphinID_whistles,whistle,Gme,0.076645
delphinID_whistles:Y2_1:9,,2024-05-06T21:27:46.070060Z,delphinID_whistles,whistle,Lac,0.240685
delphinID_whistles:Y2_1:9,,2024-05-06T21:27:46.070060Z,delphinID_whistles,whistle,Lal,0.013254
delphinID_whistles:Y2_1:9,,2024-05-06T21:27:46.070060Z,delphinID_whistles,whistle,Oor,0.32038
delphinID_whistles:Y2_1:9,,2024-05-06T21:27:46.070060Z,delphinID_whistles,whistle,Ttr,0.038536
delphinID_whistles:Y2_1:10,,2024-05-06T21:28:56.476695Z,delphinID_whistles,whistle,Dde,0.006843
delphinID_whistles:Y2_1:10,,2024-05-06T21:28:56.476695Z,delphinID_whistles,whistle,Ggr,0.103591
delphinID_whistles:Y2_1:10,,2024-05-06T21:28:56.476695Z,delphinID_whistles,whistle,Gme,0.029887
delphinID_whistles:Y2_1:10,,2024-05-06T21:28:56.476695Z,delphinID_whistles,whistle,Lac,0.141008
delphinID_whistles:Y2_1:10,,2024-05-06T21:28:56.476695Z,delphinID_whistles,whistle,Lal,0.139095
delphinID_whistles:Y2_1:10,,2024-05-06T21:28:56.476695Z,delphinID_whistles,whistle,Oor,0.419613
delphinID_whistles:Y2_1:10,,2024-05-06T21:28:56.476695Z,delphinID_whistles,whistle,Ttr,0.159964
delphinID_whistles:Y2_1:11,,2024-05-06T21:20:36.436795Z,delphinID_whistles,whistle,Dde,0.128249
delphinID_whistles:Y2_1:11,,2024-05-06T21:20:36.436795Z,delphinID_whistles,whistle,Ggr,0.087241
delphinID_whistles:Y2_1:11,,2024-05-06T21:20:36.436795Z,delphinID_whistles,whistle,Gme,0.148427
delphinID_whistles:Y2_1:11,,2024-05-06T21:20:36.436795Z,delphinID_whistles,whistle,Lac,0.041567
delphinID_whistles:Y2_1:11,,2024-05-06T21:20:36.436795Z,delphinID_whistles,whistle,Lal,0.170921
delphinID_whistles:Y2_1:11,,2024-05-06T21:20:36.436795Z,delphinID_whistles,whistle,Oor,0.245849
delphinID_whistles:Y2_1:11,,2024-05-06T21:20:36.436795Z,delphinID_whistles,whistle,Ttr,0.177745
delphinID_whistles:Y2_1:12,,2024-05-06T21:23:45.016913Z,delphinID_whistles,whistle,Dde,0.006607
delphinID_whistles:Y2_1:12,,2024-05-06T21:23:45.016913Z,delphinID_whistles,whistle,Ggr,0.001345
delphinID_whistles:Y2_1:12,,2024-05-06T21:23:45.016913Z,delphinID_whistles,whistle,Gme,0.200035
delphinID_whistles:Y2_1:12,,2024-05-06T21:23:45.016913Z,delphinID_whistles,whistle,Lac,0.000289
delphinID_whistles:Y2_1:12,,2024-05-06T21:23:45.016913Z,delphinID_whistles,whistle,Lal,0.601269
delphinID_whistles:Y2_1:12,,2024-05-06T21:23:45.016913Z,delphinID_whistles,whistle,Oor,0.155824
delphinID_whistles:Y2_1:12,,2024-05-06T21:23:45.016913Z,delphinID_whistles,whistle,Ttr,0.034632
delphinID_whistles:Y2_1:13,,2024-05-06T21:25:13.603996Z,delphinID_whistles,whistle,Dde,0.001922
delphinID_whistles:Y2_1:13,,2024-05-06T21:25:13.603996Z,delphinID_whistles,whistle,Ggr,0.095721
delphinID_whistles:Y2_1:13,,2024-05-06T21:25:13.603996Z,delphinID_whistles,whistle,Gme,0.160498
delphinID_whistles:Y2_1:13,,2024-05-06T21:25:13.603996Z,delphinID_whistles,whistle,Lac,0.289298
delphinID_whistles:Y2_1:13,,2024-05-06T21:25:13.603996Z,delphinID_whistles,whistle,Lal,0.186654
delphinID_whistles:Y2_1:13,,2024-05-06T21:25:13.603996Z,delphinID_whistles,whistle,Oor,0.177905
delphinID_whistles:Y2_1:13,,2024-05-06T21:25:13.603996Z,delphinID_whistles,whistle,Ttr,0.088002
delphinID_whistles:Y2_1:14,,2024-05-06T21:20:50.643211Z,delphinID_whistles,whistle,Dde,0.158836
delphinID_whistles:Y2_1:14,,2024-05-06T21:20:50.643211Z,delphinID_whistles,whistle,Ggr,0.12917
delphinID_whistles:Y2_1:14,,2024-05-06T21:20:50.643211Z,delphinID_whistles,whistle,Gme,0.13426
delphinID_whistles:Y2_1:14,,2024-05-06T21:20:50.643211Z,delphinID_whistles,whistle,Lac,0.007726
delphinID_whistles:Y2_1:14,,2024-05-06T21:20:50.643211Z,delphinID_whistles,whistle,Lal,0.367911
delphinID_whistles:Y2_1:14,,2024-05-06T21:20:50.643211Z,delphinID_whistles,whistle,Oor,0.002252
delphinID_whistles:Y2_1:14,,2024-05-06T21:20:50.643211Z,delphinID_whistles,whistle,Ttr,0.199843
delphinID_whistles:Y2_1:15,,2024-05-06T21:25:29.490558Z,delphinID_whistles,whistle,Dde,0.030039
delphinID_whistles:Y2_1:15,,2024-05-06T21:25:29.490558Z,delphinID_whistles,whistle,Ggr,0.014302
delphinID_whistles:Y2_1:15,,2024-05-06T21:25:29.490558Z,delphinID_whistles,whistle,Gme,0.006854
delphinID_whistles:Y2_1:15,,2024-05-06T21:25:29.490558Z,delphinID_whistles,whistle,Lac,0.293483
delphinID_whistles:Y2_1:15,,2024-05-06T21:25:29.490558Z,delphinID_whistles,whistle,Lal,0.29598
delphinID_whistles:Y2_1:15,,2024-05-06T21:25:29.490558Z,delphinID_whistles,whistle,Oor,0.07447
delphinID_whistles:Y2_1:15,,2024-05-06T21:25:29.490558Z,delphinID_whistles,whistle,Ttr,0.284872
delphinID_whistles:Y2_1:16,,2024-05-06T21:29:03.362717Z,delphinID_whistles,whistle,Dde,0.354006
delphinID_whistles:Y2_1:16,,2024-05-06T21:29:03.362717Z,delphinID_whistles,whistle,Ggr,0.003546
delphinID_whistles:Y2_1:16,,2024-05-06T21:29:03.362717Z,delphinID_whistles,whistle,Gme,0.072091
delphinID_whistles:Y2_1:16,,2024-05-06T21:29:03.362717Z,delphinID_whistles,whistle,Lac,0.066748
delphinID_whistles:Y2_1:16,,2024-05-06T21:29:03.362717Z,delphinID_whistles,whistle,Lal,0.273375
delphinID_whistles:Y2_1:16,,2024-05-06T21:29:03.362717Z,delphinID_whistles,whistle,Oor,0.177806
delphinID_whistles:Y2_1:16,,2024-05-06T21:29:03.362717Z,delphinID_whistles,whistle,Ttr,0.052428
delphinID_clicks:Y2_1:0,,2024-05-06T21:28:48.219160Z,delphinID_clicks,click,Dde,0.013776
delphinID_clicks:Y2_1:0,,2024-05-06T21:28:48.219160Z,delphinID_clicks,click,Ggr,0.024516
delphinID_clicks:Y2_1:0,,2024-05-06T21:28:48.219160Z,delphinID_clicks,click,Gme,0.262635
delphinID_clicks:Y2_1:0,,2024-05-06T21:28:48.219160Z,delphinID_clicks,click,Lal,0.437664
delphinID_clicks:Y2_1:0,,2024-05-06T21:28:48.219160Z,delphinID_clicks,click,Ttr,0.261409
delphinID_clicks:Y2_1:1,,2024-05-06T21:27:39.699746Z,delphinID_clicks,click,Dde,0.088727
delphinID_clicks:Y2_1:1,,2024-05-06T21:27:39.699746Z,delphinID_clicks,click,Ggr,0.208137
delphinID_clicks:Y2_1:1,,2024-05-06T21:27:39.699746Z,delphinID_clicks,click,Gme,0.613573
delphinID_clicks:Y2_1:1,,2024-05-06T21:27:39.699746Z,delphinID_clicks,click,Lal,0.004933
delphinID_clicks:Y2_1:1,,2024-05-06T21:27:39.699746Z,delphinID_clicks,click,Ttr,0.08463
delphinID_clicks:Y2_1:2,,2024-05-06T21:28:30.270863Z,delphinID_clicks,click,Dde,0.004843
delphinID_clicks:Y2_1:2,,2024-05-06T21:28:30.270863Z,delphinID_clicks,click,Ggr,0.415994
delphinID_clicks:Y2_1:2,,2024-05-06T21:28:30.270863Z,delphinID_clicks,click,Gme,0.026548
delphinID_clicks:Y2_1:2,,2024-05-06T21:28:30.270863Z,delphinID_clicks,click,Lal,0.440919
delphinID_clicks:Y2_1:2,,2024-05-06T21:28:30.270863Z,delphinID_clicks,click,Ttr,0.111696
delphinID_clicks:Y2_1:3,,2024-05-06T21:21:56.602327Z,delphinID_clicks,click,Dde,0.206899
delphinID_clicks:Y2_1:3,,2024-05-06T21:21:56.602327Z,delphinID_clicks,click,Ggr,0.096993
delphinID_clicks:Y2_1:3,,2024-05-06T21:21:56.602327Z,delphinID_clicks,click,Gme,5.4e-05
delphinID_clicks:Y2_1:3,,2024-05-06T21:21:56.602327Z,delphinID_clicks,click,Lal,0.414348
delphinID_clicks:Y2_1:3,,2024-05-06T21:21:56.602327Z,delphinID_clicks,click,Ttr,0.281706
delphinID_clicks:Y2_1:4,,2024-05-06T21:24:41.031136Z,delphinID_clicks,click,Dde,0.383847
delphinID_clicks:Y2_1:4,,2024-05-06T21:24:41.031136Z,delphinID_clicks,click,Ggr,0.007932
delphinID_clicks:Y2_1:4,,2024-05-06T21:24:41.031136Z,delphinID_clicks,click,Gme,0.550863
delphinID_clicks:Y2_1:4,,2024-05-06T21:24:41.031136Z,delphinID_clicks,click,Lal,0.014899
delphinID_clicks:Y2_1:4,,2024-05-06T21:24:41.031136Z,delphinID_clicks,click,Ttr,0.04246
delphinID_clicks:Y2_1:5,,2024-05-06T21:27:55.156061Z,delphinID_clicks,click,Dde,0.316687
delphinID_clicks:Y2_1:5,,2024-05-06T21:27:55.156061Z,delphinID_clicks,click,Ggr,0.275506
delphinID_clicks:Y2_1:5,,2024-05-06T21:27:55.156061Z,delphinID_clicks,click,Gme,0.062257
delphinID_clicks:Y2_1:5,,2024-05-06T21:27:55.156061Z,delphinID_clicks,click,Lal,0.06613
delphinID_clicks:Y2_1:5,,2024-05-06T21:27:55.156061Z,delphinID_clicks,click,Ttr,0.279419
delphinID_clicks:Y2_1:6,,2024-05-06T21:23:18.681816Z,delphinID_clicks,click,Dde,0.261133
delphinID_clicks:Y2_1:6,,2024-05-06T21:23:18.681816Z,delphinID_clicks,click,Ggr,0.020483
delphinID_clicks:Y2_1:6,,2024-05-06T21:23:18.681816Z,delphinID_clicks,click,Gme,0.021559
delphinID_clicks:Y2_1:6,,2024-05-06T21:23:18.681816Z,delphinID_clicks,click,Lal,0.681108
delphinID_clicks:Y2_1:6,,2024-05-06T21:23:18.681816Z,delphinID_clicks,click,Ttr,0.015718
delphinID_clicks:Y2_1:7,,2024-05-06T21:29:06.747168Z,delphinID_clicks,click,Dde,0.004249
delphinID_clicks:Y2_1:7,,2024-05-06T21:29:06.747168Z,delphinID_clicks,click,Ggr,0.036693
delphinID_clicks:Y2_1:7,,2024-05-06T21:29:06.747168Z,delphinID_clicks,click,Gme,0.306892
delphinID_clicks:Y2_1:7,,2024-05-06T21:29:06.747168Z,delphinID_clicks,click,Lal,0.00298
delphinID_clicks:Y2_1:7,,2024-05-06T21:29:06.747168Z,delphinID_clicks,click,Ttr,0.649186
delphinID_clicks:Y2_1:8,,2024-05-06T21:27:11.469909Z,delphinID_clicks,click,Dde,0.148046
delphinID_clicks:Y2_1:8,,2024-05-06T21:27:11.469909Z,delphinID_clicks,click,Ggr,0.285376
delphinID_clicks:Y2_1:8,,2024-05-06T21:27:11.469909Z,delphinID_clicks,click,Gme,0.008491
delphinID_clicks:Y2_1:8,,2024-05-06T21:27:11.469909Z,delphinID_clicks,click,Lal,0.393304
delphinID_clicks:Y2_1:8,,2024-05-06T21:27:11.469909Z,delphinID_clicks,click,Ttr,0.164783
delphinID_clicks:Y2_1:9,,2024-05-06T21:20:06.323019Z,delphinID_clicks,click,Dde,0.013625
delphinID_clicks:Y2_1:9,,2024-05-06T21:20:06.323019Z,delphinID_clicks,click,Ggr,0.032565
delphinID_clicks:Y2_1:9,,2024-05-06T21:20:06.323019Z,delphinID_clicks,click,Gme,0.00123
delphinID_clicks:Y2_1:9,,2024-05-06T21:20:06.323019Z,delphinID_clicks,click,Lal,0.003788
delphinID_clicks:Y2_1:9,,2024-05-06T21:20:06.323019Z,delphinID_clicks,click,Ttr,0.948792
delphinID_whistles:Y2_2:0,,2024-05-06T22:02:54.460517Z,delphinID_whistles,whistle,Dde,0.087365
delphinID_whistles:Y2_2:0,,2024-05-06T22:02:54.460517Z,delphinID_whistles,whistle,Ggr,0.212048
delphinID_whistles:Y2_2:0,,2024-05-06T22:02:54.460517Z,delphinID_whistles,whistle,Gme,0.123404
delphinID_whistles:Y2_2:0,,2024-05-06T22:02:54.460517Z,delphinID_whistles,whistle,Lac,0.371095
delphinID_whistles:Y2_2:0,,2024-05-06T22:02:54.460517Z,delphinID_whistles,whistle,Lal,0.062352
delphinID_whistles:Y2_2:0,,2024-05-06T22:02:54.460517Z,delphinID_whistles,whistle,Oor,0.011049
delphinID_whistles:Y2_2:0,,2024-05-06T22:02:54.460517Z,delphinID_whistles,whistle,Ttr,0.132686
delphinID_whistles:Y2_2:1,,2024-05-06T22:07:05.162573Z,delphinID_whistles,whistle,Dde,0.10397
delphinID_whistles:Y2_2:1,,2024-05-06T22:07:05.162573Z,delphinID_whistles,whistle,Ggr,0.013949
delphinID_whistles:Y2_2:1,,2024-05-06T22:07:05.162573Z,delphinID_whistles,whistle,Gme,0.010018
delphinID_whistles:Y2_2:1,,2024-05-06T22:07:05.162573Z,delphinID_whistles,whistle,Lac,0.001193
delphinID_whistles:Y2_2:1,,2024-05-06T22:07:05.162573Z,delphinID_whistles,whistle,Lal,0.117185
delphinID_whistles:Y2_2:1,,2024-05-06T22:07:05.162573Z,delphinID_whistles,whistle,Oor,0.137177
delphinID_whistles:Y2_2:1,,2024-05-06T22:07:05.162573Z,delphinID_whistles,whistle,Ttr,0.616507
delphinID_whistles:Y2_2:2,,2024-05-06T22:08:11.144583Z,delphinID_whistles,whistle,Dde,0.064289
delphinID_whistles:Y2_2:2,,2024-05-06T22:08:11.144583Z,delphinID_whistles,whistle,Ggr,0.044468
delphinID_whistles:Y2_2:2,,2024-05-06T22:08:11.144583Z,delphinID_whistles,whistle,Gme,0.183395
delphinID_whistles:Y2_2:2,,2024-05-06T22:08:11.144583Z,delphinID_whistles,whistle,Lac,0.065361
delphinID_whistles:Y2_2:2,,2024-05-06T22:08:11.144583Z,delphinID_whistles,whistle,Lal,0.134742
delphinID_whistles:Y2_2:2,,2024-05-06T22:08:11.144583Z,delphinID_whistles,whistle,Oor,0.004926
delphinID_whistles:Y2_2:2,,2024-05-06T22:08:11.144583Z,delphinID_whistles,whistle,Ttr,0.502818
delphinID_whistles:Y2_2:3,,2024-05-06T22:06:40.251170Z,delphinID_whistles,whistle,Dde,0.047524
delphinID_whistles:Y2_2:3,,2024-05-06T22:06:40.251170Z,delphinID_whistles,whistle,Ggr,0.222976
delphinID_whistles:Y2_2:3,,2024-05-06T22:06:40.251170Z,delphinID_whistles,whistle,Gme,0.149544
delphinID_whistles:Y2_2:3,,2024-05-06T22:06:40.251170Z,delphinID_whistles,whistle,Lac,0.009173
delphinID_whistles:Y2_2:3,,2024-05-06T22:06:40.251170Z,delphinID_whistles,whistle,Lal,0.00414
delphinID_whistles:Y2_2:3,,2024-05-06T22:06:40.251170Z,delphinID_whistles,whistle,Oor,0.017562
delphinID_whistles:Y2_2:3,,2024-05-06T22:06:40.251170Z,delphinID_whistles,whistle,Ttr,0.549081
delphinID_whistles:Y2_2:4,,2024-05-06T22:03:10.998017Z,delphinID_whistles,whistle,Dde,0.15722
delphinID_whistles:Y2_2:4,,2024-05-06T22:03:10.998017Z,delphinID_whistles,whistle,Ggr,0.684478
delphinID_whistles:Y2_2:4,,2024-05-06T22:03:10.998017Z,delphinID_whistles,whistle,Gme,0.0008
delphinID_whistles:Y2_2:4,,2024-05-06T22:03:10.998017Z,delphinID_whistles,whistle,Lac,0.029243
delphinID_whistles:Y2_2:4,,2024-05-06T22:03:10.998017Z,delphinID_whistles,whistle,Lal,0.03011
delphinID_whistles:Y2_2:4,,2024-05-06T22:03:10.998017Z,delphinID_whistles,whistle,Oor,0.000842
delphinID_whistles:Y2_2:4,,2024-05-06T22:03:10.998017Z,delphinID_whistles,whistle,Ttr,0.097307
delphinID_whistles:Y2_2:5,,2024-05-06T22:06:40.183451Z,delphinID_whistles,whistle,Dde,0.0329
delphinID_whistles:Y2_2:5,,2024-05-06T22:06:40.183451Z,delphinID_whistles,whistle,Ggr,0.508808
delphinID_whistles:Y2_2:5,,2024-05-06T22:06:40.183451Z,delphinID_whistles,whistle,Gme,0.02053
delphinID_whistles:Y2_2:5,,2024-05-06T22:06:40.183451Z,delphinID_whistles,whistle,Lac,0.00431
delphinID_whistles:Y2_2:5,,2024-05-06T22:06:40.183451Z,delphinID_whistles,whistle,Lal,0.141505
delphinID_whistles:Y2_2:5,,2024-05-06T22:06:40.183451Z,delphinID_whistles,whistle,Oor,0.280869
delphinID_whistles:Y2_2:5,,2024-05-06T22:06:40.183451Z,delphinID_whistles,whistle,Ttr,0.011079
delphinID_whistles:Y2_2:6,,2024-05-06T22:08:26.126563Z,delphinID_whistles,whistle,Dde,0.031802
delphinID_whistles:Y2_2:6,,2024-05-06T22:08:26.126563Z,delphinID_whistles,whistle,Ggr,0.009628
delphinID_whistles:Y2_2:6,,2024-05-06T22:08:26.126563Z,delphinID_whistles,whistle,Gme,0.004598
delphinID_whistles:Y2_2:6,,2024-05-06T22:08:26.126563Z,delphinID_whistles,whistle,Lac,0.460201
delphinID_whistles:Y2_2:6,,2024-05-06T22:08:26.126563Z,delphinID_whistles,whistle,Lal,0.014006
delphinID_whistles:Y2_2:6,,2024-05-06T22:08:26.126563Z,delphinID_whistles,whistle,Oor,0.396677
delphinID_whistles:Y2_2:6,,2024-05-06T22:08:26.126563Z,delphinID_whistles,whistle,Ttr,0.083088
delphinID_whistles:Y2_2:7,,2024-05-06T22:09:42.374535Z,delphinID_whistles,whistle,Dde,0.367007
delphinID_whistles:Y2_2:7,,2024-05-06T22:09:42.374535Z,delphinID_whistles,whistle,Ggr,0.00232
delphinID_whistles:Y2_2:7,,2024-05-06T22:09:42.374535Z,delphinID_whistles,whistle,Gme,0.17106
delphinID_whistles:Y2_2:7,,2024-05-06T22:09:42.374535Z,delphinID_whistles,whistle,Lac,0.128938
delphinID_whistles:Y2_2:7,,2024-05-06T22:09:42.374535Z,delphinID_whistles,whistle,Lal,0.02713
delphinID_whistles:Y2_2:7,,2024-05-06T22:09:42.374535Z,delphinID_whistles,whistle,Oor,0.089816
delphinID_whistles:Y2_2:7,,2024-05-06T22:09:42.374535Z,delphinID_whistles,whistle,Ttr,0.21373
delphinID_whistles:Y2_2:8,,2024-05-06T22:08:59.281343Z,delphinID_whistles,whistle,Dde,0.144256
delphinID_whistles:Y2_2:8,,2024-05-06T22:08:59.281343Z,delphinID_whistles,whistle,Ggr,0.166631
delphinID_whistles:Y2_2:8,,2024-05-06T22:08:59.281343Z,delphinID_whistles,whistle,Gme,0.041235
delphinID_whistles:Y2_2:8,,2024-05-06T22:08:59.281343Z,delphinID_whistles,whistle,Lac,0.175624
delphinID_whistles:Y2_2:8,,2024-05-06T22:08:59.281343Z,delphinID_whistles,whistle,Lal,0.213646
delphinID_whistles:Y2_2:8,,2024-05-06T22:08:59.281343Z,delphinID_whistles,whistle,Oor,0.12376
delphinID_whistles:Y2_2:8,,2024-05-06T22:08:59.281343Z,delphinID_whistles,whistle,Ttr,0.134847
delphinID_whistles:Y2_2:9,,2024-05-06T22:02:37.068019Z,delphinID_whistles,whistle,Dde,0.053899
delphinID_whistles:Y2_2:9,,2024-05-06T22:02:37.068019Z,delphinID_whistles,whistle,Ggr,0.056323
delphinID_whistles:Y2_2:9,,2024-05-06T22:02:37.068019Z,delphinID_whistles,whistle,Gme,0.032049
delphinID_whistles:Y2_2:9,,2024-05-06T22:02:37.068019Z,delphinID_whistles,whistle,Lac,0.054994
delphinID_whistles:Y2_2:9,,2024-05-06T22:02:37.068019Z,delphinID_whistles,whistle,Lal,0.631365
delphinID_whistles:Y2_2:9,,2024-05-06T22:02:37.068019Z,delphinID_whistles,whistle,Oor,0.00034
delphinID_whistles:Y2_2:9,,2024-05-06T22:02:37.068019Z,delphinID_whistles,whistle,Ttr,0.171029
delphinID_whistles:Y2_2:10,,2024-05-06T22:03:21.225266Z,delphinID_whistles,whistle,Dde,0.120195
delphinID_whistles:Y2_2:10,,2024-05-06T22:03:21.225266Z,delphinID_whistles,whistle,Ggr,0.017083
delphinID_whistles:Y2_2:10,,2024-05-06T22:03:21.225266Z,delphinID_whistles,whistle,Gme,0.000448
delphinID_whistles:Y2_2:10,,2024-05-06T22:03:21.225266Z,delphinID_whistles,whistle,Lac,0.597126
delphinID_whistles:Y2_2:10,,2024-05-06T22:03:21.225266Z,delphinID_whistles,whistle,Lal,0.20139
delphinID_whistles:Y2_2:10,,2024-05-06T22:03:21.225266Z,delphinID_whistles,whistle,Oor,0.019893
delphinID_whistles:Y2_2:10,,2024-05-06T22:03:21.225266Z,delphinID_whistles,whistle,Ttr,0.043864
delphinID_whistles:Y2_2:11,,2024-05-06T22:09:29.373962Z,delphinID_whistles,whistle,Dde,0.110647
delphinID_whistles:Y2_2:11,,2024-05-06T22:09:29.373962Z,delphinID_whistles,whistle,Ggr,0.039576
delphinID_whistles:Y2_2:11,,2024-05-06T22:09:29.373962Z,delphinID_whistles,whistle,Gme,0.266837
delphinID_whistles:Y2_2:11,,2024-05-06T22:09:29.373962Z,delphinID_whistles,whistle,Lac,0.119834
delphinID_whistles:Y2_2:11,,2024-05-06T22:09:29.373962Z,delphinID_whistles,whistle,Lal,0.03679
delphinID_whistles:Y2_2:11,,2024-05-06T22:09:29.373962Z,delphinID_whistles,whistle,Oor,0.000327
delphinID_whistles:Y2_2:11,,2024-05-06T22:09:29.373962Z,delphinID_whistles,whistle,Ttr,0.425989
delphinID_whistles:Y2_2:12,,2024-05-06T22:03:41.000387Z,delphinID_whistles,whistle,Dde,0.202388
delphinID_whistles:Y2_2:12,,2024-05-06T22:03:41.000387Z,delphinID_whistles,whistle,Ggr,0.04553
delphinID_whistles:Y2_2:12,,2024-05-06T22:03:41.000387Z,delphinID_whistles,whistle,Gme,0.044248
delphinID_whistles:Y2_2:12,,2024-05-06T22:03:41.000387Z,delphinID_whistles,whistle,Lac,0.49781
delphinID_whistles:Y2_2:12,,2024-05-06T22:03:41.000387Z,delphinID_whistles,whistle,Lal,0.000435
delphinID_whistles:Y2_2:12,,2024-05-06T22:03:41.000387Z,delphinID_whistles,whistle,Oor,0.12466
delphinID_whistles:Y2_2:12,,2024-05-06T22:03:41.000387Z,delphinID_whistles,whistle,Ttr,0.084927
delphinID_whistles:Y2_2:13,,2024-05-06T22:02:05.441547Z,delphinID_whistles,whistle,Dde,0.286445
delphinID_whistles:Y2_2:13,,2024-05-06T22:02:05.441547Z,delphinID_whistles,whistle,Ggr,0.290691
delphinID_whistles:Y2_2:13,,2024-05-06T22:02:05.441547Z,delphinID_whistles,whistle,Gme,0.004091
delphinID_whistles:Y2_2:13,,2024-05-06T22:02:05.441547Z,delphinID_whistles,whistle,Lac,0.175662
delphinID_whistles:Y2_2:13,,2024-05-06T22:02:05.441547Z,delphinID_whistles,whistle,Lal,0.032089
delphinID_whistles:Y2_2:13,,2024-05-06T22:02:05.441547Z,delphinID_whistles,whistle,Oor,0.040136
delphinID_whistles:Y2_2:13,,2024-05-06T22:02:05.441547Z,delphinID_whistles,whistle,Ttr,0.170886
delphinID_whistles:Y2_2:14,,2024-05-06T22:02:54.835143Z,delphinID_whistles,whistle,Dde,0.024451
delphinID_whistles:Y2_2:14,,2024-05-06T22:02:54.835143Z,delphinID_whistles,whistle,Ggr,0.15276
delphinID_whistles:Y2_2:14,,2024-05-06T22:02:54.835143Z,delphinID_whistles,whistle,Gme,0.117667
delphinID_whistles:Y2_2:14,,2024-05-06T22:02:54.835143Z,delphinID_whistles,whistle,Lac,0.390648
delphinID_whistles:Y2_2:14,,2024-05-06T22:02:54.835143Z,delphinID_whistles,whistle,Lal,0.096801
delphinID_whistles:Y2_2:14,,2024-05-06T22:02:54.835143Z,delphinID_whistles,whistle,Oor,0.020515
delphinID_whistles:Y2_2:14,,2024-05-06T22:02:54.835143Z,delphinID_whistles,whistle,Ttr,0.197159
delphinID_clicks:Y2_2:0,,2024-05-06T22:05:57.491960Z,delphinID_clicks,click,Dde,0.044064
delphinID_clicks:Y2_2:0,,2024-05-06T22:05:57.491960Z,delphinID_clicks,click,Ggr,0.038643
delphinID_clicks:Y2_2:0,,2024-05-06T22:05:57.491960Z,delphinID_clicks,click,Gme,0.358066
delphinID_clicks:Y2_2:0,,2024-05-06T22:05:57.491960Z,delphinID_clicks,click,Lal,0.548879
delphinID_clicks:Y2_2:0,,2024-05-06T22:05:57.491960Z,delphinID_clicks,click,Ttr,0.010348
delphinID_clicks:Y2_2:1,,2024-05-06T22:00:36.420942Z,delphinID_clicks,click,Dde,0.007624
delphinID_clicks:Y2_2:1,,2024-05-06T22:00:36.420942Z,delphinID_clicks,click,Ggr,0.001068
delphinID_clicks:Y2_2:1,,2024-05-06T22:00:36.420942Z,delphinID_clicks,click,Gme,0.002243
delphinID_clicks:Y2_2:1,,2024-05-06T22:00:36.420942Z,delphinID_clicks,click,Lal,0.812057
delphinID_clicks:Y2_2:1,,2024-05-06T22:00:36.420942Z,delphinID_clicks,click,Ttr,0.177008
delphinID_clicks:Y2_2:2,,2024-05-06T22:08:56.457439Z,delphinID_clicks,click,Dde,0.033973
delphinID_clicks:Y2_2:2,,2024-05-06T22:08:56.457439Z,delphinID_clicks,click,Ggr,0.25493
delphinID_clicks:Y2_2:2,,2024-05-06T22:08:56.457439Z,delphinID_clicks,click,Gme,0.004258
delphinID_clicks:Y2_2:2,,2024-05-06T22:08:56.457439Z,delphinID_clicks,click,Lal,0.008498
delphinID_clicks:Y2_2:2,,2024-05-06T22:08:56.457439Z,delphinID_clicks,click,Ttr,0.69834
delphinID_clicks:Y2_2:3,,2024-05-06T22:03:36.101819Z,delphinID_clicks,click,Dde,0.0459
delphinID_clicks:Y2_2:3,,2024-05-06T22:03:36.101819Z,delphinID_clicks,click,Ggr,0.063732
delphinID_clicks:Y2_2:3,,2024-05-06T22:03:36.101819Z,delphinID_clicks,click,Gme,0.067314
delphinID_clicks:Y2_2:3,,2024-05-06T22:03:36.101819Z,delphinID_clicks,click,Lal,0.382114
delphinID_clicks:Y2_2:3,,2024-05-06T22:03:36.101819Z,delphinID_clicks,click,Ttr,0.44094
delphinID_clicks:Y2_2:4,,2024-05-06T22:02:01.562354Z,delphinID_clicks,click,Dde,0.548224
delphinID_clicks:Y2_2:4,,2024-05-06T22:02:01.562354Z,delphinID_clicks,click,Ggr,0.005587
delphinID_clicks:Y2_2:4,,2024-05-06T22:02:01.562354Z,delphinID_clicks,click,Gme,0.02403
delphinID_clicks:Y2_2:4,,2024-05-06T22:02:01.562354Z,delphinID_clicks,click,Lal,0.047305
delphinID_clicks:Y2_2:4,,2024-05-06T22:02:01.562354Z,delphinID_clicks,click,Ttr,0.374855
delphinID_clicks:Y2_2:5,,2024-05-06T22:03:08.340985Z,delphinID_clicks,click,Dde,0.167472
delphinID_clicks:Y2_2:5,,2024-05-06T22:03:08.340985Z,delphinID_clicks,click,Ggr,0.468255
delphinID_clicks:Y2_2:5,,2024-05-06T22:03:08.340985Z,delphinID_clicks,click,Gme,0.262136
delphinID_clicks:Y2_2:5,,2024-05-06T22:03:08.340985Z,delphinID_clicks,click,Lal,0.013977
delphinID_clicks:Y2_2:5,,2024-05-06T22:03:08.340985Z,delphinID_clicks,click,Ttr,0.088159
delphinID_clicks:Y2_2:6,,2024-05-06T22:08:20.563123Z,delphinID_clicks,click,Dde,1.1e-05
delphinID_clicks:Y2_2:6,,2024-05-06T22:08:20.563123Z,delphinID_clicks,click,Ggr,0.34795
delphinID_clicks:Y2_2:6,,2024-05-06T22:08:20.563123Z,delphinID_clicks,click,Gme,0.433739
delphinID_clicks:Y2_2:6,,2024-05-06T22:08:20.563123Z,delphinID_clicks,click,Lal,0.041039
delphinID_clicks:Y2_2:6,,2024-05-06T22:08:20.563123Z,delphinID_clicks,click,Ttr,0.17726
delphinID_clicks:Y2_2:7,,2024-05-06T22:09:01.960699Z,delphinID_clicks,click,Dde,0.005686
delphinID_clicks:Y2_2:7,,2024-05-06T22:09:01.960699Z,delphinID_clicks,click,Ggr,0.171508
delphinID_clicks:Y2_2:7,,2024-05-06T22:09:01.960699Z,delphinID_clicks,click,Gme,0.112895
delphinID_clicks:Y2_2:7,,2024-05-06T22:09:01.960699Z,delphinID_clicks,click,Lal,0.001962
delphinID_clicks:Y2_2:7,,2024-05-06T22:09:01.960699Z,delphinID_clicks,click,Ttr,0.707949
delphinID_clicks:Y2_2:8,,2024-05-06T22:04:35.615116Z,delphinID_clicks,click,Dde,0.123721
delphinID_clicks:Y2_2:8,,2024-05-06T22:04:35.615116Z,delphinID_clicks,click,Ggr,0.001085
delphinID_clicks:Y2_2:8,,2024-05-06T22:04:35.615116Z,delphinID_clicks,click,Gme,0.198312
delphinID_clicks:Y2_2:8,,2024-05-06T22:04:35.615116Z,delphinID_clicks,click,Lal,0.027955
delphinID_clicks:Y2_2:8,,2024-05-06T22:04:35.615116Z,delphinID_clicks,click,Ttr,0.648927
delphinID_clicks:Y2_2:9,,2024-05-06T22:03:55.492547Z,delphinID_clicks,click,Dde,0.444916
delphinID_clicks:Y2_2:9,,2024-05-06T22:03:55.492547Z,delphinID_clicks,click,Ggr,0.031027
delphinID_clicks:Y2_2:9,,2024-05-06T22:03:55.492547Z,delphinID_clicks,click,Gme,0.487706
delphinID_clicks:Y2_2:9,,2024-05-06T22:03:55.492547Z,delphinID_clicks,click,Lal,0.000231
delphinID_clicks:Y2_2:9,,2024-05-06T22:03:55.492547Z,delphinID_clicks,click,Ttr,0.03612
delphinID_clicks:Y2_2:10,,2024-05-06T22:04:45.324909Z,delphinID_clicks,click,Dde,0.138175
delphinID_clicks:Y2_2:10,,2024-05-06T22:04:45.324909Z,delphinID_clicks,click,Ggr,0.366716
delphinID_clicks:Y2_2:10,,2024-05-06T22:04:45.324909Z,delphinID_clicks,click,Gme,0.367265
delphinID_clicks:Y2_2:10,,2024-05-06T22:04:45.324909Z,delphinID_clicks,click,Lal,0.126236
delphinID_clicks:Y2_2:10,,2024-05-06T22:04:45.324909Z,delphinID_clicks,click,Ttr,0.001607
delphinID_clicks:Y2_2:11,,2024-05-06T22:04:24.364477Z,delphinID_clicks,click,Dde,0.879843
delphinID_clicks:Y2_2:11,,2024-05-06T22:04:24.364477Z,delphinID_clicks,click,Ggr,0.005321
delphinID_clicks:Y2_2:11,,2024-05-06T22:04:24.364477Z,delphinID_clicks,click,Gme,2.2e-05
delphinID_clicks:Y2_2:11,,2024-05-06T22:04:24.364477Z,delphinID_clicks,click,Lal,0.114136
delphinID_clicks:Y2_2:11,,2024-05-06T22:04:24.364477Z,delphinID_clicks,click,Ttr,0.000678
delphinID_clicks:Y2_2:12,,2024-05-06T22:02:52.791968Z,delphinID_clicks,click,Dde,0.198603
delphinID_clicks:Y2_2:12,,2024-05-06T22:02:52.791968Z,delphinID_clicks,click,Ggr,0.367513
delphinID_clicks:Y2_2:12,,2024-05-06T22:02:52.791968Z,delphinID_clicks,click,Gme,0.057746
delphinID_clicks:Y2_2:12,,2024-05-06T22:02:52.791968Z,delphinID_clicks,click,Lal,0.002189
delphinID_clicks:Y2_2:12,,2024-05-06T22:02:52.791968Z,delphinID_clicks,click,Ttr,0.373949
delphinID_clicks:Y2_2:13,,2024-05-06T22:04:34.702718Z,delphinID_clicks,click,Dde,0.112639
delphinID_clicks:Y2_2:13,,2024-05-06T22:04:34.702718Z,delphinID_clicks,click,Ggr,0.076547
delphinID_clicks:Y2_2:13,,2024-05-06T22:04:34.702718Z,delphinID_clicks,click,Gme,0.074062
delphinID_clicks:Y2_2:13,,2024-05-06T22:04:34.702718Z,delphinID_clicks,click,Lal,0.299334
delphinID_clicks:Y2_2:13,,2024-05-06T22:04:34.702718Z,delphinID_clicks,click,Ttr,0.437417
delphinID_clicks:Y2_2:14,,2024-05-06T22:04:35.639683Z,delphinID_clicks,click,Dde,0.173241
delphinID_clicks:Y2_2:14,,2024-05-06T22:04:35.639683Z,delphinID_clicks,click,Ggr,0.052721
delphinID_clicks:Y2_2:14,,2024-05-06T22:04:35.639683Z,delphinID_clicks,click,Gme,0.428865
delphinID_clicks:Y2_2:14,,2024-05-06T22:04:35.639683Z,delphinID_clicks,click,Lal,0.128705
delphinID_clicks:Y2_2:14,,2024-05-06T22:04:35.639683Z,delphinID_clicks,click,Ttr,0.216468
delphinID_clicks:Y2_2:15,,2024-05-06T22:07:08.786745Z,delphinID_clicks,click,Dde,0.027119
delphinID_clicks:Y2_2:15,,2024-05-06T22:07:08.786745Z,delphinID_clicks,click,Ggr,0.178308
delphinID_clicks:Y2_2:15,,2024-05-06T22:07:08.786745Z,delphinID_clicks,click,Gme,0.4001
delphinID_clicks:Y2_2:15,,2024-05-06T22:07:08.786745Z,delphinID_clicks,click,Lal,8.4e-05
delphinID_clicks:Y2_2:15,,2024-05-06T22:07:08.786745Z,delphinID_clicks,click,Ttr,0.394389
delphinID_clicks:Y2_2:16,,2024-05-06T22:01:01.670726Z,delphinID_clicks,click,Dde,0.546168
delphinID_clicks:Y2_2:16,,2024-05-06T22:01:01.670726Z,delphinID_clicks,click,Ggr,0.162693
delphinID_clicks:Y2_2:16,,2024-05-06T22:01:01.670726Z,delphinID_clicks,click,Gme,0.002888
delphinID_clicks:Y2_2:16,,2024-05-06T22:01:01.670726Z,delphinID_clicks,click,Lal,0.000698
delphinID_clicks:Y2_2:16,,2024-05-06T22:01:01.670726Z,delphinID_clicks,click,Ttr,0.287554
delphinID_clicks:Y2_2:17,,2024-05-06T22:01:02.052528Z,delphinID_clicks,click,Dde,0.005789
delphinID_clicks:Y2_2:17,,2024-05-06T22:01:02.052528Z,delphinID_clicks,click,Ggr,0.009921
delphinID_clicks:Y2_2:17,,2024-05-06T22:01:02.052528Z,delphinID_clicks,click,Gme,0.425175
delphinID_clicks:Y2_2:17,,2024-05-06T22:01:02.052528Z,delphinID_clicks,click,Lal,0.226888
delphinID_clicks:Y2_2:17,,2024-05-06T22:01:02.052528Z,delphinID_clicks,click,Ttr,0.332227
delphinID_clicks:Y2_2:18,,2024-05-06T22:05:59.167145Z,delphinID_clicks,click,Dde,0.417544
delphinID_clicks:Y2_2:18,,2024-05-06T22:05:59.167145Z,delphinID_clicks,click,Ggr,0.128179
delphinID_clicks:Y2_2:18,,2024-05-06T22:05:59.167145Z,delphinID_clicks,click,Gme,0.266322
delphinID_clicks:Y2_2:18,,2024-05-06T22:05:59.167145Z,delphinID_clicks,click,Lal,0.01832
delphinID_clicks:Y2_2:18,,2024-05-06T22:05:59.167145Z,delphinID_clicks,click,Ttr,0.169636
delphinID_clicks:Y2_2:19,,2024-05-06T22:00:40.303002Z,delphinID_clicks,click,Dde,0.256164
delphinID_clicks:Y2_2:19,,2024-05-06T22:00:40.303002Z,delphinID_clicks,click,Ggr,0.293278
delphinID_clicks:Y2_2:19,,2024-05-06T22:00:40.303002Z,delphinID_clicks,click,Gme,0.170168
delphinID_clicks:Y2_2:19,,2024-05-06T22:00:40.303002Z,delphinID_clicks,click,Lal,0.273354
delphinID_clicks:Y2_2:19,,2024-05-06T22:00:40.303002Z,delphinID_clicks,click,Ttr,0.007037
delphinID_clicks:Y2_2:20,,2024-05-06T22:05:41.680930Z,delphinID_clicks,click,Dde,0.054082
delphinID_clicks:Y2_2:20,,2024-05-06T22:05:41.680930Z,delphinID_clicks,click,Ggr,0.61045
delphinID_clicks:Y2_2:20,,2024-05-06T22:05:41.680930Z,delphinID_clicks,click,Gme,0.041102
delphinID_clicks:Y2_2:20,,2024-05-06T22:05:41.680930Z,delphinID_clicks,click,Lal,0.07119
delphinID_clicks:Y2_2:20,,2024-05-06T22:05:41.680930Z,delphinID_clicks,click,Ttr,0.223175
delphinID_clicks:Y2_2:21,,2024-05-06T22:09:55.401769Z,delphinID_clicks,click,Dde,0.122323
delphinID_clicks:Y2_2:21,,2024-05-06T22:09:55.401769Z,delphinID_clicks,click,Ggr,0.021631
delphinID_clicks:Y2_2:21,,2024-05-06T22:09:55.401769Z,delphinID_clicks,click,Gme,0.640546
delphinID_clicks:Y2_2:21,,2024-05-06T22:09:55.401769Z,delphinID_clicks,click,Lal,0.042357
delphinID_clicks:Y2_2:21,,2024-05-06T22:09:55.401769Z,delphinID_clicks,click,Ttr,0.173143
delphinID_whistles:Y2_3:0,,2024-05-06T22:42:12.107758Z,delphinID_whistles,whistle,Dde,0.017544
delphinID_whistles:Y2_3:0,,2024-05-06T22:42:12.107758Z,delphinID_whistles,whistle,Ggr,0.07784
delphinID_whistles:Y2_3:0,,2024-05-06T22:42:12.107758Z,delphinID_whistles,whistle,Gme,0.000265
delphinID_whistles:Y2_3:0,,2024-05-06T22:42:12.107758Z,delphinID_whistles,whistle,Lac,0.118823
delphinID_whistles:Y2_3:0,,2024-05-06T22:42:12.107758Z,delphinID_whistles,whistle,Lal,0.303474
delphinID_whistles:Y2_3:0,,2024-05-06T22:42:12.107758Z,delphinID_whistles,whistle,Oor,0.472876
delphinID_whistles:Y2_3:0,,2024-05-06T22:42:12.107758Z,delphinID_whistles,whistle,Ttr,0.009178
delphinID_whistles:Y2_3:1,,2024-05-06T22:42:02.357593Z,delphinID_whistles,whistle,Dde,0.054462
delphinID_whistles:Y2_3:1,,2024-05-06T22:42:02.357593Z,delphinID_whistles,whistle,Ggr,0.00166
delphinID_whistles:Y2_3:1,,2024-05-06T22:42:02.357593Z,delphinID_whistles,whistle,Gme,0.052665
delphinID_whistles:Y2_3:1,,2024-05-06T22:42:02.357593Z,delphinID_whistles,whistle,Lac,0.370592
delphinID_whistles:Y2_3:1,,2024-05-06T22:42:02.357593Z,delphinID_whistles,whistle,Lal,0.429957
delphinID_whistles:Y2_3:1,,2024-05-06T22:42:02.357593Z,delphinID_whistles,whistle,Oor,0.003523
delphinID_whistles:Y2_3:1,,2024-05-06T22:42:02.357593Z,delphinID_whistles,whistle,Ttr,0.087141
delphinID_whistles:Y2_3:2,,2024-05-06T22:47:39.459250Z,delphinID_whistles,whistle,Dde,0.45094
delphinID_whistles:Y2_3:2,,2024-05-06T22:47:39.459250Z,delphinID_whistles,whistle,Ggr,0.000329
delphinID_whistles:Y2_3:2,,2024-05-06T22:47:39.459250Z,delphinID_whistles,whistle,Gme,0.014654
delphinID_whistles:Y2_3:2,,2024-05-06T22:47:39.459250Z,delphinID_whistles,whistle,Lac,0.154995
delphinID_whistles:Y2_3:2,,2024-05-06T22:47:39.459250Z,delphinID_whistles,whistle,Lal,0.002144
delphinID_whistles:Y2_3:2,,2024-05-06T22:47:39.459250Z,delphinID_whistles,whistle,Oor,0.003642
delphinID_whistles:Y2_3:2,,2024-05-06T22:47:39.459250Z,delphinID_whistles,whistle,Ttr,0.373296
delphinID_whistles:Y2_3:3,,2024-05-06T22:49:14.393307Z,delphinID_whistles,whistle,Dde,0.003205
delphinID_whistles:Y2_3:3,,2024-05-06T22:49:14.393307Z,delphinID_whistles,whistle,Ggr,5.8e-05
delphinID_whistles:Y2_3:3,,2024-05-06T22:49:14.393307Z,delphinID_whistles,whistle,Gme,0.123485
delphinID_whistles:Y2_3:3,,2024-05-06T22:49:14.393307Z,delphinID_whistles,whistle,Lac,0.035605
delphinID_whistles:Y2_3:3,,2024-05-06T22:49:14.393307Z,delphinID_whistles,whistle,Lal,0.002659
delphinID_whistles:Y2_3:3,,2024-05-06T22:49:14.393307Z,delphinID_whistles,whistle,Oor,0.834375
delphinID_whistles:Y2_3:3,,2024-05-06T22:49:14.393307Z,delphinID_whistles,whistle,Ttr,0.000614
delphinID_whistles:Y2_3:4,,2024-05-06T22:48:55.652006Z,delphinID_whistles,whistle,Dde,0.006785
delphinID_whistles:Y2_3:4,,2024-05-06T22:48:55.652006Z,delphinID_whistles,whistle,Ggr,0.023288
delphinID_whistles:Y2_3:4,,2024-05-06T22:48:55.652006Z,delphinID_whistles,whistle,Gme,0.124694
delphinID_whistles:Y2_3:4,,2024-05-06T22:48:55.652006Z,delphinID_whistles,whistle,Lac,0.198191
delphinID_whistles:Y2_3:4,,2024-05-06T22:48:55.652006Z,delphinID_whistles,whistle,Lal,0.001304
delphinID_whistles:Y2_3:4,,2024-05-06T22:48:55.652006Z,delphinID_whistles,whistle,Oor,0.308525
delphinID_whistles:Y2_3:4,,2024-05-06T22:48:55.652006Z,delphinID_whistles,whistle,Ttr,0.337214
delphinID_whistles:Y2_3:5,,2024-05-06T22:41:33.839200Z,delphinID_whistles,whistle,Dde,0.089067
delphinID_whistles:Y2_3:5,,2024-05-06T22:41:33.839200Z,delphinID_whistles,whistle,Ggr,0.247198
delphinID_whistles:Y2_3:5,,2024-05-06T22:41:33.839200Z,delphinID_whistles,whistle,Gme,0.046698
delphinID_whistles:Y2_3:5,,2024-05-06T22:41:33.839200Z,delphinID_whistles,whistle,Lac,0.107072
delphinID_whistles:Y2_3:5,,2024-05-06T22:41:33.839200Z,delphinID_whistles,whistle,Lal,0.030868
delphinID_whistles:Y2_3:5,,2024-05-06T22:41:33.839200Z,delphinID_whistles,whistle,Oor,0.007
delphinID_whistles:Y2_3:5,,2024-05-06T22:41:33.839200Z,delphinID_whistles,whistle,Ttr,0.472096
delphinID_whistles:Y2_3:6,,2024-05-06T22:48:49.191531Z,delphinID_whistles,whistle,Dde,0.119361
delphinID_whistles:Y2_3:6,,2024-05-06T22:48:49.191531Z,delphinID_whistles,whistle,Ggr,0.201583
delphinID_whistles:Y2_3:6,,2024-05-06T22:48:49.191531Z,delphinID_whistles,whistle,Gme,0.00261
delphinID_whistles:Y2_3:6,,2024-05-06T22:48:49.191531Z,delphinID_whistles,whistle,Lac,0.053029
delphinID_whistles:Y2_3:6,,2024-05-06T22:48:49.191531Z,delphinID_whistles,whistle,Lal,0.454512
delphinID_whistles:Y2_3:6,,2024-05-06T22:48:49.191531Z,delphinID_whistles,whistle,Oor,0.126916
delphinID_whistles:Y2_3:6,,2024-05-06T22:48:49.191531Z,delphinID_whistles,whistle,Ttr,0.041988
delphinID_whistles:Y2_3:7,,2024-05-06T22:46:38.964436Z,delphinID_whistles,whistle,Dde,0.038565
delphinID_whistles:Y2_3:7,,2024-05-06T22:46:38.964436Z,delphinID_whistles,whistle,Ggr,0.011475
delphinID_whistles:Y2_3:7,,2024-05-06T22:46:38.964436Z,delphinID_whistles,whistle,Gme,0.081203
delphinID_whistles:Y2_3:7,,2024-05-06T22:46:38.964436Z,delphinID_whistles,whistle,Lac,0.007793
delphinID_whistles:Y2_3:7,,2024-05-06T22:46:38.964436Z,delphinID_whistles,whistle,Lal,0.127826
delphinID_whistles:Y2_3:7,,2024-05-06T22:46:38.964436Z,delphinID_whistles,whistle,Oor,0.515912
delphinID_whistles:Y2_3:7,,2024-05-06T22:46:38.964436Z,delphinID_whistles,whistle,Ttr,0.217225
delphinID_whistles:Y2_3:8,,2024-05-06T22:44:37.992691Z,delphinID_whistles,whistle,Dde,0.124657
delphinID_whistles:Y2_3:8,,2024-05-06T22:44:37.992691Z,delphinID_whistles,whistle,Ggr,0.292802
delphinID_whistles:Y2_3:8,,2024-05-06T22:44:37.992691Z,delphinID_whistles,whistle,Gme,0.167848
delphinID_whistles:Y2_3:8,,2024-05-06T22:44:37.992691Z,delphinID_whistles,whistle,Lac,0.032949
delphinID_whistles:Y2_3:8,,2024-05-06T22:44:37.992691Z,delphinID_whistles,whistle,Lal,0.17017
delphinID_whistles:Y2_3:8,,2024-05-06T22:44:37.992691Z,delphinID_whistles,whistle,Oor,0.002638
delphinID_whistles:Y2_3:8,,2024-05-06T22:44:37.992691Z,delphinID_whistles,whistle,Ttr,0.208935
delphinID_whistles:Y2_3:9,,2024-05-06T22:44:05.836150Z,delphinID_whistles,whistle,Dde,0.492543
delphinID_whistles:Y2_3:9,,2024-05-06T22:44:05.836150Z,delphinID_whistles,whistle,Ggr,0.016354
delphinID_whistles:Y2_3:9,,2024-05-06T22:44:05.836150Z,delphinID_whistles,whistle,Gme,0.000275
delphinID_whistles:Y2_3:9,,2024-05-06T22:44:05.836150Z,delphinID_whistles,whistle,Lac,0.18916
delphinID_whistles:Y2_3:9,,2024-05-06T22:44:05.836150Z,delphinID_whistles,whistle,Lal,0.039235
delphinID_whistles:Y2_3:9,,2024-05-06T22:44:05.836150Z,delphinID_whistles,whistle,Oor,0.032395
delphinID_whistles:Y2_3:9,,2024-05-06T22:44:05.836150Z,delphinID_whistles,whistle,Ttr,0.230038
delphinID_whistles:Y2_3:10,,2024-05-06T22:45:23.379883Z,delphinID_whistles,whistle,Dde,0.193289
delphinID_whistles:Y2_3:10,,2024-05-06T22:45:23.379883Z,delphinID_whistles,whistle,Ggr,0.077754
delphinID_whistles:Y2_3:10,,2024-05-06T22:45:23.379883Z,delphinID_whistles,whistle,Gme,0.0025
delphinID_whistles:Y2_3:10,,2024-05-06T22:45:23.379883Z,delphinID_whistles,whistle,Lac,0.092112
delphinID_whistles:Y2_3:10,,2024-05-06T22:45:23.379883Z,delphinID_whistles,whistle,Lal,0.00599
delphinID_whistles:Y2_3:10,,2024-05-06T22:45:23.379883Z,delphinID_whistles,whistle,Oor,0.435126
delphinID_whistles:Y2_3:10,,2024-05-06T22:45:23.379883Z,delphinID_whistles,whistle,Ttr,0.193231
delphinID_whistles:Y2_3:11,,2024-05-06T22:41:20.755929Z,delphinID_whistles,whistle,Dde,8e-06
delphinID_whistles:Y2_3:11,,2024-05-06T22:41:20.755929Z,delphinID_whistles,whistle,Ggr,0.697637
delphinID_whistles:Y2_3:11,,2024-05-06T22:41:20.755929Z,delphinID_whistles,whistle,Gme,0.019395
delphinID_whistles:Y2_3:11,,2024-05-06T22:41:20.755929Z,delphinID_whistles,whistle,Lac,0.026539
delphinID_whistles:Y2_3:11,,2024-05-06T22:41:20.755929Z,delphinID_whistles,whistle,Lal,0.062841
delphinID_whistles:Y2_3:11,,2024-05-06T22:41:20.755929Z,delphinID_whistles,whistle,Oor,0.075067
delphinID_whistles:Y2_3:11,,2024-05-06T22:41:20.755929Z,delphinID_whistles,whistle,Ttr,0.118513
delphinID_whistles:Y2_3:12,,2024-05-06T22:46:39.461927Z,delphinID_whistles,whistle,Dde,0.000985
delphinID_whistles:Y2_3:12,,2024-05-06T22:46:39.461927Z,delphinID_whistles,whistle,Ggr,0.030878
delphinID_whistles:Y2_3:12,,2024-05-06T22:46:39.461927Z,delphinID_whistles,whistle,Gme,0.389386
delphinID_whistles:Y2_3:12,,2024-05-06T22:46:39.461927Z,delphinID_whistles,whistle,Lac,0.180947
delphinID_whistles:Y2_3:12,,2024-05-06T22:46:39.461927Z,delphinID_whistles,whistle,Lal,0.087203
delphinID_whistles:Y2_3:12,,2024-05-06T22:46:39.461927Z,delphinID_whistles,whistle,Oor,0.030209
delphinID_whistles:Y2_3:12,,2024-05-06T22:46:39.461927Z,delphinID_whistles,whistle,Ttr,0.280393
delphinID_clicks:Y2_3:0,,2024-05-06T22:43:22.355634Z,delphinID_clicks,click,Dde,0.06575
delphinID_clicks:Y2_3:0,,2024-05-06T22:43:22.355634Z,delphinID_clicks,click,Ggr,0.14135
delphinID_clicks:Y2_3:0,,2024-05-06T22:43:22.355634Z,delphinID_clicks,click,Gme,0.532015
delphinID_clicks:Y2_3:0,,2024-05-06T22:43:22.355634Z,delphinID_clicks,click,Lal,0.006029
delphinID_clicks:Y2_3:0,,2024-05-06T22:43:22.355634Z,delphinID_clicks,click,Ttr,0.254855
delphinID_clicks:Y2_3:1,,2024-05-06T22:45:44.262431Z,delphinID_clicks,click,Dde,0.051079
delphinID_clicks:Y2_3:1,,2024-05-06T22:45:44.262431Z,delphinID_clicks,click,Ggr,0.123347
delphinID_clicks:Y2_3:1,,2024-05-06T22:45:44.262431Z,delphinID_clicks,click,Gme,0.0122
delphinID_clicks:Y2_3:1,,2024-05-06T22:45:44.262431Z,delphinID_clicks,click,Lal,0.007312
delphinID_clicks:Y2_3:1,,2024-05-06T22:45:44.262431Z,delphinID_clicks,click,Ttr,0.806062
delphinID_clicks:Y2_3:2,,2024-05-06T22:46:37.274827Z,delphinID_clicks,click,Dde,0.193893
delphinID_clicks:Y2_3:2,,2024-05-06T22:46:37.274827Z,delphinID_clicks,click,Ggr,0.052288
delphinID_clicks:Y2_3:2,,2024-05-06T22:46:37.274827Z,delphinID_clicks,click,Gme,0.094034
delphinID_clicks:Y2_3:2,,2024-05-06T22:46:37.274827Z,delphinID_clicks,click,Lal,0.013658
delphinID_clicks:Y2_3:2,,2024-05-06T22:46:37.274827Z,delphinID_clicks,click,Ttr,0.646127
delphinID_clicks:Y2_3:3,,2024-05-06T22:46:16.471312Z,delphinID_clicks,click,Dde,0.390329
delphinID_clicks:Y2_3:3,,2024-05-06T22:46:16.471312Z,delphinID_clicks,click,Ggr,0.285392
delphinID_clicks:Y2_3:3,,2024-05-06T22:46:16.471312Z,delphinID_clicks,click,Gme,0.232821
delphinID_clicks:Y2_3:3,,2024-05-06T22:46:16.471312Z,delphinID_clicks,click,Lal,0.040594
delphinID_clicks:Y2_3:3,,2024-05-06T22:46:16.471312Z,delphinID_clicks,click,Ttr,0.050864
delphinID_clicks:Y2_3:4,,2024-05-06T22:47:54.161239Z,delphinID_clicks,click,Dde,0.102359
delphinID_clicks:Y2_3:4,,2024-05-06T22:47:54.161239Z,delphinID_clicks,click,Ggr,0.000113
delphinID_clicks:Y2_3:4,,2024-05-06T22:47:54.161239Z,delphinID_clicks,click,Gme,0.085981
delphinID_clicks:Y2_3:4,,2024-05-06T22:47:54.161239Z,delphinID_clicks,click,Lal,0.123444
delphinID_clicks:Y2_3:4,,2024-05-06T22:47:54.161239Z,delphinID_clicks,click,Ttr,0.688103
delphinID_clicks:Y2_3:5,,2024-05-06T22:41:33.494082Z,delphinID_clicks,click,Dde,0.210613
delphinID_clicks:Y2_3:5,,2024-05-06T22:41:33.494082Z,delphinID_clicks,click,Ggr,1.6e-05
delphinID_clicks:Y2_3:5,,2024-05-06T22:41:33.494082Z,delphinID_clicks,click,Gme,0.742009
delphinID_clicks:Y2_3:5,,2024-05-06T22:41:33.494082Z,delphinID_clicks,click,Lal,0.033903
delphinID_clicks:Y2_3:5,,2024-05-06T22:41:33.494082Z,delphinID_clicks,click,Ttr,0.013459
delphinID_clicks:Y2_3:6,,2024-05-06T22:45:24.288507Z,delphinID_clicks,click,Dde,0.114085
delphinID_clicks:Y2_3:6,,2024-05-06T22:45:24.288507Z,delphinID_clicks,click,Ggr,0.19956
delphinID_clicks:Y2_3:6,,2024-05-06T22:45:24.288507Z,delphinID_clicks,click,Gme,0.12496
delphinID_clicks:Y2_3:6,,2024-05-06T22:45:24.288507Z,delphinID_clicks,click,Lal,0.008307
delphinID_clicks:Y2_3:6,,2024-05-06T22:45:24.288507Z,delphinID_clicks,click,Ttr,0.553088
delphinID_clicks:Y2_3:7,,2024-05-06T22:44:21.097463Z,delphinID_clicks,click,Dde,0.030215
delphinID_clicks:Y2_3:7,,2024-05-06T22:44:21.097463Z,delphinID_clicks,click,Ggr,0.009276
delphinID_clicks:Y2_3:7,,2024-05-06T22:44:21.097463Z,delphinID_clicks,click,Gme,0.010924
delphinID_clicks:Y2_3:7,,2024-05-06T22:44:21.097463Z,delphinID_clicks,click,Lal,0.784463
delphinID_clicks:Y2_3:7,,2024-05-06T22:44:21.097463Z,delphinID_clicks,click,Ttr,0.165122
delphinID_clicks:Y2_3:8,,2024-05-06T22:44:33.945891Z,delphinID_clicks,click,Dde,0.008044
delphinID_clicks:Y2_3:8,,2024-05-06T22:44:33.945891Z,delphinID_clicks,click,Ggr,0.488794
delphinID_clicks:Y2_3:8,,2024-05-06T22:44:33.945891Z,delphinID_clicks,click,Gme,0.047038
delphinID_clicks:Y2_3:8,,2024-05-06T22:44:33.945891Z,delphinID_clicks,click,Lal,0.002215
delphinID_clicks:Y2_3:8,,2024-05-06T22:44:33.945891Z,delphinID_clicks,click,Ttr,0.453909
delphinID_clicks:Y2_3:9,,2024-05-06T22:46:57.509441Z,delphinID_clicks,click,Dde,0.077856
delphinID_clicks:Y2_3:9,,2024-05-06T22:46:57.509441Z,delphinID_clicks,click,Ggr,0.081763
delphinID_clicks:Y2_3:9,,2024-05-06T22:46:57.509441Z,delphinID_clicks,click,Gme,0.223849
delphinID_clicks:Y2_3:9,,2024-05-06T22:46:57.509441Z,delphinID_clicks,click,Lal,0.122575
delphinID_clicks:Y2_3:9,,2024-05-06T22:46:57.509441Z,delphinID_clicks,click,Ttr,0.493958
delphinID_clicks:Y2_3:10,,2024-05-06T22:49:02.938849Z,delphinID_clicks,click,Dde,0.12619
delphinID_clicks:Y2_3:10,,2024-05-06T22:49:02.938849Z,delphinID_clicks,click,Ggr,0.287819
delphinID_clicks:Y2_3:10,,2024-05-06T22:49:02.938849Z,delphinID_clicks,click,Gme,0.233827
delphinID_clicks:Y2_3:10,,2024-05-06T22:49:02.938849Z,delphinID_clicks,click,Lal,0.002782
delphinID_clicks:Y2_3:10,,2024-05-06T22:49:02.938849Z,delphinID_clicks,click,Ttr,0.349381
delphinID_clicks:Y2_3:11,,2024-05-06T22:43:48.531885Z,delphinID_clicks,click,Dde,7e-06
delphinID_clicks:Y2_3:11,,2024-05-06T22:43:48.531885Z,delphinID_clicks,click,Ggr,0.577711
delphinID_clicks:Y2_3:11,,2024-05-06T22:43:48.531885Z,delphinID_clicks,click,Gme,0.00899
delphinID_clicks:Y2_3:11,,2024-05-06T22:43:48.531885Z,delphinID_clicks,click,Lal,0.209078
delphinID_clicks:Y2_3:11,,2024-05-06T22:43:48.531885Z,delphinID_clicks,click,Ttr,0.204214
delphinID_clicks:Y2_3:12,,2024-05-06T22:45:07.662062Z,delphinID_clicks,click,Dde,0.160382
delphinID_clicks:Y2_3:12,,2024-05-06T22:45:07.662062Z,delphinID_clicks,click,Ggr,0.60459
delphinID_clicks:Y2_3:12,,2024-05-06T22:45:07.662062Z,delphinID_clicks,click,Gme,0.225389
delphinID_clicks:Y2_3:12,,2024-05-06T22:45:07.662062Z,delphinID_clicks,click,Lal,0.001215
delphinID_clicks:Y2_3:12,,2024-05-06T22:45:07.662062Z,delphinID_clicks,click,Ttr,0.008424
delphinID_clicks:Y2_3:13,,2024-05-06T22:48:33.507397Z,delphinID_clicks,click,Dde,0.004994
delphinID_clicks:Y2_3:13,,2024-05-06T22:48:33.507397Z,delphinID_clicks,click,Ggr,0.003428
delphinID_clicks:Y2_3:13,,2024-05-06T22:48:33.507397Z,delphinID_clicks,click,Gme,0.022493
delphinID_clicks:Y2_3:13,,2024-05-06T22:48:33.507397Z,delphinID_clicks,click,Lal,0.247107
delphinID_clicks:Y2_3:13,,2024-05-06T22:48:33.507397Z,delphinID_clicks,click,Ttr,0.721978
delphinID_clicks:Y2_3:14,,2024-05-06T22:49:33.258741Z,delphinID_clicks,click,Dde,0.02869
delphinID_clicks:Y2_3:14,,2024-05-06T22:49:33.258741Z,delphinID_clicks,click,Ggr,0.056141
delphinID_clicks:Y2_3:14,,2024-05-06T22:49:33.258741Z,delphinID_clicks,click,Gme,0.34693
delphinID_clicks:Y2_3:14,,2024-05-06T22:49:33.258741Z,delphinID_clicks,click,Lal,0.544555
delphinID_clicks:Y2_3:14,,2024-05-06T22:49:33.258741Z,delphinID_clicks,click,Ttr,0.023684
delphinID_clicks:Y2_3:15,,2024-05-06T22:46:20.797859Z,delphinID_clicks,click,Dde,0.029136
delphinID_clicks:Y2_3:15,,2024-05-06T22:46:20.797859Z,delphinID_clicks,click,Ggr,0.005297
delphinID_clicks:Y2_3:15,,2024-05-06T22:46:20.797859Z,delphinID_clicks,click,Gme,0.139512
delphinID_clicks:Y2_3:15,,2024-05-06T22:46:20.797859Z,delphinID_clicks,click,Lal,0.525333
delphinID_clicks:Y2_3:15,,2024-05-06T22:46:20.797859Z,delphinID_clicks,click,Ttr,0.300722
delphinID_clicks:Y2_3:16,,2024-05-06T22:44:10.764018Z,delphinID_clicks,click,Dde,0.061354
delphinID_clicks:Y2_3:16,,2024-05-06T22:44:10.764018Z,delphinID_clicks,click,Ggr,0.223256
delphinID_clicks:Y2_3:16,,2024-05-06T22:44:10.764018Z,delphinID_clicks,click,Gme,0.380481
delphinID_clicks:Y2_3:16,,2024-05-06T22:44:10.764018Z,delphinID_clicks,click,Lal,0.32095
delphinID_clicks:Y2_3:16,,2024-05-06T22:44:10.764018Z,delphinID_clicks,click,Ttr,0.013959
delphinID_clicks:Y2_3:17,,2024-05-06T22:46:16.765053Z,delphinID_clicks,click,Dde,0.044701
delphinID_clicks:Y2_3:17,,2024-05-06T22:46:16.765053Z,delphinID_clicks,click,Ggr,0.08723
delphinID_clicks:Y2_3:17,,2024-05-06T22:46:16.765053Z,delphinID_clicks,click,Gme,0.004261
delphinID_clicks:Y2_3:17,,2024-05-06T22:46:16.765053Z,delphinID_clicks,click,Lal,0.076443
delphinID_clicks:Y2_3:17,,2024-05-06T22:46:16.765053Z,delphinID_clicks,click,Ttr,0.787365
delphinID_clicks:Y2_3:18,,2024-05-06T22:45:46.869313Z,delphinID_clicks,click,Dde,0.011326
delphinID_clicks:Y2_3:18,,2024-05-06T22:45:46.869313Z,delphinID_clicks,click,Ggr,0.019853
delphinID_clicks:Y2_3:18,,2024-05-06T22:45:46.869313Z,delphinID_clicks,click,Gme,0.09815
delphinID_clicks:Y2_3:18,,2024-05-06T22:45:46.869313Z,delphinID_clicks,click,Lal,0.287516
delphinID_clicks:Y2_3:18,,2024-05-06T22:45:46.869313Z,delphinID_clicks,click,Ttr,0.583155
delphinID_clicks:Y2_3:19,,2024-05-06T22:41:48.885787Z,delphinID_clicks,click,Dde,0.049779
delphinID_clicks:Y2_3:19,,2024-05-06T22:41:48.885787Z,delphinID_clicks,click,Ggr,0.349933
delphinID_clicks:Y2_3:19,,2024-05-06T22:41:48.885787Z,delphinID_clicks,click,Gme,0.024454
delphinID_clicks:Y2_3:19,,2024-05-06T22:41:48.885787Z,delphinID_clicks,click,Lal,0.104926
delphinID_clicks:Y2_3:19,,2024-05-06T22:41:48.885787Z,delphinID_clicks,click,Ttr,0.470909
delphinID_clicks:Y2_3:20,,2024-05-06T22:40:50.599187Z,delphinID_clicks,click,Dde,0.112527
delphinID_clicks:Y2_3:20,,2024-05-06T22:40:50.599187Z,delphinID_clicks,click,Ggr,0.148665
delphinID_clicks:Y2_3:20,,2024-05-06T22:40:50.599187Z,delphinID_clicks,click,Gme,0.01373
delphinID_clicks:Y2_3:20,,2024-05-06T22:40:50.599187Z,delphinID_clicks,click,Lal,0.48365
delphinID_clicks:Y2_3:20,,2024-05-06T22:40:50.599187Z,delphinID_clicks,click,Ttr,0.241427
delphinID_clicks:Y2_3:21,,2024-05-06T22:41:04.943994Z,delphinID_clicks,click,Dde,0.134961
delphinID_clicks:Y2_3:21,,2024-05-06T22:41:04.943994Z,delphinID_clicks,click,Ggr,0.057398
delphinID_clicks:Y2_3:21,,2024-05-06T22:41:04.943994Z,delphinID_clicks,click,Gme,0.289396
delphinID_clicks:Y2_3:21,,2024-05-06T22:41:04.943994Z,delphinID_clicks,click,Lal,0.014931
delphinID_clicks:Y2_3:21,,2024-05-06T22:41:04.943994Z,delphinID_clicks,click,Ttr,0.503313
delphinID_clicks:Y2_3:22,,2024-05-06T22:45:16.533054Z,delphinID_clicks,click,Dde,0.023912
delphinID_clicks:Y2_3:22,,2024-05-06T22:45:16.533054Z,delphinID_clicks,click,Ggr,0.212349
delphinID_clicks:Y2_3:22,,2024-05-06T22:45:16.533054Z,delphinID_clicks,click,Gme,0.246173
delphinID_clicks:Y2_3:22,,2024-05-06T22:45:16.533054Z,delphinID_clicks,click,Lal,0.066607
delphinID_clicks:Y2_3:22,,2024-05-06T22:45:16.533054Z,delphinID_clicks,click,Ttr,0.450958
delphinID_clicks:Y2_3:23,,2024-05-06T22:45:03.606668Z,delphinID_clicks,click,Dde,0.022572
delphinID_clicks:Y2_3:23,,2024-05-06T22:45:03.606668Z,delphinID_clicks,click,Ggr,0.427605
delphinID_clicks:Y2_3:23,,2024-05-06T22:45:03.606668Z,delphinID_clicks,click,Gme,0.004237
delphinID_clicks:Y2_3:23,,2024-05-06T22:45:03.606668Z,delphinID_clicks,click,Lal,0.034197
delphinID_clicks:Y2_3:23,,2024-05-06T22:45:03.606668Z,delphinID_clicks,click,Ttr,0.511388
delphinID_clicks:Y2_3:24,,2024-05-06T22:44:27.668176Z,delphinID_clicks,click,Dde,7.3e-05
delphinID_clicks:Y2_3:24,,2024-05-06T22:44:27.668176Z,delphinID_clicks,click,Ggr,0.043961
delphinID_clicks:Y2_3:24,,2024-05-06T22:44:27.668176Z,delphinID_clicks,click,Gme,0.324094
delphinID_clicks:Y2_3:24,,2024-05-06T22:44:27.668176Z,delphinID_clicks,click,Lal,0.01842
delphinID_clicks:Y2_3:24,,2024-05-06T22:44:27.668176Z,delphinID_clicks,click,Ttr,0.613451
delphinID_clicks:Y2_3:25,,2024-05-06T22:43:43.339979Z,delphinID_clicks,click,Dde,0.260655
delphinID_clicks:Y2_3:25,,2024-05-06T22:43:43.339979Z,delphinID_clicks,click,Ggr,0.076612
delphinID_clicks:Y2_3:25,,2024-05-06T22:43:43.339979Z,delphinID_clicks,click,Gme,0.510807
delphinID_clicks:Y2_3:25,,2024-05-06T22:43:43.339979Z,delphinID_clicks,click,Lal,0.13158
delphinID_clicks:Y2_3:25,,2024-05-06T22:43:43.339979Z,delphinID_clicks,click,Ttr,0.020346
delphinID_clicks:Y3_1:0,,2024-05-07T23:25:16.464539Z,delphinID_clicks,click,Dde,0.080294
delphinID_clicks:Y3_1:0,,2024-05-07T23:25:16.464539Z,delphinID_clicks,click,Ggr,0.105534
delphinID_clicks:Y3_1:0,,2024-05-07T23:25:16.464539Z,delphinID_clicks,click,Gme,0.173814
delphinID_clicks:Y3_1:0,,2024-05-07T23:25:16.464539Z,delphinID_clicks,click,Lal,0.024618
delphinID_clicks:Y3_1:0,,2024-05-07T23:25:16.464539Z,delphinID_clicks,click,Ttr,0.61574
delphinID_clicks:Y3_1:1,,2024-05-07T23:23:15.879579Z,delphinID_clicks,click,Dde,0.038576
delphinID_clicks:Y3_1:1,,2024-05-07T23:23:15.879579Z,delphinID_clicks,click,Ggr,0.023101
delphinID_clicks:Y3_1:1,,2024-05-07T23:23:15.879579Z,delphinID_clicks,click,Gme,0.819028
delphinID_clicks:Y3_1:1,,2024-05-07T23:23:15.879579Z,delphinID_clicks,click,Lal,0.01345
delphinID_clicks:Y3_1:1,,2024-05-07T23:23:15.879579Z,delphinID_clicks,click,Ttr,0.105846
delphinID_clicks:Y3_1:2,,2024-05-07T23:29:16.004897Z,delphinID_clicks,click,Dde,0.027668
delphinID_clicks:Y3_1:2,,2024-05-07T23:29:16.004897Z,delphinID_clicks,click,Ggr,0.164223
delphinID_clicks:Y3_1:2,,2024-05-07T23:29:16.004897Z,delphinID_clicks,click,Gme,0.136094
delphinID_clicks:Y3_1:2,,2024-05-07T23:29:16.004897Z,delphinID_clicks,click,Lal,0.611867
delphinID_clicks:Y3_1:2,,2024-05-07T23:29:16.004897Z,delphinID_clicks,click,Ttr,0.060148
delphinID_clicks:Y3_1:3,,2024-05-07T23:21:49.597358Z,delphinID_clicks,click,Dde,0.000158
delphinID_clicks:Y3_1:3,,2024-05-07T23:21:49.597358Z,delphinID_clicks,click,Ggr,0.588146
delphinID_clicks:Y3_1:3,,2024-05-07T23:21:49.597358Z,delphinID_clicks,click,Gme,0.030267
delphinID_clicks:Y3_1:3,,2024-05-07T23:21:49.597358Z,delphinID_clicks,click,Lal,0.033201
delphinID_clicks:Y3_1:3,,2024-05-07T23:21:49.597358Z,delphinID_clicks,click,Ttr,0.348228
delphinID_clicks:Y3_1:4,,2024-05-07T23:20:29.962100Z,delphinID_clicks,click,Dde,0.017462
delphinID_clicks:Y3_1:4,,2024-05-07T23:20:29.962100Z,delphinID_clicks,click,Ggr,0.548533
delphinID_clicks:Y3_1:4,,2024-05-07T23:20:29.962100Z,delphinID_clicks,click,Gme,0.023435
delphinID_clicks:Y3_1:4,,2024-05-07T23:20:29.962100Z,delphinID_clicks,click,Lal,0.242433
delphinID_clicks:Y3_1:4,,2024-05-07T23:20:29.962100Z,delphinID_clicks,click,Ttr,0.168137
delphinID_clicks:Y3_1:5,,2024-05-07T23:21:27.803721Z,delphinID_clicks,click,Dde,0.530205
delphinID_clicks:Y3_1:5,,2024-05-07T23:21:27.803721Z,delphinID_clicks,click,Ggr,0.257077
delphinID_clicks:Y3_1:5,,2024-05-07T23:21:27.803721Z,delphinID_clicks,click,Gme,0.000192
delphinID_clicks:Y3_1:5,,2024-05-07T23:21:27.803721Z,delphinID_clicks,click,Lal,0.062746
delphinID_clicks:Y3_1:5,,2024-05-07T23:21:27.803721Z,delphinID_clicks,click,Ttr,0.149779
delphinID_clicks:Y3_1:6,,2024-05-07T23:24:20.017849Z,delphinID_clicks,click,Dde,0.137795
delphinID_clicks:Y3_1:6,,2024-05-07T23:24:20.017849Z,delphinID_clicks,click,Ggr,0.646055
delphinID_clicks:Y3_1:6,,2024-05-07T23:24:20.017849Z,delphinID_clicks,click,Gme,0.07713
delphinID_clicks:Y3_1:6,,2024-05-07T23:24:20.017849Z,delphinID_clicks,click,Lal,0.109252
delphinID_clicks:Y3_1:6,,2024-05-07T23:24:20.017849Z,delphinID_clicks,click,Ttr,0.029769
delphinID_clicks:Y3_1:7,,2024-05-07T23:27:32.405047Z,delphinID_clicks,click,Dde,0.316654
delphinID_clicks:Y3_1:7,,2024-05-07T23:27:32.405047Z,delphinID_clicks,click,Ggr,0.072706
delphinID_clicks:Y3_1:7,,2024-05-07T23:27:32.405047Z,delphinID_clicks,click,Gme,0.139259
delphinID_clicks:Y3_1:7,,2024-05-07T23:27:32.405047Z,delphinID_clicks,click,Lal,0.210012
delphinID_clicks:Y3_1:7,,2024-05-07T23:27:32.405047Z,delphinID_clicks,click,Ttr,0.261368
delphinID_clicks:Y3_1:8,,2024-05-07T23:28:32.066739Z,delphinID_clicks,click,Dde,0.350926
delphinID_clicks:Y3_1:8,,2024-05-07T23:28:32.066739Z,delphinID_clicks,click,Ggr,2.9e-05
delphinID_clicks:Y3_1:8,,2024-05-07T23:28:32.066739Z,delphinID_clicks,click,Gme,0.000192
delphinID_clicks:Y3_1:8,,2024-05-07T23:28:32.066739Z,delphinID_clicks,click,Lal,0.627283
delphinID_clicks:Y3_1:8,,2024-05-07T23:28:32.066739Z,delphinID_clicks,click,Ttr,0.02157
delphinID_clicks:Y3_1:9,,2024-05-07T23:23:48.140514Z,delphinID_clicks,click,Dde,0.148428
delphinID_clicks:Y3_1:9,,2024-05-07T23:23:48.140514Z,delphinID_clicks,click,Ggr,0.09982
delphinID_clicks:Y3_1:9,,2024-05-07T23:23:48.140514Z,delphinID_clicks,click,Gme,0.083681
delphinID_clicks:Y3_1:9,,2024-05-07T23:23:48.140514Z,delphinID_clicks,click,Lal,1.2e-05
delphinID_clicks:Y3_1:9,,2024-05-07T23:23:48.140514Z,delphinID_clicks,click,Ttr,0.668059
delphinID_clicks:Y3_1:10,,2024-05-07T23:23:35.488613Z,delphinID_clicks,click,Dde,0.022966
delphinID_clicks:Y3_1:10,,2024-05-07T23:23:35.488613Z,delphinID_clicks,click,Ggr,0.5406
delphinID_clicks:Y3_1:10,,2024-05-07T23:23:35.488613Z,delphinID_clicks,click,Gme,0.286389
delphinID_clicks:Y3_1:10,,2024-05-07T23:23:35.488613Z,delphinID_clicks,click,Lal,0.031451
delphinID_clicks:Y3_1:10,,2024-05-07T23:23:35.488613Z,delphinID_clicks,click,Ttr,0.118594
delphinID_clicks:Y3_1:11,,2024-05-07T23:20:10.258291Z,delphinID_clicks,click,Dde,0.130669
delphinID_clicks:Y3_1:11,,2024-05-07T23:20:10.258291Z,delphinID_clicks,click,Ggr,0.443763
delphinID_clicks:Y3_1:11,,2024-05-07T23:20:10.258291Z,delphinID_clicks,click,Gme,0.028754
delphinID_clicks:Y3_1:11,,2024-05-07T23:20:10.258291Z,delphinID_clicks,click,Lal,0.227711
delphinID_clicks:Y3_1:11,,2024-05-07T23:20:10.258291Z,delphinID_clicks,click,Ttr,0.169103
delphinID_clicks:Y3_1:12,,2024-05-07T23:24:26.919669Z,delphinID_clicks,click,Dde,0.027218
delphinID_clicks:Y3_1:12,,2024-05-07T23:24:26.919669Z,delphinID_clicks,click,Ggr,0.164986
delphinID_clicks:Y3_1:12,,2024-05-07T23:24:26.919669Z,delphinID_clicks,click,Gme,0.235787
delphinID_clicks:Y3_1:12,,2024-05-07T23:24:26.919669Z,delphinID_clicks,click,Lal,0.095552
delphinID_clicks:Y3_1:12,,2024-05-07T23:24:26.919669Z,delphinID_clicks,click,Ttr,0.476457
delphinID_clicks:Y3_1:13,,2024-05-07T23:22:15.073475Z,delphinID_clicks,click,Dde,0.206685
delphinID_clicks:Y3_1:13,,2024-05-07T23:22:15.073475Z,delphinID_clicks,click,Ggr,0.11737
delphinID_clicks:Y3_1:13,,2024-05-07T23:22:15.073475Z,delphinID_clicks,click,Gme,0.481564
delphinID_clicks:Y3_1:13,,2024-05-07T23:22:15.073475Z,delphinID_clicks,click,Lal,0.007616
delphinID_clicks:Y3_1:13,,2024-05-07T23:22:15.073475Z,delphinID_clicks,click,Ttr,0.186765
delphinID_clicks:Y3_1:14,,2024-05-07T23:22:59.217014Z,delphinID_clicks,click,Dde,0.003069
delphinID_clicks:Y3_1:14,,2024-05-07T23:22:59.217014Z,delphinID_clicks,click,Ggr,0.082733
delphinID_clicks:Y3_1:14,,2024-05-07T23:22:59.217014Z,delphinID_clicks,click,Gme,0.852721
delphinID_clicks:Y3_1:14,,2024-05-07T23:22:59.217014Z,delphinID_clicks,click,Lal,0.016844
delphinID_clicks:Y3_1:14,,2024-05-07T23:22:59.217014Z,delphinID_clicks,click,Ttr,0.044633
delphinID_clicks:Y3_1:15,,2024-05-07T23:24:06.690295Z,delphinID_clicks,click,Dde,3e-06
delphinID_clicks:Y3_1:15,,2024-05-07T23:24:06.690295Z,delphinID_clicks,click,Ggr,0.165677
delphinID_clicks:Y3_1:15,,2024-05-07T23:24:06.690295Z,delphinID_clicks,click,Gme,0.11072
delphinID_clicks:Y3_1:15,,2024-05-07T23:24:06.690295Z,delphinID_clicks,click,Lal,0.191402
delphinID_clicks:Y3_1:15,,2024-05-07T23:24:06.690295Z,delphinID_clicks,click,Ttr,0.532199
delphinID_clicks:Y3_1:16,,2024-05-07T23:29:20.716065Z,delphinID_clicks,click,Dde,0.33533
delphinID_clicks:Y3_1:16,,2024-05-07T23:29:20.716065Z,delphinID_clicks,click,Ggr,0.356862
delphinID_clicks:Y3_1:16,,2024-05-07T23:29:20.716065Z,delphinID_clicks,click,Gme,0.012101
delphinID_clicks:Y3_1:16,,2024-05-07T23:29:20.716065Z,delphinID_clicks,click,Lal,0.008794
delphinID_clicks:Y3_1:16,,2024-05-07T23:29:20.716065Z,delphinID_clicks,click,Ttr,0.286913
delphinID_clicks:Y3_1:17,,2024-05-07T23:29:48.044355Z,delphinID_clicks,click,Dde,0.175648
delphinID_clicks:Y3_1:17,,2024-05-07T23:29:48.044355Z,delphinID_clicks,click,Ggr,0.032715
delphinID_clicks:Y3_1:17,,2024-05-07T23:29:48.044355Z,delphinID_clicks,click,Gme,0.71917
delphinID_clicks:Y3_1:17,,2024-05-07T23:29:48.044355Z,delphinID_clicks,click,Lal,0.033026
delphinID_clicks:Y3_1:17,,2024-05-07T23:29:48.044355Z,delphinID_clicks,click,Ttr,0.039441
delphinID_clicks:Y3_1:18,,2024-05-07T23:28:34.032549Z,delphinID_clicks,click,Dde,0.000977
delphinID_clicks:Y3_1:18,,2024-05-07T23:28:34.032549Z,delphinID_clicks,click,Ggr,0.061006
delphinID_clicks:Y3_1:18,,2024-05-07T23:28:34.032549Z,delphinID_clicks,click,Gme,0.000678
delphinID_clicks:Y3_1:18,,2024-05-07T23:28:34.032549Z,delphinID_clicks,click,Lal,0.061355
delphinID_clicks:Y3_1:18,,2024-05-07T23:28:34.032549Z,delphinID_clicks,click,Ttr,0.875983
delphinID_clicks:Y3_1:19,,2024-05-07T23:21:03.470492Z,delphinID_clicks,click,Dde,0.042536
delphinID_clicks:Y3_1:19,,2024-05-07T23:21:03.470492Z,delphinID_clicks,click,Ggr,0.092912
delphinID_clicks:Y3_1:19,,2024-05-07T23:21:03.470492Z,delphinID_clicks,click,Gme,0.000821
delphinID_clicks:Y3_1:19,,2024-05-07T23:21:03.470492Z,delphinID_clicks,click,Lal,0.040467
delphinID_clicks:Y3_1:19,,2024-05-07T23:21:03.470492Z,delphinID_clicks,click,Ttr,0.823264
delphinID_clicks:Y3_1:20,,2024-05-07T23:20:13.672331Z,delphinID_clicks,click,Dde,0.024034
delphinID_clicks:Y3_1:20,,2024-05-07T23:20:13.672331Z,delphinID_clicks,click,Ggr,0.013531
delphinID_clicks:Y3_1:20,,2024-05-07T23:20:13.672331Z,delphinID_clicks,click,Gme,0.110131
delphinID_clicks:Y3_1:20,,2024-05-07T23:20:13.672331Z,delphinID_clicks,click,Lal,0.125803
delphinID_clicks:Y3_1:20,,2024-05-07T23:20:13.672331Z,delphinID_clicks,click,Ttr,0.726501
delphinID_clicks:Y3_1:21,,2024-05-07T23:20:44.103295Z,delphinID_clicks,click,Dde,0.277998
delphinID_clicks:Y3_1:21,,2024-05-07T23:20:44.103295Z,delphinID_clicks,click,Ggr,0.418352
delphinID_clicks:Y3_1:21,,2024-05-07T23:20:44.103295Z,delphinID_clicks,click,Gme,0.001585
delphinID_clicks:Y3_1:21,,2024-05-07T23:20:44.103295Z,delphinID_clicks,click,Lal,0.003707
delphinID_clicks:Y3_1:21,,2024-05-07T23:20:44.103295Z,delphinID_clicks,click,Ttr,0.298358
delphinID_clicks:Y3_1:22,,2024-05-07T23:22:34.776618Z,delphinID_clicks,click,Dde,0.31625
delphinID_clicks:Y3_1:22,,2024-05-07T23:22:34.776618Z,delphinID_clicks,click,Ggr,0.001962
delphinID_clicks:Y3_1:22,,2024-05-07T23:22:34.776618Z,delphinID_clicks,click,Gme,0.244416
delphinID_clicks:Y3_1:22,,2024-05-07T23:22:34.776618Z,delphinID_clicks,click,Lal,0.238501
delphinID_clicks:Y3_1:22,,2024-05-07T23:22:34.776618Z,delphinID_clicks,click,Ttr,0.198871
delphinID_clicks:Y3_1:23,,2024-05-07T23:24:53.241366Z,delphinID_clicks,click,Dde,0.014357
delphinID_clicks:Y3_1:23,,2024-05-07T23:24:53.241366Z,delphinID_clicks,click,Ggr,0.020172
delphinID_clicks:Y3_1:23,,2024-05-07T23:24:53.241366Z,delphinID_clicks,click,Gme,0.133843
delphinID_clicks:Y3_1:23,,2024-05-07T23:24:53.241366Z,delphinID_clicks,click,Lal,0.127488
delphinID_clicks:Y3_1:23,,2024-05-07T23:24:53.241366Z,delphinID_clicks,click,Ttr,0.70414
delphinID_clicks:Y3_1:24,,2024-05-07T23:22:52.861901Z,delphinID_clicks,click,Dde,0.006854
delphinID_clicks:Y3_1:24,,2024-05-07T23:22:52.861901Z,delphinID_clicks,click,Ggr,0.214296
delphinID_clicks:Y3_1:24,,2024-05-07T23:22:52.861901Z,delphinID_clicks,click,Gme,0.637198
delphinID_clicks:Y3_1:24,,2024-05-07T23:22:52.861901Z,delphinID_clicks,click,Lal,0.116602
delphinID_clicks:Y3_1:24,,2024-05-07T23:22:52.861901Z,delphinID_clicks,click,Ttr,0.02505
delphinID_clicks:Y3_1:25,,2024-05-07T23:21:45.686431Z,delphinID_clicks,click,Dde,0.008976
delphinID_clicks:Y3_1:25,,2024-05-07T23:21:45.686431Z,delphinID_clicks,click,Ggr,0.06185
delphinID_clicks:Y3_1:25,,2024-05-07T23:21:45.686431Z,delphinID_clicks,click,Gme,0.181198
delphinID_clicks:Y3_1:25,,2024-05-07T23:21:45.686431Z,delphinID_clicks,click,Lal,0.457254
delphinID_clicks:Y3_1:25,,2024-05-07T23:21:45.686431Z,delphinID_clicks,click,Ttr,0.290722
delphinID_clicks:Y3_1:26,,2024-05-07T23:28:45.652907Z,delphinID_clicks,click,Dde,0.421301
delphinID_clicks:Y3_1:26,,2024-05-07T23:28:45.652907Z,delphinID_clicks,click,Ggr,0.335783
delphinID_clicks:Y3_1:26,,2024-05-07T23:28:45.652907Z,delphinID_clicks,click,Gme,0.102754
delphinID_clicks:Y3_1:26,,2024-05-07T23:28:45.652907Z,delphinID_clicks,click,Lal,0.105471
delphinID_clicks:Y3_1:26,,2024-05-07T23:28:45.652907Z,delphinID_clicks,click,Ttr,0.034691
delphinID_clicks:Y3_1:27,,2024-05-07T23:27:14.663935Z,delphinID_clicks,click,Dde,0.027584
delphinID_clicks:Y3_1:27,,2024-05-07T23:27:14.663935Z,delphinID_clicks,click,Ggr,0.132183
delphinID_clicks:Y3_1:27,,2024-05-07T23:27:14.663935Z,delphinID_clicks,click,Gme,0.16955
delphinID_clicks:Y3_1:27,,2024-05-07T23:27:14.663935Z,delphinID_clicks,click,Lal,0.008369
delphinID_clicks:Y3_1:27,,2024-05-07T23:27:14.663935Z,delphinID_clicks,click,Ttr,0.662315
delphinID_clicks:Y3_1:28,,2024-05-07T23:28:20.347861Z,delphinID_clicks,click,Dde,0.186409
delphinID_clicks:Y3_1:28,,2024-05-07T23:28:20.347861Z,delphinID_clicks,click,Ggr,0.20102
delphinID_clicks:Y3_1:28,,2024-05-07T23:28:20.347861Z,delphinID_clicks,click,Gme,1.6e-05
delphinID_clicks:Y3_1:28,,2024-05-07T23:28:20.347861Z,delphinID_clicks,click,Lal,0.191202
delphinID_clicks:Y3_1:28,,2024-05-07T23:28:20.347861Z,delphinID_clicks,click,Ttr,0.421354
delphinID_clicks:Y3_1:29,,2024-05-07T23:29:57.150160Z,delphinID_clicks,click,Dde,0.102871
delphinID_clicks:Y3_1:29,,2024-05-07T23:29:57.150160Z,delphinID_clicks,click,Ggr,0.075479
delphinID_clicks:Y3_1:29,,2024-05-07T23:29:57.150160Z,delphinID_clicks,click,Gme,0.02858
delphinID_clicks:Y3_1:29,,2024-05-07T23:29:57.150160Z,delphinID_clicks,click,Lal,0.026258
delphinID_clicks:Y3_1:29,,2024-05-07T23:29:57.150160Z,delphinID_clicks,click,Ttr,0.766813
delphinID_whistles:Y3_2:0,,2024-05-08T00:09:57.027391Z,delphinID_whistles,whistle,Dde,0.000434
delphinID_whistles:Y3_2:0,,2024-05-08T00:09:57.027391Z,delphinID_whistles,whistle,Ggr,0.231699
delphinID_whistles:Y3_2:0,,2024-05-08T00:09:57.027391Z,delphinID_whistles,whistle,Gme,0.038189
delphinID_whistles:Y3_2:0,,2024-05-08T00:09:57.027391Z,delphinID_whistles,whistle,Lac,0.081397
delphinID_whistles:Y3_2:0,,2024-05-08T00:09:57.027391Z,delphinID_whistles,whistle,Lal,0.030828
delphinID_whistles:Y3_2:0,,2024-05-08T00:09:57.027391Z,delphinID_whistles,whistle,Oor,0.509812
delphinID_whistles:Y3_2:0,,2024-05-08T00:09:57.027391Z,delphinID_whistles,whistle,Ttr,0.107641
delphinID_whistles:Y3_2:1,,2024-05-08T00:05:33.220903Z,delphinID_whistles,whistle,Dde,0.492117
delphinID_whistles:Y3_2:1,,2024-05-08T00:05:33.220903Z,delphinID_whistles,whistle,Ggr,0.000285
delphinID_whistles:Y3_2:1,,2024-05-08T00:05:33.220903Z,delphinID_whistles,whistle,Gme,0.152122
delphinID_whistles:Y3_2:1,,2024-05-08T00:05:33.220903Z,delphinID_whistles,whistle,Lac,0.288666
delphinID_whistles:Y3_2:1,,2024-05-08T00:05:33.220903Z,delphinID_whistles,whistle,Lal,0.012285
delphinID_whistles:Y3_2:1,,2024-05-08T00:05:33.220903Z,delphinID_whistles,whistle,Oor,0.045909
delphinID_whistles:Y3_2:1,,2024-05-08T00:05:33.220903Z,delphinID_whistles,whistle,Ttr,0.008617
delphinID_whistles:Y3_2:2,,2024-05-08T00:02:45.451521Z,delphinID_whistles,whistle,Dde,0.154752
delphinID_whistles:Y3_2:2,,2024-05-08T00:02:45.451521Z,delphinID_whistles,whistle,Ggr,0.007363
delphinID_whistles:Y3_2:2,,2024-05-08T00:02:45.451521Z,delphinID_whistles,whistle,Gme,0.009404
delphinID_whistles:Y3_2:2,,2024-05-08T00:02:45.451521Z,delphinID_whistles,whistle,Lac,0.023879
delphinID_whistles:Y3_2:2,,2024-05-08T00:02:45.451521Z,delphinID_whistles,whistle,Lal,0.258781
delphinID_whistles:Y3_2:2,,2024-05-08T00:02:45.451521Z,delphinID_whistles,whistle,Oor,0.523831
delphinID_whistles:Y3_2:2,,2024-05-08T00:02:45.451521Z,delphinID_whistles,whistle,Ttr,0.02199
delphinID_whistles:Y3_2:3,,2024-05-08T00:05:45.473477Z,delphinID_whistles,whistle,Dde,0.081423
delphinID_whistles:Y3_2:3,,2024-05-08T00:05:45.473477Z,delphinID_whistles,whistle,Ggr,0.043941
delphinID_whistles:Y3_2:3,,2024-05-08T00:05:45.473477Z,delphinID_whistles,whistle,Gme,0.000188
delphinID_whistles:Y3_2:3,,2024-05-08T00:05:45.473477Z,delphinID_whistles,whistle,Lac,0.346357
delphinID_whistles:Y3_2:3,,2024-05-08T00:05:45.473477Z,delphinID_whistles,whistle,Lal,0.112072
delphinID_whistles:Y3_2:3,,2024-05-08T00:05:45.473477Z,delphinID_whistles,whistle,Oor,0.414238
delphinID_whistles:Y3_2:3,,2024-05-08T00:05:45.473477Z,delphinID_whistles,whistle,Ttr,0.001781
delphinID_whistles:Y3_2:4,,2024-05-08T00:06:46.847035Z,delphinID_whistles,whistle,Dde,0.089335
delphinID_whistles:Y3_2:4,,2024-05-08T00:06:46.847035Z,delphinID_whistles,whistle,Ggr,0.719418
delphinID_whistles:Y3_2:4,,2024-05-08T00:06:46.847035Z,delphinID_whistles,whistle,Gme,0.158802
delphinID_whistles:Y3_2:4,,2024-05-08T00:06:46.847035Z,delphinID_whistles,whistle,Lac,1e-06
delphinID_whistles:Y3_2:4,,2024-05-08T00:06:46.847035Z,delphinID_whistles,whistle,Lal,0.000111
delphinID_whistles:Y3_2:4,,2024-05-08T00:06:46.847035Z,delphinID_whistles,whistle,Oor,0.005356
delphinID_whistles:Y3_2:4,,2024-05-08T00:06:46.847035Z,delphinID_whistles,whistle,Ttr,0.026978
delphinID_whistles:Y3_2:5,,2024-05-08T00:01:05.393362Z,delphinID_whistles,whistle,Dde,0.020353
delphinID_whistles:Y3_2:5,,2024-05-08T00:01:05.393362Z,delphinID_whistles,whistle,Ggr,0.367044
delphinID_whistles:Y3_2:5,,2024-05-08T00:01:05.393362Z,delphinID_whistles,whistle,Gme,0.176939
delphinID_whistles:Y3_2:5,,2024-05-08T00:01:05.393362Z,delphinID_whistles,whistle,Lac,0.29451
delphinID_whistles:Y3_2:5,,2024-05-08T00:01:05.393362Z,delphinID_whistles,whistle,Lal,0.069167
delphinID_whistles:Y3_2:5,,2024-05-08T00:01:05.393362Z,delphinID_whistles,whistle,Oor,0.00918
delphinID_whistles:Y3_2:5,,2024-05-08T00:01:05.393362Z,delphinID_whistles,whistle,Ttr,0.062807
delphinID_whistles:Y3_2:6,,2024-05-08T00:04:39.791639Z,delphinID_whistles,whistle,Dde,0.195404
delphinID_whistles:Y3_2:6,,2024-05-08T00:04:39.791639Z,delphinID_whistles,whistle,Ggr,0.24926
delphinID_whistles:Y3_2:6,,2024-05-08T00:04:39.791639Z,delphinID_whistles,whistle,Gme,0.006761
delphinID_whistles:Y3_2:6,,2024-05-08T00:04:39.791639Z,delphinID_whistles,whistle,Lac,0.18501
delphinID_whistles:Y3_2:6,,2024-05-08T00:04:39.791639Z,delphinID_whistles,whistle,Lal,0.131808
delphinID_whistles:Y3_2:6,,2024-05-08T00:04:39.791639Z,delphinID_whistles,whistle,Oor,0.068866
delphinID_whistles:Y3_2:6,,2024-05-08T00:04:39.791639Z,delphinID_whistles,whistle,Ttr,0.162889
delphinID_whistles:Y3_2:7,,2024-05-08T00:04:14.297048Z,delphinID_whistles,whistle,Dde,0.021219
delphinID_whistles:Y3_2:7,,2024-05-08T00:04:14.297048Z,delphinID_whistles,whistle,Ggr,0.002527
delphinID_whistles:Y3_2:7,,2024-05-08T00:04:14.297048Z,delphinID_whistles,whistle,Gme,0.015992
delphinID_whistles:Y3_2:7,,2024-05-08T00:04:14.297048Z,delphinID_whistles,whistle,Lac,0.643226
delphinID_whistles:Y3_2:7,,2024-05-08T00:04:14.297048Z,delphinID_whistles,whistle,Lal,0.218682
delphinID_whistles:Y3_2:7,,2024-05-08T00:04:14.297048Z,delphinID_whistles,whistle,Oor,0.071244
delphinID_whistles:Y3_2:7,,2024-05-08T00:04:14.297048Z,delphinID_whistles,whistle,Ttr,0.02711
delphinID_whistles:Y3_2:8,,2024-05-08T00:03:46.651146Z,delphinID_whistles,whistle,Dde,0.192118
delphinID_whistles:Y3_2:8,,2024-05-08T00:03:46.651146Z,delphinID_whistles,whistle,Ggr,0.002698
delphinID_whistles:Y3_2:8,,2024-05-08T00:03:46.651146Z,delphinID_whistles,whistle,Gme,0.048489
delphinID_whistles:Y3_2:8,,2024-05-08T00:03:46.651146Z,delphinID_whistles,whistle,Lac,0.002118
delphinID_whistles:Y3_2:8,,2024-05-08T00:03:46.651146Z,delphinID_whistles,whistle,Lal,0.07893
delphinID_whistles:Y3_2:8,,2024-05-08T00:03:46.651146Z,delphinID_whistles,whistle,Oor,0.035406
delphinID_whistles:Y3_2:8,,2024-05-08T00:03:46.651146Z,delphinID_whistles,whistle,Ttr,0.64024
delphinID_whistles:Y3_2:9,,2024-05-08T00:09:24.043170Z,delphinID_whistles,whistle,Dde,0.036294
delphinID_whistles:Y3_2:9,,2024-05-08T00:09:24.043170Z,delphinID_whistles,whistle,Ggr,0.016139
delphinID_whistles:Y3_2:9,,2024-05-08T00:09:24.043170Z,delphinID_whistles,whistle,Gme,0.252151
delphinID_whistles:Y3_2:9,,2024-05-08T00:09:24.043170Z,delphinID_whistles,whistle,Lac,0.246006
delphinID_whistles:Y3_2:9,,2024-05-08T00:09:24.043170Z,delphinID_whistles,whistle,Lal,0.0205
delphinID_whistles:Y3_2:9,,2024-05-08T00:09:24.043170Z,delphinID_whistles,whistle,Oor,0.141536
delphinID_whistles:Y3_2:9,,2024-05-08T00:09:24.043170Z,delphinID_whistles,whistle,Ttr,0.287373
delphinID_whistles:Y3_2:10,,2024-05-08T00:08:26.035691Z,delphinID_whistles,whistle,Dde,0.272978
delphinID_whistles:Y3_2:10,,2024-05-08T00:08:26.035691Z,delphinID_whistles,whistle,Ggr,0.440794
delphinID_whistles:Y3_2:10,,2024-05-08T00:08:26.035691Z,delphinID_whistles,whistle,Gme,0.043038
delphinID_whistles:Y3_2:10,,2024-05-08T00:08:26.035691Z,delphinID_whistles,whistle,Lac,0.148465
delphinID_whistles:Y3_2:10,,2024-05-08T00:08:26.035691Z,delphinID_whistles,whistle,Lal,0.059282
delphinID_whistles:Y3_2:10,,2024-05-08T00:08:26.035691Z,delphinID_whistles,whistle,Oor,0.035011
delphinID_whistles:Y3_2:10,,2024-05-08T00:08:26.035691Z,delphinID_whistles,whistle,Ttr,0.000433
delphinID_whistles:Y3_2:11,,2024-05-08T00:07:58.310830Z,delphinID_whistles,whistle,Dde,0.079428
delphinID_whistles:Y3_2:11,,2024-05-08T00:07:58.310830Z,delphinID_whistles,whistle,Ggr,0.195996
delphinID_whistles:Y3_2:11,,2024-05-08T00:07:58.310830Z,delphinID_whistles,whistle,Gme,0.009787
delphinID_whistles:Y3_2:11,,2024-05-08T00:07:58.310830Z,delphinID_whistles,whistle,Lac,0.657299
delphinID_whistles:Y3_2:11,,2024-05-08T00:07:58.310830Z,delphinID_whistles,whistle,Lal,0.00994
delphinID_whistles:Y3_2:11,,2024-05-08T00:07:58.310830Z,delphinID_whistles,whistle,Oor,0.005199
delphinID_whistles:Y3_2:11,,2024-05-08T00:07:58.310830Z,delphinID_whistles,whistle,Ttr,0.042351
delphinID_whistles:Y3_2:12,,2024-05-08T00:09:15.768157Z,delphinID_whistles,whistle,Dde,0.070356
delphinID_whistles:Y3_2:12,,2024-05-08T00:09:15.768157Z,delphinID_whistles,whistle,Ggr,0.054089
delphinID_whistles:Y3_2:12,,2024-05-08T00:09:15.768157Z,delphinID_whistles,whistle,Gme,0.048868
delphinID_whistles:Y3_2:12,,2024-05-08T00:09:15.768157Z,delphinID_whistles,whistle,Lac,0.647529
delphinID_whistles:Y3_2:12,,2024-05-08T00:09:15.768157Z,delphinID_whistles,whistle,Lal,0.041861
delphinID_whistles:Y3_2:12,,2024-05-08T00:09:15.768157Z,delphinID_whistles,whistle,Oor,0.031713
delphinID_whistles:Y3_2:12,,2024-05-08T00:09:15.768157Z,delphinID_whistles,whistle,Ttr,0.105585
delphinID_whistles:Y3_2:13,,2024-05-08T00:01:39.693061Z,delphinID_whistles,whistle,Dde,0.040564
delphinID_whistles:Y3_2:13,,2024-05-08T00:01:39.693061Z,delphinID_whistles,whistle,Ggr,0.507449
delphinID_whistles:Y3_2:13,,2024-05-08T00:01:39.693061Z,delphinID_whistles,whistle,Gme,0.194885
delphinID_whistles:Y3_2:13,,2024-05-08T00:01:39.693061Z,delphinID_whistles,whistle,Lac,0.149511
delphinID_whistles:Y3_2:13,,2024-05-08T00:01:39.693061Z,delphinID_whistles,whistle,Lal,6e-06
delphinID_whistles:Y3_2:13,,2024-05-08T00:01:39.693061Z,delphinID_whistles,whistle,Oor,0.009038
delphinID_whistles:Y3_2:13,,2024-05-08T00:01:39.693061Z,delphinID_whistles,whistle,Ttr,0.098547
delphinID_whistles:Y3_2:14,,2024-05-08T00:04:18.812735Z,delphinID_whistles,whistle,Dde,0.08758
delphinID_whistles:Y3_2:14,,2024-05-08T00:04:18.812735Z,delphinID_whistles,whistle,Ggr,0.064583
delphinID_whistles:Y3_2:14,,2024-05-08T00:04:18.812735Z,delphinID_whistles,whistle,Gme,0.087508
delphinID_whistles:Y3_2:14,,2024-05-08T00:04:18.812735Z,delphinID_whistles,whistle,Lac,0.029091
delphinID_whistles:Y3_2:14,,2024-05-08T00:04:18.812735Z,delphinID_whistles,whistle,Lal,0.481159
delphinID_whistles:Y3_2:14,,2024-05-08T00:04:18.812735Z,delphinID_whistles,whistle,Oor,0.158031
delphinID_whistles:Y3_2:14,,2024-05-08T00:04:18.812735Z,delphinID_whistles,whistle,Ttr,0.09205
delphinID_whistles:Y3_2:15,,2024-05-08T00:02:31.643425Z,delphinID_whistles,whistle,Dde,0.130873
delphinID_whistles:Y3_2:15,,2024-05-08T00:02:31.643425Z,delphinID_whistles,whistle,Ggr,0.208104
delphinID_whistles:Y3_2:15,,2024-05-08T00:02:31.643425Z,delphinID_whistles,whistle,Gme,0.145053
delphinID_whistles:Y3_2:15,,2024-05-08T00:02:31.643425Z,delphinID_whistles,whistle,Lac,0.073876
delphinID_whistles:Y3_2:15,,2024-05-08T00:02:31.643425Z,delphinID_whistles,whistle,Lal,0.134626
delphinID_whistles:Y3_2:15,,2024-05-08T00:02:31.643425Z,delphinID_whistles,whistle,Oor,0.233174
delphinID_whistles:Y3_2:15,,2024-05-08T00:02:31.643425Z,delphinID_whistles,whistle,Ttr,0.074293
delphinID_whistles:Y3_2:16,,2024-05-08T00:08:09.836379Z,delphinID_whistles,whistle,Dde,0.014782
delphinID_whistles:Y3_2:16,,2024-05-08T00:08:09.836379Z,delphinID_whistles,whistle,Ggr,0.029964
delphinID_whistles:Y3_2:16,,2024-05-08T00:08:09.836379Z,delphinID_whistles,whistle,Gme,0.0117
delphinID_whistles:Y3_2:16,,2024-05-08T00:08:09.836379Z,delphinID_whistles,whistle,Lac,0.009602
delphinID_whistles:Y3_2:16,,2024-05-08T00:08:09.836379Z,delphinID_whistles,whistle,Lal,0.031092
delphinID_whistles:Y3_2:16,,2024-05-08T00:08:09.836379Z,delphinID_whistles,whistle,Oor,0.099875
delphinID_whistles:Y3_2:16,,2024-05-08T00:08:09.836379Z,delphinID_whistles,whistle,Ttr,0.802985
delphinID_whistles:Y3_2:17,,2024-05-08T00:08:12.813887Z,delphinID_whistles,whistle,Dde,0.063662
delphinID_whistles:Y3_2:17,,2024-05-08T00:08:12.813887Z,delphinID_whistles,whistle,Ggr,0.016337
delphinID_whistles:Y3_2:17,,2024-05-08T00:08:12.813887Z,delphinID_whistles,whistle,Gme,0.022754
delphinID_whistles:Y3_2:17,,2024-05-08T00:08:12.813887Z,delphinID_whistles,whistle,Lac,0.384091
delphinID_whistles:Y3_2:17,,2024-05-08T00:08:12.813887Z,delphinID_whistles,whistle,Lal,0.211114
delphinID_whistles:Y3_2:17,,2024-05-08T00:08:12.813887Z,delphinID_whistles,whistle,Oor,0.002267
delphinID_whistles:Y3_2:17,,2024-05-08T00:08:12.813887Z,delphinID_whistles,whistle,Ttr,0.299776
delphinID_whistles:Y3_2:18,,2024-05-08T00:05:30.359243Z,delphinID_whistles,whistle,Dde,0.000507
delphinID_whistles:Y3_2:18,,2024-05-08T00:05:30.359243Z,delphinID_whistles,whistle,Ggr,0.009468
delphinID_whistles:Y3_2:18,,2024-05-08T00:05:30.359243Z,delphinID_whistles,whistle,Gme,0.101568
delphinID_whistles:Y3_2:18,,2024-05-08T00:05:30.359243Z,delphinID_whistles,whistle,Lac,0.655321
delphinID_whistles:Y3_2:18,,2024-05-08T00:05:30.359243Z,delphinID_whistles,whistle,Lal,0.000767
delphinID_whistles:Y3_2:18,,2024-05-08T00:05:30.359243Z,delphinID_whistles,whistle,Oor,0.16538
delphinID_whistles:Y3_2:18,,2024-05-08T00:05:30.359243Z,delphinID_whistles,whistle,Ttr,0.066988
delphinID_whistles:Y3_2:19,,2024-05-08T00:09:48.600882Z,delphinID_whistles,whistle,Dde,0.088334
delphinID_whistles:Y3_2:19,,2024-05-08T00:09:48.600882Z,delphinID_whistles,whistle,Ggr,0.319802
delphinID_whistles:Y3_2:19,,2024-05-08T00:09:48.600882Z,delphinID_whistles,whistle,Gme,0.173728
delphinID_whistles:Y3_2:19,,2024-05-08T00:09:48.600882Z,delphinID_whistles,whistle,Lac,0.105809
delphinID_whistles:Y3_2:19,,2024-05-08T00:09:48.600882Z,delphinID_whistles,whistle,Lal,0.133975
delphinID_whistles:Y3_2:19,,2024-05-08T00:09:48.600882Z,delphinID_whistles,whistle,Oor,0.003661
delphinID_whistles:Y3_2:19,,2024-05-08T00:09:48.600882Z,delphinID_whistles,whistle,Ttr,0.17469
delphinID_whistles:Y3_2:20,,2024-05-08T00:02:09.201029Z,delphinID_whistles,whistle,Dde,0.081947
delphinID_whistles:Y3_2:20,,2024-05-08T00:02:09.201029Z,delphinID_whistles,whistle,Ggr,0.420796
delphinID_whistles:Y3_2:20,,2024-05-08T00:02:09.201029Z,delphinID_whistles,whistle,Gme,0.145141
delphinID_whistles:Y3_2:20,,2024-05-08T00:02:09.201029Z,delphinID_whistles,whistle,Lac,0.153644
delphinID_whistles:Y3_2:20,,2024-05-08T00:02:09.201029Z,delphinID_whistles,whistle,Lal,0.039475
delphinID_whistles:Y3_2:20,,2024-05-08T00:02:09.201029Z,delphinID_whistles,whistle,Oor,0.027188
delphinID_whistles:Y3_2:20,,2024-05-08T00:02:09.201029Z,delphinID_whistles,whistle,Ttr,0.131809
delphinID_whistles:Y3_2:21,,2024-05-08T00:02:57.863881Z,delphinID_whistles,whistle,Dde,0.292393
delphinID_whistles:Y3_2:21,,2024-05-08T00:02:57.863881Z,delphinID_whistles,whistle,Ggr,0.047177
delphinID_whistles:Y3_2:21,,2024-05-08T00:02:57.863881Z,delphinID_whistles,whistle,Gme,0.219542
delphinID_whistles:Y3_2:21,,2024-05-08T00:02:57.863881Z,delphinID_whistles,whistle,Lac,0.000662
delphinID_whistles:Y3_2:21,,2024-05-08T00:02:57.863881Z,delphinID_whistles,whistle,Lal,0.013607
delphinID_whistles:Y3_2:21,,2024-05-08T00:02:57.863881Z,delphinID_whistles,whistle,Oor,0.000594
delphinID_whistles:Y3_2:21,,2024-05-08T00:02:57.863881Z,delphinID_whistles,whistle,Ttr,0.426025
delphinID_clicks:Y3_2:0,,2024-05-08T00:03:28.034057Z,delphinID_clicks,click,Dde,0.052127
delphinID_clicks:Y3_2:0,,2024-05-08T00:03:28.034057Z,delphinID_clicks,click,Ggr,0.046076
delphinID_clicks:Y3_2:0,,2024-05-08T00:03:28.034057Z,delphinID_clicks,click,Gme,0.343817
delphinID_clicks:Y3_2:0,,2024-05-08T00:03:28.034057Z,delphinID_clicks,click,Lal,0.510358
delphinID_clicks:Y3_2:0,,2024-05-08T00:03:28.034057Z,delphinID_clicks,click,Ttr,0.047623
delphinID_clicks:Y3_2:1,,2024-05-08T00:07:00.043333Z,delphinID_clicks,click,Dde,0.582021
delphinID_clicks:Y3_2:1,,2024-05-08T00:07:00.043333Z,delphinID_clicks,click,Ggr,0.008856
delphinID_clicks:Y3_2:1,,2024-05-08T00:07:00.043333Z,delphinID_clicks,click,Gme,0.07693
delphinID_clicks:Y3_2:1,,2024-05-08T00:07:00.043333Z,delphinID_clicks,click,Lal,0.112283
delphinID_clicks:Y3_2:1,,2024-05-08T00:07:00.043333Z,delphinID_clicks,click,Ttr,0.21991
delphinID_clicks:Y3_2:2,,2024-05-08T00:05:26.123021Z,delphinID_clicks,click,Dde,0.09051
delphinID_clicks:Y3_2:2,,2024-05-08T00:05:26.123021Z,delphinID_clicks,click,Ggr,0.328805
delphinID_clicks:Y3_2:2,,2024-05-08T00:05:26.123021Z,delphinID_clicks,click,Gme,0.133383
delphinID_clicks:Y3_2:2,,2024-05-08T00:05:26.123021Z,delphinID_clicks,click,Lal,0.067907
delphinID_clicks:Y3_2:2,,2024-05-08T00:05:26.123021Z,delphinID_clicks,click,Ttr,0.379395
delphinID_clicks:Y3_2:3,,2024-05-08T00:01:12.913250Z,delphinID_clicks,click,Dde,0.574366
delphinID_clicks:Y3_2:3,,2024-05-08T00:01:12.913250Z,delphinID_clicks,click,Ggr,0.030271
delphinID_clicks:Y3_2:3,,2024-05-08T00:01:12.913250Z,delphinID_clicks,click,Gme,0.291515
delphinID_clicks:Y3_2:3,,2024-05-08T00:01:12.913250Z,delphinID_clicks,click,Lal,0.090966
delphinID_clicks:Y3_2:3,,2024-05-08T00:01:12.913250Z,delphinID_clicks,click,Ttr,0.012882
delphinID_clicks:Y3_2:4,,2024-05-08T00:05:24.380503Z,delphinID_clicks,click,Dde,0.04568
delphinID_clicks:Y3_2:4,,2024-05-08T00:05:24.380503Z,delphinID_clicks,click,Ggr,0.068104
delphinID_clicks:Y3_2:4,,2024-05-08T00:05:24.380503Z,delphinID_clicks,click,Gme,0.55027
delphinID_clicks:Y3_2:4,,2024-05-08T00:05:24.380503Z,delphinID_clicks,click,Lal,0.326096
delphinID_clicks:Y3_2:4,,2024-05-08T00:05:24.380503Z,delphinID_clicks,click,Ttr,0.009851
delphinID_clicks:Y3_2:5,,2024-05-08T00:07:22.133688Z,delphinID_clicks,click,Dde,0.052828
delphinID_clicks:Y3_2:5,,2024-05-08T00:07:22.133688Z,delphinID_clicks,click,Ggr,0.083301
delphinID_clicks:Y3_2:5,,2024-05-08T00:07:22.133688Z,delphinID_clicks,click,Gme,0.662219
delphinID_clicks:Y3_2:5,,2024-05-08T00:07:22.133688Z,delphinID_clicks,click,Lal,0.016677
delphinID_clicks:Y3_2:5,,2024-05-08T00:07:22.133688Z,delphinID_clicks,click,Ttr,0.184974
delphinID_clicks:Y3_2:6,,2024-05-08T00:00:06.388714Z,delphinID_clicks,click,Dde,0.064457
delphinID_clicks:Y3_2:6,,2024-05-08T00:00:06.388714Z,delphinID_clicks,click,Ggr,0.228835
delphinID_clicks:Y3_2:6,,2024-05-08T00:00:06.388714Z,delphinID_clicks,click,Gme,0.079706
delphinID_clicks:Y3_2:6,,2024-05-08T00:00:06.388714Z,delphinID_clicks,click,Lal,0.296278
delphinID_clicks:Y3_2:6,,2024-05-08T00:00:06.388714Z,delphinID_clicks,click,Ttr,0.330723
delphinID_clicks:Y3_2:7,,2024-05-08T00:09:44.622077Z,delphinID_clicks,click,Dde,0.131609
delphinID_clicks:Y3_2:7,,2024-05-08T00:09:44.622077Z,delphinID_clicks,click,Ggr,0.234872
delphinID_clicks:Y3_2:7,,2024-05-08T00:09:44.622077Z,delphinID_clicks,click,Gme,0.230888
delphinID_clicks:Y3_2:7,,2024-05-08T00:09:44.622077Z,delphinID_clicks,click,Lal,0.365817
delphinID_clicks:Y3_2:7,,2024-05-08T00:09:44.622077Z,delphinID_clicks,click,Ttr,0.036814
delphinID_clicks:Y3_2:8,,2024-05-08T00:03:13.698226Z,delphinID_clicks,click,Dde,0.013748
delphinID_clicks:Y3_2:8,,2024-05-08T00:03:13.698226Z,delphinID_clicks,click,Ggr,0.208992
delphinID_clicks:Y3_2:8,,2024-05-08T00:03:13.698226Z,delphinID_clicks,click,Gme,0.69528
delphinID_clicks:Y3_2:8,,2024-05-08T00:03:13.698226Z,delphinID_clicks,click,Lal,0.000552
delphinID_clicks:Y3_2:8,,2024-05-08T00:03:13.698226Z,delphinID_clicks,click,Ttr,0.081428
delphinID_clicks:Y3_2:9,,2024-05-08T00:08:43.725175Z,delphinID_clicks,click,Dde,0.178567
delphinID_clicks:Y3_2:9,,2024-05-08T00:08:43.725175Z,delphinID_clicks,click,Ggr,0.191951
delphinID_clicks:Y3_2:9,,2024-05-08T00:08:43.725175Z,delphinID_clicks,click,Gme,0.079956
delphinID_clicks:Y3_2:9,,2024-05-08T00:08:43.725175Z,delphinID_clicks,click,Lal,0.088707
delphinID_clicks:Y3_2:9,,2024-05-08T00:08:43.725175Z,delphinID_clicks,click,Ttr,0.460819
delphinID_clicks:Y3_2:10,,2024-05-08T00:08:07.879301Z,delphinID_clicks,click,Dde,0.082445
delphinID_clicks:Y3_2:10,,2024-05-08T00:08:07.879301Z,delphinID_clicks,click,Ggr,0.27941
delphinID_clicks:Y3_2:10,,2024-05-08T00:08:07.879301Z,delphinID_clicks,click,Gme,0.05203
delphinID_clicks:Y3_2:10,,2024-05-08T00:08:07.879301Z,delphinID_clicks,click,Lal,0.000141
delphinID_clicks:Y3_2:10,,2024-05-08T00:08:07.879301Z,delphinID_clicks,click,Ttr,0.585975
delphinID_clicks:Y3_2:11,,2024-05-08T00:01:05.291509Z,delphinID_clicks,click,Dde,0.252204
delphinID_clicks:Y3_2:11,,2024-05-08T00:01:05.291509Z,delphinID_clicks,click,Ggr,0.001462
delphinID_clicks:Y3_2:11,,2024-05-08T00:01:05.291509Z,delphinID_clicks,click,Gme,0.002032
delphinID_clicks:Y3_2:11,,2024-05-08T00:01:05.291509Z,delphinID_clicks,click,Lal,0.049235
delphinID_clicks:Y3_2:11,,2024-05-08T00:01:05.291509Z,delphinID_clicks,click,Ttr,0.695066
delphinID_clicks:Y3_2:12,,2024-05-08T00:01:04.384157Z,delphinID_clicks,click,Dde,0.000659
delphinID_clicks:Y3_2:12,,2024-05-08T00:01:04.384157Z,delphinID_clicks,click,Ggr,0.343446
delphinID_clicks:Y3_2:12,,2024-05-08T00:01:04.384157Z,delphinID_clicks,click,Gme,0.309761
delphinID_clicks:Y3_2:12,,2024-05-08T00:01:04.384157Z,delphinID_clicks,click,Lal,0.268758
delphinID_clicks:Y3_2:12,,2024-05-08T00:01:04.384157Z,delphinID_clicks,click,Ttr,0.077377
delphinID_clicks:Y3_2:13,,2024-05-08T00:03:50.153514Z,delphinID_clicks,click,Dde,0.00192
delphinID_clicks:Y3_2:13,,2024-05-08T00:03:50.153514Z,delphinID_clicks,click,Ggr,0.388309
delphinID_clicks:Y3_2:13,,2024-05-08T00:03:50.153514Z,delphinID_clicks,click,Gme,0.004172
delphinID_clicks:Y3_2:13,,2024-05-08T00:03:50.153514Z,delphinID_clicks,click,Lal,0.254949
delphinID_clicks:Y3_2:13,,2024-05-08T00:03:50.153514Z,delphinID_clicks,click,Ttr,0.350649
delphinID_clicks:Y3_2:14,,2024-05-08T00:06:40.970360Z,delphinID_clicks,click,Dde,0.341992
delphinID_clicks:Y3_2:14,,2024-05-08T00:06:40.970360Z,delphinID_clicks,click,Ggr,0.070376
delphinID_clicks:Y3_2:14,,2024-05-08T00:06:40.970360Z,delphinID_clicks,click,Gme,0.466501
delphinID_clicks:Y3_2:14,,2024-05-08T00:06:40.970360Z,delphinID_clicks,click,Lal,0.066055
delphinID_clicks:Y3_2:14,,2024-05-08T00:06:40.970360Z,delphinID_clicks,click,Ttr,0.055077
delphinID_clicks:Y3_2:15,,2024-05-08T00:00:07.370425Z,delphinID_clicks,click,Dde,0.040373
delphinID_clicks:Y3_2:15,,2024-05-08T00:00:07.370425Z,delphinID_clicks,click,Ggr,0.021346
delphinID_clicks:Y3_2:15,,2024-05-08T00:00:07.370425Z,delphinID_clicks,click,Gme,0.713877
delphinID_clicks:Y3_2:15,,2024-05-08T00:00:07.370425Z,delphinID_clicks,click,Lal,0.104241
delphinID_clicks:Y3_2:15,,2024-05-08T00:00:07.370425Z,delphinID_clicks,click,Ttr,0.120162
delphinID_clicks:Y3_2:16,,2024-05-08T00:07:36.649467Z,delphinID_clicks,click,Dde,0.125866
delphinID_clicks:Y3_2:16,,2024-05-08T00:07:36.649467Z,delphinID_clicks,click,Ggr,0.369873
delphinID_clicks:Y3_2:16,,2024-05-08T00:07:36.649467Z,delphinID_clicks,click,Gme,0.095295
delphinID_clicks:Y3_2:16,,2024-05-08T00:07:36.649467Z,delphinID_clicks,click,Lal,0.235031
delphinID_clicks:Y3_2:16,,2024-05-08T00:07:36.649467Z,delphinID_clicks,click,Ttr,0.173935
delphinID_clicks:Y3_2:17,,2024-05-08T00:09:04.861201Z,delphinID_clicks,click,Dde,0.31385
delphinID_clicks:Y3_2:17,,2024-05-08T00:09:04.861201Z,delphinID_clicks,click,Ggr,0.005895
delphinID_clicks:Y3_2:17,,2024-05-08T00:09:04.861201Z,delphinID_clicks,click,Gme,0.469643
delphinID_clicks:Y3_2:17,,2024-05-08T00:09:04.861201Z,delphinID_clicks,click,Lal,0.154508
delphinID_clicks:Y3_2:17,,2024-05-08T00:09:04.861201Z,delphinID_clicks,click,Ttr,0.056103
delphinID_clicks:Y3_2:18,,2024-05-08T00:08:15.165784Z,delphinID_clicks,click,Dde,0.039432
delphinID_clicks:Y3_2:18,,2024-05-08T00:08:15.165784Z,delphinID_clicks,click,Ggr,0.660243
delphinID_clicks:Y3_2:18,,2024-05-08T00:08:15.165784Z,delphinID_clicks,click,Gme,0.034408
delphinID_clicks:Y3_2:18,,2024-05-08T00:08:15.165784Z,delphinID_clicks,click,Lal,0.182305
delphinID_clicks:Y3_2:18,,2024-05-08T00:08:15.165784Z,delphinID_clicks,click,Ttr,0.083612
delphinID_clicks:Y3_2:19,,2024-05-08T00:06:04.143262Z,delphinID_clicks,click,Dde,0.099981
delphinID_clicks:Y3_2:19,,2024-05-08T00:06:04.143262Z,delphinID_clicks,click,Ggr,0.035985
delphinID_clicks:Y3_2:19,,2024-05-08T00:06:04.143262Z,delphinID_clicks,click,Gme,0.008412
delphinID_clicks:Y3_2:19,,2024-05-08T00:06:04.143262Z,delphinID_clicks,click,Lal,0.059088
delphinID_clicks:Y3_2:19,,2024-05-08T00:06:04.143262Z,delphinID_clicks,click,Ttr,0.796533
delphinID_whistles:Y3_3:0,,2024-05-08T00:45:03.430781Z,delphinID_whistles,whistle,Dde,0.060674
delphinID_whistles:Y3_3:0,,2024-05-08T00:45:03.430781Z,delphinID_whistles,whistle,Ggr,0.004586
delphinID_whistles:Y3_3:0,,2024-05-08T00:45:03.430781Z,delphinID_whistles,whistle,Gme,0.064989
delphinID_whistles:Y3_3:0,,2024-05-08T00:45:03.430781Z,delphinID_whistles,whistle,Lac,0.297914
delphinID_whistles:Y3_3:0,,2024-05-08T00:45:03.430781Z,delphinID_whistles,whistle,Lal,0.017416
delphinID_whistles:Y3_3:0,,2024-05-08T00:45:03.430781Z,delphinID_whistles,whistle,Oor,0.269237
delphinID_whistles:Y3_3:0,,2024-05-08T00:45:03.430781Z,delphinID_whistles,whistle,Ttr,0.285184
delphinID_whistles:Y3_3:1,,2024-05-08T00:48:39.677645Z,delphinID_whistles,whistle,Dde,0.027319
delphinID_whistles:Y3_3:1,,2024-05-08T00:48:39.677645Z,delphinID_whistles,whistle,Ggr,0.068465
delphinID_whistles:Y3_3:1,,2024-05-08T00:48:39.677645Z,delphinID_whistles,whistle,Gme,0.024489
delphinID_whistles:Y3_3:1,,2024-05-08T00:48:39.677645Z,delphinID_whistles,whistle,Lac,0.628921
delphinID_whistles:Y3_3:1,,2024-05-08T00:48:39.677645Z,delphinID_whistles,whistle,Lal,0.19435
delphinID_whistles:Y3_3:1,,2024-05-08T00:48:39.677645Z,delphinID_whistles,whistle,Oor,0.022067
delphinID_whistles:Y3_3:1,,2024-05-08T00:48:39.677645Z,delphinID_whistles,whistle,Ttr,0.034388
delphinID_whistles:Y3_3:2,,2024-05-08T00:43:53.155223Z,delphinID_whistles,whistle,Dde,0.027048
delphinID_whistles:Y3_3:2,,2024-05-08T00:43:53.155223Z,delphinID_whistles,whistle,Ggr,0.197044
delphinID_whistles:Y3_3:2,,2024-05-08T00:43:53.155223Z,delphinID_whistles,whistle,Gme,0.075065
delphinID_whistles:Y3_3:2,,2024-05-08T00:43:53.155223Z,delphinID_whistles,whistle,Lac,0.024292
delphinID_whistles:Y3_3:2,,2024-05-08T00:43:53.155223Z,delphinID_whistles,whistle,Lal,0.607356
delphinID_whistles:Y3_3:2,,2024-05-08T00:43:53.155223Z,delphinID_whistles,whistle,Oor,0.000213
delphinID_whistles:Y3_3:2,,2024-05-08T00:43:53.155223Z,delphinID_whistles,whistle,Ttr,0.068981
delphinID_clicks:Y3_3:0,,2024-05-08T00:45:11.180333Z,delphinID_clicks,click,Dde,0.544735
delphinID_clicks:Y3_3:0,,2024-05-08T00:45:11.180333Z,delphinID_clicks,click,Ggr,0.341512
delphinID_clicks:Y3_3:0,,2024-05-08T00:45:11.180333Z,delphinID_clicks,click,Gme,0.08643
delphinID_clicks:Y3_3:0,,2024-05-08T00:45:11.180333Z,delphinID_clicks,click,Lal,0.011712
delphinID_clicks:Y3_3:0,,2024-05-08T00:45:11.180333Z,delphinID_clicks,click,Ttr,0.015612
delphinID_clicks:Y3_3:1,,2024-05-08T00:48:53.535297Z,delphinID_clicks,click,Dde,0.673508
delphinID_clicks:Y3_3:1,,2024-05-08T00:48:53.535297Z,delphinID_clicks,click,Ggr,0.016188
delphinID_clicks:Y3_3:1,,2024-05-08T00:48:53.535297Z,delphinID_clicks,click,Gme,0.04125
delphinID_clicks:Y3_3:1,,2024-05-08T00:48:53.535297Z,delphinID_clicks,click,Lal,0.245686
delphinID_clicks:Y3_3:1,,2024-05-08T00:48:53.535297Z,delphinID_clicks,click,Ttr,0.023369
delphinID_clicks:Y3_3:2,,2024-05-08T00:47:16.825042Z,delphinID_clicks,click,Dde,0.5159
delphinID_clicks:Y3_3:2,,2024-05-08T00:47:16.825042Z,delphinID_clicks,click,Ggr,0.038775
delphinID_clicks:Y3_3:2,,2024-05-08T00:47:16.825042Z,delphinID_clicks,click,Gme,0.23066
delphinID_clicks:Y3_3:2,,2024-05-08T00:47:16.825042Z,delphinID_clicks,click,Lal,0.02278
delphinID_clicks:Y3_3:2,,2024-05-08T00:47:16.825042Z,delphinID_clicks,click,Ttr,0.191885
delphinID_clicks:Y3_3:3,,2024-05-08T00:49:50.200055Z,delphinID_clicks,click,Dde,0.311663
delphinID_clicks:Y3_3:3,,2024-05-08T00:49:50.200055Z,delphinID_clicks,click,Ggr,0.146424
delphinID_clicks:Y3_3:3,,2024-05-08T00:49:50.200055Z,delphinID_clicks,click,Gme,0.274019
delphinID_clicks:Y3_3:3,,2024-05-08T00:49:50.200055Z,delphinID_clicks,click,Lal,0.034739
delphinID_clicks:Y3_3:3,,2024-05-08T00:49:50.200055Z,delphinID_clicks,click,Ttr,0.233154
delphinID_clicks:Y3_3:4,,2024-05-08T00:42:13.125756Z,delphinID_clicks,click,Dde,0.045935
delphinID_clicks:Y3_3:4,,2024-05-08T00:42:13.125756Z,delphinID_clicks,click,Ggr,0.004669
delphinID_clicks:Y3_3:4,,2024-05-08T00:42:13.125756Z,delphinID_clicks,click,Gme,0.611322
delphinID_clicks:Y3_3:4,,2024-05-08T00:42:13.125756Z,delphinID_clicks,click,Lal,0.279295
delphinID_clicks:Y3_3:4,,2024-05-08T00:42:13.125756Z,delphinID_clicks,click,Ttr,0.058779
delphinID_clicks:Y3_3:5,,2024-05-08T00:42:29.919734Z,delphinID_clicks,click,Dde,0.169402
delphinID_clicks:Y3_3:5,,2024-05-08T00:42:29.919734Z,delphinID_clicks,click,Ggr,0.010123
delphinID_clicks:Y3_3:5,,2024-05-08T00:42:29.919734Z,delphinID_clicks,click,Gme,0.314528
delphinID_clicks:Y3_3:5,,2024-05-08T00:42:29.919734Z,delphinID_clicks,click,Lal,0.044739
delphinID_clicks:Y3_3:5,,2024-05-08T00:42:29.919734Z,delphinID_clicks,click,Ttr,0.461208
delphinID_clicks:Y3_3:6,,2024-05-08T00:45:20.736938Z,delphinID_clicks,click,Dde,0.007296
delphinID_clicks:Y3_3:6,,2024-05-08T00:45:20.736938Z,delphinID_clicks,click,Ggr,0.409638
delphinID_clicks:Y3_3:6,,2024-05-08T00:45:20.736938Z,delphinID_clicks,click,Gme,0.035772
delphinID_clicks:Y3_3:6,,2024-05-08T00:45:20.736938Z,delphinID_clicks,click,Lal,0.01499
delphinID_clicks:Y3_3:6,,2024-05-08T00:45:20.736938Z,delphinID_clicks,click,Ttr,0.532305
delphinID_clicks:Y3_3:7,,2024-05-08T00:47:11.750715Z,delphinID_clicks,click,Dde,0.383744
delphinID_clicks:Y3_3:7,,2024-05-08T00:47:11.750715Z,delphinID_clicks,click,Ggr,0.341993
delphinID_clicks:Y3_3:7,,2024-05-08T00:47:11.750715Z,delphinID_clicks,click,Gme,0.016944
delphinID_clicks:Y3_3:7,,2024-05-08T00:47:11.750715Z,delphinID_clicks,click,Lal,0.015875
delphinID_clicks:Y3_3:7,,2024-05-08T00:47:11.750715Z,delphinID_clicks,click,Ttr,0.241444
delphinID_clicks:Y3_3:8,,2024-05-08T00:42:48.590696Z,delphinID_clicks,click,Dde,0.140329
delphinID_clicks:Y3_3:8,,2024-05-08T00:42:48.590696Z,delphinID_clicks,click,Ggr,0.010793
delphinID_clicks:Y3_3:8,,2024-05-08T00:42:48.590696Z,delphinID_clicks,click,Gme,0.00846
delphinID_clicks:Y3_3:8,,2024-05-08T00:42:48.590696Z,delphinID_clicks,click,Lal,0.189484
delphinID_clicks:Y3_3:8,,2024-05-08T00:42:48.590696Z,delphinID_clicks,click,Ttr,0.650934
delphinID_clicks:Y3_3:9,,2024-05-08T00:40:25.395047Z,delphinID_clicks,click,Dde,0.142619
delphinID_clicks:Y3_3:9,,2024-05-08T00:40:25.395047Z,delphinID_clicks,click,Ggr,0.016771
delphinID_clicks:Y3_3:9,,2024-05-08T00:40:25.395047Z,delphinID_clicks,click,Gme,0.03627
delphinID_clicks:Y3_3:9,,2024-05-08T00:40:25.395047Z,delphinID_clicks,click,Lal,0.802576
delphinID_clicks:Y3_3:9,,2024-05-08T00:40:25.395047Z,delphinID_clicks,click,Ttr,0.001764
delphinID_clicks:Y3_3:10,,2024-05-08T00:41:13.231379Z,delphinID_clicks,click,Dde,0.221281
delphinID_clicks:Y3_3:10,,2024-05-08T00:41:13.231379Z,delphinID_clicks,click,Ggr,0.156457
delphinID_clicks:Y3_3:10,,2024-05-08T00:41:13.231379Z,delphinID_clicks,click,Gme,0.530994
delphinID_clicks:Y3_3:10,,2024-05-08T00:41:13.231379Z,delphinID_clicks,click,Lal,0.014678
delphinID_clicks:Y3_3:10,,2024-05-08T00:41:13.231379Z,delphinID_clicks,click,Ttr,0.07659
delphinID_clicks:Y3_3:11,,2024-05-08T00:49:26.087005Z,delphinID_clicks,click,Dde,0.089249
delphinID_clicks:Y3_3:11,,2024-05-08T00:49:26.087005Z,delphinID_clicks,click,Ggr,0.062982
delphinID_clicks:Y3_3:11,,2024-05-08T00:49:26.087005Z,delphinID_clicks,click,Gme,0.175997
delphinID_clicks:Y3_3:11,,2024-05-08T00:49:26.087005Z,delphinID_clicks,click,Lal,0.246272
delphinID_clicks:Y3_3:11,,2024-05-08T00:49:26.087005Z,delphinID_clicks,click,Ttr,0.4255
delphinID_clicks:Y3_3:12,,2024-05-08T00:48:02.924367Z,delphinID_clicks,click,Dde,0.346952
delphinID_clicks:Y3_3:12,,2024-05-08T00:48:02.924367Z,delphinID_clicks,click,Ggr,0.055945
delphinID_clicks:Y3_3:12,,2024-05-08T00:48:02.924367Z,delphinID_clicks,click,Gme,0.255287
delphinID_clicks:Y3_3:12,,2024-05-08T00:48:02.924367Z,delphinID_clicks,click,Lal,0.319595
delphinID_clicks:Y3_3:12,,2024-05-08T00:48:02.924367Z,delphinID_clicks,click,Ttr,0.022221
delphinID_clicks:Y3_3:13,,2024-05-08T00:44:40.188577Z,delphinID_clicks,click,Dde,0.145132
delphinID_clicks:Y3_3:13,,2024-05-08T00:44:40.188577Z,delphinID_clicks,click,Ggr,0.148452
delphinID_clicks:Y3_3:13,,2024-05-08T00:44:40.188577Z,delphinID_clicks,click,Gme,0.005572
delphinID_clicks:Y3_3:13,,2024-05-08T00:44:40.188577Z,delphinID_clicks,click,Lal,0.453894
delphinID_clicks:Y3_3:13,,2024-05-08T00:44:40.188577Z,delphinID_clicks,click,Ttr,0.24695
delphinID_clicks:Y3_3:14,,2024-05-08T00:43:58.305272Z,delphinID_clicks,click,Dde,0.005604
delphinID_clicks:Y3_3:14,,2024-05-08T00:43:58.305272Z,delphinID_clicks,click,Ggr,0.253072
delphinID_clicks:Y3_3:14,,2024-05-08T00:43:58.305272Z,delphinID_clicks,click,Gme,0.154216
delphinID_clicks:Y3_3:14,,2024-05-08T00:43:58.305272Z,delphinID_clicks,click,Lal,0.055837
delphinID_clicks:Y3_3:14,,2024-05-08T00:43:58.305272Z,delphinID_clicks,click,Ttr,0.53127
delphinID_whistles:Y3_4:0,,2024-05-08T01:20:44.089502Z,delphinID_whistles,whistle,Dde,0.084108
delphinID_whistles:Y3_4:0,,2024-05-08T01:20:44.089502Z,delphinID_whistles,whistle,Ggr,0.01558
delphinID_whistles:Y3_4:0,,2024-05-08T01:20:44.089502Z,delphinID_whistles,whistle,Gme,0.153633
delphinID_whistles:Y3_4:0,,2024-05-08T01:20:44.089502Z,delphinID_whistles,whistle,Lac,0.407535
delphinID_whistles:Y3_4:0,,2024-05-08T01:20:44.089502Z,delphinID_whistles,whistle,Lal,0.109258
delphinID_whistles:Y3_4:0,,2024-05-08T01:20:44.089502Z,delphinID_whistles,whistle,Oor,0.153313
delphinID_whistles:Y3_4:0,,2024-05-08T01:20:44.089502Z,delphinID_whistles,whistle,Ttr,0.076574
delphinID_whistles:Y3_4:1,,2024-05-08T01:28:00.368951Z,delphinID_whistles,whistle,Dde,0.253326
delphinID_whistles:Y3_4:1,,2024-05-08T01:28:00.368951Z,delphinID_whistles,whistle,Ggr,0.033245
delphinID_whistles:Y3_4:1,,2024-05-08T01:28:00.368951Z,delphinID_whistles,whistle,Gme,0.00049
delphinID_whistles:Y3_4:1,,2024-05-08T01:28:00.368951Z,delphinID_whistles,whistle,Lac,0.110705
delphinID_whistles:Y3_4:1,,2024-05-08T01:28:00.368951Z,delphinID_whistles,whistle,Lal,0.207868
delphinID_whistles:Y3_4:1,,2024-05-08T01:28:00.368951Z,delphinID_whistles,whistle,Oor,0.005019
delphinID_whistles:Y3_4:1,,2024-05-08T01:28:00.368951Z,delphinID_whistles,whistle,Ttr,0.389347
delphinID_whistles:Y3_4:2,,2024-05-08T01:26:36.808583Z,delphinID_whistles,whistle,Dde,0.585334
delphinID_whistles:Y3_4:2,,2024-05-08T01:26:36.808583Z,delphinID_whistles,whistle,Ggr,0.062853
delphinID_whistles:Y3_4:2,,2024-05-08T01:26:36.808583Z,delphinID_whistles,whistle,Gme,0.105932
delphinID_whistles:Y3_4:2,,2024-05-08T01:26:36.808583Z,delphinID_whistles,whistle,Lac,0.064902
delphinID_whistles:Y3_4:2,,2024-05-08T01:26:36.808583Z,delphinID_whistles,whistle,Lal,0.004791
delphinID_whistles:Y3_4:2,,2024-05-08T01:26:36.808583Z,delphinID_whistles,whistle,Oor,0.069543
delphinID_whistles:Y3_4:2,,2024-05-08T01:26:36.808583Z,delphinID_whistles,whistle,Ttr,0.106645
delphinID_whistles:Y3_4:3,,2024-05-08T01:28:24.802085Z,delphinID_whistles,whistle,Dde,0.056413
delphinID_whistles:Y3_4:3,,2024-05-08T01:28:24.802085Z,delphinID_whistles,whistle,Ggr,0.105253
delphinID_whistles:Y3_4:3,,2024-05-08T01:28:24.802085Z,delphinID_whistles,whistle,Gme,0.066321
delphinID_whistles:Y3_4:3,,2024-05-08T01:28:24.802085Z,delphinID_whistles,whistle,Lac,0.471173
delphinID_whistles:Y3_4:3,,2024-05-08T01:28:24.802085Z,delphinID_whistles,whistle,Lal,0.134346
delphinID_whistles:Y3_4:3,,2024-05-08T01:28:24.802085Z,delphinID_whistles,whistle,Oor,0.07855
delphinID_whistles:Y3_4:3,,2024-05-08T01:28:24.802085Z,delphinID_whistles,whistle,Ttr,0.087944
delphinID_whistles:Y3_4:4,,2024-05-08T01:24:45.616582Z,delphinID_whistles,whistle,Dde,0.051406
delphinID_whistles:Y3_4:4,,2024-05-08T01:24:45.616582Z,delphinID_whistles,whistle,Ggr,0.501196
delphinID_whistles:Y3_4:4,,2024-05-08T01:24:45.616582Z,delphinID_whistles,whistle,Gme,0.001641
delphinID_whistles:Y3_4:4,,2024-05-08T01:24:45.616582Z,delphinID_whistles,whistle,Lac,0.013946
delphinID_whistles:Y3_4:4,,2024-05-08T01:24:45.616582Z,delphinID_whistles,whistle,Lal,0.247455
delphinID_whistles:Y3_4:4,,2024-05-08T01:24:45.616582Z,delphinID_whistles,whistle,Oor,0.030489
delphinID_whistles:Y3_4:4,,2024-05-08T01:24:45.616582Z,delphinID_whistles,whistle,Ttr,0.153866
delphinID_whistles:Y3_4:5,,2024-05-08T01:22:09.992067Z,delphinID_whistles,whistle,Dde,0.025753
delphinID_whistles:Y3_4:5,,2024-05-08T01:22:09.992067Z,delphinID_whistles,whistle,Ggr,0.000491
delphinID_whistles:Y3_4:5,,2024-05-08T01:22:09.992067Z,delphinID_whistles,whistle,Gme,0.006387
delphinID_whistles:Y3_4:5,,2024-05-08T01:22:09.992067Z,delphinID_whistles,whistle,Lac,0.684527
delphinID_whistles:Y3_4:5,,2024-05-08T01:22:09.992067Z,delphinID_whistles,whistle,Lal,0.270456
delphinID_whistles:Y3_4:5,,2024-05-08T01:22:09.992067Z,delphinID_whistles,whistle,Oor,0.004423
delphinID_whistles:Y3_4:5,,2024-05-08T01:22:09.992067Z,delphinID_whistles,whistle,Ttr,0.007963
delphinID_whistles:Y3_4:6,,2024-05-08T01:20:05.313697Z,delphinID_whistles,whistle,Dde,0.110953
delphinID_whistles:Y3_4:6,,2024-05-08T01:20:05.313697Z,delphinID_whistles,whistle,Ggr,0.474433
delphinID_whistles:Y3_4:6,,2024-05-08T01:20:05.313697Z,delphinID_whistles,whistle,Gme,0.316004
delphinID_whistles:Y3_4:6,,2024-05-08T01:20:05.313697Z,delphinID_whistles,whistle,Lac,0.029124
delphinID_whistles:Y3_4:6,,2024-05-08T01:20:05.313697Z,delphinID_whistles,whistle,Lal,0.022167
delphinID_whistles:Y3_4:6,,2024-05-08T01:20:05.313697Z,delphinID_whistles,whistle,Oor,0.032578
delphinID_whistles:Y3_4:6,,2024-05-08T01:20:05.313697Z,delphinID_whistles,whistle,Ttr,0.014741
delphinID_whistles:Y3_4:7,,2024-05-08T01:23:25.103952Z,delphinID_whistles,whistle,Dde,0.403225
delphinID_whistles:Y3_4:7,,2024-05-08T01:23:25.103952Z,delphinID_whistles,whistle,Ggr,0.029817
delphinID_whistles:Y3_4:7,,2024-05-08T01:23:25.103952Z,delphinID_whistles,whistle,Gme,0.170963
delphinID_whistles:Y3_4:7,,2024-05-08T01:23:25.103952Z,delphinID_whistles,whistle,Lac,0.01856
delphinID_whistles:Y3_4:7,,2024-05-08T01:23:25.103952Z,delphinID_whistles,whistle,Lal,0.112818
delphinID_whistles:Y3_4:7,,2024-05-08T01:23:25.103952Z,delphinID_whistles,whistle,Oor,0.000166
delphinID_whistles:Y3_4:7,,2024-05-08T01:23:25.103952Z,delphinID_whistles,whistle,Ttr,0.264451
delphinID_whistles:Y3_4:8,,2024-05-08T01:24:19.927209Z,delphinID_whistles,whistle,Dde,5.2e-05
delphinID_whistles:Y3_4:8,,2024-05-08T01:24:19.927209Z,delphinID_whistles,whistle,Ggr,0.06686
delphinID_whistles:Y3_4:8,,2024-05-08T01:24:19.927209Z,delphinID_whistles,whistle,Gme,0.01266
delphinID_whistles:Y3_4:8,,2024-05-08T01:24:19.927209Z,delphinID_whistles,whistle,Lac,0.000633
delphinID_whistles:Y3_4:8,,2024-05-08T01:24:19.927209Z,delphinID_whistles,whistle,Lal,0.233126
delphinID_whistles:Y3_4:8,,2024-05-08T01:24:19.927209Z,delphinID_whistles,whistle,Oor,0.165257
delphinID_whistles:Y3_4:8,,2024-05-08T01:24:19.927209Z,delphinID_whistles,whistle,Ttr,0.521412
delphinID_whistles:Y3_4:9,,2024-05-08T01:20:20.909546Z,delphinID_whistles,whistle,Dde,0.021529
delphinID_whistles:Y3_4:9,,2024-05-08T01:20:20.909546Z,delphinID_whistles,whistle,Ggr,0.011588
delphinID_whistles:Y3_4:9,,2024-05-08T01:20:20.909546Z,delphinID_whistles,whistle,Gme,0.315554
delphinID_whistles:Y3_4:9,,2024-05-08T01:20:20.909546Z,delphinID_whistles,whistle,Lac,0.366093
delphinID_whistles:Y3_4:9,,2024-05-08T01:20:20.909546Z,delphinID_whistles,whistle,Lal,0.019115
delphinID_whistles:Y3_4:9,,2024-05-08T01:20:20.909546Z,delphinID_whistles,whistle,Oor,0.11667
delphinID_whistles:Y3_4:9,,2024-05-08T01:20:20.909546Z,delphinID_whistles,whistle,Ttr,0.149451
delphinID_whistles:Y3_4:10,,2024-05-08T01:21:54.262119Z,delphinID_whistles,whistle,Dde,0.55127
delphinID_whistles:Y3_4:10,,2024-05-08T01:21:54.262119Z,delphinID_whistles,whistle,Ggr,0.002029
delphinID_whistles:Y3_4:10,,2024-05-08T01:21:54.262119Z,delphinID_whistles,whistle,Gme,0.002352
delphinID_whistles:Y3_4:10,,2024-05-08T01:21:54.262119Z,delphinID_whistles,whistle,Lac,0.118768
delphinID_whistles:Y3_4:10,,2024-05-08T01:21:54.262119Z,delphinID_whistles,whistle,Lal,0.020163
delphinID_whistles:Y3_4:10,,2024-05-08T01:21:54.262119Z,delphinID_whistles,whistle,Oor,0.176173
delphinID_whistles:Y3_4:10,,2024-05-08T01:21:54.262119Z,delphinID_whistles,whistle,Ttr,0.129245
delphinID_whistles:Y3_4:11,,2024-05-08T01:24:58.534927Z,delphinID_whistles,whistle,Dde,0.000803
delphinID_whistles:Y3_4:11,,2024-05-08T01:24:58.534927Z,delphinID_whistles,whistle,Ggr,0.048566
delphinID_whistles:Y3_4:11,,2024-05-08T01:24:58.534927Z,delphinID_whistles,whistle,Gme,0.415327
delphinID_whistles:Y3_4:11,,2024-05-08T01:24:58.534927Z,delphinID_whistles,whistle,Lac,0.064203
delphinID_whistles:Y3_4:11,,2024-05-08T01:24:58.534927Z,delphinID_whistles,whistle,Lal,0.053919
delphinID_whistles:Y3_4:11,,2024-05-08T01:24:58.534927Z,delphinID_whistles,whistle,Oor,0.093088
delphinID_whistles:Y3_4:11,,2024-05-08T01:24:58.534927Z,delphinID_whistles,whistle,Ttr,0.324095
delphinID_whistles:Y3_4:12,,2024-05-08T01:23:10.356752Z,delphinID_whistles,whistle,Dde,0.202419
delphinID_whistles:Y3_4:12,,2024-05-08T01:23:10.356752Z,delphinID_whistles,whistle,Ggr,0.480175
delphinID_whistles:Y3_4:12,,2024-05-08T01:23:10.356752Z,delphinID_whistles,whistle,Gme,0.005806
delphinID_whistles:Y3_4:12,,2024-05-08T01:23:10.356752Z,delphinID_whistles,whistle,Lac,0.111383
delphinID_whistles:Y3_4:12,,2024-05-08T01:23:10.356752Z,delphinID_whistles,whistle,Lal,0.112225
delphinID_whistles:Y3_4:12,,2024-05-08T01:23:10.356752Z,delphinID_whistles,whistle,Oor,0.001144
delphinID_whistles:Y3_4:12,,2024-05-08T01:23:10.356752Z,delphinID_whistles,whistle,Ttr,0.086849
delphinID_whistles:Y3_4:13,,2024-05-08T01:24:38.480886Z,delphinID_whistles,whistle,Dde,0.054933
delphinID_whistles:Y3_4:13,,2024-05-08T01:24:38.480886Z,delphinID_whistles,whistle,Ggr,0.076481
delphinID_whistles:Y3_4:13,,2024-05-08T01:24:38.480886Z,delphinID_whistles,whistle,Gme,0.028128
delphinID_whistles:Y3_4:13,,2024-05-08T01:24:38.480886Z,delphinID_whistles,whistle,Lac,0.005968
delphinID_whistles:Y3_4:13,,2024-05-08T01:24:38.480886Z,delphinID_whistles,whistle,Lal,0.23594
delphinID_whistles:Y3_4:13,,2024-05-08T01:24:38.480886Z,delphinID_whistles,whistle,Oor,0.295863
delphinID_whistles:Y3_4:13,,2024-05-08T01:24:38.480886Z,delphinID_whistles,whistle,Ttr,0.302687
delphinID_whistles:Y3_4:14,,2024-05-08T01:26:38.052051Z,delphinID_whistles,whistle,Dde,0.004417
delphinID_whistles:Y3_4:14,,2024-05-08T01:26:38.052051Z,delphinID_whistles,whistle,Ggr,0.295276
delphinID_whistles:Y3_4:14,,2024-05-08T01:26:38.052051Z,delphinID_whistles,whistle,Gme,0.337687
delphinID_whistles:Y3_4:14,,2024-05-08T01:26:38.052051Z,delphinID_whistles,whistle,Lac,0.276949
delphinID_whistles:Y3_4:14,,2024-05-08T01:26:38.052051Z,delphinID_whistles,whistle,Lal,0.02452
delphinID_whistles:Y3_4:14,,2024-05-08T01:26:38.052051Z,delphinID_whistles,whistle,Oor,0.041479
delphinID_whistles:Y3_4:14,,2024-05-08T01:26:38.052051Z,delphinID_whistles,whistle,Ttr,0.019673
delphinID_whistles:Y3_4:15,,2024-05-08T01:21:03.828035Z,delphinID_whistles,whistle,Dde,0.149029
delphinID_whistles:Y3_4:15,,2024-05-08T01:21:03.828035Z,delphinID_whistles,whistle,Ggr,0.027556
delphinID_whistles:Y3_4:15,,2024-05-08T01:21:03.828035Z,delphinID_whistles,whistle,Gme,0.142555
delphinID_whistles:Y3_4:15,,2024-05-08T01:21:03.828035Z,delphinID_whistles,whistle,Lac,0.054216
delphinID_whistles:Y3_4:15,,2024-05-08T01:21:03.828035Z,delphinID_whistles,whistle,Lal,0.152658
delphinID_whistles:Y3_4:15,,2024-05-08T01:21:03.828035Z,delphinID_whistles,whistle,Oor,0.271601
delphinID_whistles:Y3_4:15,,2024-05-08T01:21:03.828035Z,delphinID_whistles,whistle,Ttr,0.202385
delphinID_whistles:Y3_4:16,,2024-05-08T01:26:59.145689Z,delphinID_whistles,whistle,Dde,0.06856
delphinID_whistles:Y3_4:16,,2024-05-08T01:26:59.145689Z,delphinID_whistles,whistle,Ggr,0.028809
delphinID_whistles:Y3_4:16,,2024-05-08T01:26:59.145689Z,delphinID_whistles,whistle,Gme,0.0
delphinID_whistles:Y3_4:16,,2024-05-08T01:26:59.145689Z,delphinID_whistles,whistle,Lac,0.277307
delphinID_whistles:Y3_4:16,,2024-05-08T01:26:59.145689Z,delphinID_whistles,whistle,Lal,0.211719
delphinID_whistles:Y3_4:16,,2024-05-08T01:26:59.145689Z,delphinID_whistles,whistle,Oor,0.227978
delphinID_whistles:Y3_4:16,,2024-05-08T01:26:59.145689Z,delphinID_whistles,whistle,Ttr,0.185627
delphinID_clicks:Y3_4:0,,2024-05-08T01:22:04.912418Z,delphinID_clicks,click,Dde,0.075445
delphinID_clicks:Y3_4:0,,2024-05-08T01:22:04.912418Z,delphinID_clicks,click,Ggr,0.012541
delphinID_clicks:Y3_4:0,,2024-05-08T01:22:04.912418Z,delphinID_clicks,click,Gme,0.008405
delphinID_clicks:Y3_4:0,,2024-05-08T01:22:04.912418Z,delphinID_clicks,click,Lal,0.000384
delphinID_clicks:Y3_4:0,,2024-05-08T01:22:04.912418Z,delphinID_clicks,click,Ttr,0.903226
delphinID_clicks:Y3_4:1,,2024-05-08T01:20:20.006318Z,delphinID_clicks,click,Dde,0.048176
delphinID_clicks:Y3_4:1,,2024-05-08T01:20:20.006318Z,delphinID_clicks,click,Ggr,0.02499
delphinID_clicks:Y3_4:1,,2024-05-08T01:20:20.006318Z,delphinID_clicks,click,Gme,0.548721
delphinID_clicks:Y3_4:1,,2024-05-08T01:20:20.006318Z,delphinID_clicks,click,Lal,0.322321
delphinID_clicks:Y3_4:1,,2024-05-08T01:20:20.006318Z,delphinID_clicks,click,Ttr,0.055791
delphinID_clicks:Y3_4:2,,2024-05-08T01:25:15.965385Z,delphinID_clicks,click,Dde,0.482009
delphinID_clicks:Y3_4:2,,2024-05-08T01:25:15.965385Z,delphinID_clicks,click,Ggr,0.027063
delphinID_clicks:Y3_4:2,,2024-05-08T01:25:15.965385Z,delphinID_clicks,click,Gme,0.046534
delphinID_clicks:Y3_4:2,,2024-05-08T01:25:15.965385Z,delphinID_clicks,click,Lal,0.178629
delphinID_clicks:Y3_4:2,,2024-05-08T01:25:15.965385Z,delphinID_clicks,click,Ttr,0.265765
delphinID_clicks:Y3_4:3,,2024-05-08T01:23:40.017643Z,delphinID_clicks,click,Dde,0.017939
delphinID_clicks:Y3_4:3,,2024-05-08T01:23:40.017643Z,delphinID_clicks,click,Ggr,0.337688
delphinID_clicks:Y3_4:3,,2024-05-08T01:23:40.017643Z,delphinID_clicks,click,Gme,0.042086
delphinID_clicks:Y3_4:3,,2024-05-08T01:23:40.017643Z,delphinID_clicks,click,Lal,0.00595
delphinID_clicks:Y3_4:3,,2024-05-08T01:23:40.017643Z,delphinID_clicks,click,Ttr,0.596337
delphinID_clicks:Y3_4:4,,2024-05-08T01:24:41.599338Z,delphinID_clicks,click,Dde,0.003217
delphinID_clicks:Y3_4:4,,2024-05-08T01:24:41.599338Z,delphinID_clicks,click,Ggr,0.076941
delphinID_clicks:Y3_4:4,,2024-05-08T01:24:41.599338Z,delphinID_clicks,click,Gme,0.849655
delphinID_clicks:Y3_4:4,,2024-05-08T01:24:41.599338Z,delphinID_clicks,click,Lal,0.063229
delphinID_clicks:Y3_4:4,,2024-05-08T01:24:41.599338Z,delphinID_clicks,click,Ttr,0.006959
delphinID_clicks:Y3_4:5,,2024-05-08T01:22:01.630552Z,delphinID_clicks,click,Dde,0.004781
delphinID_clicks:Y3_4:5,,2024-05-08T01:22:01.630552Z,delphinID_clicks,click,Ggr,0.687159
delphinID_clicks:Y3_4:5,,2024-05-08T01:22:01.630552Z,delphinID_clicks,click,Gme,0.041766
delphinID_clicks:Y3_4:5,,2024-05-08T01:22:01.630552Z,delphinID_clicks,click,Lal,0.220795
delphinID_clicks:Y3_4:5,,2024-05-08T01:22:01.630552Z,delphinID_clicks,click,Ttr,0.045498
delphinID_clicks:Y3_4:6,,2024-05-08T01:21:54.933714Z,delphinID_clicks,click,Dde,0.071324
delphinID_clicks:Y3_4:6,,2024-05-08T01:21:54.933714Z,delphinID_clicks,click,Ggr,0.189022
delphinID_clicks:Y3_4:6,,2024-05-08T01:21:54.933714Z,delphinID_clicks,click,Gme,0.572482
delphinID_clicks:Y3_4:6,,2024-05-08T01:21:54.933714Z,delphinID_clicks,click,Lal,0.014029
delphinID_clicks:Y3_4:6,,2024-05-08T01:21:54.933714Z,delphinID_clicks,click,Ttr,0.153143
delphinID_clicks:Y3_4:7,,2024-05-08T01:26:50.729898Z,delphinID_clicks,click,Dde,0.060356
delphinID_clicks:Y3_4:7,,2024-05-08T01:26:50.729898Z,delphinID_clicks,click,Ggr,0.06614
delphinID_clicks:Y3_4:7,,2024-05-08T01:26:50.729898Z,delphinID_clicks,click,Gme,0.197441
delphinID_clicks:Y3_4:7,,2024-05-08T01:26:50.729898Z,delphinID_clicks,click,Lal,0.331589
delphinID_clicks:Y3_4:7,,2024-05-08T01:26:50.729898Z,delphinID_clicks,click,Ttr,0.344474
delphinID_clicks:Y3_4:8,,2024-05-08T01:29:33.886881Z,delphinID_clicks,click,Dde,0.037882
delphinID_clicks:Y3_4:8,,2024-05-08T01:29:33.886881Z,delphinID_clicks,click,Ggr,0.035394
delphinID_clicks:Y3_4:8,,2024-05-08T01:29:33.886881Z,delphinID_clicks,click,Gme,0.662848
delphinID_clicks:Y3_4:8,,2024-05-08T01:29:33.886881Z,delphinID_clicks,click,Lal,0.216993
delphinID_clicks:Y3_4:8,,2024-05-08T01:29:33.886881Z,delphinID_clicks,click,Ttr,0.046883
delphinID_clicks:Y3_4:9,,2024-05-08T01:24:56.666102Z,delphinID_clicks,click,Dde,0.084158
delphinID_clicks:Y3_4:9,,2024-05-08T01:24:56.666102Z,delphinID_clicks,click,Ggr,0.042006
delphinID_clicks:Y3_4:9,,2024-05-08T01:24:56.666102Z,delphinID_clicks,click,Gme,0.067111
delphinID_clicks:Y3_4:9,,2024-05-08T01:24:56.666102Z,delphinID_clicks,click,Lal,0.002452
delphinID_clicks:Y3_4:9,,2024-05-08T01:24:56.666102Z,delphinID_clicks,click,Ttr,0.804273
delphinID_clicks:Y3_4:10,,2024-05-08T01:25:15.704164Z,delphinID_clicks,click,Dde,0.055541
delphinID_clicks:Y3_4:10,,2024-05-08T01:25:15.704164Z,delphinID_clicks,click,Ggr,0.267613
delphinID_clicks:Y3_4:10,,2024-05-08T01:25:15.704164Z,delphinID_clicks,click,Gme,0.007781
delphinID_clicks:Y3_4:10,,2024-05-08T01:25:15.704164Z,delphinID_clicks,click,Lal,0.577834
delphinID_clicks:Y3_4:10,,2024-05-08T01:25:15.704164Z,delphinID_clicks,click,Ttr,0.091231
delphinID_clicks:Y3_4:11,,2024-05-08T01:20:53.859412Z,delphinID_clicks,click,Dde,0.234423
delphinID_clicks:Y3_4:11,,2024-05-08T01:20:53.859412Z,delphinID_clicks,click,Ggr,0.199369
delphinID_clicks:Y3_4:11,,2024-05-08T01:20:53.859412Z,delphinID_clicks,click,Gme,0.014397
delphinID_clicks:Y3_4:11,,2024-05-08T01:20:53.859412Z,delphinID_clicks,click,Lal,0.495899
delphinID_clicks:Y3_4:11,,2024-05-08T01:20:53.859412Z,delphinID_clicks,click,Ttr,0.055911
delphinID_clicks:Y3_4:12,,2024-05-08T01:22:42.467737Z,delphinID_clicks,click,Dde,0.618788
delphinID_clicks:Y3_4:12,,2024-05-08T01:22:42.467737Z,delphinID_clicks,click,Ggr,0.027444
delphinID_clicks:Y3_4:12,,2024-05-08T01:22:42.467737Z,delphinID_clicks,click,Gme,0.21715
delphinID_clicks:Y3_4:12,,2024-05-08T01:22:42.467737Z,delphinID_clicks,click,Lal,0.116888
delphinID_clicks:Y3_4:12,,2024-05-08T01:22:42.467737Z,delphinID_clicks,click,Ttr,0.019729
delphinID_clicks:Y3_4:13,,2024-05-08T01:23:18.679946Z,delphinID_clicks,click,Dde,0.051163
delphinID_clicks:Y3_4:13,,2024-05-08T01:23:18.679946Z,delphinID_clicks,click,Ggr,0.010712
delphinID_clicks:Y3_4:13,,2024-05-08T01:23:18.679946Z,delphinID_clicks,click,Gme,0.00041
delphinID_clicks:Y3_4:13,,2024-05-08T01:23:18.679946Z,delphinID_clicks,click,Lal,0.359813
delphinID_clicks:Y3_4:13,,2024-05-08T01:23:18.679946Z,delphinID_clicks,click,Ttr,0.577901
delphinID_clicks:Y3_4:14,,2024-05-08T01:28:30.333164Z,delphinID_clicks,click,Dde,0.571386
delphinID_clicks:Y3_4:14,,2024-05-08T01:28:30.333164Z,delphinID_clicks,click,Ggr,0.018695
delphinID_clicks:Y3_4:14,,2024-05-08T01:28:30.333164Z,delphinID_clicks,click,Gme,0.146244
delphinID_clicks:Y3_4:14,,2024-05-08T01:28:30.333164Z,delphinID_clicks,click,Lal,0.232966
delphinID_clicks:Y3_4:14,,2024-05-08T01:28:30.333164Z,delphinID_clicks,click,Ttr,0.030709
delphinID_clicks:Y3_4:15,,2024-05-08T01:23:26.985109Z,delphinID_clicks,click,Dde,0.164186
delphinID_clicks:Y3_4:15,,2024-05-08T01:23:26.985109Z,delphinID_clicks,click,Ggr,0.173875
delphinID_clicks:Y3_4:15,,2024-05-08T01:23:26.985109Z,delphinID_clicks,click,Gme,0.006325
delphinID_clicks:Y3_4:15,,2024-05-08T01:23:26.985109Z,delphinID_clicks,click,Lal,0.001831
delphinID_clicks:Y3_4:15,,2024-05-08T01:23:26.985109Z,delphinID_clicks,click,Ttr,0.653783
delphinID_clicks:Y3_4:16,,2024-05-08T01:25:21.059294Z,delphinID_clicks,click,Dde,0.038046
delphinID_clicks:Y3_4:16,,2024-05-08T01:25:21.059294Z,delphinID_clicks,click,Ggr,0.179227
delphinID_clicks:Y3_4:16,,2024-05-08T01:25:21.059294Z,delphinID_clicks,click,Gme,0.002056
delphinID_clicks:Y3_4:16,,2024-05-08T01:25:21.059294Z,delphinID_clicks,click,Lal,0.271542
delphinID_clicks:Y3_4:16,,2024-05-08T01:25:21.059294Z,delphinID_clicks,click,Ttr,0.509129
delphinID_clicks:Y3_4:17,,2024-05-08T01:29:01.989460Z,delphinID_clicks,click,Dde,0.314462
delphinID_clicks:Y3_4:17,,2024-05-08T01:29:01.989460Z,delphinID_clicks,click,Ggr,0.081398
delphinID_clicks:Y3_4:17,,2024-05-08T01:29:01.989460Z,delphinID_clicks,click,Gme,0.074907
delphinID_clicks:Y3_4:17,,2024-05-08T01:29:01.989460Z,delphinID_clicks,click,Lal,0.525111
delphinID_clicks:Y3_4:17,,2024-05-08T01:29:01.989460Z,delphinID_clicks,click,Ttr,0.004122
delphinID_clicks:Y3_4:18,,2024-05-08T01:20:48.190803Z,delphinID_clicks,click,Dde,0.057836
delphinID_clicks:Y3_4:18,,2024-05-08T01:20:48.190803Z,delphinID_clicks,click,Ggr,0.475411
delphinID_clicks:Y3_4:18,,2024-05-08T01:20:48.190803Z,delphinID_clicks,click,Gme,0.011954
delphinID_clicks:Y3_4:18,,2024-05-08T01:20:48.190803Z,delphinID_clicks,click,Lal,0.313348
delphinID_clicks:Y3_4:18,,2024-05-08T01:20:48.190803Z,delphinID_clicks,click,Ttr,0.141451
delphinID_whistles:Y4_2:0,,2024-05-09T02:41:19.379840Z,delphinID_whistles,whistle,Dde,0.001716
delphinID_whistles:Y4_2:0,,2024-05-09T02:41:19.379840Z,delphinID_whistles,whistle,Ggr,0.000323
delphinID_whistles:Y4_2:0,,2024-05-09T02:41:19.379840Z,delphinID_whistles,whistle,Gme,0.035372
delphinID_whistles:Y4_2:0,,2024-05-09T02:41:19.379840Z,delphinID_whistles,whistle,Lac,0.14961
delphinID_whistles:Y4_2:0,,2024-05-09T02:41:19.379840Z,delphinID_whistles,whistle,Lal,0.110149
delphinID_whistles:Y4_2:0,,2024-05-09T02:41:19.379840Z,delphinID_whistles,whistle,Oor,0.10113
delphinID_whistles:Y4_2:0,,2024-05-09T02:41:19.379840Z,delphinID_whistles,whistle,Ttr,0.6017
delphinID_whistles:Y4_2:1,,2024-05-09T02:49:12.807282Z,delphinID_whistles,whistle,Dde,0.00242
delphinID_whistles:Y4_2:1,,2024-05-09T02:49:12.807282Z,delphinID_whistles,whistle,Ggr,0.049176
delphinID_whistles:Y4_2:1,,2024-05-09T02:49:12.807282Z,delphinID_whistles,whistle,Gme,0.014553
delphinID_whistles:Y4_2:1,,2024-05-09T02:49:12.807282Z,delphinID_whistles,whistle,Lac,0.776762
delphinID_whistles:Y4_2:1,,2024-05-09T02:49:12.807282Z,delphinID_whistles,whistle,Lal,0.028994
delphinID_whistles:Y4_2:1,,2024-05-09T02:49:12.807282Z,delphinID_whistles,whistle,Oor,0.00397
delphinID_whistles:Y4_2:1,,2024-05-09T02:49:12.807282Z,delphinID_whistles,whistle,Ttr,0.124125
delphinID_whistles:Y4_2:2,,2024-05-09T02:47:38.396737Z,delphinID_whistles,whistle,Dde,0.075464
delphinID_whistles:Y4_2:2,,2024-05-09T02:47:38.396737Z,delphinID_whistles,whistle,Ggr,0.437735
delphinID_whistles:Y4_2:2,,2024-05-09T02:47:38.396737Z,delphinID_whistles,whistle,Gme,7.7e-05
delphinID_whistles:Y4_2:2,,2024-05-09T02:47:38.396737Z,delphinID_whistles,whistle,Lac,0.208489
delphinID_whistles:Y4_2:2,,2024-05-09T02:47:38.396737Z,delphinID_whistles,whistle,Lal,0.05061
delphinID_whistles:Y4_2:2,,2024-05-09T02:47:38.396737Z,delphinID_whistles,whistle,Oor,0.058986
delphinID_whistles:Y4_2:2,,2024-05-09T02:47:38.396737Z,delphinID_whistles,whistle,Ttr,0.16864
delphinID_whistles:Y4_2:3,,2024-05-09T02:45:23.437233Z,delphinID_whistles,whistle,Dde,0.407273
delphinID_whistles:Y4_2:3,,2024-05-09T02:45:23.437233Z,delphinID_whistles,whistle,Ggr,0.010034
delphinID_whistles:Y4_2:3,,2024-05-09T02:45:23.437233Z,delphinID_whistles,whistle,Gme,0.329515
delphinID_whistles:Y4_2:3,,2024-05-09T02:45:23.437233Z,delphinID_whistles,whistle,Lac,0.165769
delphinID_whistles:Y4_2:3,,2024-05-09T02:45:23.437233Z,delphinID_whistles,whistle,Lal,0.005888
delphinID_whistles:Y4_2:3,,2024-05-09T02:45:23.437233Z,delphinID_whistles,whistle,Oor,0.001314
delphinID_whistles:Y4_2:3,,2024-05-09T02:45:23.437233Z,delphinID_whistles,whistle,Ttr,0.080207
delphinID_whistles:Y4_2:4,,2024-05-09T02:45:28.500478Z,delphinID_whistles,whistle,Dde,0.085577
delphinID_whistles:Y4_2:4,,2024-05-09T02:45:28.500478Z,delphinID_whistles,whistle,Ggr,0.01026
delphinID_whistles:Y4_2:4,,2024-05-09T02:45:28.500478Z,delphinID_whistles,whistle,Gme,0.004224
delphinID_whistles:Y4_2:4,,2024-05-09T02:45:28.500478Z,delphinID_whistles,whistle,Lac,0.001361
delphinID_whistles:Y4_2:4,,2024-05-09T02:45:28.500478Z,delphinID_whistles,whistle,Lal,0.143956
delphinID_whistles:Y4_2:4,,2024-05-09T02:45:28.500478Z,delphinID_whistles,whistle,Oor,0.275293
delphinID_whistles:Y4_2:4,,2024-05-09T02:45:28.500478Z,delphinID_whistles,whistle,Ttr,0.479328
delphinID_whistles:Y4_2:5,,2024-05-09T02:46:18.080106Z,delphinID_whistles,whistle,Dde,0.004174
delphinID_whistles:Y4_2:5,,2024-05-09T02:46:18.080106Z,delphinID_whistles,whistle,Ggr,0.004752
delphinID_whistles:Y4_2:5,,2024-05-09T02:46:18.080106Z,delphinID_whistles,whistle,Gme,0.203585
delphinID_whistles:Y4_2:5,,2024-05-09T02:46:18.080106Z,delphinID_whistles,whistle,Lac,0.154027
delphinID_whistles:Y4_2:5,,2024-05-09T02:46:18.080106Z,delphinID_whistles,whistle,Lal,0.318213
delphinID_whistles:Y4_2:5,,2024-05-09T02:46:18.080106Z,delphinID_whistles,whistle,Oor,0.193056
delphinID_whistles:Y4_2:5,,2024-05-09T02:46:18.080106Z,delphinID_whistles,whistle,Ttr,0.122193
delphinID_whistles:Y4_2:6,,2024-05-09T02:40:52.016571Z,delphinID_whistles,whistle,Dde,0.077333
delphinID_whistles:Y4_2:6,,2024-05-09T02:40:52.016571Z,delphinID_whistles,whistle,Ggr,0.608725
delphinID_whistles:Y4_2:6,,2024-05-09T02:40:52.016571Z,delphinID_whistles,whistle,Gme,0.00874
delphinID_whistles:Y4_2:6,,2024-05-09T02:40:52.016571Z,delphinID_whistles,whistle,Lac,0.001557
delphinID_whistles:Y4_2:6,,2024-05-09T02:40:52.016571Z,delphinID_whistles,whistle,Lal,0.009328
delphinID_whistles:Y4_2:6,,2024-05-09T02:40:52.016571Z,delphinID_whistles,whistle,Oor,0.209333
delphinID_whistles:Y4_2:6,,2024-05-09T02:40:52.016571Z,delphinID_whistles,whistle,Ttr,0.084983
delphinID_whistles:Y4_2:7,,2024-05-09T02:41:17.389073Z,delphinID_whistles,whistle,Dde,0.042707
delphinID_whistles:Y4_2:7,,2024-05-09T02:41:17.389073Z,delphinID_whistles,whistle,Ggr,0.014365
delphinID_whistles:Y4_2:7,,2024-05-09T02:41:17.389073Z,delphinID_whistles,whistle,Gme,0.223107
delphinID_whistles:Y4_2:7,,2024-05-09T02:41:17.389073Z,delphinID_whistles,whistle,Lac,0.003493
delphinID_whistles:Y4_2:7,,2024-05-09T02:41:17.389073Z,delphinID_whistles,whistle,Lal,0.069184
delphinID_whistles:Y4_2:7,,2024-05-09T02:41:17.389073Z,delphinID_whistles,whistle,Oor,0.315768
delphinID_whistles:Y4_2:7,,2024-05-09T02:41:17.389073Z,delphinID_whistles,whistle,Ttr,0.331375
delphinID_clicks:Y4_2:0,,2024-05-09T02:49:44.247031Z,delphinID_clicks,click,Dde,0.010403
delphinID_clicks:Y4_2:0,,2024-05-09T02:49:44.247031Z,delphinID_clicks,click,Ggr,0.055385
delphinID_clicks:Y4_2:0,,2024-05-09T02:49:44.247031Z,delphinID_clicks,click,Gme,0.006821
delphinID_clicks:Y4_2:0,,2024-05-09T02:49:44.247031Z,delphinID_clicks,click,Lal,0.672015
delphinID_clicks:Y4_2:0,,2024-05-09T02:49:44.247031Z,delphinID_clicks,click,Ttr,0.255376
delphinID_clicks:Y4_2:1,,2024-05-09T02:49:42.977754Z,delphinID_clicks,click,Dde,0.113149
delphinID_clicks:Y4_2:1,,2024-05-09T02:49:42.977754Z,delphinID_clicks,click,Ggr,0.150001
delphinID_clicks:Y4_2:1,,2024-05-09T02:49:42.977754Z,delphinID_clicks,click,Gme,0.079288
delphinID_clicks:Y4_2:1,,2024-05-09T02:49:42.977754Z,delphinID_clicks,click,Lal,0.02053
delphinID_clicks:Y4_2:1,,2024-05-09T02:49:42.977754Z,delphinID_clicks,click,Ttr,0.637032
delphinID_clicks:Y4_2:2,,2024-05-09T02:46:54.167451Z,delphinID_clicks,click,Dde,0.178664
delphinID_clicks:Y4_2:2,,2024-05-09T02:46:54.167451Z,delphinID_clicks,click,Ggr,0.052258
delphinID_clicks:Y4_2:2,,2024-05-09T02:46:54.167451Z,delphinID_clicks,click,Gme,0.23188
delphinID_clicks:Y4_2:2,,2024-05-09T02:46:54.167451Z,delphinID_clicks,click,Lal,0.09626
delphinID_clicks:Y4_2:2,,2024-05-09T02:46:54.167451Z,delphinID_clicks,click,Ttr,0.440938
delphinID_clicks:Y4_2:3,,2024-05-09T02:46:30.495277Z,delphinID_clicks,click,Dde,0.378392
delphinID_clicks:Y4_2:3,,2024-05-09T02:46:30.495277Z,delphinID_clicks,click,Ggr,0.20546
delphinID_clicks:Y4_2:3,,2024-05-09T02:46:30.495277Z,delphinID_clicks,click,Gme,0.134445
delphinID_clicks:Y4_2:3,,2024-05-09T02:46:30.495277Z,delphinID_clicks,click,Lal,0.255666
delphinID_clicks:Y4_2:3,,2024-05-09T02:46:30.495277Z,delphinID_clicks,click,Ttr,0.026037
delphinID_clicks:Y4_2:4,,2024-05-09T02:44:28.935175Z,delphinID_clicks,click,Dde,0.254669
delphinID_clicks:Y4_2:4,,2024-05-09T02:44:28.935175Z,delphinID_clicks,click,Ggr,0.149176
delphinID_clicks:Y4_2:4,,2024-05-09T02:44:28.935175Z,delphinID_clicks,click,Gme,0.476011
delphinID_clicks:Y4_2:4,,2024-05-09T02:44:28.935175Z,delphinID_clicks,click,Lal,0.01863
delphinID_clicks:Y4_2:4,,2024-05-09T02:44:28.935175Z,delphinID_clicks,click,Ttr,0.101514
delphinID_clicks:Y4_2:5,,2024-05-09T02:43:08.642661Z,delphinID_clicks,click,Dde,0.352653
delphinID_clicks:Y4_2:5,,2024-05-09T02:43:08.642661Z,delphinID_clicks,click,Ggr,0.042957
delphinID_clicks:Y4_2:5,,2024-05-09T02:43:08.642661Z,delphinID_clicks,click,Gme,0.312347
delphinID_clicks:Y4_2:5,,2024-05-09T02:43:08.642661Z,delphinID_clicks,click,Lal,0.04061
delphinID_clicks:Y4_2:5,,2024-05-09T02:43:08.642661Z,delphinID_clicks,click,Ttr,0.251434
delphinID_clicks:Y4_2:6,,2024-05-09T02:49:31.097282Z,delphinID_clicks,click,Dde,0.023315
delphinID_clicks:Y4_2:6,,2024-05-09T02:49:31.097282Z,delphinID_clicks,click,Ggr,0.054968
delphinID_clicks:Y4_2:6,,2024-05-09T02:49:31.097282Z,delphinID_clicks,click,Gme,0.41451
delphinID_clicks:Y4_2:6,,2024-05-09T02:49:31.097282Z,delphinID_clicks,click,Lal,0.38657
delphinID_clicks:Y4_2:6,,2024-05-09T02:49:31.097282Z,delphinID_clicks,click,Ttr,0.120636
delphinID_clicks:Y4_2:7,,2024-05-09T02:41:16.847515Z,delphinID_clicks,click,Dde,0.101279
delphinID_clicks:Y4_2:7,,2024-05-09T02:41:16.847515Z,delphinID_clicks,click,Ggr,0.058068
delphinID_clicks:Y4_2:7,,2024-05-09T02:41:16.847515Z,delphinID_clicks,click,Gme,0.073745
delphinID_clicks:Y4_2:7,,2024-05-09T02:41:16.847515Z,delphinID_clicks,click,Lal,0.076895
delphinID_clicks:Y4_2:7,,2024-05-09T02:41:16.847515Z,delphinID_clicks,click,Ttr,0.690013
delphinID_clicks:Y4_2:8,,2024-05-09T02:46:01.732962Z,delphinID_clicks,click,Dde,0.036267
delphinID_clicks:Y4_2:8,,2024-05-09T02:46:01.732962Z,delphinID_clicks,click,Ggr,0.068956
delphinID_clicks:Y4_2:8,,2024-05-09T02:46:01.732962Z,delphinID_clicks,click,Gme,0.618447
delphinID_clicks:Y4_2:8,,2024-05-09T02:46:01.732962Z,delphinID_clicks,click,Lal,0.07702
delphinID_clicks:Y4_2:8,,2024-05-09T02:46:01.732962Z,delphinID_clicks,click,Ttr,0.199311
delphinID_clicks:Y4_2:9,,2024-05-09T02:49:42.044734Z,delphinID_clicks,click,Dde,0.230704
delphinID_clicks:Y4_2:9,,2024-05-09T02:49:42.044734Z,delphinID_clicks,click,Ggr,0.088449
delphinID_clicks:Y4_2:9,,2024-05-09T02:49:42.044734Z,delphinID_clicks,click,Gme,0.078993
delphinID_clicks:Y4_2:9,,2024-05-09T02:49:42.044734Z,delphinID_clicks,click,Lal,0.067527
delphinID_clicks:Y4_2:9,,2024-05-09T02:49:42.044734Z,delphinID_clicks,click,Ttr,0.534327
delphinID_clicks:Y4_2:10,,2024-05-09T02:47:40.830147Z,delphinID_clicks,click,Dde,0.510284
delphinID_clicks:Y4_2:10,,2024-05-09T02:47:40.830147Z,delphinID_clicks,click,Ggr,0.041339
delphinID_clicks:Y4_2:10,,2024-05-09T02:47:40.830147Z,delphinID_clicks,click,Gme,0.087538
delphinID_clicks:Y4_2:10,,2024-05-09T02:47:40.830147Z,delphinID_clicks,click,Lal,0.019048
delphinID_clicks:Y4_2:10,,2024-05-09T02:47:40.830147Z,delphinID_clicks,click,Ttr,0.34179
delphinID_clicks:Y4_2:11,,2024-05-09T02:49:46.583790Z,delphinID_clicks,click,Dde,0.015844
delphinID_clicks:Y4_2:11,,2024-05-09T02:49:46.583790Z,delphinID_clicks,click,Ggr,0.002002
delphinID_clicks:Y4_2:11,,2024-05-09T02:49:46.583790Z,delphinID_clicks,click,Gme,0.3243
delphinID_clicks:Y4_2:11,,2024-05-09T02:49:46.583790Z,delphinID_clicks,click,Lal,0.014932
delphinID_clicks:Y4_2:11,,2024-05-09T02:49:46.583790Z,delphinID_clicks,click,Ttr,0.642921
delphinID_clicks:Y4_2:12,,2024-05-09T02:40:15.888383Z,delphinID_clicks,click,Dde,0.004889
delphinID_clicks:Y4_2:12,,2024-05-09T02:40:15.888383Z,delphinID_clicks,click,Ggr,9.1e-05
delphinID_clicks:Y4_2:12,,2024-05-09T02:40:15.888383Z,delphinID_clicks,click,Gme,0.380113
delphinID_clicks:Y4_2:12,,2024-05-09T02:40:15.888383Z,delphinID_clicks,click,Lal,0.384856
delphinID_clicks:Y4_2:12,,2024-05-09T02:40:15.888383Z,delphinID_clicks,click,Ttr,0.230051
delphinID_clicks:Y4_2:13,,2024-05-09T02:44:08.934936Z,delphinID_clicks,click,Dde,0.105008
delphinID_clicks:Y4_2:13,,2024-05-09T02:44:08.934936Z,delphinID_clicks,click,Ggr,0.30218
delphinID_clicks:Y4_2:13,,2024-05-09T02:44:08.934936Z,delphinID_clicks,click,Gme,0.04411
delphinID_clicks:Y4_2:13,,2024-05-09T02:44:08.934936Z,delphinID_clicks,click,Lal,0.395936
delphinID_clicks:Y4_2:13,,2024-05-09T02:44:08.934936Z,delphinID_clicks,click,Ttr,0.152765
delphinID_clicks:Y4_2:14,,2024-05-09T02:47:06.140206Z,delphinID_clicks,click,Dde,0.005435
delphinID_clicks:Y4_2:14,,2024-05-09T02:47:06.140206Z,delphinID_clicks,click,Ggr,0.029031
delphinID_clicks:Y4_2:14,,2024-05-09T02:47:06.140206Z,delphinID_clicks,click,Gme,0.53255
delphinID_clicks:Y4_2:14,,2024-05-09T02:47:06.140206Z,delphinID_clicks,click,Lal,0.031746
delphinID_clicks:Y4_2:14,,2024-05-09T02:47:06.140206Z,delphinID_clicks,click,Ttr,0.401239
delphinID_clicks:Y4_2:15,,2024-05-09T02:43:01.708559Z,delphinID_clicks,click,Dde,0.000817
delphinID_clicks:Y4_2:15,,2024-05-09T02:43:01.708559Z,delphinID_clicks,click,Ggr,0.433405
delphinID_clicks:Y4_2:15,,2024-05-09T02:43:01.708559Z,delphinID_clicks,click,Gme,0.27957
delphinID_clicks:Y4_2:15,,2024-05-09T02:43:01.708559Z,delphinID_clicks,click,Lal,0.152245
delphinID_clicks:Y4_2:15,,2024-05-09T02:43:01.708559Z,delphinID_clicks,click,Ttr,0.133963
delphinID_clicks:Y4_2:16,,2024-05-09T02:42:21.200584Z,delphinID_clicks,click,Dde,0.14009
delphinID_clicks:Y4_2:16,,2024-05-09T02:42:21.200584Z,delphinID_clicks,click,Ggr,0.219429
delphinID_clicks:Y4_2:16,,2024-05-09T02:42:21.200584Z,delphinID_clicks,click,Gme,0.216681
delphinID_clicks:Y4_2:16,,2024-05-09T02:42:21.200584Z,delphinID_clicks,click,Lal,0.000503
delphinID_clicks:Y4_2:16,,2024-05-09T02:42:21.200584Z,delphinID_clicks,click,Ttr,0.423296
delphinID_clicks:Y4_2:17,,2024-05-09T02:44:30.166706Z,delphinID_clicks,click,Dde,0.018708
delphinID_clicks:Y4_2:17,,2024-05-09T02:44:30.166706Z,delphinID_clicks,click,Ggr,0.31824
delphinID_clicks:Y4_2:17,,2024-05-09T02:44:30.166706Z,delphinID_clicks,click,Gme,0.612677
delphinID_clicks:Y4_2:17,,2024-05-09T02:44:30.166706Z,delphinID_clicks,click,Lal,0.002445
delphinID_clicks:Y4_2:17,,2024-05-09T02:44:30.166706Z,delphinID_clicks,click,Ttr,0.047931
delphinID_clicks:Y4_2:18,,2024-05-09T02:49:06.404035Z,delphinID_clicks,click,Dde,0.129665
delphinID_clicks:Y4_2:18,,2024-05-09T02:49:06.404035Z,delphinID_clicks,click,Ggr,0.347422
delphinID_clicks:Y4_2:18,,2024-05-09T02:49:06.404035Z,delphinID_clicks,click,Gme,0.164019
delphinID_clicks:Y4_2:18,,2024-05-09T02:49:06.404035Z,delphinID_clicks,click,Lal,0.193058
delphinID_clicks:Y4_2:18,,2024-05-09T02:49:06.404035Z,delphinID_clicks,click,Ttr,0.165836
delphinID_clicks:Y4_2:19,,2024-05-09T02:42:12.354891Z,delphinID_clicks,click,Dde,0.595847
delphinID_clicks:Y4_2:19,,2024-05-09T02:42:12.354891Z,delphinID_clicks,click,Ggr,0.301615
delphinID_clicks:Y4_2:19,,2024-05-09T02:42:12.354891Z,delphinID_clicks,click,Gme,0.03155
delphinID_clicks:Y4_2:19,,2024-05-09T02:42:12.354891Z,delphinID_clicks,click,Lal,0.008935
delphinID_clicks:Y4_2:19,,2024-05-09T02:42:12.354891Z,delphinID_clicks,click,Ttr,0.062052
delphinID_clicks:Y4_2:20,,2024-05-09T02:46:33.168780Z,delphinID_clicks,click,Dde,0.218683
delphinID_clicks:Y4_2:20,,2024-05-09T02:46:33.168780Z,delphinID_clicks,click,Ggr,0.086325
delphinID_clicks:Y4_2:20,,2024-05-09T02:46:33.168780Z,delphinID_clicks,click,Gme,0.477754
delphinID_clicks:Y4_2:20,,2024-05-09T02:46:33.168780Z,delphinID_clicks,click,Lal,0.00015
delphinID_clicks:Y4_2:20,,2024-05-09T02:46:33.168780Z,delphinID_clicks,click,Ttr,0.217089
delphinID_clicks:Y4_2:21,,2024-05-09T02:42:09.240184Z,delphinID_clicks,click,Dde,0.020673
delphinID_clicks:Y4_2:21,,2024-05-09T02:42:09.240184Z,delphinID_clicks,click,Ggr,0.225732
delphinID_clicks:Y4_2:21,,2024-05-09T02:42:09.240184Z,delphinID_clicks,click,Gme,0.01939
delphinID_clicks:Y4_2:21,,2024-05-09T02:42:09.240184Z,delphinID_clicks,click,Lal,0.524115
delphinID_clicks:Y4_2:21,,2024-05-09T02:42:09.240184Z,delphinID_clicks,click,Ttr,0.210089
delphinID_clicks:Y4_2:22,,2024-05-09T02:41:02.859479Z,delphinID_clicks,click,Dde,0.011863
delphinID_clicks:Y4_2:22,,2024-05-09T02:41:02.859479Z,delphinID_clicks,click,Ggr,0.806945
delphinID_clicks:Y4_2:22,,2024-05-09T02:41:02.859479Z,delphinID_clicks,click,Gme,0.048272
delphinID_clicks:Y4_2:22,,2024-05-09T02:41:02.859479Z,delphinID_clicks,click,Lal,0.045824
delphinID_clicks:Y4_2:22,,2024-05-09T02:41:02.859479Z,delphinID_clicks,click,Ttr,0.087096
delphinID_clicks:Y4_2:23,,2024-05-09T02:49:42.547358Z,delphinID_clicks,click,Dde,0.025075
delphinID_clicks:Y4_2:23,,2024-05-09T02:49:42.547358Z,delphinID_clicks,click,Ggr,0.706556
delphinID_clicks:Y4_2:23,,2024-05-09T02:49:42.547358Z,delphinID_clicks,click,Gme,0.025097
delphinID_clicks:Y4_2:23,,2024-05-09T02:49:42.547358Z,delphinID_clicks,click,Lal,0.19948
delphinID_clicks:Y4_2:23,,2024-05-09T02:49:42.547358Z,delphinID_clicks,click,Ttr,0.043792
delphinID_clicks:Y4_2:24,,2024-05-09T02:40:32.275441Z,delphinID_clicks,click,Dde,0.010169
delphinID_clicks:Y4_2:24,,2024-05-09T02:40:32.275441Z,delphinID_clicks,click,Ggr,0.001447
delphinID_clicks:Y4_2:24,,2024-05-09T02:40:32.275441Z,delphinID_clicks,click,Gme,0.964464
delphinID_clicks:Y4_2:24,,2024-05-09T02:40:32.275441Z,delphinID_clicks,click,Lal,0.008343
delphinID_clicks:Y4_2:24,,2024-05-09T02:40:32.275441Z,delphinID_clicks,click,Ttr,0.015577
delphinID_clicks:Y4_2:25,,2024-05-09T02:48:03.273096Z,delphinID_clicks,click,Dde,0.016699
delphinID_clicks:Y4_2:25,,2024-05-09T02:48:03.273096Z,delphinID_clicks,click,Ggr,0.896177
delphinID_clicks:Y4_2:25,,2024-05-09T02:48:03.273096Z,delphinID_clicks,click,Gme,0.008409
delphinID_clicks:Y4_2:25,,2024-05-09T02:48:03.273096Z,delphinID_clicks,click,Lal,0.020384
delphinID_clicks:Y4_2:25,,2024-05-09T02:48:03.273096Z,delphinID_clicks,click,Ttr,0.058332
delphinID_clicks:Y4_2:26,,2024-05-09T02:48:24.341726Z,delphinID_clicks,click,Dde,0.203723
delphinID_clicks:Y4_2:26,,2024-05-09T02:48:24.341726Z,delphinID_clicks,click,Ggr,0.000313
delphinID_clicks:Y4_2:26,,2024-05-09T02:48:24.341726Z,delphinID_clicks,click,Gme,0.298167
delphinID_clicks:Y4_2:26,,2024-05-09T02:48:24.341726Z,delphinID_clicks,click,Lal,0.08347
delphinID_clicks:Y4_2:26,,2024-05-09T02:48:24.341726Z,delphinID_clicks,click,Ttr,0.414328
delphinID_clicks:Y4_2:27,,2024-05-09T02:41:40.200640Z,delphinID_clicks,click,Dde,0.327833
delphinID_clicks:Y4_2:27,,2024-05-09T02:41:40.200640Z,delphinID_clicks,click,Ggr,0.039583
delphinID_clicks:Y4_2:27,,2024-05-09T02:41:40.200640Z,delphinID_clicks,click,Gme,0.189037
delphinID_clicks:Y4_2:27,,2024-05-09T02:41:40.200640Z,delphinID_clicks,click,Lal,0.17005
delphinID_clicks:Y4_2:27,,2024-05-09T02:41:40.200640Z,delphinID_clicks,click,Ttr,0.273496
delphinID_clicks:Y4_2:28,,2024-05-09T02:41:43.734292Z,delphinID_clicks,click,Dde,0.008689
delphinID_clicks:Y4_2:28,,2024-05-09T02:41:43.734292Z,delphinID_clicks,click,Ggr,0.089015
delphinID_clicks:Y4_2:28,,2024-05-09T02:41:43.734292Z,delphinID_clicks,click,Gme,0.022042
delphinID_clicks:Y4_2:28,,2024-05-09T02:41:43.734292Z,delphinID_clicks,click,Lal,0.05143
delphinID_clicks:Y4_2:28,,2024-05-09T02:41:43.734292Z,delphinID_clicks,click,Ttr,0.828824
delphinID_clicks:Y4_2:29,,2024-05-09T02:48:56.089022Z,delphinID_clicks,click,Dde,0.000577
delphinID_clicks:Y4_2:29,,2024-05-09T02:48:56.089022Z,delphinID_clicks,click,Ggr,0.030945
delphinID_clicks:Y4_2:29,,2024-05-09T02:48:56.089022Z,delphinID_clicks,click,Gme,0.00061
delphinID_clicks:Y4_2:29,,2024-05-09T02:48:56.089022Z,delphinID_clicks,click,Lal,0.161045
delphinID_clicks:Y4_2:29,,2024-05-09T02:48:56.089022Z,delphinID_clicks,click,Ttr,0.806823
delphinID_clicks:Y4_2:30,,2024-05-09T02:41:47.433705Z,delphinID_clicks,click,Dde,0.031437
delphinID_clicks:Y4_2:30,,2024-05-09T02:41:47.433705Z,delphinID_clicks,click,Ggr,0.000551
delphinID_clicks:Y4_2:30,,2024-05-09T02:41:47.433705Z,delphinID_clicks,click,Gme,0.052711
delphinID_clicks:Y4_2:30,,2024-05-09T02:41:47.433705Z,delphinID_clicks,click,Lal,0.445412
delphinID_clicks:Y4_2:30,,2024-05-09T02:41:47.433705Z,delphinID_clicks,click,Ttr,0.469889
delphinID_clicks:Y4_2:31,,2024-05-09T02:40:05.342748Z,delphinID_clicks,click,Dde,0.025293
delphinID_clicks:Y4_2:31,,2024-05-09T02:40:05.342748Z,delphinID_clicks,click,Ggr,0.04616
delphinID_clicks:Y4_2:31,,2024-05-09T02:40:05.342748Z,delphinID_clicks,click,Gme,0.350774
delphinID_clicks:Y4_2:31,,2024-05-09T02:40:05.342748Z,delphinID_clicks,click,Lal,0.0
delphinID_clicks:Y4_2:31,,2024-05-09T02:40:05.342748Z,delphinID_clicks,click,Ttr,0.577772
delphinID_clicks:Y4_2:32,,2024-05-09T02:40:02.696212Z,delphinID_clicks,click,Dde,0.512027
delphinID_clicks:Y4_2:32,,2024-05-09T02:40:02.696212Z,delphinID_clicks,click,Ggr,0.000515
delphinID_clicks:Y4_2:32,,2024-05-09T02:40:02.696212Z,delphinID_clicks,click,Gme,0.350794
delphinID_clicks:Y4_2:32,,2024-05-09T02:40:02.696212Z,delphinID_clicks,click,Lal,0.003013
delphinID_clicks:Y4_2:32,,2024-05-09T02:40:02.696212Z,delphinID_clicks,click,Ttr,0.133651
delphinID_whistles:Y4_3:0,,2024-05-09T03:21:25.117127Z,delphinID_whistles,whistle,Dde,0.062646
delphinID_whistles:Y4_3:0,,2024-05-09T03:21:25.117127Z,delphinID_whistles,whistle,Ggr,0.062793
delphinID_whistles:Y4_3:0,,2024-05-09T03:21:25.117127Z,delphinID_whistles,whistle,Gme,0.208684
delphinID_whistles:Y4_3:0,,2024-05-09T03:21:25.117127Z,delphinID_whistles,whistle,Lac,0.560402
delphinID_whistles:Y4_3:0,,2024-05-09T03:21:25.117127Z,delphinID_whistles,whistle,Lal,0.0
delphinID_whistles:Y4_3:0,,2024-05-09T03:21:25.117127Z,delphinID_whistles,whistle,Oor,0.06465
delphinID_whistles:Y4_3:0,,2024-05-09T03:21:25.117127Z,delphinID_whistles,whistle,Ttr,0.040825
delphinID_whistles:Y4_3:1,,2024-05-09T03:23:47.405571Z,delphinID_whistles,whistle,Dde,0.031053
delphinID_whistles:Y4_3:1,,2024-05-09T03:23:47.405571Z,delphinID_whistles,whistle,Ggr,0.067818
delphinID_whistles:Y4_3:1,,2024-05-09T03:23:47.405571Z,delphinID_whistles,whistle,Gme,0.416257
delphinID_whistles:Y4_3:1,,2024-05-09T03:23:47.405571Z,delphinID_whistles,whistle,Lac,0.102384
delphinID_whistles:Y4_3:1,,2024-05-09T03:23:47.405571Z,delphinID_whistles,whistle,Lal,0.047527
delphinID_whistles:Y4_3:1,,2024-05-09T03:23:47.405571Z,delphinID_whistles,whistle,Oor,0.000349
delphinID_whistles:Y4_3:1,,2024-05-09T03:23:47.405571Z,delphinID_whistles,whistle,Ttr,0.334611
delphinID_whistles:Y4_3:2,,2024-05-09T03:20:09.358617Z,delphinID_whistles,whistle,Dde,0.189049
delphinID_whistles:Y4_3:2,,2024-05-09T03:20:09.358617Z,delphinID_whistles,whistle,Ggr,0.101113
delphinID_whistles:Y4_3:2,,2024-05-09T03:20:09.358617Z,delphinID_whistles,whistle,Gme,0.002734
delphinID_whistles:Y4_3:2,,2024-05-09T03:20:09.358617Z,delphinID_whistles,whistle,Lac,0.429446
delphinID_whistles:Y4_3:2,,2024-05-09T03:20:09.358617Z,delphinID_whistles,whistle,Lal,0.05732
delphinID_whistles:Y4_3:2,,2024-05-09T03:20:09.358617Z,delphinID_whistles,whistle,Oor,0.192585
delphinID_whistles:Y4_3:2,,2024-05-09T03:20:09.358617Z,delphinID_whistles,whistle,Ttr,0.027752
delphinID_clicks:Y4_3:0,,2024-05-09T03:25:49.602142Z,delphinID_clicks,click,Dde,0.210263
delphinID_clicks:Y4_3:0,,2024-05-09T03:25:49.602142Z,delphinID_clicks,click,Ggr,0.156979
delphinID_clicks:Y4_3:0,,2024-05-09T03:25:49.602142Z,delphinID_clicks,click,Gme,0.009387
delphinID_clicks:Y4_3:0,,2024-05-09T03:25:49.602142Z,delphinID_clicks,click,Lal,0.508276
delphinID_clicks:Y4_3:0,,2024-05-09T03:25:49.602142Z,delphinID_clicks,click,Ttr,0.115094
delphinID_clicks:Y4_3:1,,2024-05-09T03:22:09.250810Z,delphinID_clicks,click,Dde,0.026982
delphinID_clicks:Y4_3:1,,2024-05-09T03:22:09.250810Z,delphinID_clicks,click,Ggr,0.852379
delphinID_clicks:Y4_3:1,,2024-05-09T03:22:09.250810Z,delphinID_clicks,click,Gme,0.054298
delphinID_clicks:Y4_3:1,,2024-05-09T03:22:09.250810Z,delphinID_clicks,click,Lal,0.010616
delphinID_clicks:Y4_3:1,,2024-05-09T03:22:09.250810Z,delphinID_clicks,click,Ttr,0.055726
delphinID_clicks:Y4_3:2,,2024-05-09T03:28:21.152049Z,delphinID_clicks,click,Dde,0.00507
delphinID_clicks:Y4_3:2,,2024-05-09T03:28:21.152049Z,delphinID_clicks,click,Ggr,0.024375
delphinID_clicks:Y4_3:2,,2024-05-09T03:28:21.152049Z,delphinID_clicks,click,Gme,0.000119
delphinID_clicks:Y4_3:2,,2024-05-09T03:28:21.152049Z,delphinID_clicks,click,Lal,0.670286
delphinID_clicks:Y4_3:2,,2024-05-09T03:28:21.152049Z,delphinID_clicks,click,Ttr,0.300151
delphinID_clicks:Y4_3:3,,2024-05-09T03:25:11.261307Z,delphinID_clicks,click,Dde,0.202134
delphinID_clicks:Y4_3:3,,2024-05-09T03:25:11.261307Z,delphinID_clicks,click,Ggr,0.14722
delphinID_clicks:Y4_3:3,,2024-05-09T03:25:11.261307Z,delphinID_clicks,click,Gme,0.00581
delphinID_clicks:Y4_3:3,,2024-05-09T03:25:11.261307Z,delphinID_clicks,click,Lal,0.335478
delphinID_clicks:Y4_3:3,,2024-05-09T03:25:11.261307Z,delphinID_clicks,click,Ttr,0.309359
delphinID_clicks:Y4_3:4,,2024-05-09T03:23:17.270714Z,delphinID_clicks,click,Dde,0.128166
delphinID_clicks:Y4_3:4,,2024-05-09T03:23:17.270714Z,delphinID_clicks,click,Ggr,0.233662
delphinID_clicks:Y4_3:4,,2024-05-09T03:23:17.270714Z,delphinID_clicks,click,Gme,0.342875
delphinID_clicks:Y4_3:4,,2024-05-09T03:23:17.270714Z,delphinID_clicks,click,Lal,0.003649
delphinID_clicks:Y4_3:4,,2024-05-09T03:23:17.270714Z,delphinID_clicks,click,Ttr,0.291647
delphinID_clicks:Y4_3:5,,2024-05-09T03:29:44.119994Z,delphinID_clicks,click,Dde,0.224009
delphinID_clicks:Y4_3:5,,2024-05-09T03:29:44.119994Z,delphinID_clicks,click,Ggr,0.696722
delphinID_clicks:Y4_3:5,,2024-05-09T03:29:44.119994Z,delphinID_clicks,click,Gme,0.012401
delphinID_clicks:Y4_3:5,,2024-05-09T03:29:44.119994Z,delphinID_clicks,click,Lal,0.047584
delphinID_clicks:Y4_3:5,,2024-05-09T03:29:44.119994Z,delphinID_clicks,click,Ttr,0.019285
delphinID_clicks:Y4_3:6,,2024-05-09T03:22:54.887399Z,delphinID_clicks,click,Dde,0.011787
delphinID_clicks:Y4_3:6,,2024-05-09T03:22:54.887399Z,delphinID_clicks,click,Ggr,0.064275
delphinID_clicks:Y4_3:6,,2024-05-09T03:22:54.887399Z,delphinID_clicks,click,Gme,0.742926
delphinID_clicks:Y4_3:6,,2024-05-09T03:22:54.887399Z,delphinID_clicks,click,Lal,0.108122
delphinID_clicks:Y4_3:6,,2024-05-09T03:22:54.887399Z,delphinID_clicks,click,Ttr,0.07289
delphinID_clicks:Y4_3:7,,2024-05-09T03:26:59.749269Z,delphinID_clicks,click,Dde,0.013632
delphinID_clicks:Y4_3:7,,2024-05-09T03:26:59.749269Z,delphinID_clicks,click,Ggr,0.655917
delphinID_clicks:Y4_3:7,,2024-05-09T03:26:59.749269Z,delphinID_clicks,click,Gme,0.076155
delphinID_clicks:Y4_3:7,,2024-05-09T03:26:59.749269Z,delphinID_clicks,click,Lal,0.016409
delphinID_clicks:Y4_3:7,,2024-05-09T03:26:59.749269Z,delphinID_clicks,click,Ttr,0.237888
delphinID_clicks:Y4_3:8,,2024-05-09T03:24:05.854120Z,delphinID_clicks,click,Dde,2.2e-05
delphinID_clicks:Y4_3:8,,2024-05-09T03:24:05.854120Z,delphinID_clicks,click,Ggr,0.030861
delphinID_clicks:Y4_3:8,,2024-05-09T03:24:05.854120Z,delphinID_clicks,click,Gme,0.011605
delphinID_clicks:Y4_3:8,,2024-05-09T03:24:05.854120Z,delphinID_clicks,click,Lal,0.465111
delphinID_clicks:Y4_3:8,,2024-05-09T03:24:05.854120Z,delphinID_clicks,click,Ttr,0.492402
delphinID_clicks:Y4_3:9,,2024-05-09T03:29:07.815828Z,delphinID_clicks,click,Dde,0.905253
delphinID_clicks:Y4_3:9,,2024-05-09T03:29:07.815828Z,delphinID_clicks,click,Ggr,0.016862
delphinID_clicks:Y4_3:9,,2024-05-09T03:29:07.815828Z,delphinID_clicks,click,Gme,0.001437
delphinID_clicks:Y4_3:9,,2024-05-09T03:29:07.815828Z,delphinID_clicks,click,Lal,0.007734
delphinID_clicks:Y4_3:9,,2024-05-09T03:29:07.815828Z,delphinID_clicks,click,Ttr,0.068714
delphinID_clicks:Y4_3:10,,2024-05-09T03:20:00.139822Z,delphinID_clicks,click,Dde,0.006939
delphinID_clicks:Y4_3:10,,2024-05-09T03:20:00.139822Z,delphinID_clicks,click,Ggr,0.136773
delphinID_clicks:Y4_3:10,,2024-05-09T03:20:00.139822Z,delphinID_clicks,click,Gme,0.008944
delphinID_clicks:Y4_3:10,,2024-05-09T03:20:00.139822Z,delphinID_clicks,click,Lal,0.010881
delphinID_clicks:Y4_3:10,,2024-05-09T03:20:00.139822Z,delphinID_clicks,click,Ttr,0.836462
delphinID_clicks:Y4_3:11,,2024-05-09T03:27:52.684200Z,delphinID_clicks,click,Dde,0.53059
delphinID_clicks:Y4_3:11,,2024-05-09T03:27:52.684200Z,delphinID_clicks,click,Ggr,0.027884
delphinID_clicks:Y4_3:11,,2024-05-09T03:27:52.684200Z,delphinID_clicks,click,Gme,0.036595
delphinID_clicks:Y4_3:11,,2024-05-09T03:27:52.684200Z,delphinID_clicks,click,Lal,0.316027
delphinID_clicks:Y4_3:11,,2024-05-09T03:27:52.684200Z,delphinID_clicks,click,Ttr,0.088904
delphinID_clicks:Y4_3:12,,2024-05-09T03:26:58.752641Z,delphinID_clicks,click,Dde,0.100306
delphinID_clicks:Y4_3:12,,2024-05-09T03:26:58.752641Z,delphinID_clicks,click,Ggr,0.301656
delphinID_clicks:Y4_3:12,,2024-05-09T03:26:58.752641Z,delphinID_clicks,click,Gme,0.009298
delphinID_clicks:Y4_3:12,,2024-05-09T03:26:58.752641Z,delphinID_clicks,click,Lal,0.094099
delphinID_clicks:Y4_3:12,,2024-05-09T03:26:58.752641Z,delphinID_clicks,click,Ttr,0.494642
delphinID_clicks:Y4_3:13,,2024-05-09T03:25:29.884705Z,delphinID_clicks,click,Dde,0.003336
delphinID_clicks:Y4_3:13,,2024-05-09T03:25:29.884705Z,delphinID_clicks,click,Ggr,3.2e-05
delphinID_clicks:Y4_3:13,,2024-05-09T03:25:29.884705Z,delphinID_clicks,click,Gme,0.040425
delphinID_clicks:Y4_3:13,,2024-05-09T03:25:29.884705Z,delphinID_clicks,click,Lal,3.2e-05
delphinID_clicks:Y4_3:13,,2024-05-09T03:25:29.884705Z,delphinID_clicks,click,Ttr,0.956175
delphinID_clicks:Y4_3:14,,2024-05-09T03:23:46.421020Z,delphinID_clicks,click,Dde,0.598569
delphinID_clicks:Y4_3:14,,2024-05-09T03:23:46.421020Z,delphinID_clicks,click,Ggr,0.031366
delphinID_clicks:Y4_3:14,,2024-05-09T03:23:46.421020Z,delphinID_clicks,click,Gme,0.11832
delphinID_clicks:Y4_3:14,,2024-05-09T03:23:46.421020Z,delphinID_clicks,click,Lal,0.046166
delphinID_clicks:Y4_3:14,,2024-05-09T03:23:46.421020Z,delphinID_clicks,click,Ttr,0.205579
delphinID_clicks:Y4_3:15,,2024-05-09T03:27:30.196220Z,delphinID_clicks,click,Dde,0.305417
delphinID_clicks:Y4_3:15,,2024-05-09T03:27:30.196220Z,delphinID_clicks,click,Ggr,0.218676
delphinID_clicks:Y4_3:15,,2024-05-09T03:27:30.196220Z,delphinID_clicks,click,Gme,0.046988
delphinID_clicks:Y4_3:15,,2024-05-09T03:27:30.196220Z,delphinID_clicks,click,Lal,0.390923
delphinID_clicks:Y4_3:15,,2024-05-09T03:27:30.196220Z,delphinID_clicks,click,Ttr,0.037996
delphinID_clicks:Y4_3:16,,2024-05-09T03:29:41.137276Z,delphinID_clicks,click,Dde,0.019212
delphinID_clicks:Y4_3:16,,2024-05-09T03:29:41.137276Z,delphinID_clicks,click,Ggr,0.062119
delphinID_clicks:Y4_3:16,,2024-05-09T03:29:41.137276Z,delphinID_clicks,click,Gme,0.339964
delphinID_clicks:Y4_3:16,,2024-05-09T03:29:41.137276Z,delphinID_clicks,click,Lal,0.015369
delphinID_clicks:Y4_3:16,,2024-05-09T03:29:41.137276Z,delphinID_clicks,click,Ttr,0.563337
delphinID_clicks:Y4_3:17,,2024-05-09T03:22:02.965706Z,delphinID_clicks,click,Dde,0.073717
delphinID_clicks:Y4_3:17,,2024-05-09T03:22:02.965706Z,delphinID_clicks,click,Ggr,0.033869
delphinID_clicks:Y4_3:17,,2024-05-09T03:22:02.965706Z,delphinID_clicks,click,Gme,0.312468
delphinID_clicks:Y4_3:17,,2024-05-09T03:22:02.965706Z,delphinID_clicks,click,Lal,0.054554
delphinID_clicks:Y4_3:17,,2024-05-09T03:22:02.965706Z,delphinID_clicks,click,Ttr,0.525392
delphinID_clicks:Y4_3:18,,2024-05-09T03:25:25.404200Z,delphinID_clicks,click,Dde,0.562724
delphinID_clicks:Y4_3:18,,2024-05-09T03:25:25.404200Z,delphinID_clicks,click,Ggr,0.10847
delphinID_clicks:Y4_3:18,,2024-05-09T03:25:25.404200Z,delphinID_clicks,click,Gme,0.17105
delphinID_clicks:Y4_3:18,,2024-05-09T03:25:25.404200Z,delphinID_clicks,click,Lal,0.153319
delphinID_clicks:Y4_3:18,,2024-05-09T03:25:25.404200Z,delphinID_clicks,click,Ttr,0.004437
delphinID_clicks:Y4_3:19,,2024-05-09T03:21:00.132846Z,delphinID_clicks,click,Dde,0.33434
delphinID_clicks:Y4_3:19,,2024-05-09T03:21:00.132846Z,delphinID_clicks,click,Ggr,0.006008
delphinID_clicks:Y4_3:19,,2024-05-09T03:21:00.132846Z,delphinID_clicks,click,Gme,0.367307
delphinID_clicks:Y4_3:19,,2024-05-09T03:21:00.132846Z,delphinID_clicks,click,Lal,0.231922
delphinID_clicks:Y4_3:19,,2024-05-09T03:21:00.132846Z,delphinID_clicks,click,Ttr,0.060423
delphinID_clicks:Y4_3:20,,2024-05-09T03:27:47.691444Z,delphinID_clicks,click,Dde,0.217098
delphinID_clicks:Y4_3:20,,2024-05-09T03:27:47.691444Z,delphinID_clicks,click,Ggr,0.000834
delphinID_clicks:Y4_3:20,,2024-05-09T03:27:47.691444Z,delphinID_clicks,click,Gme,0.016891
delphinID_clicks:Y4_3:20,,2024-05-09T03:27:47.691444Z,delphinID_clicks,click,Lal,0.220408
delphinID_clicks:Y4_3:20,,2024-05-09T03:27:47.691444Z,delphinID_clicks,click,Ttr,0.544768
delphinID_clicks:Y4_3:21,,2024-05-09T03:25:50.777482Z,delphinID_clicks,click,Dde,0.426118
delphinID_clicks:Y4_3:21,,2024-05-09T03:25:50.777482Z,delphinID_clicks,click,Ggr,0.046718
delphinID_clicks:Y4_3:21,,2024-05-09T03:25:50.777482Z,delphinID_clicks,click,Gme,0.217246
delphinID_clicks:Y4_3:21,,2024-05-09T03:25:50.777482Z,delphinID_clicks,click,Lal,0.089091
delphinID_clicks:Y4_3:21,,2024-05-09T03:25:50.777482Z,delphinID_clicks,click,Ttr,0.220827
delphinID_clicks:Y4_3:22,,2024-05-09T03:22:38.626853Z,delphinID_clicks,click,Dde,0.218549
delphinID_clicks:Y4_3:22,,2024-05-09T03:22:38.626853Z,delphinID_clicks,click,Ggr,0.401584
delphinID_clicks:Y4_3:22,,2024-05-09T03:22:38.626853Z,delphinID_clicks,click,Gme,0.097945
delphinID_clicks:Y4_3:22,,2024-05-09T03:22:38.626853Z,delphinID_clicks,click,Lal,0.005139
delphinID_clicks:Y4_3:22,,2024-05-09T03:22:38.626853Z,delphinID_clicks,click,Ttr,0.276783
delphinID_clicks:Y4_3:23,,2024-05-09T03:24:28.863726Z,delphinID_clicks,click,Dde,0.435228
delphinID_clicks:Y4_3:23,,2024-05-09T03:24:28.863726Z,delphinID_clicks,click,Ggr,0.060142
delphinID_clicks:Y4_3:23,,2024-05-09T03:24:28.863726Z,delphinID_clicks,click,Gme,0.067861
delphinID_clicks:Y4_3:23,,2024-05-09T03:24:28.863726Z,delphinID_clicks,click,Lal,0.283559
delphinID_clicks:Y4_3:23,,2024-05-09T03:24:28.863726Z,delphinID_clicks,click,Ttr,0.153211
delphinID_whistles:Y4_4:0,,2024-05-09T04:03:14.421285Z,delphinID_whistles,whistle,Dde,0.003348
delphinID_whistles:Y4_4:0,,2024-05-09T04:03:14.421285Z,delphinID_whistles,whistle,Ggr,0.074894
delphinID_whistles:Y4_4:0,,2024-05-09T04:03:14.421285Z,delphinID_whistles,whistle,Gme,0.014682
delphinID_whistles:Y4_4:0,,2024-05-09T04:03:14.421285Z,delphinID_whistles,whistle,Lac,0.300839
delphinID_whistles:Y4_4:0,,2024-05-09T04:03:14.421285Z,delphinID_whistles,whistle,Lal,0.193691
delphinID_whistles:Y4_4:0,,2024-05-09T04:03:14.421285Z,delphinID_whistles,whistle,Oor,0.336817
delphinID_whistles:Y4_4:0,,2024-05-09T04:03:14.421285Z,delphinID_whistles,whistle,Ttr,0.075729
delphinID_whistles:Y4_4:1,,2024-05-09T04:05:14.689216Z,delphinID_whistles,whistle,Dde,0.07172
delphinID_whistles:Y4_4:1,,2024-05-09T04:05:14.689216Z,delphinID_whistles,whistle,Ggr,0.307167
delphinID_whistles:Y4_4:1,,2024-05-09T04:05:14.689216Z,delphinID_whistles,whistle,Gme,0.001229
delphinID_whistles:Y4_4:1,,2024-05-09T04:05:14.689216Z,delphinID_whistles,whistle,Lac,0.012668
delphinID_whistles:Y4_4:1,,2024-05-09T04:05:14.689216Z,delphinID_whistles,whistle,Lal,0.035945
delphinID_whistles:Y4_4:1,,2024-05-09T04:05:14.689216Z,delphinID_whistles,whistle,Oor,0.000167
delphinID_whistles:Y4_4:1,,2024-05-09T04:05:14.689216Z,delphinID_whistles,whistle,Ttr,0.571104
delphinID_whistles:Y4_4:2,,2024-05-09T04:07:56.544119Z,delphinID_whistles,whistle,Dde,0.090083
delphinID_whistles:Y4_4:2,,2024-05-09T04:07:56.544119Z,delphinID_whistles,whistle,Ggr,0.013463
delphinID_whistles:Y4_4:2,,2024-05-09T04:07:56.544119Z,delphinID_whistles,whistle,Gme,0.002359
delphinID_whistles:Y4_4:2,,2024-05-09T04:07:56.544119Z,delphinID_whistles,whistle,Lac,0.219955
delphinID_whistles:Y4_4:2,,2024-05-09T04:07:56.544119Z,delphinID_whistles,whistle,Lal,0.198493
delphinID_whistles:Y4_4:2,,2024-05-09T04:07:56.544119Z,delphinID_whistles,whistle,Oor,0.345866
delphinID_whistles:Y4_4:2,,2024-05-09T04:07:56.544119Z,delphinID_whistles,whistle,Ttr,0.12978
delphinID_whistles:Y4_4:3,,2024-05-09T04:03:57.621780Z,delphinID_whistles,whistle,Dde,0.135286
delphinID_whistles:Y4_4:3,,2024-05-09T04:03:57.621780Z,delphinID_whistles,whistle,Ggr,0.02487
delphinID_whistles:Y4_4:3,,2024-05-09T04:03:57.621780Z,delphinID_whistles,whistle,Gme,0.001423
delphinID_whistles:Y4_4:3,,2024-05-09T04:03:57.621780Z,delphinID_whistles,whistle,Lac,0.002128
delphinID_whistles:Y4_4:3,,2024-05-09T04:03:57.621780Z,delphinID_whistles,whistle,Lal,0.212122
delphinID_whistles:Y4_4:3,,2024-05-09T04:03:57.621780Z,delphinID_whistles,whistle,Oor,0.190277
delphinID_whistles:Y4_4:3,,2024-05-09T04:03:57.621780Z,delphinID_whistles,whistle,Ttr,0.433894
delphinID_whistles:Y4_4:4,,2024-05-09T04:02:45.186855Z,delphinID_whistles,whistle,Dde,0.188108
delphinID_whistles:Y4_4:4,,2024-05-09T04:02:45.186855Z,delphinID_whistles,whistle,Ggr,0.223454
delphinID_whistles:Y4_4:4,,2024-05-09T04:02:45.186855Z,delphinID_whistles,whistle,Gme,0.029525
delphinID_whistles:Y4_4:4,,2024-05-09T04:02:45.186855Z,delphinID_whistles,whistle,Lac,0.063799
delphinID_whistles:Y4_4:4,,2024-05-09T04:02:45.186855Z,delphinID_whistles,whistle,Lal,0.040062
delphinID_whistles:Y4_4:4,,2024-05-09T04:02:45.186855Z,delphinID_whistles,whistle,Oor,0.422937
delphinID_whistles:Y4_4:4,,2024-05-09T04:02:45.186855Z,delphinID_whistles,whistle,Ttr,0.032115
delphinID_whistles:Y4_4:5,,2024-05-09T04:02:04.886373Z,delphinID_whistles,whistle,Dde,0.150303
delphinID_whistles:Y4_4:5,,2024-05-09T04:02:04.886373Z,delphinID_whistles,whistle,Ggr,0.008795
delphinID_whistles:Y4_4:5,,2024-05-09T04:02:04.886373Z,delphinID_whistles,whistle,Gme,0.051196
delphinID_whistles:Y4_4:5,,2024-05-09T04:02:04.886373Z,delphinID_whistles,whistle,Lac,0.378922
delphinID_whistles:Y4_4:5,,2024-05-09T04:02:04.886373Z,delphinID_whistles,whistle,Lal,0.222451
delphinID_whistles:Y4_4:5,,2024-05-09T04:02:04.886373Z,delphinID_whistles,whistle,Oor,0.156703
delphinID_whistles:Y4_4:5,,2024-05-09T04:02:04.886373Z,delphinID_whistles,whistle,Ttr,0.03163
delphinID_whistles:Y4_4:6,,2024-05-09T04:07:04.548940Z,delphinID_whistles,whistle,Dde,0.061881
delphinID_whistles:Y4_4:6,,2024-05-09T04:07:04.548940Z,delphinID_whistles,whistle,Ggr,0.404237
delphinID_whistles:Y4_4:6,,2024-05-09T04:07:04.548940Z,delphinID_whistles,whistle,Gme,0.031444
delphinID_whistles:Y4_4:6,,2024-05-09T04:07:04.548940Z,delphinID_whistles,whistle,Lac,0.059168
delphinID_whistles:Y4_4:6,,2024-05-09T04:07:04.548940Z,delphinID_whistles,whistle,Lal,0.091371
delphinID_whistles:Y4_4:6,,2024-05-09T04:07:04.548940Z,delphinID_whistles,whistle,Oor,0.247314
delphinID_whistles:Y4_4:6,,2024-05-09T04:07:04.548940Z,delphinID_whistles,whistle,Ttr,0.104585
delphinID_clicks:Y4_4:0,,2024-05-09T04:06:02.746396Z,delphinID_clicks,click,Dde,0.007061
delphinID_clicks:Y4_4:0,,2024-05-09T04:06:02.746396Z,delphinID_clicks,click,Ggr,0.003423
delphinID_clicks:Y4_4:0,,2024-05-09T04:06:02.746396Z,delphinID_clicks,click,Gme,0.000155
delphinID_clicks:Y4_4:0,,2024-05-09T04:06:02.746396Z,delphinID_clicks,click,Lal,0.956666
delphinID_clicks:Y4_4:0,,2024-05-09T04:06:02.746396Z,delphinID_clicks,click,Ttr,0.032695
delphinID_clicks:Y4_4:1,,2024-05-09T04:00:40.563856Z,delphinID_clicks,click,Dde,0.047682
delphinID_clicks:Y4_4:1,,2024-05-09T04:00:40.563856Z,delphinID_clicks,click,Ggr,0.001088
delphinID_clicks:Y4_4:1,,2024-05-09T04:00:40.563856Z,delphinID_clicks,click,Gme,0.064927
delphinID_clicks:Y4_4:1,,2024-05-09T04:00:40.563856Z,delphinID_clicks,click,Lal,0.771932
delphinID_clicks:Y4_4:1,,2024-05-09T04:00:40.563856Z,delphinID_clicks,click,Ttr,0.114371
delphinID_clicks:Y4_4:2,,2024-05-09T04:06:28.653512Z,delphinID_clicks,click,Dde,0.064665
delphinID_clicks:Y4_4:2,,2024-05-09T04:06:28.653512Z,delphinID_clicks,click,Ggr,0.159232
delphinID_clicks:Y4_4:2,,2024-05-09T04:06:28.653512Z,delphinID_clicks,click,Gme,0.132677
delphinID_clicks:Y4_4:2,,2024-05-09T04:06:28.653512Z,delphinID_clicks,click,Lal,0.002767
delphinID_clicks:Y4_4:2,,2024-05-09T04:06:28.653512Z,delphinID_clicks,click,Ttr,0.640659
delphinID_clicks:Y4_4:3,,2024-05-09T04:07:12.922794Z,delphinID_clicks,click,Dde,0.000437
delphinID_clicks:Y4_4:3,,2024-05-09T04:07:12.922794Z,delphinID_clicks,click,Ggr,0.459923
delphinID_clicks:Y4_4:3,,2024-05-09T04:07:12.922794Z,delphinID_clicks,click,Gme,4e-06
delphinID_clicks:Y4_4:3,,2024-05-09T04:07:12.922794Z,delphinID_clicks,click,Lal,0.137523
delphinID_clicks:Y4_4:3,,2024-05-09T04:07:12.922794Z,delphinID_clicks,click,Ttr,0.402113
delphinID_clicks:Y4_4:4,,2024-05-09T04:09:30.539769Z,delphinID_clicks,click,Dde,0.267557
delphinID_clicks:Y4_4:4,,2024-05-09T04:09:30.539769Z,delphinID_clicks,click,Ggr,0.004678
delphinID_clicks:Y4_4:4,,2024-05-09T04:09:30.539769Z,delphinID_clicks,click,Gme,0.133374
delphinID_clicks:Y4_4:4,,2024-05-09T04:09:30.539769Z,delphinID_clicks,click,Lal,0.213805
delphinID_clicks:Y4_4:4,,2024-05-09T04:09:30.539769Z,delphinID_clicks,click,Ttr,0.380586
delphinID_clicks:Y4_4:5,,2024-05-09T04:02:51.176176Z,delphinID_clicks,click,Dde,0.004633
delphinID_clicks:Y4_4:5,,2024-05-09T04:02:51.176176Z,delphinID_clicks,click,Ggr,0.17627
delphinID_clicks:Y4_4:5,,2024-05-09T04:02:51.176176Z,delphinID_clicks,click,Gme,0.31508
delphinID_clicks:Y4_4:5,,2024-05-09T04:02:51.176176Z,delphinID_clicks,click,Lal,0.000748
delphinID_clicks:Y4_4:5,,2024-05-09T04:02:51.176176Z,delphinID_clicks,click,Ttr,0.50327
delphinID_clicks:Y4_4:6,,2024-05-09T04:06:30.904904Z,delphinID_clicks,click,Dde,0.014515
delphinID_clicks:Y4_4:6,,2024-05-09T04:06:30.904904Z,delphinID_clicks,click,Ggr,0.000174
delphinID_clicks:Y4_4:6,,2024-05-09T04:06:30.904904Z,delphinID_clicks,click,Gme,0.747444
delphinID_clicks:Y4_4:6,,2024-05-09T04:06:30.904904Z,delphinID_clicks,click,Lal,0.164753
delphinID_clicks:Y4_4:6,,2024-05-09T04:06:30.904904Z,delphinID_clicks,click,Ttr,0.073113
delphinID_clicks:Y4_4:7,,2024-05-09T04:09:58.000359Z,delphinID_clicks,click,Dde,0.008689
delphinID_clicks:Y4_4:7,,2024-05-09T04:09:58.000359Z,delphinID_clicks,click,Ggr,0.594801
delphinID_clicks:Y4_4:7,,2024-05-09T04:09:58.000359Z,delphinID_clicks,click,Gme,0.00067
delphinID_clicks:Y4_4:7,,2024-05-09T04:09:58.000359Z,delphinID_clicks,click,Lal,0.274256
delphinID_clicks:Y4_4:7,,2024-05-09T04:09:58.000359Z,delphinID_clicks,click,Ttr,0.121585
delphinID_clicks:Y4_4:8,,2024-05-09T04:04:10.347016Z,delphinID_clicks,click,Dde,0.006766
delphinID_clicks:Y4_4:8,,2024-05-09T04:04:10.347016Z,delphinID_clicks,click,Ggr,0.26295
delphinID_clicks:Y4_4:8,,2024-05-09T04:04:10.347016Z,delphinID_clicks,click,Gme,0.001633
delphinID_clicks:Y4_4:8,,2024-05-09T04:04:10.347016Z,delphinID_clicks,click,Lal,0.273058
delphinID_clicks:Y4_4:8,,2024-05-09T04:04:10.347016Z,delphinID_clicks,click,Ttr,0.455594
delphinID_clicks:Y4_4:9,,2024-05-09T04:08:20.617495Z,delphinID_clicks,click,Dde,0.012807
delphinID_clicks:Y4_4:9,,2024-05-09T04:08:20.617495Z,delphinID_clicks,click,Ggr,0.698743
delphinID_clicks:Y4_4:9,,2024-05-09T04:08:20.617495Z,delphinID_clicks,click,Gme,0.044306
delphinID_clicks:Y4_4:9,,2024-05-09T04:08:20.617495Z,delphinID_clicks,click,Lal,0.205214
delphinID_clicks:Y4_4:9,,2024-05-09T04:08:20.617495Z,delphinID_clicks,click,Ttr,0.038931
delphinID_clicks:Y4_4:10,,2024-05-09T04:01:29.763997Z,delphinID_clicks,click,Dde,0.235932
delphinID_clicks:Y4_4:10,,2024-05-09T04:01:29.763997Z,delphinID_clicks,click,Ggr,0.571564
delphinID_clicks:Y4_4:10,,2024-05-09T04:01:29.763997Z,delphinID_clicks,click,Gme,0.048914
delphinID_clicks:Y4_4:10,,2024-05-09T04:01:29.763997Z,delphinID_clicks,click,Lal,0.014729
delphinID_clicks:Y4_4:10,,2024-05-09T04:01:29.763997Z,delphinID_clicks,click,Ttr,0.128861
delphinID_clicks:Y4_4:11,,2024-05-09T04:00:23.510327Z,delphinID_clicks,click,Dde,0.002985
delphinID_clicks:Y4_4:11,,2024-05-09T04:00:23.510327Z,delphinID_clicks,click,Ggr,0.036717
delphinID_clicks:Y4_4:11,,2024-05-09T04:00:23.510327Z,delphinID_clicks,click,Gme,0.00105
delphinID_clicks:Y4_4:11,,2024-05-09T04:00:23.510327Z,delphinID_clicks,click,Lal,0.163169
delphinID_clicks:Y4_4:11,,2024-05-09T04:00:23.510327Z,delphinID_clicks,click,Ttr,0.79608
delphinID_clicks:Y4_4:12,,2024-05-09T04:00:36.917342Z,delphinID_clicks,click,Dde,0.004041
delphinID_clicks:Y4_4:12,,2024-05-09T04:00:36.917342Z,delphinID_clicks,click,Ggr,0.120557
delphinID_clicks:Y4_4:12,,2024-05-09T04:00:36.917342Z,delphinID_clicks,click,Gme,0.646554
delphinID_clicks:Y4_4:12,,2024-05-09T04:00:36.917342Z,delphinID_clicks,click,Lal,0.210992
delphinID_clicks:Y4_4:12,,2024-05-09T04:00:36.917342Z,delphinID_clicks,click,Ttr,0.017856
delphinID_clicks:Y4_4:13,,2024-05-09T04:07:18.754161Z,delphinID_clicks,click,Dde,0.114268
delphinID_clicks:Y4_4:13,,2024-05-09T04:07:18.754161Z,delphinID_clicks,click,Ggr,0.072648
delphinID_clicks:Y4_4:13,,2024-05-09T04:07:18.754161Z,delphinID_clicks,click,Gme,0.208246
delphinID_clicks:Y4_4:13,,2024-05-09T04:07:18.754161Z,delphinID_clicks,click,Lal,0.372206
delphinID_clicks:Y4_4:13,,2024-05-09T04:07:18.754161Z,delphinID_clicks,click,Ttr,0.232632
delphinID_clicks:Y4_4:14,,2024-05-09T04:04:28.606233Z,delphinID_clicks,click,Dde,0.364487
delphinID_clicks:Y4_4:14,,2024-05-09T04:04:28.606233Z,delphinID_clicks,click,Ggr,0.015644
delphinID_clicks:Y4_4:14,,2024-05-09T04:04:28.606233Z,delphinID_clicks,click,Gme,0.434992
delphinID_clicks:Y4_4:14,,2024-05-09T04:04:28.606233Z,delphinID_clicks,click,Lal,0.086132
delphinID_clicks:Y4_4:14,,2024-05-09T04:04:28.606233Z,delphinID_clicks,click,Ttr,0.098746
delphinID_clicks:Y4_4:15,,2024-05-09T04:08:00.824749Z,delphinID_clicks,click,Dde,0.008849
delphinID_clicks:Y4_4:15,,2024-05-09T04:08:00.824749Z,delphinID_clicks,click,Ggr,0.041703
delphinID_clicks:Y4_4:15,,2024-05-09T04:08:00.824749Z,delphinID_clicks,click,Gme,0.02061
delphinID_clicks:Y4_4:15,,2024-05-09T04:08:00.824749Z,delphinID_clicks,click,Lal,0.551181
delphinID_clicks:Y4_4:15,,2024-05-09T04:08:00.824749Z,delphinID_clicks,click,Ttr,0.377657
delphinID_clicks:Y4_4:16,,2024-05-09T04:09:16.969625Z,delphinID_clicks,click,Dde,0.003572
delphinID_clicks:Y4_4:16,,2024-05-09T04:09:16.969625Z,delphinID_clicks,click,Ggr,0.443052
delphinID_clicks:Y4_4:16,,2024-05-09T04:09:16.969625Z,delphinID_clicks,click,Gme,0.035773
delphinID_clicks:Y4_4:16,,2024-05-09T04:09:16.969625Z,delphinID_clicks,click,Lal,0.461507
delphinID_clicks:Y4_4:16,,2024-05-09T04:09:16.969625Z,delphinID_clicks,click,Ttr,0.056096
delphinID_clicks:Y4_4:17,,2024-05-09T04:09:28.359423Z,delphinID_clicks,click,Dde,0.182838
delphinID_clicks:Y4_4:17,,2024-05-09T04:09:28.359423Z,delphinID_clicks,click,Ggr,0.529874
delphinID_clicks:Y4_4:17,,2024-05-09T04:09:28.359423Z,delphinID_clicks,click,Gme,0.016936
delphinID_clicks:Y4_4:17,,2024-05-09T04:09:28.359423Z,delphinID_clicks,click,Lal,0.004549
delphinID_clicks:Y4_4:17,,2024-05-09T04:09:28.359423Z,delphinID_clicks,click,Ttr,0.265804
delphinID_clicks:Y4_4:18,,2024-05-09T04:03:24.983328Z,delphinID_clicks,click,Dde,0.15372
delphinID_clicks:Y4_4:18,,2024-05-09T04:03:24.983328Z,delphinID_clicks,click,Ggr,0.028403
delphinID_clicks:Y4_4:18,,2024-05-09T04:03:24.983328Z,delphinID_clicks,click,Gme,0.547737
delphinID_clicks:Y4_4:18,,2024-05-09T04:03:24.983328Z,delphinID_clicks,click,Lal,0.221128
delphinID_clicks:Y4_4:18,,2024-05-09T04:03:24.983328Z,delphinID_clicks,click,Ttr,0.049012
delphinID_clicks:Y4_4:19,,2024-05-09T04:00:55.439440Z,delphinID_clicks,click,Dde,0.205069
delphinID_clicks:Y4_4:19,,2024-05-09T04:00:55.439440Z,delphinID_clicks,click,Ggr,3.2e-05
delphinID_clicks:Y4_4:19,,2024-05-09T04:00:55.439440Z,delphinID_clicks,click,Gme,0.488133
delphinID_clicks:Y4_4:19,,2024-05-09T04:00:55.439440Z,delphinID_clicks,click,Lal,1e-05
delphinID_clicks:Y4_4:19,,2024-05-09T04:00:55.439440Z,delphinID_clicks,click,Ttr,0.306755
delphinID_clicks:Y4_4:20,,2024-05-09T04:05:31.433101Z,delphinID_clicks,click,Dde,0.18176
delphinID_clicks:Y4_4:20,,2024-05-09T04:05:31.433101Z,delphinID_clicks,click,Ggr,0.142647
delphinID_clicks:Y4_4:20,,2024-05-09T04:05:31.433101Z,delphinID_clicks,click,Gme,0.028089
delphinID_clicks:Y4_4:20,,2024-05-09T04:05:31.433101Z,delphinID_clicks,click,Lal,0.635375
delphinID_clicks:Y4_4:20,,2024-05-09T04:05:31.433101Z,delphinID_clicks,click,Ttr,0.012129
delphinID_clicks:Y4_4:21,,2024-05-09T04:09:47.573113Z,delphinID_clicks,click,Dde,0.073514
delphinID_clicks:Y4_4:21,,2024-05-09T04:09:47.573113Z,delphinID_clicks,click,Ggr,0.062604
delphinID_clicks:Y4_4:21,,2024-05-09T04:09:47.573113Z,delphinID_clicks,click,Gme,0.152961
delphinID_clicks:Y4_4:21,,2024-05-09T04:09:47.573113Z,delphinID_clicks,click,Lal,0.153794
delphinID_clicks:Y4_4:21,,2024-05-09T04:09:47.573113Z,delphinID_clicks,click,Ttr,0.557127
delphinID_clicks:Y4_4:22,,2024-05-09T04:03:02.366172Z,delphinID_clicks,click,Dde,0.028468
delphinID_clicks:Y4_4:22,,2024-05-09T04:03:02.366172Z,delphinID_clicks,click,Ggr,0.299061
delphinID_clicks:Y4_4:22,,2024-05-09T04:03:02.366172Z,delphinID_clicks,click,Gme,0.215789
delphinID_clicks:Y4_4:22,,2024-05-09T04:03:02.366172Z,delphinID_clicks,click,Lal,0.012505
delphinID_clicks:Y4_4:22,,2024-05-09T04:03:02.366172Z,delphinID_clicks,click,Ttr,0.444176
delphinID_clicks:Y4_4:23,,2024-05-09T04:06:28.335095Z,delphinID_clicks,click,Dde,0.020127
delphinID_clicks:Y4_4:23,,2024-05-09T04:06:28.335095Z,delphinID_clicks,click,Ggr,0.020362
delphinID_clicks:Y4_4:23,,2024-05-09T04:06:28.335095Z,delphinID_clicks,click,Gme,0.090864
delphinID_clicks:Y4_4:23,,2024-05-09T04:06:28.335095Z,delphinID_clicks,click,Lal,0.790108
delphinID_clicks:Y4_4:23,,2024-05-09T04:06:28.335095Z,delphinID_clicks,click,Ttr,0.078538
delphinID_clicks:Y4_4:24,,2024-05-09T04:05:52.249041Z,delphinID_clicks,click,Dde,0.531901
delphinID_clicks:Y4_4:24,,2024-05-09T04:05:52.249041Z,delphinID_clicks,click,Ggr,0.307134
delphinID_clicks:Y4_4:24,,2024-05-09T04:05:52.249041Z,delphinID_clicks,click,Gme,0.006613
delphinID_clicks:Y4_4:24,,2024-05-09T04:05:52.249041Z,delphinID_clicks,click,Lal,0.016582
delphinID_clicks:Y4_4:24,,2024-05-09T04:05:52.249041Z,delphinID_clicks,click,Ttr,0.137769
delphinID_clicks:Y4_4:25,,2024-05-09T04:04:27.163691Z,delphinID_clicks,click,Dde,0.068327
delphinID_clicks:Y4_4:25,,2024-05-09T04:04:27.163691Z,delphinID_clicks,click,Ggr,0.090795
delphinID_clicks:Y4_4:25,,2024-05-09T04:04:27.163691Z,delphinID_clicks,click,Gme,0.2334
delphinID_clicks:Y4_4:25,,2024-05-09T04:04:27.163691Z,delphinID_clicks,click,Lal,0.108407
delphinID_clicks:Y4_4:25,,2024-05-09T04:04:27.163691Z,delphinID_clicks,click,Ttr,0.499072
delphinID_clicks:Y4_4:26,,2024-05-09T04:06:39.567233Z,delphinID_clicks,click,Dde,0.176828
delphinID_clicks:Y4_4:26,,2024-05-09T04:06:39.567233Z,delphinID_clicks,click,Ggr,0.096879
delphinID_clicks:Y4_4:26,,2024-05-09T04:06:39.567233Z,delphinID_clicks,click,Gme,0.291192
delphinID_clicks:Y4_4:26,,2024-05-09T04:06:39.567233Z,delphinID_clicks,click,Lal,0.117923
delphinID_clicks:Y4_4:26,,2024-05-09T04:06:39.567233Z,delphinID_clicks,click,Ttr,0.317177
delphinID_clicks:Y4_4:27,,2024-05-09T04:00:26.374780Z,delphinID_clicks,click,Dde,0.767481
delphinID_clicks:Y4_4:27,,2024-05-09T04:00:26.374780Z,delphinID_clicks,click,Ggr,0.078123
delphinID_clicks:Y4_4:27,,2024-05-09T04:00:26.374780Z,delphinID_clicks,click,Gme,0.047005
delphinID_clicks:Y4_4:27,,2024-05-09T04:00:26.374780Z,delphinID_clicks,click,Lal,0.018506
delphinID_clicks:Y4_4:27,,2024-05-09T04:00:26.374780Z,delphinID_clicks,click,Ttr,0.088884
delphinID_clicks:Y4_4:28,,2024-05-09T04:09:47.278574Z,delphinID_clicks,click,Dde,0.206097
delphinID_clicks:Y4_4:28,,2024-05-09T04:09:47.278574Z,delphinID_clicks,click,Ggr,0.448939
delphinID_clicks:Y4_4:28,,2024-05-09T04:09:47.278574Z,delphinID_clicks,click,Gme,0.074536
delphinID_clicks:Y4_4:28,,2024-05-09T04:09:47.278574Z,delphinID_clicks,click,Lal,0.021248
delphinID_clicks:Y4_4:28,,2024-05-09T04:09:47.278574Z,delphinID_clicks,click,Ttr,0.24918
delphinID_clicks:Y4_4:29,,2024-05-09T04:01:36.639657Z,delphinID_clicks,click,Dde,0.262605
delphinID_clicks:Y4_4:29,,2024-05-09T04:01:36.639657Z,delphinID_clicks,click,Ggr,0.06726
delphinID_clicks:Y4_4:29,,2024-05-09T04:01:36.639657Z,delphinID_clicks,click,Gme,0.009817
delphinID_clicks:Y4_4:29,,2024-05-09T04:01:36.639657Z,delphinID_clicks,click,Lal,0.624649
delphinID_clicks:Y4_4:29,,2024-05-09T04:01:36.639657Z,delphinID_clicks,click,Ttr,0.035669
delphinID_clicks:Y4_4:30,,2024-05-09T04:04:47.665737Z,delphinID_clicks,click,Dde,0.387637
delphinID_clicks:Y4_4:30,,2024-05-09T04:04:47.665737Z,delphinID_clicks,click,Ggr,0.152419
delphinID_clicks:Y4_4:30,,2024-05-09T04:04:47.665737Z,delphinID_clicks,click,Gme,0.030476
delphinID_clicks:Y4_4:30,,2024-05-09T04:04:47.665737Z,delphinID_clicks,click,Lal,0.045848
delphinID_clicks:Y4_4:30,,2024-05-09T04:04:47.665737Z,delphinID_clicks,click,Ttr,0.38362
delphinID_clicks:Y4_4:31,,2024-05-09T04:09:19.418512Z,delphinID_clicks,click,Dde,0.011591
delphinID_clicks:Y4_4:31,,2024-05-09T04:09:19.418512Z,delphinID_clicks,click,Ggr,0.415529
delphinID_clicks:Y4_4:31,,2024-05-09T04:09:19.418512Z,delphinID_clicks,click,Gme,0.144455
delphinID_clicks:Y4_4:31,,2024-05-09T04:09:19.418512Z,delphinID_clicks,click,Lal,0.19946
delphinID_clicks:Y4_4:31,,2024-05-09T04:09:19.418512Z,delphinID_clicks,click,Ttr,0.228965
delphinID_clicks:Y4_4:32,,2024-05-09T04:08:47.188019Z,delphinID_clicks,click,Dde,0.155688
delphinID_clicks:Y4_4:32,,2024-05-09T04:08:47.188019Z,delphinID_clicks,click,Ggr,0.000118
delphinID_clicks:Y4_4:32,,2024-05-09T04:08:47.188019Z,delphinID_clicks,click,Gme,0.12021
delphinID_clicks:Y4_4:32,,2024-05-09T04:08:47.188019Z,delphinID_clicks,click,Lal,0.017648
delphinID_clicks:Y4_4:32,,2024-05-09T04:08:47.188019Z,delphinID_clicks,click,Ttr,0.706335
delphinID_clicks:Y4_4:33,,2024-05-09T04:07:27.528838Z,delphinID_clicks,click,Dde,0.066795
delphinID_clicks:Y4_4:33,,2024-05-09T04:07:27.528838Z,delphinID_clicks,click,Ggr,0.023952
delphinID_clicks:Y4_4:33,,2024-05-09T04:07:27.528838Z,delphinID_clicks,click,Gme,0.014879
delphinID_clicks:Y4_4:33,,2024-05-09T04:07:27.528838Z,delphinID_clicks,click,Lal,0.076831
delphinID_clicks:Y4_4:33,,2024-05-09T04:07:27.528838Z,delphinID_clicks,click,Ttr,0.817543
delphinID_clicks:Y4_4:34,,2024-05-09T04:05:18.343040Z,delphinID_clicks,click,Dde,0.013555
delphinID_clicks:Y4_4:34,,2024-05-09T04:05:18.343040Z,delphinID_clicks,click,Ggr,0.250089
delphinID_clicks:Y4_4:34,,2024-05-09T04:05:18.343040Z,delphinID_clicks,click,Gme,0.111949
delphinID_clicks:Y4_4:34,,2024-05-09T04:05:18.343040Z,delphinID_clicks,click,Lal,0.430984
delphinID_clicks:Y4_4:34,,2024-05-09T04:05:18.343040Z,delphinID_clicks,click,Ttr,0.193423
delphinID_clicks:Y4_4:35,,2024-05-09T04:01:00.327822Z,delphinID_clicks,click,Dde,0.195884
delphinID_clicks:Y4_4:35,,2024-05-09T04:01:00.327822Z,delphinID_clicks,click,Ggr,0.001336
delphinID_clicks:Y4_4:35,,2024-05-09T04:01:00.327822Z,delphinID_clicks,click,Gme,0.265318
delphinID_clicks:Y4_4:35,,2024-05-09T04:01:00.327822Z,delphinID_clicks,click,Lal,0.450183
delphinID_clicks:Y4_4:35,,2024-05-09T04:01:00.327822Z,delphinID_clicks,click,Ttr,0.087279
delphinID_whistles:Y4_5:0,,2024-05-09T04:44:18.347225Z,delphinID_whistles,whistle,Dde,0.212179
delphinID_whistles:Y4_5:0,,2024-05-09T04:44:18.347225Z,delphinID_whistles,whistle,Ggr,0.204862
delphinID_whistles:Y4_5:0,,2024-05-09T04:44:18.347225Z,delphinID_whistles,whistle,Gme,0.098616
delphinID_whistles:Y4_5:0,,2024-05-09T04:44:18.347225Z,delphinID_whistles,whistle,Lac,0.018079
delphinID_whistles:Y4_5:0,,2024-05-09T04:44:18.347225Z,delphinID_whistles,whistle,Lal,0.073804
delphinID_whistles:Y4_5:0,,2024-05-09T04:44:18.347225Z,delphinID_whistles,whistle,Oor,0.000103
delphinID_whistles:Y4_5:0,,2024-05-09T04:44:18.347225Z,delphinID_whistles,whistle,Ttr,0.392357
delphinID_whistles:Y4_5:1,,2024-05-09T04:48:17.035922Z,delphinID_whistles,whistle,Dde,0.07569
delphinID_whistles:Y4_5:1,,2024-05-09T04:48:17.035922Z,delphinID_whistles,whistle,Ggr,0.000174
delphinID_whistles:Y4_5:1,,2024-05-09T04:48:17.035922Z,delphinID_whistles,whistle,Gme,0.065993
delphinID_whistles:Y4_5:1,,2024-05-09T04:48:17.035922Z,delphinID_whistles,whistle,Lac,0.313901
delphinID_whistles:Y4_5:1,,2024-05-09T04:48:17.035922Z,delphinID_whistles,whistle,Lal,0.000365
delphinID_whistles:Y4_5:1,,2024-05-09T04:48:17.035922Z,delphinID_whistles,whistle,Oor,0.443553
delphinID_whistles:Y4_5:1,,2024-05-09T04:48:17.035922Z,delphinID_whistles,whistle,Ttr,0.100324
delphinID_whistles:Y4_5:2,,2024-05-09T04:45:56.849365Z,delphinID_whistles,whistle,Dde,0.086521
delphinID_whistles:Y4_5:2,,2024-05-09T04:45:56.849365Z,delphinID_whistles,whistle,Ggr,0.053324
delphinID_whistles:Y4_5:2,,2024-05-09T04:45:56.849365Z,delphinID_whistles,whistle,Gme,0.009232
delphinID_whistles:Y4_5:2,,2024-05-09T04:45:56.849365Z,delphinID_whistles,whistle,Lac,0.504096
delphinID_whistles:Y4_5:2,,2024-05-09T04:45:56.849365Z,delphinID_whistles,whistle,Lal,0.063224
delphinID_whistles:Y4_5:2,,2024-05-09T04:45:56.849365Z,delphinID_whistles,whistle,Oor,0.24387
delphinID_whistles:Y4_5:2,,2024-05-09T04:45:56.849365Z,delphinID_whistles,whistle,Ttr,0.039731
delphinID_whistles:Y4_5:3,,2024-05-09T04:44:12.421834Z,delphinID_whistles,whistle,Dde,0.065079
delphinID_whistles:Y4_5:3,,2024-05-09T04:44:12.421834Z,delphinID_whistles,whistle,Ggr,0.186935
delphinID_whistles:Y4_5:3,,2024-05-09T04:44:12.421834Z,delphinID_whistles,whistle,Gme,0.013776
delphinID_whistles:Y4_5:3,,2024-05-09T04:44:12.421834Z,delphinID_whistles,whistle,Lac,0.004607
delphinID_whistles:Y4_5:3,,2024-05-09T04:44:12.421834Z,delphinID_whistles,whistle,Lal,0.517885
delphinID_whistles:Y4_5:3,,2024-05-09T04:44:12.421834Z,delphinID_whistles,whistle,Oor,0.002672
delphinID_whistles:Y4_5:3,,2024-05-09T04:44:12.421834Z,delphinID_whistles,whistle,Ttr,0.209047
delphinID_whistles:Y4_5:4,,2024-05-09T04:45:33.467912Z,delphinID_whistles,whistle,Dde,0.237255
delphinID_whistles:Y4_5:4,,2024-05-09T04:45:33.467912Z,delphinID_whistles,whistle,Ggr,0.000673
delphinID_whistles:Y4_5:4,,2024-05-09T04:45:33.467912Z,delphinID_whistles,whistle,Gme,0.00046
delphinID_whistles:Y4_5:4,,2024-05-09T04:45:33.467912Z,delphinID_whistles,whistle,Lac,0.230039
delphinID_whistles:Y4_5:4,,2024-05-09T04:45:33.467912Z,delphinID_whistles,whistle,Lal,0.160238
delphinID_whistles:Y4_5:4,,2024-05-09T04:45:33.467912Z,delphinID_whistles,whistle,Oor,0.298978
delphinID_whistles:Y4_5:4,,2024-05-09T04:45:33.467912Z,delphinID_whistles,whistle,Ttr,0.072356
delphinID_whistles:Y4_5:5,,2024-05-09T04:40:46.812211Z,delphinID_whistles,whistle,Dde,0.020153
delphinID_whistles:Y4_5:5,,2024-05-09T04:40:46.812211Z,delphinID_whistles,whistle,Ggr,0.040914
delphinID_whistles:Y4_5:5,,2024-05-09T04:40:46.812211Z,delphinID_whistles,whistle,Gme,0.098467
delphinID_whistles:Y4_5:5,,2024-05-09T04:40:46.812211Z,delphinID_whistles,whistle,Lac,0.143137
delphinID_whistles:Y4_5:5,,2024-05-09T04:40:46.812211Z,delphinID_whistles,whistle,Lal,0.18076
delphinID_whistles:Y4_5:5,,2024-05-09T04:40:46.812211Z,delphinID_whistles,whistle,Oor,0.32732
delphinID_whistles:Y4_5:5,,2024-05-09T04:40:46.812211Z,delphinID_whistles,whistle,Ttr,0.189248
delphinID_whistles:Y4_5:6,,2024-05-09T04:44:42.424993Z,delphinID_whistles,whistle,Dde,0.005554
delphinID_whistles:Y4_5:6,,2024-05-09T04:44:42.424993Z,delphinID_whistles,whistle,Ggr,0.235165
delphinID_whistles:Y4_5:6,,2024-05-09T04:44:42.424993Z,delphinID_whistles,whistle,Gme,0.011803
delphinID_whistles:Y4_5:6,,2024-05-09T04:44:42.424993Z,delphinID_whistles,whistle,Lac,0.088003
delphinID_whistles:Y4_5:6,,2024-05-09T04:44:42.424993Z,delphinID_whistles,whistle,Lal,0.070471
delphinID_whistles:Y4_5:6,,2024-05-09T04:44:42.424993Z,delphinID_whistles,whistle,Oor,0.040011
delphinID_whistles:Y4_5:6,,2024-05-09T04:44:42.424993Z,delphinID_whistles,whistle,Ttr,0.548994
delphinID_whistles:Y4_5:7,,2024-05-09T04:43:12.183522Z,delphinID_whistles,whistle,Dde,0.63072
delphinID_whistles:Y4_5:7,,2024-05-09T04:43:12.183522Z,delphinID_whistles,whistle,Ggr,0.274286
delphinID_whistles:Y4_5:7,,2024-05-09T04:43:12.183522Z,delphinID_whistles,whistle,Gme,0.013397
delphinID_whistles:Y4_5:7,,2024-05-09T04:43:12.183522Z,delphinID_whistles,whistle,Lac,0.073434
delphinID_whistles:Y4_5:7,,2024-05-09T04:43:12.183522Z,delphinID_whistles,whistle,Lal,0.002167
delphinID_whistles:Y4_5:7,,2024-05-09T04:43:12.183522Z,delphinID_whistles,whistle,Oor,0.003668
delphinID_whistles:Y4_5:7,,2024-05-09T04:43:12.183522Z,delphinID_whistles,whistle,Ttr,0.002328
delphinID_whistles:Y4_5:8,,2024-05-09T04:43:09.222622Z,delphinID_whistles,whistle,Dde,0.024224
delphinID_whistles:Y4_5:8,,2024-05-09T04:43:09.222622Z,delphinID_whistles,whistle,Ggr,0.036115
delphinID_whistles:Y4_5:8,,2024-05-09T04:43:09.222622Z,delphinID_whistles,whistle,Gme,0.017834
delphinID_whistles:Y4_5:8,,2024-05-09T04:43:09.222622Z,delphinID_whistles,whistle,Lac,0.13639
delphinID_whistles:Y4_5:8,,2024-05-09T04:43:09.222622Z,delphinID_whistles,whistle,Lal,0.278699
delphinID_whistles:Y4_5:8,,2024-05-09T04:43:09.222622Z,delphinID_whistles,whistle,Oor,0.036175
delphinID_whistles:Y4_5:8,,2024-05-09T04:43:09.222622Z,delphinID_whistles,whistle,Ttr,0.470563
delphinID_whistles:Y4_5:9,,2024-05-09T04:49:11.564313Z,delphinID_whistles,whistle,Dde,0.001312
delphinID_whistles:Y4_5:9,,2024-05-09T04:49:11.564313Z,delphinID_whistles,whistle,Ggr,1e-06
delphinID_whistles:Y4_5:9,,2024-05-09T04:49:11.564313Z,delphinID_whistles,whistle,Gme,0.83749
delphinID_whistles:Y4_5:9,,2024-05-09T04:49:11.564313Z,delphinID_whistles,whistle,Lac,0.059304
delphinID_whistles:Y4_5:9,,2024-05-09T04:49:11.564313Z,delphinID_whistles,whistle,Lal,0.034547
delphinID_whistles:Y4_5:9,,2024-05-09T04:49:11.564313Z,delphinID_whistles,whistle,Oor,0.025855
delphinID_whistles:Y4_5:9,,2024-05-09T04:49:11.564313Z,delphinID_whistles,whistle,Ttr,0.041491
delphinID_whistles:Y4_5:10,,2024-05-09T04:43:11.543663Z,delphinID_whistles,whistle,Dde,0.023219
delphinID_whistles:Y4_5:10,,2024-05-09T04:43:11.543663Z,delphinID_whistles,whistle,Ggr,0.079098
delphinID_whistles:Y4_5:10,,2024-05-09T04:43:11.543663Z,delphinID_whistles,whistle,Gme,0.186245
delphinID_whistles:Y4_5:10,,2024-05-09T04:43:11.543663Z,delphinID_whistles,whistle,Lac,0.000717
delphinID_whistles:Y4_5:10,,2024-05-09T04:43:11.543663Z,delphinID_whistles,whistle,Lal,0.0011
delphinID_whistles:Y4_5:10,,2024-05-09T04:43:11.543663Z,delphinID_whistles,whistle,Oor,0.023716
delphinID_whistles:Y4_5:10,,2024-05-09T04:43:11.543663Z,delphinID_whistles,whistle,Ttr,0.685905
delphinID_whistles:Y4_5:11,,2024-05-09T04:41:54.208478Z,delphinID_whistles,whistle,Dde,0.339594
delphinID_whistles:Y4_5:11,,2024-05-09T04:41:54.208478Z,delphinID_whistles,whistle,Ggr,0.018437
delphinID_whistles:Y4_5:11,,2024-05-09T04:41:54.208478Z,delphinID_whistles,whistle,Gme,0.065115
delphinID_whistles:Y4_5:11,,2024-05-09T04:41:54.208478Z,delphinID_whistles,whistle,Lac,0.011978
delphinID_whistles:Y4_5:11,,2024-05-09T04:41:54.208478Z,delphinID_whistles,whistle,Lal,0.328193
delphinID_whistles:Y4_5:11,,2024-05-09T04:41:54.208478Z,delphinID_whistles,whistle,Oor,0.117324
delphinID_whistles:Y4_5:11,,2024-05-09T04:41:54.208478Z,delphinID_whistles,whistle,Ttr,0.119358
delphinID_whistles:Y4_5:12,,2024-05-09T04:45:38.041373Z,delphinID_whistles,whistle,Dde,0.225584
delphinID_whistles:Y4_5:12,,2024-05-09T04:45:38.041373Z,delphinID_whistles,whistle,Ggr,0.249665
delphinID_whistles:Y4_5:12,,2024-05-09T04:45:38.041373Z,delphinID_whistles,whistle,Gme,0.095501
delphinID_whistles:Y4_5:12,,2024-05-09T04:45:38.041373Z,delphinID_whistles,whistle,Lac,0.038991
delphinID_whistles:Y4_5:12,,2024-05-09T04:45:38.041373Z,delphinID_whistles,whistle,Lal,0.346352
delphinID_whistles:Y4_5:12,,2024-05-09T04:45:38.041373Z,delphinID_whistles,whistle,Oor,0.001633
delphinID_whistles:Y4_5:12,,2024-05-09T04:45:38.041373Z,delphinID_whistles,whistle,Ttr,0.042274
delphinID_whistles:Z1_1:0,,2024-05-10T05:22:44.293459Z,delphinID_whistles,whistle,Dde,0.001202
delphinID_whistles:Z1_1:0,,2024-05-10T05:22:44.293459Z,delphinID_whistles,whistle,Ggr,0.275324
delphinID_whistles:Z1_1:0,,2024-05-10T05:22:44.293459Z,delphinID_whistles,whistle,Gme,0.005584
delphinID_whistles:Z1_1:0,,2024-05-10T05:22:44.293459Z,delphinID_whistles,whistle,Lac,0.562252
delphinID_whistles:Z1_1:0,,2024-05-10T05:22:44.293459Z,delphinID_whistles,whistle,Lal,0.088842
delphinID_whistles:Z1_1:0,,2024-05-10T05:22:44.293459Z,delphinID_whistles,whistle,Oor,0.005116
delphinID_whistles:Z1_1:0,,2024-05-10T05:22:44.293459Z,delphinID_whistles,whistle,Ttr,0.061678
delphinID_whistles:Z1_1:1,,2024-05-10T05:29:36.414055Z,delphinID_whistles,whistle,Dde,0.251956
delphinID_whistles:Z1_1:1,,2024-05-10T05:29:36.414055Z,delphinID_whistles,whistle,Ggr,0.070932
delphinID_whistles:Z1_1:1,,2024-05-10T05:29:36.414055Z,delphinID_whistles,whistle,Gme,0.057665
delphinID_whistles:Z1_1:1,,2024-05-10T05:29:36.414055Z,delphinID_whistles,whistle,Lac,0.082881
delphinID_whistles:Z1_1:1,,2024-05-10T05:29:36.414055Z,delphinID_whistles,whistle,Lal,0.128466
delphinID_whistles:Z1_1:1,,2024-05-10T05:29:36.414055Z,delphinID_whistles,whistle,Oor,0.009239
delphinID_whistles:Z1_1:1,,2024-05-10T05:29:36.414055Z,delphinID_whistles,whistle,Ttr,0.39886
delphinID_whistles:Z1_1:2,,2024-05-10T05:26:17.866142Z,delphinID_whistles,whistle,Dde,0.051319
delphinID_whistles:Z1_1:2,,2024-05-10T05:26:17.866142Z,delphinID_whistles,whistle,Ggr,0.192182
delphinID_whistles:Z1_1:2,,2024-05-10T05:26:17.866142Z,delphinID_whistles,whistle,Gme,0.497873
delphinID_whistles:Z1_1:2,,2024-05-10T05:26:17.866142Z,delphinID_whistles,whistle,Lac,0.002202
delphinID_whistles:Z1_1:2,,2024-05-10T05:26:17.866142Z,delphinID_whistles,whistle,Lal,0.222686
delphinID_whistles:Z1_1:2,,2024-05-10T05:26:17.866142Z,delphinID_whistles,whistle,Oor,0.033365
delphinID_whistles:Z1_1:2,,2024-05-10T05:26:17.866142Z,delphinID_whistles,whistle,Ttr,0.000373
delphinID_whistles:Z1_1:3,,2024-05-10T05:23:56.859427Z,delphinID_whistles,whistle,Dde,0.008051
delphinID_whistles:Z1_1:3,,2024-05-10T05:23:56.859427Z,delphinID_whistles,whistle,Ggr,0.00458
delphinID_whistles:Z1_1:3,,2024-05-10T05:23:56.859427Z,delphinID_whistles,whistle,Gme,0.475241
delphinID_whistles:Z1_1:3,,2024-05-10T05:23:56.859427Z,delphinID_whistles,whistle,Lac,0.251964
delphinID_whistles:Z1_1:3,,2024-05-10T05:23:56.859427Z,delphinID_whistles,whistle,Lal,0.096526
delphinID_whistles:Z1_1:3,,2024-05-10T05:23:56.859427Z,delphinID_whistles,whistle,Oor,0.067057
delphinID_whistles:Z1_1:3,,2024-05-10T05:23:56.859427Z,delphinID_whistles,whistle,Ttr,0.096581
delphinID_whistles:Z1_1:4,,2024-05-10T05:23:15.459819Z,delphinID_whistles,whistle,Dde,0.059177
delphinID_whistles:Z1_1:4,,2024-05-10T05:23:15.459819Z,delphinID_whistles,whistle,Ggr,0.198564
delphinID_whistles:Z1_1:4,,2024-05-10T05:23:15.459819Z,delphinID_whistles,whistle,Gme,0.040666
delphinID_whistles:Z1_1:4,,2024-05-10T05:23:15.459819Z,delphinID_whistles,whistle,Lac,0.047274
delphinID_whistles:Z1_1:4,,2024-05-10T05:23:15.459819Z,delphinID_whistles,whistle,Lal,0.044839
delphinID_whistles:Z1_1:4,,2024-05-10T05:23:15.459819Z,delphinID_whistles,whistle,Oor,0.000413
delphinID_whistles:Z1_1:4,,2024-05-10T05:23:15.459819Z,delphinID_whistles,whistle,Ttr,0.609068
delphinID_whistles:Z1_1:5,,2024-05-10T05:20:27.402932Z,delphinID_whistles,whistle,Dde,0.237717
delphinID_whistles:Z1_1:5,,2024-05-10T05:20:27.402932Z,delphinID_whistles,whistle,Ggr,0.413004
delphinID_whistles:Z1_1:5,,2024-05-10T05:20:27.402932Z,delphinID_whistles,whistle,Gme,0.157925
delphinID_whistles:Z1_1:5,,2024-05-10T05:20:27.402932Z,delphinID_whistles,whistle,Lac,0.009583
delphinID_whistles:Z1_1:5,,2024-05-10T05:20:27.402932Z,delphinID_whistles,whistle,Lal,0.139032
delphinID_whistles:Z1_1:5,,2024-05-10T05:20:27.402932Z,delphinID_whistles,whistle,Oor,0.000152
delphinID_whistles:Z1_1:5,,2024-05-10T05:20:27.402932Z,delphinID_whistles,whistle,Ttr,0.042588
delphinID_whistles:Z1_1:6,,2024-05-10T05:24:29.183299Z,delphinID_whistles,whistle,Dde,0.019624
delphinID_whistles:Z1_1:6,,2024-05-10T05:24:29.183299Z,delphinID_whistles,whistle,Ggr,0.07482
delphinID_whistles:Z1_1:6,,2024-05-10T05:24:29.183299Z,delphinID_whistles,whistle,Gme,0.670014
delphinID_whistles:Z1_1:6,,2024-05-10T05:24:29.183299Z,delphinID_whistles,whistle,Lac,7e-06
delphinID_whistles:Z1_1:6,,2024-05-10T05:24:29.183299Z,delphinID_whistles,whistle,Lal,0.0
delphinID_whistles:Z1_1:6,,2024-05-10T05:24:29.183299Z,delphinID_whistles,whistle,Oor,0.000802
delphinID_whistles:Z1_1:6,,2024-05-10T05:24:29.183299Z,delphinID_whistles,whistle,Ttr,0.234733
delphinID_whistles:Z1_1:7,,2024-05-10T05:25:02.721708Z,delphinID_whistles,whistle,Dde,0.151197
delphinID_whistles:Z1_1:7,,2024-05-10T05:25:02.721708Z,delphinID_whistles,whistle,Ggr,0.104096
delphinID_whistles:Z1_1:7,,2024-05-10T05:25:02.721708Z,delphinID_whistles,whistle,Gme,0.222421
delphinID_whistles:Z1_1:7,,2024-05-10T05:25:02.721708Z,delphinID_whistles,whistle,Lac,0.117037
delphinID_whistles:Z1_1:7,,2024-05-10T05:25:02.721708Z,delphinID_whistles,whistle,Lal,0.014844
delphinID_whistles:Z1_1:7,,2024-05-10T05:25:02.721708Z,delphinID_whistles,whistle,Oor,0.2004
delphinID_whistles:Z1_1:7,,2024-05-10T05:25:02.721708Z,delphinID_whistles,whistle,Ttr,0.190006
delphinID_whistles:Z1_1:8,,2024-05-10T05:22:48.874845Z,delphinID_whistles,whistle,Dde,0.037359
delphinID_whistles:Z1_1:8,,2024-05-10T05:22:48.874845Z,delphinID_whistles,whistle,Ggr,0.009966
delphinID_whistles:Z1_1:8,,2024-05-10T05:22:48.874845Z,delphinID_whistles,whistle,Gme,0.110765
delphinID_whistles:Z1_1:8,,2024-05-10T05:22:48.874845Z,delphinID_whistles,whistle,Lac,0.219425
delphinID_whistles:Z1_1:8,,2024-05-10T05:22:48.874845Z,delphinID_whistles,whistle,Lal,9.5e-05
delphinID_whistles:Z1_1:8,,2024-05-10T05:22:48.874845Z,delphinID_whistles,whistle,Oor,0.122383
delphinID_whistles:Z1_1:8,,2024-05-10T05:22:48.874845Z,delphinID_whistles,whistle,Ttr,0.500008
delphinID_whistles:Z1_1:9,,2024-05-10T05:21:28.245213Z,delphinID_whistles,whistle,Dde,0.349898
delphinID_whistles:Z1_1:9,,2024-05-10T05:21:28.245213Z,delphinID_whistles,whistle,Ggr,0.020161
delphinID_whistles:Z1_1:9,,2024-05-10T05:21:28.245213Z,delphinID_whistles,whistle,Gme,0.016554
delphinID_whistles:Z1_1:9,,2024-05-10T05:21:28.245213Z,delphinID_whistles,whistle,Lac,0.374303
delphinID_whistles:Z1_1:9,,2024-05-10T05:21:28.245213Z,delphinID_whistles,whistle,Lal,0.119538
delphinID_whistles:Z1_1:9,,2024-05-10T05:21:28.245213Z,delphinID_whistles,whistle,Oor,0.060466
delphinID_whistles:Z1_1:9,,2024-05-10T05:21:28.245213Z,delphinID_whistles,whistle,Ttr,0.05908
delphinID_whistles:Z1_1:10,,2024-05-10T05:28:19.410473Z,delphinID_whistles,whistle,Dde,0.007914
delphinID_whistles:Z1_1:10,,2024-05-10T05:28:19.410473Z,delphinID_whistles,whistle,Ggr,0.36144
delphinID_whistles:Z1_1:10,,2024-05-10T05:28:19.410473Z,delphinID_whistles,whistle,Gme,0.347236
delphinID_whistles:Z1_1:10,,2024-05-10T05:28:19.410473Z,delphinID_whistles,whistle,Lac,0.007211
delphinID_whistles:Z1_1:10,,2024-05-10T05:28:19.410473Z,delphinID_whistles,whistle,Lal,0.254827
delphinID_whistles:Z1_1:10,,2024-05-10T05:28:19.410473Z,delphinID_whistles,whistle,Oor,0.010873
delphinID_whistles:Z1_1:10,,2024-05-10T05:28:19.410473Z,delphinID_whistles,whistle,Ttr,0.0105
delphinID_whistles:Z1_1:11,,2024-05-10T05:23:28.441283Z,delphinID_whistles,whistle,Dde,0.068213
delphinID_whistles:Z1_1:11,,2024-05-10T05:23:28.441283Z,delphinID_whistles,whistle,Ggr,3e-06
delphinID_whistles:Z1_1:11,,2024-05-10T05:23:28.441283Z,delphinID_whistles,whistle,Gme,0.35703
delphinID_whistles:Z1_1:11,,2024-05-10T05:23:28.441283Z,delphinID_whistles,whistle,Lac,0.391748
delphinID_whistles:Z1_1:11,,2024-05-10T05:23:28.441283Z,delphinID_whistles,whistle,Lal,0.116045
delphinID_whistles:Z1_1:11,,2024-05-10T05:23:28.441283Z,delphinID_whistles,whistle,Oor,0.03507
delphinID_whistles:Z1_1:11,,2024-05-10T05:23:28.441283Z,delphinID_whistles,whistle,Ttr,0.031892
delphinID_whistles:Z1_1:12,,2024-05-10T05:29:56.734956Z,delphinID_whistles,whistle,Dde,0.407374
delphinID_whistles:Z1_1:12,,2024-05-10T05:29:56.734956Z,delphinID_whistles,whistle,Ggr,0.082725
delphinID_whistles:Z1_1:12,,2024-05-10T05:29:56.734956Z,delphinID_whistles,whistle,Gme,0.016138
delphinID_whistles:Z1_1:12,,2024-05-10T05:29:56.734956Z,delphinID_whistles,whistle,Lac,0.027003
delphinID_whistles:Z1_1:12,,2024-05-10T05:29:56.734956Z,delphinID_whistles,whistle,Lal,0.132867
delphinID_whistles:Z1_1:12,,2024-05-10T05:29:56.734956Z,delphinID_whistles,whistle,Oor,0.079789
delphinID_whistles:Z1_1:12,,2024-05-10T05:29:56.734956Z,delphinID_whistles,whistle,Ttr,0.254103
delphinID_whistles:Z1_1:13,,2024-05-10T05:27:41.598196Z,delphinID_whistles,whistle,Dde,0.106711
delphinID_whistles:Z1_1:13,,2024-05-10T05:27:41.598196Z,delphinID_whistles,whistle,Ggr,0.466381
delphinID_whistles:Z1_1:13,,2024-05-10T05:27:41.598196Z,delphinID_whistles,whistle,Gme,0.32226
delphinID_whistles:Z1_1:13,,2024-05-10T05:27:41.598196Z,delphinID_whistles,whistle,Lac,0.000604
delphinID_whistles:Z1_1:13,,2024-05-10T05:27:41.598196Z,delphinID_whistles,whistle,Lal,0.075334
delphinID_whistles:Z1_1:13,,2024-05-10T05:27:41.598196Z,delphinID_whistles,whistle,Oor,0.002353
delphinID_whistles:Z1_1:13,,2024-05-10T05:27:41.598196Z,delphinID_whistles,whistle,Ttr,0.026357
delphinID_whistles:Z1_1:14,,2024-05-10T05:25:03.146310Z,delphinID_whistles,whistle,Dde,0.172939
delphinID_whistles:Z1_1:14,,2024-05-10T05:25:03.146310Z,delphinID_whistles,whistle,Ggr,0.54469
delphinID_whistles:Z1_1:14,,2024-05-10T05:25:03.146310Z,delphinID_whistles,whistle,Gme,0.146064
delphinID_whistles:Z1_1:14,,2024-05-10T05:25:03.146310Z,delphinID_whistles,whistle,Lac,0.040695
delphinID_whistles:Z1_1:14,,2024-05-10T05:25:03.146310Z,delphinID_whistles,whistle,Lal,0.087221
delphinID_whistles:Z1_1:14,,2024-05-10T05:25:03.146310Z,delphinID_whistles,whistle,Oor,0.002048
delphinID_whistles:Z1_1:14,,2024-05-10T05:25:03.146310Z,delphinID_whistles,whistle,Ttr,0.006342
delphinID_whistles:Z1_1:15,,2024-05-10T05:24:52.947981Z,delphinID_whistles,whistle,Dde,0.618669
delphinID_whistles:Z1_1:15,,2024-05-10T05:24:52.947981Z,delphinID_whistles,whistle,Ggr,0.052533
delphinID_whistles:Z1_1:15,,2024-05-10T05:24:52.947981Z,delphinID_whistles,whistle,Gme,0.297661
delphinID_whistles:Z1_1:15,,2024-05-10T05:24:52.947981Z,delphinID_whistles,whistle,Lac,0.000275
delphinID_whistles:Z1_1:15,,2024-05-10T05:24:52.947981Z,delphinID_whistles,whistle,Lal,0.005694
delphinID_whistles:Z1_1:15,,2024-05-10T05:24:52.947981Z,delphinID_whistles,whistle,Oor,0.0006
delphinID_whistles:Z1_1:15,,2024-05-10T05:24:52.947981Z,delphinID_whistles,whistle,Ttr,0.024568
delphinID_whistles:Z1_1:16,,2024-05-10T05:22:06.987948Z,delphinID_whistles,whistle,Dde,0.191503
delphinID_whistles:Z1_1:16,,2024-05-10T05:22:06.987948Z,delphinID_whistles,whistle,Ggr,0.007349
delphinID_whistles:Z1_1:16,,2024-05-10T05:22:06.987948Z,delphinID_whistles,whistle,Gme,0.002205
delphinID_whistles:Z1_1:16,,2024-05-10T05:22:06.987948Z,delphinID_whistles,whistle,Lac,0.058264
delphinID_whistles:Z1_1:16,,2024-05-10T05:22:06.987948Z,delphinID_whistles,whistle,Lal,0.070851
delphinID_whistles:Z1_1:16,,2024-05-10T05:22:06.987948Z,delphinID_whistles,whistle,Oor,0.11767
delphinID_whistles:Z1_1:16,,2024-05-10T05:22:06.987948Z,delphinID_whistles,whistle,Ttr,0.552157
delphinID_whistles:Z1_1:17,,2024-05-10T05:20:36.934994Z,delphinID_whistles,whistle,Dde,0.013129
delphinID_whistles:Z1_1:17,,2024-05-10T05:20:36.934994Z,delphinID_whistles,whistle,Ggr,0.391403
delphinID_whistles:Z1_1:17,,2024-05-10T05:20:36.934994Z,delphinID_whistles,whistle,Gme,0.039517
delphinID_whistles:Z1_1:17,,2024-05-10T05:20:36.934994Z,delphinID_whistles,whistle,Lac,0.120946
delphinID_whistles:Z1_1:17,,2024-05-10T05:20:36.934994Z,delphinID_whistles,whistle,Lal,0.048531
delphinID_whistles:Z1_1:17,,2024-05-10T05:20:36.934994Z,delphinID_whistles,whistle,Oor,0.012545
delphinID_whistles:Z1_1:17,,2024-05-10T05:20:36.934994Z,delphinID_whistles,whistle,Ttr,0.373929
delphinID_whistles:Z1_1:18,,2024-05-10T05:20:55.226206Z,delphinID_whistles,whistle,Dde,0.188896
delphinID_whistles:Z1_1:18,,2024-05-10T05:20:55.226206Z,delphinID_whistles,whistle,Ggr,0.081725
delphinID_whistles:Z1_1:18,,2024-05-10T05:20:55.226206Z,delphinID_whistles,whistle,Gme,0.403611
delphinID_whistles:Z1_1:18,,2024-05-10T05:20:55.226206Z,delphinID_whistles,whistle,Lac,0.096232
delphinID_whistles:Z1_1:18,,2024-05-10T05:20:55.226206Z,delphinID_whistles,whistle,Lal,0.004957
delphinID_whistles:Z1_1:18,,2024-05-10T05:20:55.226206Z,delphinID_whistles,whistle,Oor,0.217052
delphinID_whistles:Z1_1:18,,2024-05-10T05:20:55.226206Z,delphinID_whistles,whistle,Ttr,0.007526
delphinID_whistles:Z1_1:19,,2024-05-10T05:21:06.835298Z,delphinID_whistles,whistle,Dde,0.004731
delphinID_whistles:Z1_1:19,,2024-05-10T05:21:06.835298Z,delphinID_whistles,whistle,Ggr,0.490657
delphinID_whistles:Z1_1:19,,2024-05-10T05:21:06.835298Z,delphinID_whistles,whistle,Gme,0.022597
delphinID_whistles:Z1_1:19,,2024-05-10T05:21:06.835298Z,delphinID_whistles,whistle,Lac,0.161499
delphinID_whistles:Z1_1:19,,2024-05-10T05:21:06.835298Z,delphinID_whistles,whistle,Lal,0.000602
delphinID_whistles:Z1_1:19,,2024-05-10T05:21:06.835298Z,delphinID_whistles,whistle,Oor,0.0
delphinID_whistles:Z1_1:19,,2024-05-10T05:21:06.835298Z,delphinID_whistles,whistle,Ttr,0.319914
delphinID_clicks:Z1_1:0,,2024-05-10T05:22:38.985890Z,delphinID_clicks,click,Dde,0.055073
delphinID_clicks:Z1_1:0,,2024-05-10T05:22:38.985890Z,delphinID_clicks,click,Ggr,0.007281
delphinID_clicks:Z1_1:0,,2024-05-10T05:22:38.985890Z,delphinID_clicks,click,Gme,0.69602
delphinID_clicks:Z1_1:0,,2024-05-10T05:22:38.985890Z,delphinID_clicks,click,Lal,0.092746
delphinID_clicks:Z1_1:0,,2024-05-10T05:22:38.985890Z,delphinID_clicks,click,Ttr,0.148879
delphinID_clicks:Z1_1:1,,2024-05-10T05:26:50.544779Z,delphinID_clicks,click,Dde,0.012657
delphinID_clicks:Z1_1:1,,2024-05-10T05:26:50.544779Z,delphinID_clicks,click,Ggr,0.080305
delphinID_clicks:Z1_1:1,,2024-05-10T05:26:50.544779Z,delphinID_clicks,click,Gme,0.21485
delphinID_clicks:Z1_1:1,,2024-05-10T05:26:50.544779Z,delphinID_clicks,click,Lal,0.469457
delphinID_clicks:Z1_1:1,,2024-05-10T05:26:50.544779Z,delphinID_clicks,click,Ttr,0.22273
delphinID_clicks:Z1_1:2,,2024-05-10T05:22:39.732967Z,delphinID_clicks,click,Dde,0.592624
delphinID_clicks:Z1_1:2,,2024-05-10T05:22:39.732967Z,delphinID_clicks,click,Ggr,0.01661
delphinID_clicks:Z1_1:2,,2024-05-10T05:22:39.732967Z,delphinID_clicks,click,Gme,0.026781
delphinID_clicks:Z1_1:2,,2024-05-10T05:22:39.732967Z,delphinID_clicks,click,Lal,0.339725
delphinID_clicks:Z1_1:2,,2024-05-10T05:22:39.732967Z,delphinID_clicks,click,Ttr,0.02426
delphinID_clicks:Z1_1:3,,2024-05-10T05:28:55.739727Z,delphinID_clicks,click,Dde,0.284512
delphinID_clicks:Z1_1:3,,2024-05-10T05:28:55.739727Z,delphinID_clicks,click,Ggr,0.221804
delphinID_clicks:Z1_1:3,,2024-05-10T05:28:55.739727Z,delphinID_clicks,click,Gme,0.000211
delphinID_clicks:Z1_1:3,,2024-05-10T05:28:55.739727Z,delphinID_clicks,click,Lal,0.411376
delphinID_clicks:Z1_1:3,,2024-05-10T05:28:55.739727Z,delphinID_clicks,click,Ttr,0.082097
delphinID_clicks:Z1_1:4,,2024-05-10T05:22:03.404720Z,delphinID_clicks,click,Dde,0.632171
delphinID_clicks:Z1_1:4,,2024-05-10T05:22:03.404720Z,delphinID_clicks,click,Ggr,0.300985
delphinID_clicks:Z1_1:4,,2024-05-10T05:22:03.404720Z,delphinID_clicks,click,Gme,0.003116
delphinID_clicks:Z1_1:4,,2024-05-10T05:22:03.404720Z,delphinID_clicks,click,Lal,0.041038
delphinID_clicks:Z1_1:4,,2024-05-10T05:22:03.404720Z,delphinID_clicks,click,Ttr,0.022691
delphinID_clicks:Z1_1:5,,2024-05-10T05:23:44.846324Z,delphinID_clicks,click,Dde,0.032731
delphinID_clicks:Z1_1:5,,2024-05-10T05:23:44.846324Z,delphinID_clicks,click,Ggr,0.568304
delphinID_clicks:Z1_1:5,,2024-05-10T05:23:44.846324Z,delphinID_clicks,click,Gme,0.19471
delphinID_clicks:Z1_1:5,,2024-05-10T05:23:44.846324Z,delphinID_clicks,click,Lal,0.094003
delphinID_clicks:Z1_1:5,,2024-05-10T05:23:44.846324Z,delphinID_clicks,click,Ttr,0.110251
delphinID_clicks:Z1_1:6,,2024-05-10T05:24:29.421394Z,delphinID_clicks,click,Dde,0.032929
delphinID_clicks:Z1_1:6,,2024-05-10T05:24:29.421394Z,delphinID_clicks,click,Ggr,0.003981
delphinID_clicks:Z1_1:6,,2024-05-10T05:24:29.421394Z,delphinID_clicks,click,Gme,0.001572
delphinID_clicks:Z1_1:6,,2024-05-10T05:24:29.421394Z,delphinID_clicks,click,Lal,0.947116
delphinID_clicks:Z1_1:6,,2024-05-10T05:24:29.421394Z,delphinID_clicks,click,Ttr,0.014402
delphinID_clicks:Z1_1:7,,2024-05-10T05:24:14.964831Z,delphinID_clicks,click,Dde,3.1e-05
delphinID_clicks:Z1_1:7,,2024-05-10T05:24:14.964831Z,delphinID_clicks,click,Ggr,0.844623
delphinID_clicks:Z1_1:7,,2024-05-10T05:24:14.964831Z,delphinID_clicks,click,Gme,0.007212
delphinID_clicks:Z1_1:7,,2024-05-10T05:24:14.964831Z,delphinID_clicks,click,Lal,0.01776
delphinID_clicks:Z1_1:7,,2024-05-10T05:24:14.964831Z,delphinID_clicks,click,Ttr,0.130374
delphinID_clicks:Z1_1:8,,2024-05-10T05:22:54.115158Z,delphinID_clicks,click,Dde,0.002297
delphinID_clicks:Z1_1:8,,2024-05-10T05:22:54.115158Z,delphinID_clicks,click,Ggr,0.380346
delphinID_clicks:Z1_1:8,,2024-05-10T05:22:54.115158Z,delphinID_clicks,click,Gme,0.138975
delphinID_clicks:Z1_1:8,,2024-05-10T05:22:54.115158Z,delphinID_clicks,click,Lal,0.446541
delphinID_clicks:Z1_1:8,,2024-05-10T05:22:54.115158Z,delphinID_clicks,click,Ttr,0.031841
delphinID_clicks:Z1_1:9,,2024-05-10T05:23:58.804419Z,delphinID_clicks,click,Dde,0.001147
delphinID_clicks:Z1_1:9,,2024-05-10T05:23:58.804419Z,delphinID_clicks,click,Ggr,0.160267
delphinID_clicks:Z1_1:9,,2024-05-10T05:23:58.804419Z,delphinID_clicks,click,Gme,0.0025
delphinID_clicks:Z1_1:9,,2024-05-10T05:23:58.804419Z,delphinID_clicks,click,Lal,0.493912
delphinID_clicks:Z1_1:9,,2024-05-10T05:23:58.804419Z,delphinID_clicks,click,Ttr,0.342174
delphinID_clicks:Z1_1:10,,2024-05-10T05:24:19.348566Z,delphinID_clicks,click,Dde,0.05695
delphinID_clicks:Z1_1:10,,2024-05-10T05:24:19.348566Z,delphinID_clicks,click,Ggr,0.073192
delphinID_clicks:Z1_1:10,,2024-05-10T05:24:19.348566Z,delphinID_clicks,click,Gme,0.498119
delphinID_clicks:Z1_1:10,,2024-05-10T05:24:19.348566Z,delphinID_clicks,click,Lal,0.146906
delphinID_clicks:Z1_1:10,,2024-05-10T05:24:19.348566Z,delphinID_clicks,click,Ttr,0.224833
delphinID_clicks:Z1_1:11,,2024-05-10T05:22:36.615617Z,delphinID_clicks,click,Dde,0.113124
delphinID_clicks:Z1_1:11,,2024-05-10T05:22:36.615617Z,delphinID_clicks,click,Ggr,0.110622
delphinID_clicks:Z1_1:11,,2024-05-10T05:22:36.615617Z,delphinID_clicks,click,Gme,0.119401
delphinID_clicks:Z1_1:11,,2024-05-10T05:22:36.615617Z,delphinID_clicks,click,Lal,0.128946
delphinID_clicks:Z1_1:11,,2024-05-10T05:22:36.615617Z,delphinID_clicks,click,Ttr,0.527907
delphinID_clicks:Z1_1:12,,2024-05-10T05:28:40.981390Z,delphinID_clicks,click,Dde,0.567581
delphinID_clicks:Z1_1:12,,2024-05-10T05:28:40.981390Z,delphinID_clicks,click,Ggr,0.165857
delphinID_clicks:Z1_1:12,,2024-05-10T05:28:40.981390Z,delphinID_clicks,click,Gme,0.002585
delphinID_clicks:Z1_1:12,,2024-05-10T05:28:40.981390Z,delphinID_clicks,click,Lal,0.25155
delphinID_clicks:Z1_1:12,,2024-05-10T05:28:40.981390Z,delphinID_clicks,click,Ttr,0.012427
delphinID_clicks:Z1_1:13,,2024-05-10T05:28:56.708135Z,delphinID_clicks,click,Dde,0.082786
delphinID_clicks:Z1_1:13,,2024-05-10T05:28:56.708135Z,delphinID_clicks,click,Ggr,0.124297
delphinID_clicks:Z1_1:13,,2024-05-10T05:28:56.708135Z,delphinID_clicks,click,Gme,0.058093
delphinID_clicks:Z1_1:13,,2024-05-10T05:28:56.708135Z,delphinID_clicks,click,Lal,0.731487
delphinID_clicks:Z1_1:13,,2024-05-10T05:28:56.708135Z,delphinID_clicks,click,Ttr,0.003336
delphinID_clicks:Z1_1:14,,2024-05-10T05:24:18.764225Z,delphinID_clicks,click,Dde,0.386892
delphinID_clicks:Z1_1:14,,2024-05-10T05:24:18.764225Z,delphinID_clicks,click,Ggr,0.094914
delphinID_clicks:Z1_1:14,,2024-05-10T05:24:18.764225Z,delphinID_clicks,click,Gme,0.044354
delphinID_clicks:Z1_1:14,,2024-05-10T05:24:18.764225Z,delphinID_clicks,click,Lal,0.25279
delphinID_clicks:Z1_1:14,,2024-05-10T05:24:18.764225Z,delphinID_clicks,click,Ttr,0.221049
delphinID_clicks:Z1_1:15,,2024-05-10T05:23:15.734665Z,delphinID_clicks,click,Dde,0.036002
delphinID_clicks:Z1_1:15,,2024-05-10T05:23:15.734665Z,delphinID_clicks,click,Ggr,0.332987
delphinID_clicks:Z1_1:15,,2024-05-10T05:23:15.734665Z,delphinID_clicks,click,Gme,0.028626
delphinID_clicks:Z1_1:15,,2024-05-10T05:23:15.734665Z,delphinID_clicks,click,Lal,0.017449
delphinID_clicks:Z1_1:15,,2024-05-10T05:23:15.734665Z,delphinID_clicks,click,Ttr,0.584936
delphinID_clicks:Z1_1:16,,2024-05-10T05:20:24.018275Z,delphinID_clicks,click,Dde,0.199146
delphinID_clicks:Z1_1:16,,2024-05-10T05:20:24.018275Z,delphinID_clicks,click,Ggr,0.047283
delphinID_clicks:Z1_1:16,,2024-05-10T05:20:24.018275Z,delphinID_clicks,click,Gme,0.202748
delphinID_clicks:Z1_1:16,,2024-05-10T05:20:24.018275Z,delphinID_clicks,click,Lal,0.544837
delphinID_clicks:Z1_1:16,,2024-05-10T05:20:24.018275Z,delphinID_clicks,click,Ttr,0.005985
delphinID_clicks:Z1_2:0,,2024-05-10T06:03:46.751665Z,delphinID_clicks,click,Dde,0.000659
delphinID_clicks:Z1_2:0,,2024-05-10T06:03:46.751665Z,delphinID_clicks,click,Ggr,0.158375
delphinID_clicks:Z1_2:0,,2024-05-10T06:03:46.751665Z,delphinID_clicks,click,Gme,0.317471
delphinID_clicks:Z1_2:0,,2024-05-10T06:03:46.751665Z,delphinID_clicks,click,Lal,0.237004
delphinID_clicks:Z1_2:0,,2024-05-10T06:03:46.751665Z,delphinID_clicks,click,Ttr,0.286491
delphinID_clicks:Z1_2:1,,2024-05-10T06:05:50.458394Z,delphinID_clicks,click,Dde,0.649791
delphinID_clicks:Z1_2:1,,2024-05-10T06:05:50.458394Z,delphinID_clicks,click,Ggr,2e-06
delphinID_clicks:Z1_2:1,,2024-05-10T06:05:50.458394Z,delphinID_clicks,click,Gme,0.008289
delphinID_clicks:Z1_2:1,,2024-05-10T06:05:50.458394Z,delphinID_clicks,click,Lal,0.336725
delphinID_clicks:Z1_2:1,,2024-05-10T06:05:50.458394Z,delphinID_clicks,click,Ttr,0.005194
delphinID_clicks:Z1_2:2,,2024-05-10T06:09:44.276164Z,delphinID_clicks,click,Dde,0.391707
delphinID_clicks:Z1_2:2,,2024-05-10T06:09:44.276164Z,delphinID_clicks,click,Ggr,0.198518
delphinID_clicks:Z1_2:2,,2024-05-10T06:09:44.276164Z,delphinID_clicks,click,Gme,0.064603
delphinID_clicks:Z1_2:2,,2024-05-10T06:09:44.276164Z,delphinID_clicks,click,Lal,0.025059
delphinID_clicks:Z1_2:2,,2024-05-10T06:09:44.276164Z,delphinID_clicks,click,Ttr,0.320113
delphinID_clicks:Z1_2:3,,2024-05-10T06:03:24.044553Z,delphinID_clicks,click,Dde,0.005884
delphinID_clicks:Z1_2:3,,2024-05-10T06:03:24.044553Z,delphinID_clicks,click,Ggr,0.026025
delphinID_clicks:Z1_2:3,,2024-05-10T06:03:24.044553Z,delphinID_clicks,click,Gme,0.005111
delphinID_clicks:Z1_2:3,,2024-05-10T06:03:24.044553Z,delphinID_clicks,click,Lal,0.82074
delphinID_clicks:Z1_2:3,,2024-05-10T06:03:24.044553Z,delphinID_clicks,click,Ttr,0.142241
delphinID_clicks:Z1_2:4,,2024-05-10T06:03:04.235469Z,delphinID_clicks,click,Dde,0.505189
delphinID_clicks:Z1_2:4,,2024-05-10T06:03:04.235469Z,delphinID_clicks,click,Ggr,0.187642
delphinID_clicks:Z1_2:4,,2024-05-10T06:03:04.235469Z,delphinID_clicks,click,Gme,0.096796
delphinID_clicks:Z1_2:4,,2024-05-10T06:03:04.235469Z,delphinID_clicks,click,Lal,0.02056
delphinID_clicks:Z1_2:4,,2024-05-10T06:03:04.235469Z,delphinID_clicks,click,Ttr,0.189814
delphinID_clicks:Z1_2:5,,2024-05-10T06:00:39.081988Z,delphinID_clicks,click,Dde,0.014312
delphinID_clicks:Z1_2:5,,2024-05-10T06:00:39.081988Z,delphinID_clicks,click,Ggr,0.004034
delphinID_clicks:Z1_2:5,,2024-05-10T06:00:39.081988Z,delphinID_clicks,click,Gme,0.285211
delphinID_clicks:Z1_2:5,,2024-05-10T06:00:39.081988Z,delphinID_clicks,click,Lal,0.536322
delphinID_clicks:Z1_2:5,,2024-05-10T06:00:39.081988Z,delphinID_clicks,click,Ttr,0.16012
delphinID_clicks:Z1_2:6,,2024-05-10T06:05:19.203881Z,delphinID_clicks,click,Dde,7.3e-05
delphinID_clicks:Z1_2:6,,2024-05-10T06:05:19.203881Z,delphinID_clicks,click,Ggr,0.006692
delphinID_clicks:Z1_2:6,,2024-05-10T06:05:19.203881Z,delphinID_clicks,click,Gme,0.197689
delphinID_clicks:Z1_2:6,,2024-05-10T06:05:19.203881Z,delphinID_clicks,click,Lal,0.052594
delphinID_clicks:Z1_2:6,,2024-05-10T06:05:19.203881Z,delphinID_clicks,click,Ttr,0.742953
delphinID_clicks:Z1_2:7,,2024-05-10T06:00:27.462446Z,delphinID_clicks,click,Dde,0.011638
delphinID_clicks:Z1_2:7,,2024-05-10T06:00:27.462446Z,delphinID_clicks,click,Ggr,0.001982
delphinID_clicks:Z1_2:7,,2024-05-10T06:00:27.462446Z,delphinID_clicks,click,Gme,0.005341
delphinID_clicks:Z1_2:7,,2024-05-10T06:00:27.462446Z,delphinID_clicks,click,Lal,0.762316
delphinID_clicks:Z1_2:7,,2024-05-10T06:00:27.462446Z,delphinID_clicks,click,Ttr,0.218723
delphinID_clicks:Z1_2:8,,2024-05-10T06:04:01.044296Z,delphinID_clicks,click,Dde,0.46315
delphinID_clicks:Z1_2:8,,2024-05-10T06:04:01.044296Z,delphinID_clicks,click,Ggr,0.024751
delphinID_clicks:Z1_2:8,,2024-05-10T06:04:01.044296Z,delphinID_clicks,click,Gme,0.095803
delphinID_clicks:Z1_2:8,,2024-05-10T06:04:01.044296Z,delphinID_clicks,click,Lal,0.292498
delphinID_clicks:Z1_2:8,,2024-05-10T06:04:01.044296Z,delphinID_clicks,click,Ttr,0.123798
delphinID_clicks:Z1_2:9,,2024-05-10T06:07:37.641041Z,delphinID_clicks,click,Dde,1.9e-05
delphinID_clicks:Z1_2:9,,2024-05-10T06:07:37.641041Z,delphinID_clicks,click,Ggr,0.065362
delphinID_clicks:Z1_2:9,,2024-05-10T06:07:37.641041Z,delphinID_clicks,click,Gme,0.657082
delphinID_clicks:Z1_2:9,,2024-05-10T06:07:37.641041Z,delphinID_clicks,click,Lal,0.268209
delphinID_clicks:Z1_2:9,,2024-05-10T06:07:37.641041Z,delphinID_clicks,click,Ttr,0.009328
delphinID_clicks:Z1_2:10,,2024-05-10T06:03:44.347839Z,delphinID_clicks,click,Dde,0.065555
delphinID_clicks:Z1_2:10,,2024-05-10T06:03:44.347839Z,delphinID_clicks,click,Ggr,0.075178
delphinID_clicks:Z1_2:10,,2024-05-10T06:03:44.347839Z,delphinID_clicks,click,Gme,0.146989
delphinID_clicks:Z1_2:10,,2024-05-10T06:03:44.347839Z,delphinID_clicks,click,Lal,0.627178
delphinID_clicks:Z1_2:10,,2024-05-10T06:03:44.347839Z,delphinID_clicks,click,Ttr,0.085101
delphinID_clicks:Z1_2:11,,2024-05-10T06:07:52.506115Z,delphinID_clicks,click,Dde,0.292301
delphinID_clicks:Z1_2:11,,2024-05-10T06:07:52.506115Z,delphinID_clicks,click,Ggr,0.061553
delphinID_clicks:Z1_2:11,,2024-05-10T06:07:52.506115Z,delphinID_clicks,click,Gme,0.349079
delphinID_clicks:Z1_2:11,,2024-05-10T06:07:52.506115Z,delphinID_clicks,click,Lal,0.207054
delphinID_clicks:Z1_2:11,,2024-05-10T06:07:52.506115Z,delphinID_clicks,click,Ttr,0.090013
delphinID_clicks:Z1_2:12,,2024-05-10T06:08:33.863469Z,delphinID_clicks,click,Dde,0.035601
delphinID_clicks:Z1_2:12,,2024-05-10T06:08:33.863469Z,delphinID_clicks,click,Ggr,0.002416
delphinID_clicks:Z1_2:12,,2024-05-10T06:08:33.863469Z,delphinID_clicks,click,Gme,0.068255
delphinID_clicks:Z1_2:12,,2024-05-10T06:08:33.863469Z,delphinID_clicks,click,Lal,0.563524
delphinID_clicks:Z1_2:12,,2024-05-10T06:08:33.863469Z,delphinID_clicks,click,Ttr,0.330205
delphinID_clicks:Z1_2:13,,2024-05-10T06:08:08.265569Z,delphinID_clicks,click,Dde,0.078288
delphinID_clicks:Z1_2:13,,2024-05-10T06:08:08.265569Z,delphinID_clicks,click,Ggr,0.059867
delphinID_clicks:Z1_2:13,,2024-05-10T06:08:08.265569Z,delphinID_clicks,click,Gme,0.238689
delphinID_clicks:Z1_2:13,,2024-05-10T06:08:08.265569Z,delphinID_clicks,click,Lal,0.552686
delphinID_clicks:Z1_2:13,,2024-05-10T06:08:08.265569Z,delphinID_clicks,click,Ttr,0.07047
delphinID_clicks:Z1_2:14,,2024-05-10T06:04:33.494764Z,delphinID_clicks,click,Dde,0.106087
delphinID_clicks:Z1_2:14,,2024-05-10T06:04:33.494764Z,delphinID_clicks,click,Ggr,0.315247
delphinID_clicks:Z1_2:14,,2024-05-10T06:04:33.494764Z,delphinID_clicks,click,Gme,0.005709
delphinID_clicks:Z1_2:14,,2024-05-10T06:04:33.494764Z,delphinID_clicks,click,Lal,0.56893
delphinID_clicks:Z1_2:14,,2024-05-10T06:04:33.494764Z,delphinID_clicks,click,Ttr,0.004026
delphinID_clicks:Z1_2:15,,2024-05-10T06:01:08.367991Z,delphinID_clicks,click,Dde,0.086366
delphinID_clicks:Z1_2:15,,2024-05-10T06:01:08.367991Z,delphinID_clicks,click,Ggr,0.005586
delphinID_clicks:Z1_2:15,,2024-05-10T06:01:08.367991Z,delphinID_clicks,click,Gme,0.466148
delphinID_clicks:Z1_2:15,,2024-05-10T06:01:08.367991Z,delphinID_clicks,click,Lal,0.254094
delphinID_clicks:Z1_2:15,,2024-05-10T06:01:08.367991Z,delphinID_clicks,click,Ttr,0.187807
delphinID_clicks:Z1_2:16,,2024-05-10T06:05:14.502611Z,delphinID_clicks,click,Dde,0.180903
delphinID_clicks:Z1_2:16,,2024-05-10T06:05:14.502611Z,delphinID_clicks,click,Ggr,0.031262
delphinID_clicks:Z1_2:16,,2024-05-10T06:05:14.502611Z,delphinID_clicks,click,Gme,0.443615
delphinID_clicks:Z1_2:16,,2024-05-10T06:05:14.502611Z,delphinID_clicks,click,Lal,0.213783
delphinID_clicks:Z1_2:16,,2024-05-10T06:05:14.502611Z,delphinID_clicks,click,Ttr,0.130436
delphinID_clicks:Z1_2:17,,2024-05-10T06:01:31.613932Z,delphinID_clicks,click,Dde,0.367087
delphinID_clicks:Z1_2:17,,2024-05-10T06:01:31.613932Z,delphinID_clicks,click,Ggr,0.238257
delphinID_clicks:Z1_2:17,,2024-05-10T06:01:31.613932Z,delphinID_clicks,click,Gme,0.178731
delphinID_clicks:Z1_2:17,,2024-05-10T06:01:31.613932Z,delphinID_clicks,click,Lal,0.21427
delphinID_clicks:Z1_2:17,,2024-05-10T06:01:31.613932Z,delphinID_clicks,click,Ttr,0.001656
delphinID_clicks:Z1_2:18,,2024-05-10T06:01:06.269784Z,delphinID_clicks,click,Dde,0.244752
delphinID_clicks:Z1_2:18,,2024-05-10T06:01:06.269784Z,delphinID_clicks,click,Ggr,0.160181
delphinID_clicks:Z1_2:18,,2024-05-10T06:01:06.269784Z,delphinID_clicks,click,Gme,0.041364
delphinID_clicks:Z1_2:18,,2024-05-10T06:01:06.269784Z,delphinID_clicks,click,Lal,0.553701
delphinID_clicks:Z1_2:18,,2024-05-10T06:01:06.269784Z,delphinID_clicks,click,Ttr,2e-06
delphinID_clicks:Z1_2:19,,2024-05-10T06:00:23.287924Z,delphinID_clicks,click,Dde,0.089608
delphinID_clicks:Z1_2:19,,2024-05-10T06:00:23.287924Z,delphinID_clicks,click,Ggr,0.034697
delphinID_clicks:Z1_2:19,,2024-05-10T06:00:23.287924Z,delphinID_clicks,click,Gme,0.00433
delphinID_clicks:Z1_2:19,,2024-05-10T06:00:23.287924Z,delphinID_clicks,click,Lal,0.671166
delphinID_clicks:Z1_2:19,,2024-05-10T06:00:23.287924Z,delphinID_clicks,click,Ttr,0.200199
delphinID_clicks:Z1_2:20,,2024-05-10T06:04:03.102864Z,delphinID_clicks,click,Dde,0.431928
delphinID_clicks:Z1_2:20,,2024-05-10T06:04:03.102864Z,delphinID_clicks,click,Ggr,0.00667
delphinID_clicks:Z1_2:20,,2024-05-10T06:04:03.102864Z,delphinID_clicks,click,Gme,0.052797
delphinID_clicks:Z1_2:20,,2024-05-10T06:04:03.102864Z,delphinID_clicks,click,Lal,0.243108
delphinID_clicks:Z1_2:20,,2024-05-10T06:04:03.102864Z,delphinID_clicks,click,Ttr,0.265498
delphinID_clicks:Z1_2:21,,2024-05-10T06:03:45.761692Z,delphinID_clicks,click,Dde,0.342633
delphinID_clicks:Z1_2:21,,2024-05-10T06:03:45.761692Z,delphinID_clicks,click,Ggr,0.067868
delphinID_clicks:Z1_2:21,,2024-05-10T06:03:45.761692Z,delphinID_clicks,click,Gme,0.27736
delphinID_clicks:Z1_2:21,,2024-05-10T06:03:45.761692Z,delphinID_clicks,click,Lal,0.266218
delphinID_clicks:Z1_2:21,,2024-05-10T06:03:45.761692Z,delphinID_clicks,click,Ttr,0.045921
delphinID_clicks:Z1_2:22,,2024-05-10T06:03:30.185242Z,delphinID_clicks,click,Dde,0.01286
delphinID_clicks:Z1_2:22,,2024-05-10T06:03:30.185242Z,delphinID_clicks,click,Ggr,0.088191
delphinID_clicks:Z1_2:22,,2024-05-10T06:03:30.185242Z,delphinID_clicks,click,Gme,0.21098
delphinID_clicks:Z1_2:22,,2024-05-10T06:03:30.185242Z,delphinID_clicks,click,Lal,0.083582
delphinID_clicks:Z1_2:22,,2024-05-10T06:03:30.185242Z,delphinID_clicks,click,Ttr,0.604387
delphinID_clicks:Z1_2:23,,2024-05-10T06:08:49.356568Z,delphinID_clicks,click,Dde,0.04852
delphinID_clicks:Z1_2:23,,2024-05-10T06:08:49.356568Z,delphinID_clicks,click,Ggr,0.087854
delphinID_clicks:Z1_2:23,,2024-05-10T06:08:49.356568Z,delphinID_clicks,click,Gme,0.358305
delphinID_clicks:Z1_2:23,,2024-05-10T06:08:49.356568Z,delphinID_clicks,click,Lal,0.067009
delphinID_clicks:Z1_2:23,,2024-05-10T06:08:49.356568Z,delphinID_clicks,click,Ttr,0.438312
delphinID_clicks:Z1_2:24,,2024-05-10T06:05:56.194562Z,delphinID_clicks,click,Dde,0.099027
delphinID_clicks:Z1_2:24,,2024-05-10T06:05:56.194562Z,delphinID_clicks,click,Ggr,0.020855
delphinID_clicks:Z1_2:24,,2024-05-10T06:05:56.194562Z,delphinID_clicks,click,Gme,0.30188
delphinID_clicks:Z1_2:24,,2024-05-10T06:05:56.194562Z,delphinID_clicks,click,Lal,0.561623
delphinID_clicks:Z1_2:24,,2024-05-10T06:05:56.194562Z,delphinID_clicks,click,Ttr,0.016615
delphinID_clicks:Z1_2:25,,2024-05-10T06:09:17.595153Z,delphinID_clicks,click,Dde,0.153876
delphinID_clicks:Z1_2:25,,2024-05-10T06:09:17.595153Z,delphinID_clicks,click,Ggr,0.197567
delphinID_clicks:Z1_2:25,,2024-05-10T06:09:17.595153Z,delphinID_clicks,click,Gme,0.595691
delphinID_clicks:Z1_2:25,,2024-05-10T06:09:17.595153Z,delphinID_clicks,click,Lal,0.028302
delphinID_clicks:Z1_2:25,,2024-05-10T06:09:17.595153Z,delphinID_clicks,click,Ttr,0.024564
delphinID_whistles:Z1_3:0,,2024-05-10T06:43:14.335514Z,delphinID_whistles,whistle,Dde,0.122261
delphinID_whistles:Z1_3:0,,2024-05-10T06:43:14.335514Z,delphinID_whistles,whistle,Ggr,0.130481
delphinID_whistles:Z1_3:0,,2024-05-10T06:43:14.335514Z,delphinID_whistles,whistle,Gme,0.184325
delphinID_whistles:Z1_3:0,,2024-05-10T06:43:14.335514Z,delphinID_whistles,whistle,Lac,0.336752
delphinID_whistles:Z1_3:0,,2024-05-10T06:43:14.335514Z,delphinID_whistles,whistle,Lal,0.000881
delphinID_whistles:Z1_3:0,,2024-05-10T06:43:14.335514Z,delphinID_whistles,whistle,Oor,0.006194
delphinID_whistles:Z1_3:0,,2024-05-10T06:43:14.335514Z,delphinID_whistles,whistle,Ttr,0.219106
delphinID_whistles:Z1_3:1,,2024-05-10T06:48:26.338387Z,delphinID_whistles,whistle,Dde,0.14479
delphinID_whistles:Z1_3:1,,2024-05-10T06:48:26.338387Z,delphinID_whistles,whistle,Ggr,0.328424
delphinID_whistles:Z1_3:1,,2024-05-10T06:48:26.338387Z,delphinID_whistles,whistle,Gme,0.063905
delphinID_whistles:Z1_3:1,,2024-05-10T06:48:26.338387Z,delphinID_whistles,whistle,Lac,0.02707
delphinID_whistles:Z1_3:1,,2024-05-10T06:48:26.338387Z,delphinID_whistles,whistle,Lal,0.006196
delphinID_whistles:Z1_3:1,,2024-05-10T06:48:26.338387Z,delphinID_whistles,whistle,Oor,0.429509
delphinID_whistles:Z1_3:1,,2024-05-10T06:48:26.338387Z,delphinID_whistles,whistle,Ttr,0.000105
delphinID_whistles:Z1_3:2,,2024-05-10T06:40:16.569737Z,delphinID_whistles,whistle,Dde,0.021349
delphinID_whistles:Z1_3:2,,2024-05-10T06:40:16.569737Z,delphinID_whistles,whistle,Ggr,0.634491
delphinID_whistles:Z1_3:2,,2024-05-10T06:40:16.569737Z,delphinID_whistles,whistle,Gme,0.157443
delphinID_whistles:Z1_3:2,,2024-05-10T06:40:16.569737Z,delphinID_whistles,whistle,Lac,0.136833
delphinID_whistles:Z1_3:2,,2024-05-10T06:40:16.569737Z,delphinID_whistles,whistle,Lal,0.016505
delphinID_whistles:Z1_3:2,,2024-05-10T06:40:16.569737Z,delphinID_whistles,whistle,Oor,0.032778
delphinID_whistles:Z1_3:2,,2024-05-10T06:40:16.569737Z,delphinID_whistles,whistle,Ttr,0.000602
delphinID_whistles:Z1_3:3,,2024-05-10T06:49:33.853766Z,delphinID_whistles,whistle,Dde,0.080889
delphinID_whistles:Z1_3:3,,2024-05-10T06:49:33.853766Z,delphinID_whistles,whistle,Ggr,0.140274
delphinID_whistles:Z1_3:3,,2024-05-10T06:49:33.853766Z,delphinID_whistles,whistle,Gme,0.196299
delphinID_whistles:Z1_3:3,,2024-05-10T06:49:33.853766Z,delphinID_whistles,whistle,Lac,0.074083
delphinID_whistles:Z1_3:3,,2024-05-10T06:49:33.853766Z,delphinID_whistles,whistle,Lal,0.143061
delphinID_whistles:Z1_3:3,,2024-05-10T06:49:33.853766Z,delphinID_whistles,whistle,Oor,0.134138
delphinID_whistles:Z1_3:3,,2024-05-10T06:49:33.853766Z,delphinID_whistles,whistle,Ttr,0.231257
delphinID_whistles:Z1_3:4,,2024-05-10T06:44:45.932582Z,delphinID_whistles,whistle,Dde,0.004142
delphinID_whistles:Z1_3:4,,2024-05-10T06:44:45.932582Z,delphinID_whistles,whistle,Ggr,0.000388
delphinID_whistles:Z1_3:4,,2024-05-10T06:44:45.932582Z,delphinID_whistles,whistle,Gme,0.284704
delphinID_whistles:Z1_3:4,,2024-05-10T06:44:45.932582Z,delphinID_whistles,whistle,Lac,0.003937
delphinID_whistles:Z1_3:4,,2024-05-10T06:44:45.932582Z,delphinID_whistles,whistle,Lal,0.399865
delphinID_whistles:Z1_3:4,,2024-05-10T06:44:45.932582Z,delphinID_whistles,whistle,Oor,0.135942
delphinID_whistles:Z1_3:4,,2024-05-10T06:44:45.932582Z,delphinID_whistles,whistle,Ttr,0.171022
delphinID_whistles:Z1_3:5,,2024-05-10T06:42:35.257168Z,delphinID_whistles,whistle,Dde,0.049305
delphinID_whistles:Z1_3:5,,2024-05-10T06:42:35.257168Z,delphinID_whistles,whistle,Ggr,0.012331
delphinID_whistles:Z1_3:5,,2024-05-10T06:42:35.257168Z,delphinID_whistles,whistle,Gme,0.10098
delphinID_whistles:Z1_3:5,,2024-05-10T06:42:35.257168Z,delphinID_whistles,whistle,Lac,0.287849
delphinID_whistles:Z1_3:5,,2024-05-10T06:42:35.257168Z,delphinID_whistles,whistle,Lal,0.058311
delphinID_whistles:Z1_3:5,,2024-05-10T06:42:35.257168Z,delphinID_whistles,whistle,Oor,0.190699
delphinID_whistles:Z1_3:5,,2024-05-10T06:42:35.257168Z,delphinID_whistles,whistle,Ttr,0.300524
delphinID_whistles:Z1_3:6,,2024-05-10T06:47:58.434228Z,delphinID_whistles,whistle,Dde,0.209153
delphinID_whistles:Z1_3:6,,2024-05-10T06:47:58.434228Z,delphinID_whistles,whistle,Ggr,0.021782
delphinID_whistles:Z1_3:6,,2024-05-10T06:47:58.434228Z,delphinID_whistles,whistle,Gme,0.553529
delphinID_whistles:Z1_3:6,,2024-05-10T06:47:58.434228Z,delphinID_whistles,whistle,Lac,0.051203
delphinID_whistles:Z1_3:6,,2024-05-10T06:47:58.434228Z,delphinID_whistles,whistle,Lal,0.131466
delphinID_whistles:Z1_3:6,,2024-05-10T06:47:58.434228Z,delphinID_whistles,whistle,Oor,0.026706
delphinID_whistles:Z1_3:6,,2024-05-10T06:47:58.434228Z,delphinID_whistles,whistle,Ttr,0.006161
delphinID_whistles:Z1_3:7,,2024-05-10T06:42:11.743064Z,delphinID_whistles,whistle,Dde,0.4077
delphinID_whistles:Z1_3:7,,2024-05-10T06:42:11.743064Z,delphinID_whistles,whistle,Ggr,0.002806
delphinID_whistles:Z1_3:7,,2024-05-10T06:42:11.743064Z,delphinID_whistles,whistle,Gme,0.150399
delphinID_whistles:Z1_3:7,,2024-05-10T06:42:11.743064Z,delphinID_whistles,whistle,Lac,0.011351
delphinID_whistles:Z1_3:7,,2024-05-10T06:42:11.743064Z,delphinID_whistles,whistle,Lal,0.042786
delphinID_whistles:Z1_3:7,,2024-05-10T06:42:11.743064Z,delphinID_whistles,whistle,Oor,0.100391
delphinID_whistles:Z1_3:7,,2024-05-10T06:42:11.743064Z,delphinID_whistles,whistle,Ttr,0.284567
delphinID_whistles:Z1_3:8,,2024-05-10T06:49:26.123078Z,delphinID_whistles,whistle,Dde,0.164647
delphinID_whistles:Z1_3:8,,2024-05-10T06:49:26.123078Z,delphinID_whistles,whistle,Ggr,0.565792
delphinID_whistles:Z1_3:8,,2024-05-10T06:49:26.123078Z,delphinID_whistles,whistle,Gme,0.125483
delphinID_whistles:Z1_3:8,,2024-05-10T06:49:26.123078Z,delphinID_whistles,whistle,Lac,0.010515
delphinID_whistles:Z1_3:8,,2024-05-10T06:49:26.123078Z,delphinID_whistles,whistle,Lal,0.003123
delphinID_whistles:Z1_3:8,,2024-05-10T06:49:26.123078Z,delphinID_whistles,whistle,Oor,0.116491
delphinID_whistles:Z1_3:8,,2024-05-10T06:49:26.123078Z,delphinID_whistles,whistle,Ttr,0.013949
delphinID_whistles:Z1_3:9,,2024-05-10T06:40:47.532724Z,delphinID_whistles,whistle,Dde,0.005025
delphinID_whistles:Z1_3:9,,2024-05-10T06:40:47.532724Z,delphinID_whistles,whistle,Ggr,0.020083
delphinID_whistles:Z1_3:9,,2024-05-10T06:40:47.532724Z,delphinID_whistles,whistle,Gme,0.27744
delphinID_whistles:Z1_3:9,,2024-05-10T06:40:47.532724Z,delphinID_whistles,whistle,Lac,0.129757
delphinID_whistles:Z1_3:9,,2024-05-10T06:40:47.532724Z,delphinID_whistles,whistle,Lal,0.367656
delphinID_whistles:Z1_3:9,,2024-05-10T06:40:47.532724Z,delphinID_whistles,whistle,Oor,0.043331
delphinID_whistles:Z1_3:9,,2024-05-10T06:40:47.532724Z,delphinID_whistles,whistle,Ttr,0.156708
delphinID_whistles:Z1_3:10,,2024-05-10T06:46:04.506816Z,delphinID_whistles,whistle,Dde,0.02335
delphinID_whistles:Z1_3:10,,2024-05-10T06:46:04.506816Z,delphinID_whistles,whistle,Ggr,0.133392
delphinID_whistles:Z1_3:10,,2024-05-10T06:46:04.506816Z,delphinID_whistles,whistle,Gme,0.46768
delphinID_whistles:Z1_3:10,,2024-05-10T06:46:04.506816Z,delphinID_whistles,whistle,Lac,0.028595
delphinID_whistles:Z1_3:10,,2024-05-10T06:46:04.506816Z,delphinID_whistles,whistle,Lal,0.271377
delphinID_whistles:Z1_3:10,,2024-05-10T06:46:04.506816Z,delphinID_whistles,whistle,Oor,0.009637
delphinID_whistles:Z1_3:10,,2024-05-10T06:46:04.506816Z,delphinID_whistles,whistle,Ttr,0.065969
delphinID_whistles:Z1_3:11,,2024-05-10T06:41:22.663115Z,delphinID_whistles,whistle,Dde,0.252864
delphinID_whistles:Z1_3:11,,2024-05-10T06:41:22.663115Z,delphinID_whistles,whistle,Ggr,0.441452
delphinID_whistles:Z1_3:11,,2024-05-10T06:41:22.663115Z,delphinID_whistles,whistle,Gme,0.126216
delphinID_whistles:Z1_3:11,,2024-05-10T06:41:22.663115Z,delphinID_whistles,whistle,Lac,0.030609
delphinID_whistles:Z1_3:11,,2024-05-10T06:41:22.663115Z,delphinID_whistles,whistle,Lal,0.010186
delphinID_whistles:Z1_3:11,,2024-05-10T06:41:22.663115Z,delphinID_whistles,whistle,Oor,0.036337
delphinID_whistles:Z1_3:11,,2024-05-10T06:41:22.663115Z,delphinID_whistles,whistle,Ttr,0.102336
delphinID_whistles:Z1_3:12,,2024-05-10T06:48:19.854709Z,delphinID_whistles,whistle,Dde,0.043395
delphinID_whistles:Z1_3:12,,2024-05-10T06:48:19.854709Z,delphinID_whistles,whistle,Ggr,0.004861
delphinID_whistles:Z1_3:12,,2024-05-10T06:48:19.854709Z,delphinID_whistles,whistle,Gme,0.410632
delphinID_whistles:Z1_3:12,,2024-05-10T06:48:19.854709Z,delphinID_whistles,whistle,Lac,0.000192
delphinID_whistles:Z1_3:12,,2024-05-10T06:48:19.854709Z,delphinID_whistles,whistle,Lal,0.094942
delphinID_whistles:Z1_3:12,,2024-05-10T06:48:19.854709Z,delphinID_whistles,whistle,Oor,0.089515
delphinID_whistles:Z1_3:12,,2024-05-10T06:48:19.854709Z,delphinID_whistles,whistle,Ttr,0.356463
delphinID_clicks:Z1_3:0,,2024-05-10T06:44:11.879993Z,delphinID_clicks,click,Dde,0.433945
delphinID_clicks:Z1_3:0,,2024-05-10T06:44:11.879993Z,delphinID_clicks,click,Ggr,0.006561
delphinID_clicks:Z1_3:0,,2024-05-10T06:44:11.879993Z,delphinID_clicks,click,Gme,0.103927
delphinID_clicks:Z1_3:0,,2024-05-10T06:44:11.879993Z,delphinID_clicks,click,Lal,0.189794
delphinID_clicks:Z1_3:0,,2024-05-10T06:44:11.879993Z,delphinID_clicks,click,Ttr,0.265773
delphinID_clicks:Z1_3:1,,2024-05-10T06:41:06.899134Z,delphinID_clicks,click,Dde,0.283212
delphinID_clicks:Z1_3:1,,2024-05-10T06:41:06.899134Z,delphinID_clicks,click,Ggr,0.131558
delphinID_clicks:Z1_3:1,,2024-05-10T06:41:06.899134Z,delphinID_clicks,click,Gme,0.010769
delphinID_clicks:Z1_3:1,,2024-05-10T06:41:06.899134Z,delphinID_clicks,click,Lal,0.124736
delphinID_clicks:Z1_3:1,,2024-05-10T06:41:06.899134Z,delphinID_clicks,click,Ttr,0.449726
delphinID_clicks:Z1_3:2,,2024-05-10T06:46:57.083698Z,delphinID_clicks,click,Dde,0.268627
delphinID_clicks:Z1_3:2,,2024-05-10T06:46:57.083698Z,delphinID_clicks,click,Ggr,0.236491
delphinID_clicks:Z1_3:2,,2024-05-10T06:46:57.083698Z,delphinID_clicks,click,Gme,0.10418
delphinID_clicks:Z1_3:2,,2024-05-10T06:46:57.083698Z,delphinID_clicks,click,Lal,0.351841
delphinID_clicks:Z1_3:2,,2024-05-10T06:46:57.083698Z,delphinID_clicks,click,Ttr,0.03886
delphinID_clicks:Z1_3:3,,2024-05-10T06:44:07.562728Z,delphinID_clicks,click,Dde,0.091854
delphinID_clicks:Z1_3:3,,2024-05-10T06:44:07.562728Z,delphinID_clicks,click,Ggr,0.076199
delphinID_clicks:Z1_3:3,,2024-05-10T06:44:07.562728Z,delphinID_clicks,click,Gme,0.110034
delphinID_clicks:Z1_3:3,,2024-05-10T06:44:07.562728Z,delphinID_clicks,click,Lal,0.504459
delphinID_clicks:Z1_3:3,,2024-05-10T06:44:07.562728Z,delphinID_clicks,click,Ttr,0.217454
delphinID_clicks:Z1_3:4,,2024-05-10T06:41:45.351510Z,delphinID_clicks,click,Dde,0.29527
delphinID_clicks:Z1_3:4,,2024-05-10T06:41:45.351510Z,delphinID_clicks,click,Ggr,0.014911
delphinID_clicks:Z1_3:4,,2024-05-10T06:41:45.351510Z,delphinID_clicks,click,Gme,0.369332
delphinID_clicks:Z1_3:4,,2024-05-10T06:41:45.351510Z,delphinID_clicks,click,Lal,0.292384
delphinID_clicks:Z1_3:4,,2024-05-10T06:41:45.351510Z,delphinID_clicks,click,Ttr,0.028103
delphinID_clicks:Z1_3:5,,2024-05-10T06:46:45.207782Z,delphinID_clicks,click,Dde,0.172344
delphinID_clicks:Z1_3:5,,2024-05-10T06:46:45.207782Z,delphinID_clicks,click,Ggr,0.025852
delphinID_clicks:Z1_3:5,,2024-05-10T06:46:45.207782Z,delphinID_clicks,click,Gme,0.000367
delphinID_clicks:Z1_3:5,,2024-05-10T06:46:45.207782Z,delphinID_clicks,click,Lal,0.755057
delphinID_clicks:Z1_3:5,,2024-05-10T06:46:45.207782Z,delphinID_clicks,click,Ttr,0.04638
delphinID_clicks:Z1_3:6,,2024-05-10T06:43:08.828035Z,delphinID_clicks,click,Dde,0.216662
delphinID_clicks:Z1_3:6,,2024-05-10T06:43:08.828035Z,delphinID_clicks,click,Ggr,0.447291
delphinID_clicks:Z1_3:6,,2024-05-10T06:43:08.828035Z,delphinID_clicks,click,Gme,0.013793
delphinID_clicks:Z1_3:6,,2024-05-10T06:43:08.828035Z,delphinID_clicks,click,Lal,0.268972
delphinID_clicks:Z1_3:6,,2024-05-10T06:43:08.828035Z,delphinID_clicks,click,Ttr,0.053282
delphinID_clicks:Z1_3:7,,2024-05-10T06:45:24.978675Z,delphinID_clicks,click,Dde,0.034809
delphinID_clicks:Z1_3:7,,2024-05-10T06:45:24.978675Z,delphinID_clicks,click,Ggr,0.114158
delphinID_clicks:Z1_3:7,,2024-05-10T06:45:24.978675Z,delphinID_clicks,click,Gme,0.177023
delphinID_clicks:Z1_3:7,,2024-05-10T06:45:24.978675Z,delphinID_clicks,click,Lal,0.639344
delphinID_clicks:Z1_3:7,,2024-05-10T06:45:24.978675Z,delphinID_clicks,click,Ttr,0.034666
delphinID_clicks:Z1_3:8,,2024-05-10T06:41:51.021934Z,delphinID_clicks,click,Dde,0.199872
delphinID_clicks:Z1_3:8,,2024-05-10T06:41:51.021934Z,delphinID_clicks,click,Ggr,0.169171
delphinID_clicks:Z1_3:8,,2024-05-10T06:41:51.021934Z,delphinID_clicks,click,Gme,0.128744
delphinID_clicks:Z1_3:8,,2024-05-10T06:41:51.021934Z,delphinID_clicks,click,Lal,0.484378
delphinID_clicks:Z1_3:8,,2024-05-10T06:41:51.021934Z,delphinID_clicks,click,Ttr,0.017835
delphinID_clicks:Z1_3:9,,2024-05-10T06:40:27.292192Z,delphinID_clicks,click,Dde,0.333896
delphinID_clicks:Z1_3:9,,2024-05-10T06:40:27.292192Z,delphinID_clicks,click,Ggr,0.007743
delphinID_clicks:Z1_3:9,,2024-05-10T06:40:27.292192Z,delphinID_clicks,click,Gme,0.615517
delphinID_clicks:Z1_3:9,,2024-05-10T06:40:27.292192Z,delphinID_clicks,click,Lal,0.031658
delphinID_clicks:Z1_3:9,,2024-05-10T06:40:27.292192Z,delphinID_clicks,click,Ttr,0.011186
delphinID_clicks:Z1_3:10,,2024-05-10T06:48:59.645320Z,delphinID_clicks,click,Dde,0.043806
delphinID_clicks:Z1_3:10,,2024-05-10T06:48:59.645320Z,delphinID_clicks,click,Ggr,0.236204
delphinID_clicks:Z1_3:10,,2024-05-10T06:48:59.645320Z,delphinID_clicks,click,Gme,0.070032
delphinID_clicks:Z1_3:10,,2024-05-10T06:48:59.645320Z,delphinID_clicks,click,Lal,0.537733
delphinID_clicks:Z1_3:10,,2024-05-10T06:48:59.645320Z,delphinID_clicks,click,Ttr,0.112226
delphinID_clicks:Z1_3:11,,2024-05-10T06:46:16.232205Z,delphinID_clicks,click,Dde,0.133701
delphinID_clicks:Z1_3:11,,2024-05-10T06:46:16.232205Z,delphinID_clicks,click,Ggr,0.053467
delphinID_clicks:Z1_3:11,,2024-05-10T06:46:16.232205Z,delphinID_clicks,click,Gme,0.358343
delphinID_clicks:Z1_3:11,,2024-05-10T06:46:16.232205Z,delphinID_clicks,click,Lal,0.454461
delphinID_clicks:Z1_3:11,,2024-05-10T06:46:16.232205Z,delphinID_clicks,click,Ttr,2.7e-05
delphinID_clicks:Z1_3:12,,2024-05-10T06:47:45.412628Z,delphinID_clicks,click,Dde,0.19422
delphinID_clicks:Z1_3:12,,2024-05-10T06:47:45.412628Z,delphinID_clicks,click,Ggr,0.013154
delphinID_clicks:Z1_3:12,,2024-05-10T06:47:45.412628Z,delphinID_clicks,click,Gme,0.453002
delphinID_clicks:Z1_3:12,,2024-05-10T06:47:45.412628Z,delphinID_clicks,click,Lal,0.001232
delphinID_clicks:Z1_3:12,,2024-05-10T06:47:45.412628Z,delphinID_clicks,click,Ttr,0.338392
delphinID_clicks:Z1_3:13,,2024-05-10T06:41:21.017284Z,delphinID_clicks,click,Dde,0.898693
delphinID_clicks:Z1_3:13,,2024-05-10T06:41:21.017284Z,delphinID_clicks,click,Ggr,0.000756
delphinID_clicks:Z1_3:13,,2024-05-10T06:41:21.017284Z,delphinID_clicks,click,Gme,0.068693
delphinID_clicks:Z1_3:13,,2024-05-10T06:41:21.017284Z,delphinID_clicks,click,Lal,0.031333
delphinID_clicks:Z1_3:13,,2024-05-10T06:41:21.017284Z,delphinID_clicks,click,Ttr,0.000526
delphinID_clicks:Z1_3:14,,2024-05-10T06:45:31.335392Z,delphinID_clicks,click,Dde,0.532911
delphinID_clicks:Z1_3:14,,2024-05-10T06:45:31.335392Z,delphinID_clicks,click,Ggr,0.319022
delphinID_clicks:Z1_3:14,,2024-05-10T06:45:31.335392Z,delphinID_clicks,click,Gme,0.036037
delphinID_clicks:Z1_3:14,,2024-05-10T06:45:31.335392Z,delphinID_clicks,click,Lal,0.109256
delphinID_clicks:Z1_3:14,,2024-05-10T06:45:31.335392Z,delphinID_clicks,click,Ttr,0.002774
delphinID_clicks:Z1_3:15,,2024-05-10T06:46:30.695269Z,delphinID_clicks,click,Dde,0.16656
delphinID_clicks:Z1_3:15,,2024-05-10T06:46:30.695269Z,delphinID_clicks,click,Ggr,7.2e-05
delphinID_clicks:Z1_3:15,,2024-05-10T06:46:30.695269Z,delphinID_clicks,click,Gme,0.652382
delphinID_clicks:Z1_3:15,,2024-05-10T06:46:30.695269Z,delphinID_clicks,click,Lal,0.112365
delphinID_clicks:Z1_3:15,,2024-05-10T06:46:30.695269Z,delphinID_clicks,click,Ttr,0.068621
delphinID_clicks:Z1_3:16,,2024-05-10T06:42:26.939875Z,delphinID_clicks,click,Dde,0.217831
delphinID_clicks:Z1_3:16,,2024-05-10T06:42:26.939875Z,delphinID_clicks,click,Ggr,0.277684
delphinID_clicks:Z1_3:16,,2024-05-10T06:42:26.939875Z,delphinID_clicks,click,Gme,0.021294
delphinID_clicks:Z1_3:16,,2024-05-10T06:42:26.939875Z,delphinID_clicks,click,Lal,0.264844
delphinID_clicks:Z1_3:16,,2024-05-10T06:42:26.939875Z,delphinID_clicks,click,Ttr,0.218347
delphinID_clicks:Z1_3:17,,2024-05-10T06:49:03.666779Z,delphinID_clicks,click,Dde,0.255294
delphinID_clicks:Z1_3:17,,2024-05-10T06:49:03.666779Z,delphinID_clicks,click,Ggr,0.173749
delphinID_clicks:Z1_3:17,,2024-05-10T06:49:03.666779Z,delphinID_clicks,click,Gme,0.004694
delphinID_clicks:Z1_3:17,,2024-05-10T06:49:03.666779Z,delphinID_clicks,click,Lal,0.408687
delphinID_clicks:Z1_3:17,,2024-05-10T06:49:03.666779Z,delphinID_clicks,click,Ttr,0.157576
delphinID_clicks:Z1_3:18,,2024-05-10T06:42:03.438938Z,delphinID_clicks,click,Dde,0.016477
delphinID_clicks:Z1_3:18,,2024-05-10T06:42:03.438938Z,delphinID_clicks,click,Ggr,0.212267
delphinID_clicks:Z1_3:18,,2024-05-10T06:42:03.438938Z,delphinID_clicks,click,Gme,0.025673
delphinID_clicks:Z1_3:18,,2024-05-10T06:42:03.438938Z,delphinID_clicks,click,Lal,0.671886
delphinID_clicks:Z1_3:18,,2024-05-10T06:42:03.438938Z,delphinID_clicks,click,Ttr,0.073697
delphinID_clicks:Z1_3:19,,2024-05-10T06:47:09.688630Z,delphinID_clicks,click,Dde,0.076695
delphinID_clicks:Z1_3:19,,2024-05-10T06:47:09.688630Z,delphinID_clicks,click,Ggr,0.010125
delphinID_clicks:Z1_3:19,,2024-05-10T06:47:09.688630Z,delphinID_clicks,click,Gme,0.568962
delphinID_clicks:Z1_3:19,,2024-05-10T06:47:09.688630Z,delphinID_clicks,click,Lal,0.153539
delphinID_clicks:Z1_3:19,,2024-05-10T06:47:09.688630Z,delphinID_clicks,click,Ttr,0.190679
delphinID_clicks:Z1_3:20,,2024-05-10T06:48:30.864763Z,delphinID_clicks,click,Dde,0.076274
delphinID_clicks:Z1_3:20,,2024-05-10T06:48:30.864763Z,delphinID_clicks,click,Ggr,0.008059
delphinID_clicks:Z1_3:20,,2024-05-10T06:48:30.864763Z,delphinID_clicks,click,Gme,0.622376
delphinID_clicks:Z1_3:20,,2024-05-10T06:48:30.864763Z,delphinID_clicks,click,Lal,0.192784
delphinID_clicks:Z1_3:20,,2024-05-10T06:48:30.864763Z,delphinID_clicks,click,Ttr,0.100508
delphinID_whistles:Z1_4:0,,2024-05-10T07:22:55.044781Z,delphinID_whistles,whistle,Dde,0.174468
delphinID_whistles:Z1_4:0,,2024-05-10T07:22:55.044781Z,delphinID_whistles,whistle,Ggr,0.089328
delphinID_whistles:Z1_4:0,,2024-05-10T07:22:55.044781Z,delphinID_whistles,whistle,Gme,0.410279
delphinID_whistles:Z1_4:0,,2024-05-10T07:22:55.044781Z,delphinID_whistles,whistle,Lac,0.01091
delphinID_whistles:Z1_4:0,,2024-05-10T07:22:55.044781Z,delphinID_whistles,whistle,Lal,0.212647
delphinID_whistles:Z1_4:0,,2024-05-10T07:22:55.044781Z,delphinID_whistles,whistle,Oor,0.00588
delphinID_whistles:Z1_4:0,,2024-05-10T07:22:55.044781Z,delphinID_whistles,whistle,Ttr,0.096488
delphinID_whistles:Z1_4:1,,2024-05-10T07:29:54.100680Z,delphinID_whistles,whistle,Dde,0.000989
delphinID_whistles:Z1_4:1,,2024-05-10T07:29:54.100680Z,delphinID_whistles,whistle,Ggr,0.557075
delphinID_whistles:Z1_4:1,,2024-05-10T07:29:54.100680Z,delphinID_whistles,whistle,Gme,0.049241
delphinID_whistles:Z1_4:1,,2024-05-10T07:29:54.100680Z,delphinID_whistles,whistle,Lac,0.180376
delphinID_whistles:Z1_4:1,,2024-05-10T07:29:54.100680Z,delphinID_whistles,whistle,Lal,0.140903
delphinID_whistles:Z1_4:1,,2024-05-10T07:29:54.100680Z,delphinID_whistles,whistle,Oor,1.2e-05
delphinID_whistles:Z1_4:1,,2024-05-10T07:29:54.100680Z,delphinID_whistles,whistle,Ttr,0.071404
delphinID_whistles:Z1_4:2,,2024-05-10T07:21:22.568759Z,delphinID_whistles,whistle,Dde,0.500054
delphinID_whistles:Z1_4:2,,2024-05-10T07:21:22.568759Z,delphinID_whistles,whistle,Ggr,0.074193
delphinID_whistles:Z1_4:2,,2024-05-10T07:21:22.568759Z,delphinID_whistles,whistle,Gme,0.127027
delphinID_whistles:Z1_4:2,,2024-05-10T07:21:22.568759Z,delphinID_whistles,whistle,Lac,0.13716
delphinID_whistles:Z1_4:2,,2024-05-10T07:21:22.568759Z,delphinID_whistles,whistle,Lal,0.004919
delphinID_whistles:Z1_4:2,,2024-05-10T07:21:22.568759Z,delphinID_whistles,whistle,Oor,9.4e-05
delphinID_whistles:Z1_4:2,,2024-05-10T07:21:22.568759Z,delphinID_whistles,whistle,Ttr,0.156552
delphinID_whistles:Z1_4:3,,2024-05-10T07:21:15.862895Z,delphinID_whistles,whistle,Dde,0.02866
delphinID_whistles:Z1_4:3,,2024-05-10T07:21:15.862895Z,delphinID_whistles,whistle,Ggr,0.019096
delphinID_whistles:Z1_4:3,,2024-05-10T07:21:15.862895Z,delphinID_whistles,whistle,Gme,0.799107
delphinID_whistles:Z1_4:3,,2024-05-10T07:21:15.862895Z,delphinID_whistles,whistle,Lac,0.006729
delphinID_whistles:Z1_4:3,,2024-05-10T07:21:15.862895Z,delphinID_whistles,whistle,Lal,0.002531
delphinID_whistles:Z1_4:3,,2024-05-10T07:21:15.862895Z,delphinID_whistles,whistle,Oor,0.093961
delphinID_whistles:Z1_4:3,,2024-05-10T07:21:15.862895Z,delphinID_whistles,whistle,Ttr,0.049917
delphinID_whistles:Z1_4:4,,2024-05-10T07:22:14.652260Z,delphinID_whistles,whistle,Dde,0.135685
delphinID_whistles:Z1_4:4,,2024-05-10T07:22:14.652260Z,delphinID_whistles,whistle,Ggr,0.013931
delphinID_whistles:Z1_4:4,,2024-05-10T07:22:14.652260Z,delphinID_whistles,whistle,Gme,0.494596
delphinID_whistles:Z1_4:4,,2024-05-10T07:22:14.652260Z,delphinID_whistles,whistle,Lac,0.16378
delphinID_whistles:Z1_4:4,,2024-05-10T07:22:14.652260Z,delphinID_whistles,whistle,Lal,0.080473
delphinID_whistles:Z1_4:4,,2024-05-10T07:22:14.652260Z,delphinID_whistles,whistle,Oor,6e-05
delphinID_whistles:Z1_4:4,,2024-05-10T07:22:14.652260Z,delphinID_whistles,whistle,Ttr,0.111474
delphinID_whistles:Z1_4:5,,2024-05-10T07:28:36.321545Z,delphinID_whistles,whistle,Dde,0.019337
delphinID_whistles:Z1_4:5,,2024-05-10T07:28:36.321545Z,delphinID_whistles,whistle,Ggr,0.325524
delphinID_whistles:Z1_4:5,,2024-05-10T07:28:36.321545Z,delphinID_whistles,whistle,Gme,0.218731
delphinID_whistles:Z1_4:5,,2024-05-10T07:28:36.321545Z,delphinID_whistles,whistle,Lac,0.002794
delphinID_whistles:Z1_4:5,,2024-05-10T07:28:36.321545Z,delphinID_whistles,whistle,Lal,0.004635
delphinID_whistles:Z1_4:5,,2024-05-10T07:28:36.321545Z,delphinID_whistles,whistle,Oor,0.423078
delphinID_whistles:Z1_4:5,,2024-05-10T07:28:36.321545Z,delphinID_whistles,whistle,Ttr,0.0059
delphinID_whistles:Z1_4:6,,2024-05-10T07:24:08.058633Z,delphinID_whistles,whistle,Dde,0.015568
delphinID_whistles:Z1_4:6,,2024-05-10T07:24:08.058633Z,delphinID_whistles,whistle,Ggr,0.019587
delphinID_whistles:Z1_4:6,,2024-05-10T07:24:08.058633Z,delphinID_whistles,whistle,Gme,0.063925
delphinID_whistles:Z1_4:6,,2024-05-10T07:24:08.058633Z,delphinID_whistles,whistle,Lac,0.061566
delphinID_whistles:Z1_4:6,,2024-05-10T07:24:08.058633Z,delphinID_whistles,whistle,Lal,0.804837
delphinID_whistles:Z1_4:6,,2024-05-10T07:24:08.058633Z,delphinID_whistles,whistle,Oor,0.034197
delphinID_whistles:Z1_4:6,,2024-05-10T07:24:08.058633Z,delphinID_whistles,whistle,Ttr,0.000319
delphinID_whistles:Z1_4:7,,2024-05-10T07:20:10.158833Z,delphinID_whistles,whistle,Dde,0.151707
delphinID_whistles:Z1_4:7,,2024-05-10T07:20:10.158833Z,delphinID_whistles,whistle,Ggr,0.377598
delphinID_whistles:Z1_4:7,,2024-05-10T07:20:10.158833Z,delphinID_whistles,whistle,Gme,0.020752
delphinID_whistles:Z1_4:7,,2024-05-10T07:20:10.158833Z,delphinID_whistles,whistle,Lac,0.093143
delphinID_whistles:Z1_4:7,,2024-05-10T07:20:10.158833Z,delphinID_whistles,whistle,Lal,0.160365
delphinID_whistles:Z1_4:7,,2024-05-10T07:20:10.158833Z,delphinID_whistles,whistle,Oor,0.183914
delphinID_whistles:Z1_4:7,,2024-05-10T07:20:10.158833Z,delphinID_whistles,whistle,Ttr,0.01252
delphinID_whistles:Z1_4:8,,2024-05-10T07:26:52.633188Z,delphinID_whistles,whistle,Dde,0.001242
delphinID_whistles:Z1_4:8,,2024-05-10T07:26:52.633188Z,delphinID_whistles,whistle,Ggr,0.415108
delphinID_whistles:Z1_4:8,,2024-05-10T07:26:52.633188Z,delphinID_whistles,whistle,Gme,0.198974
delphinID_whistles:Z1_4:8,,2024-05-10T07:26:52.633188Z,delphinID_whistles,whistle,Lac,0.003274
delphinID_whistles:Z1_4:8,,2024-05-10T07:26:52.633188Z,delphinID_whistles,whistle,Lal,0.324438
delphinID_whistles:Z1_4:8,,2024-05-10T07:26:52.633188Z,delphinID_whistles,whistle,Oor,0.004288
delphinID_whistles:Z1_4:8,,2024-05-10T07:26:52.633188Z,delphinID_whistles,whistle,Ttr,0.052676
delphinID_whistles:Z1_4:9,,2024-05-10T07:21:38.917338Z,delphinID_whistles,whistle,Dde,0.005017
delphinID_whistles:Z1_4:9,,2024-05-10T07:21:38.917338Z,delphinID_whistles,whistle,Ggr,0.0177
delphinID_whistles:Z1_4:9,,2024-05-10T07:21:38.917338Z,delphinID_whistles,whistle,Gme,0.280384
delphinID_whistles:Z1_4:9,,2024-05-10T07:21:38.917338Z,delphinID_whistles,whistle,Lac,0.145319
delphinID_whistles:Z1_4:9,,2024-05-10T07:21:38.917338Z,delphinID_whistles,whistle,Lal,0.069431
delphinID_whistles:Z1_4:9,,2024-05-10T07:21:38.917338Z,delphinID_whistles,whistle,Oor,0.438418
delphinID_whistles:Z1_4:9,,2024-05-10T07:21:38.917338Z,delphinID_whistles,whistle,Ttr,0.043731
delphinID_whistles:Z1_4:10,,2024-05-10T07:22:32.201544Z,delphinID_whistles,whistle,Dde,0.031747
delphinID_whistles:Z1_4:10,,2024-05-10T07:22:32.201544Z,delphinID_whistles,whistle,Ggr,0.096881
delphinID_whistles:Z1_4:10,,2024-05-10T07:22:32.201544Z,delphinID_whistles,whistle,Gme,0.169649
delphinID_whistles:Z1_4:10,,2024-05-10T07:22:32.201544Z,delphinID_whistles,whistle,Lac,0.241886
delphinID_whistles:Z1_4:10,,2024-05-10T07:22:32.201544Z,delphinID_whistles,whistle,Lal,0.00631
delphinID_whistles:Z1_4:10,,2024-05-10T07:22:32.201544Z,delphinID_whistles,whistle,Oor,0.20273
delphinID_whistles:Z1_4:10,,2024-05-10T07:22:32.201544Z,delphinID_whistles,whistle,Ttr,0.250796
delphinID_whistles:Z1_4:11,,2024-05-10T07:23:48.345840Z,delphinID_whistles,whistle,Dde,0.230818
delphinID_whistles:Z1_4:11,,2024-05-10T07:23:48.345840Z,delphinID_whistles,whistle,Ggr,0.090142
delphinID_whistles:Z1_4:11,,2024-05-10T07:23:48.345840Z,delphinID_whistles,whistle,Gme,0.069941
delphinID_whistles:Z1_4:11,,2024-05-10T07:23:48.345840Z,delphinID_whistles,whistle,Lac,0.1292
delphinID_whistles:Z1_4:11,,2024-05-10T07:23:48.345840Z,delphinID_whistles,whistle,Lal,0.086841
delphinID_whistles:Z1_4:11,,2024-05-10T07:23:48.345840Z,delphinID_whistles,whistle,Oor,0.019108
delphinID_whistles:Z1_4:11,,2024-05-10T07:23:48.345840Z,delphinID_whistles,whistle,Ttr,0.373951
delphinID_whistles:Z1_4:12,,2024-05-10T07:25:59.907117Z,delphinID_whistles,whistle,Dde,0.003522
delphinID_whistles:Z1_4:12,,2024-05-10T07:25:59.907117Z,delphinID_whistles,whistle,Ggr,0.002141
delphinID_whistles:Z1_4:12,,2024-05-10T07:25:59.907117Z,delphinID_whistles,whistle,Gme,0.76119
delphinID_whistles:Z1_4:12,,2024-05-10T07:25:59.907117Z,delphinID_whistles,whistle,Lac,0.010135
delphinID_whistles:Z1_4:12,,2024-05-10T07:25:59.907117Z,delphinID_whistles,whistle,Lal,0.001448
delphinID_whistles:Z1_4:12,,2024-05-10T07:25:59.907117Z,delphinID_whistles,whistle,Oor,0.148054
delphinID_whistles:Z1_4:12,,2024-05-10T07:25:59.907117Z,delphinID_whistles,whistle,Ttr,0.07351
delphinID_whistles:Z1_4:13,,2024-05-10T07:20:18.896340Z,delphinID_whistles,whistle,Dde,0.066447
delphinID_whistles:Z1_4:13,,2024-05-10T07:20:18.896340Z,delphinID_whistles,whistle,Ggr,0.025583
delphinID_whistles:Z1_4:13,,2024-05-10T07:20:18.896340Z,delphinID_whistles,whistle,Gme,0.288107
delphinID_whistles:Z1_4:13,,2024-05-10T07:20:18.896340Z,delphinID_whistles,whistle,Lac,0.067588
delphinID_whistles:Z1_4:13,,2024-05-10T07:20:18.896340Z,delphinID_whistles,whistle,Lal,0.117619
delphinID_whistles:Z1_4:13,,2024-05-10T07:20:18.896340Z,delphinID_whistles,whistle,Oor,0.013032
delphinID_whistles:Z1_4:13,,2024-05-10T07:20:18.896340Z,delphinID_whistles,whistle,Ttr,0.421624
delphinID_whistles:Z1_4:14,,2024-05-10T07:29:28.402705Z,delphinID_whistles,whistle,Dde,0.000601
delphinID_whistles:Z1_4:14,,2024-05-10T07:29:28.402705Z,delphinID_whistles,whistle,Ggr,0.255965
delphinID_whistles:Z1_4:14,,2024-05-10T07:29:28.402705Z,delphinID_whistles,whistle,Gme,0.213475
delphinID_whistles:Z1_4:14,,2024-05-10T07:29:28.402705Z,delphinID_whistles,whistle,Lac,2e-06
delphinID_whistles:Z1_4:14,,2024-05-10T07:29:28.402705Z,delphinID_whistles,whistle,Lal,0.110155
delphinID_whistles:Z1_4:14,,2024-05-10T07:29:28.402705Z,delphinID_whistles,whistle,Oor,0.088411
delphinID_whistles:Z1_4:14,,2024-05-10T07:29:28.402705Z,delphinID_whistles,whistle,Ttr,0.331391
delphinID_whistles:Z1_4:15,,2024-05-10T07:21:40.559600Z,delphinID_whistles,whistle,Dde,0.036741
delphinID_whistles:Z1_4:15,,2024-05-10T07:21:40.559600Z,delphinID_whistles,whistle,Ggr,0.105964
delphinID_whistles:Z1_4:15,,2024-05-10T07:21:40.559600Z,delphinID_whistles,whistle,Gme,0.066332
delphinID_whistles:Z1_4:15,,2024-05-10T07:21:40.559600Z,delphinID_whistles,whistle,Lac,0.523978
delphinID_whistles:Z1_4:15,,2024-05-10T07:21:40.559600Z,delphinID_whistles,whistle,Lal,0.023097
delphinID_whistles:Z1_4:15,,2024-05-10T07:21:40.559600Z,delphinID_whistles,whistle,Oor,0.173875
delphinID_whistles:Z1_4:15,,2024-05-10T07:21:40.559600Z,delphinID_whistles,whistle,Ttr,0.070013
delphinID_clicks:Z1_4:0,,2024-05-10T07:21:44.674433Z,delphinID_clicks,click,Dde,0.197465
delphinID_clicks:Z1_4:0,,2024-05-10T07:21:44.674433Z,delphinID_clicks,click,Ggr,0.379857
delphinID_clicks:Z1_4:0,,2024-05-10T07:21:44.674433Z,delphinID_clicks,click,Gme,0.043314
delphinID_clicks:Z1_4:0,,2024-05-10T07:21:44.674433Z,delphinID_clicks,click,Lal,0.374056
delphinID_clicks:Z1_4:0,,2024-05-10T07:21:44.674433Z,delphinID_clicks,click,Ttr,0.005308
delphinID_clicks:Z1_4:1,,2024-05-10T07:27:54.454617Z,delphinID_clicks,click,Dde,0.081316
delphinID_clicks:Z1_4:1,,2024-05-10T07:27:54.454617Z,delphinID_clicks,click,Ggr,0.125371
delphinID_clicks:Z1_4:1,,2024-05-10T07:27:54.454617Z,delphinID_clicks,click,Gme,0.000122
delphinID_clicks:Z1_4:1,,2024-05-10T07:27:54.454617Z,delphinID_clicks,click,Lal,0.162112
delphinID_clicks:Z1_4:1,,2024-05-10T07:27:54.454617Z,delphinID_clicks,click,Ttr,0.631078
delphinID_clicks:Z1_4:2,,2024-05-10T07:22:44.617612Z,delphinID_clicks,click,Dde,0.220822
delphinID_clicks:Z1_4:2,,2024-05-10T07:22:44.617612Z,delphinID_clicks,click,Ggr,0.096894
delphinID_clicks:Z1_4:2,,2024-05-10T07:22:44.617612Z,delphinID_clicks,click,Gme,0.004299
delphinID_clicks:Z1_4:2,,2024-05-10T07:22:44.617612Z,delphinID_clicks,click,Lal,0.375465
delphinID_clicks:Z1_4:2,,2024-05-10T07:22:44.617612Z,delphinID_clicks,click,Ttr,0.30252
delphinID_clicks:Z1_4:3,,2024-05-10T07:21:29.570179Z,delphinID_clicks,click,Dde,0.137835
delphinID_clicks:Z1_4:3,,2024-05-10T07:21:29.570179Z,delphinID_clicks,click,Ggr,0.1837
delphinID_clicks:Z1_4:3,,2024-05-10T07:21:29.570179Z,delphinID_clicks,click,Gme,0.428113
delphinID_clicks:Z1_4:3,,2024-05-10T07:21:29.570179Z,delphinID_clicks,click,Lal,0.062505
delphinID_clicks:Z1_4:3,,2024-05-10T07:21:29.570179Z,delphinID_clicks,click,Ttr,0.187847
delphinID_clicks:Z1_4:4,,2024-05-10T07:26:18.813204Z,delphinID_clicks,click,Dde,0.040587
delphinID_clicks:Z1_4:4,,2024-05-10T07:26:18.813204Z,delphinID_clicks,click,Ggr,0.01385
delphinID_clicks:Z1_4:4,,2024-05-10T07:26:18.813204Z,delphinID_clicks,click,Gme,0.179391
delphinID_clicks:Z1_4:4,,2024-05-10T07:26:18.813204Z,delphinID_clicks,click,Lal,0.766106
delphinID_clicks:Z1_4:4,,2024-05-10T07:26:18.813204Z,delphinID_clicks,click,Ttr,6.6e-05
delphinID_clicks:Z1_4:5,,2024-05-10T07:25:59.208824Z,delphinID_clicks,click,Dde,0.278663
delphinID_clicks:Z1_4:5,,2024-05-10T07:25:59.208824Z,delphinID_clicks,click,Ggr,0.001326
delphinID_clicks:Z1_4:5,,2024-05-10T07:25:59.208824Z,delphinID_clicks,click,Gme,0.548707
delphinID_clicks:Z1_4:5,,2024-05-10T07:25:59.208824Z,delphinID_clicks,click,Lal,0.168644
delphinID_clicks:Z1_4:5,,2024-05-10T07:25:59.208824Z,delphinID_clicks,click,Ttr,0.00266
delphinID_clicks:Z1_4:6,,2024-05-10T07:24:33.629223Z,delphinID_clicks,click,Dde,0.504172
delphinID_clicks:Z1_4:6,,2024-05-10T07:24:33.629223Z,delphinID_clicks,click,Ggr,0.152134
delphinID_clicks:Z1_4:6,,2024-05-10T07:24:33.629223Z,delphinID_clicks,click,Gme,0.160371
delphinID_clicks:Z1_4:6,,2024-05-10T07:24:33.629223Z,delphinID_clicks,click,Lal,0.167551
delphinID_clicks:Z1_4:6,,2024-05-10T07:24:33.629223Z,delphinID_clicks,click,Ttr,0.015772
delphinID_clicks:Z1_4:7,,2024-05-10T07:25:15.662284Z,delphinID_clicks,click,Dde,0.057165
delphinID_clicks:Z1_4:7,,2024-05-10T07:25:15.662284Z,delphinID_clicks,click,Ggr,0.07025
delphinID_clicks:Z1_4:7,,2024-05-10T07:25:15.662284Z,delphinID_clicks,click,Gme,0.007864
delphinID_clicks:Z1_4:7,,2024-05-10T07:25:15.662284Z,delphinID_clicks,click,Lal,0.175977
delphinID_clicks:Z1_4:7,,2024-05-10T07:25:15.662284Z,delphinID_clicks,click,Ttr,0.688744
delphinID_clicks:Z1_4:8,,2024-05-10T07:21:16.234721Z,delphinID_clicks,click,Dde,0.168044
delphinID_clicks:Z1_4:8,,2024-05-10T07:21:16.234721Z,delphinID_clicks,click,Ggr,0.254581
delphinID_clicks:Z1_4:8,,2024-05-10T07:21:16.234721Z,delphinID_clicks,click,Gme,0.036529
delphinID_clicks:Z1_4:8,,2024-05-10T07:21:16.234721Z,delphinID_clicks,click,Lal,0.114517
delphinID_clicks:Z1_4:8,,2024-05-10T07:21:16.234721Z,delphinID_clicks,click,Ttr,0.426329
delphinID_clicks:Z1_4:9,,2024-05-10T07:27:25.857934Z,delphinID_clicks,click,Dde,0.193622
delphinID_clicks:Z1_4:9,,2024-05-10T07:27:25.857934Z,delphinID_clicks,click,Ggr,0.030287
delphinID_clicks:Z1_4:9,,2024-05-10T07:27:25.857934Z,delphinID_clicks,click,Gme,0.202102
delphinID_clicks:Z1_4:9,,2024-05-10T07:27:25.857934Z,delphinID_clicks,click,Lal,0.436214
delphinID_clicks:Z1_4:9,,2024-05-10T07:27:25.857934Z,delphinID_clicks,click,Ttr,0.137775
delphinID_clicks:Z1_4:10,,2024-05-10T07:21:36.749105Z,delphinID_clicks,click,Dde,0.142496
delphinID_clicks:Z1_4:10,,2024-05-10T07:21:36.749105Z,delphinID_clicks,click,Ggr,0.221303
delphinID_clicks:Z1_4:10,,2024-05-10T07:21:36.749105Z,delphinID_clicks,click,Gme,0.361195
delphinID_clicks:Z1_4:10,,2024-05-10T07:21:36.749105Z,delphinID_clicks,click,Lal,0.120554
delphinID_clicks:Z1_4:10,,2024-05-10T07:21:36.749105Z,delphinID_clicks,click,Ttr,0.154453
delphinID_clicks:Z1_4:11,,2024-05-10T07:21:36.998214Z,delphinID_clicks,click,Dde,0.57019
delphinID_clicks:Z1_4:11,,2024-05-10T07:21:36.998214Z,delphinID_clicks,click,Ggr,0.025634
delphinID_clicks:Z1_4:11,,2024-05-10T07:21:36.998214Z,delphinID_clicks,click,Gme,2.7e-05
delphinID_clicks:Z1_4:11,,2024-05-10T07:21:36.998214Z,delphinID_clicks,click,Lal,0.144229
delphinID_clicks:Z1_4:11,,2024-05-10T07:21:36.998214Z,delphinID_clicks,click,Ttr,0.25992
delphinID_clicks:Z1_4:12,,2024-05-10T07:23:56.472833Z,delphinID_clicks,click,Dde,0.492679
delphinID_clicks:Z1_4:12,,2024-05-10T07:23:56.472833Z,delphinID_clicks,click,Ggr,0.016104
delphinID_clicks:Z1_4:12,,2024-05-10T07:23:56.472833Z,delphinID_clicks,click,Gme,0.010845
delphinID_clicks:Z1_4:12,,2024-05-10T07:23:56.472833Z,delphinID_clicks,click,Lal,0.477771
delphinID_clicks:Z1_4:12,,2024-05-10T07:23:56.472833Z,delphinID_clicks,click,Ttr,0.002601
delphinID_clicks:Z1_4:13,,2024-05-10T07:22:59.939923Z,delphinID_clicks,click,Dde,0.002535
delphinID_clicks:Z1_4:13,,2024-05-10T07:22:59.939923Z,delphinID_clicks,click,Ggr,0.195476
delphinID_clicks:Z1_4:13,,2024-05-10T07:22:59.939923Z,delphinID_clicks,click,Gme,0.22377
delphinID_clicks:Z1_4:13,,2024-05-10T07:22:59.939923Z,delphinID_clicks,click,Lal,0.56682
delphinID_clicks:Z1_4:13,,2024-05-10T07:22:59.939923Z,delphinID_clicks,click,Ttr,0.011399
delphinID_clicks:Z1_4:14,,2024-05-10T07:23:14.354886Z,delphinID_clicks,click,Dde,7.3e-05
delphinID_clicks:Z1_4:14,,2024-05-10T07:23:14.354886Z,delphinID_clicks,click,Ggr,0.098754
delphinID_clicks:Z1_4:14,,2024-05-10T07:23:14.354886Z,delphinID_clicks,click,Gme,0.035254
delphinID_clicks:Z1_4:14,,2024-05-10T07:23:14.354886Z,delphinID_clicks,click,Lal,0.672748
delphinID_clicks:Z1_4:14,,2024-05-10T07:23:14.354886Z,delphinID_clicks,click,Ttr,0.193171
delphinID_clicks:Z1_4:15,,2024-05-10T07:21:17.637727Z,delphinID_clicks,click,Dde,0.066473
delphinID_clicks:Z1_4:15,,2024-05-10T07:21:17.637727Z,delphinID_clicks,click,Ggr,0.356825
delphinID_clicks:Z1_4:15,,2024-05-10T07:21:17.637727Z,delphinID_clicks,click,Gme,0.156369
delphinID_clicks:Z1_4:15,,2024-05-10T07:21:17.637727Z,delphinID_clicks,click,Lal,0.161738
delphinID_clicks:Z1_4:15,,2024-05-10T07:21:17.637727Z,delphinID_clicks,click,Ttr,0.258594
delphinID_clicks:Z1_4:16,,2024-05-10T07:26:57.210661Z,delphinID_clicks,click,Dde,0.010024
delphinID_clicks:Z1_4:16,,2024-05-10T07:26:57.210661Z,delphinID_clicks,click,Ggr,0.421592
delphinID_clicks:Z1_4:16,,2024-05-10T07:26:57.210661Z,delphinID_clicks,click,Gme,0.007733
delphinID_clicks:Z1_4:16,,2024-05-10T07:26:57.210661Z,delphinID_clicks,click,Lal,0.166749
delphinID_clicks:Z1_4:16,,2024-05-10T07:26:57.210661Z,delphinID_clicks,click,Ttr,0.393901
delphinID_clicks:Z1_4:17,,2024-05-10T07:29:05.777516Z,delphinID_clicks,click,Dde,0.074474
delphinID_clicks:Z1_4:17,,2024-05-10T07:29:05.777516Z,delphinID_clicks,click,Ggr,0.010324
delphinID_clicks:Z1_4:17,,2024-05-10T07:29:05.777516Z,delphinID_clicks,click,Gme,0.277828
delphinID_clicks:Z1_4:17,,2024-05-10T07:29:05.777516Z,delphinID_clicks,click,Lal,0.076285
delphinID_clicks:Z1_4:17,,2024-05-10T07:29:05.777516Z,delphinID_clicks,click,Ttr,0.561089
delphinID_clicks:Z1_4:18,,2024-05-10T07:29:36.380250Z,delphinID_clicks,click,Dde,0.269545
delphinID_clicks:Z1_4:18,,2024-05-10T07:29:36.380250Z,delphinID_clicks,click,Ggr,0.050171
delphinID_clicks:Z1_4:18,,2024-05-10T07:29:36.380250Z,delphinID_clicks,click,Gme,0.200336
delphinID_clicks:Z1_4:18,,2024-05-10T07:29:36.380250Z,delphinID_clicks,click,Lal,0.255003
delphinID_clicks:Z1_4:18,,2024-05-10T07:29:36.380250Z,delphinID_clicks,click,Ttr,0.224945
delphinID_clicks:Z1_4:19,,2024-05-10T07:23:32.721728Z,delphinID_clicks,click,Dde,0.29513
delphinID_clicks:Z1_4:19,,2024-05-10T07:23:32.721728Z,delphinID_clicks,click,Ggr,0.013809
delphinID_clicks:Z1_4:19,,2024-05-10T07:23:32.721728Z,delphinID_clicks,click,Gme,0.12006
delphinID_clicks:Z1_4:19,,2024-05-10T07:23:32.721728Z,delphinID_clicks,click,Lal,0.559595
delphinID_clicks:Z1_4:19,,2024-05-10T07:23:32.721728Z,delphinID_clicks,click,Ttr,0.011405
delphinID_clicks:Z1_4:20,,2024-05-10T07:23:07.686879Z,delphinID_clicks,click,Dde,0.297778
delphinID_clicks:Z1_4:20,,2024-05-10T07:23:07.686879Z,delphinID_clicks,click,Ggr,0.000178
delphinID_clicks:Z1_4:20,,2024-05-10T07:23:07.686879Z,delphinID_clicks,click,Gme,0.227774
delphinID_clicks:Z1_4:20,,2024-05-10T07:23:07.686879Z,delphinID_clicks,click,Lal,0.211831
delphinID_clicks:Z1_4:20,,2024-05-10T07:23:07.686879Z,delphinID_clicks,click,Ttr,0.262439
delphinID_clicks:Z1_4:21,,2024-05-10T07:25:09.940586Z,delphinID_clicks,click,Dde,0.141903
delphinID_clicks:Z1_4:21,,2024-05-10T07:25:09.940586Z,delphinID_clicks,click,Ggr,0.098576
delphinID_clicks:Z1_4:21,,2024-05-10T07:25:09.940586Z,delphinID_clicks,click,Gme,0.248346
delphinID_clicks:Z1_4:21,,2024-05-10T07:25:09.940586Z,delphinID_clicks,click,Lal,0.01514
delphinID_clicks:Z1_4:21,,2024-05-10T07:25:09.940586Z,delphinID_clicks,click,Ttr,0.496036
delphinID_clicks:Z1_4:22,,2024-05-10T07:21:26.352695Z,delphinID_clicks,click,Dde,0.388296
delphinID_clicks:Z1_4:22,,2024-05-10T07:21:26.352695Z,delphinID_clicks,click,Ggr,0.170772
delphinID_clicks:Z1_4:22,,2024-05-10T07:21:26.352695Z,delphinID_clicks,click,Gme,0.024626
delphinID_clicks:Z1_4:22,,2024-05-10T07:21:26.352695Z,delphinID_clicks,click,Lal,0.357951
delphinID_clicks:Z1_4:22,,2024-05-10T07:21:26.352695Z,delphinID_clicks,click,Ttr,0.058356
delphinID_clicks:Z1_4:23,,2024-05-10T07:29:00.457980Z,delphinID_clicks,click,Dde,0.469892
delphinID_clicks:Z1_4:23,,2024-05-10T07:29:00.457980Z,delphinID_clicks,click,Ggr,0.050047
delphinID_clicks:Z1_4:23,,2024-05-10T07:29:00.457980Z,delphinID_clicks,click,Gme,0.068317
delphinID_clicks:Z1_4:23,,2024-05-10T07:29:00.457980Z,delphinID_clicks,click,Lal,0.407672
delphinID_clicks:Z1_4:23,,2024-05-10T07:29:00.457980Z,delphinID_clicks,click,Ttr,0.004071
delphinID_clicks:Z1_4:24,,2024-05-10T07:27:59.130948Z,delphinID_clicks,click,Dde,0.095566
delphinID_clicks:Z1_4:24,,2024-05-10T07:27:59.130948Z,delphinID_clicks,click,Ggr,0.426739
delphinID_clicks:Z1_4:24,,2024-05-10T07:27:59.130948Z,delphinID_clicks,click,Gme,0.001232
delphinID_clicks:Z1_4:24,,2024-05-10T07:27:59.130948Z,delphinID_clicks,click,Lal,0.475129
delphinID_clicks:Z1_4:24,,2024-05-10T07:27:59.130948Z,delphinID_clicks,click,Ttr,0.001335
delphinID_clicks:Z1_4:25,,2024-05-10T07:26:11.742753Z,delphinID_clicks,click,Dde,0.436759
delphinID_clicks:Z1_4:25,,2024-05-10T07:26:11.742753Z,delphinID_clicks,click,Ggr,0.321256
delphinID_clicks:Z1_4:25,,2024-05-10T07:26:11.742753Z,delphinID_clicks,click,Gme,0.023477
delphinID_clicks:Z1_4:25,,2024-05-10T07:26:11.742753Z,delphinID_clicks,click,Lal,0.202592
delphinID_clicks:Z1_4:25,,2024-05-10T07:26:11.742753Z,delphinID_clicks,click,Ttr,0.015917
delphinID_clicks:Z1_4:26,,2024-05-10T07:23:30.715807Z,delphinID_clicks,click,Dde,0.010514
delphinID_clicks:Z1_4:26,,2024-05-10T07:23:30.715807Z,delphinID_clicks,click,Ggr,0.36015
delphinID_clicks:Z1_4:26,,2024-05-10T07:23:30.715807Z,delphinID_clicks,click,Gme,0.246141
delphinID_clicks:Z1_4:26,,2024-05-10T07:23:30.715807Z,delphinID_clicks,click,Lal,0.378803
delphinID_clicks:Z1_4:26,,2024-05-10T07:23:30.715807Z,delphinID_clicks,click,Ttr,0.004392
delphinID_clicks:Z1_4:27,,2024-05-10T07:28:15.964596Z,delphinID_clicks,click,Dde,0.015495
delphinID_clicks:Z1_4:27,,2024-05-10T07:28:15.964596Z,delphinID_clicks,click,Ggr,0.281087
delphinID_clicks:Z1_4:27,,2024-05-10T07:28:15.964596Z,delphinID_clicks,click,Gme,0.016315
delphinID_clicks:Z1_4:27,,2024-05-10T07:28:15.964596Z,delphinID_clicks,click,Lal,0.6387
delphinID_clicks:Z1_4:27,,2024-05-10T07:28:15.964596Z,delphinID_clicks,click,Ttr,0.048403
delphinID_whistles:Z2_1:0,,2024-05-11T08:43:05.264076Z,delphinID_whistles,whistle,Dde,0.071644
delphinID_whistles:Z2_1:0,,2024-05-11T08:43:05.264076Z,delphinID_whistles,whistle,Ggr,0.154662
delphinID_whistles:Z2_1:0,,2024-05-11T08:43:05.264076Z,delphinID_whistles,whistle,Gme,0.156599
delphinID_whistles:Z2_1:0,,2024-05-11T08:43:05.264076Z,delphinID_whistles,whistle,Lac,0.057766
delphinID_whistles:Z2_1:0,,2024-05-11T08:43:05.264076Z,delphinID_whistles,whistle,Lal,0.010315
delphinID_whistles:Z2_1:0,,2024-05-11T08:43:05.264076Z,delphinID_whistles,whistle,Oor,0.46547
delphinID_whistles:Z2_1:0,,2024-05-11T08:43:05.264076Z,delphinID_whistles,whistle,Ttr,0.083544
delphinID_whistles:Z2_1:1,,2024-05-11T08:44:34.569066Z,delphinID_whistles,whistle,Dde,0.026736
delphinID_whistles:Z2_1:1,,2024-05-11T08:44:34.569066Z,delphinID_whistles,whistle,Ggr,0.040385
delphinID_whistles:Z2_1:1,,2024-05-11T08:44:34.569066Z,delphinID_whistles,whistle,Gme,0.689138
delphinID_whistles:Z2_1:1,,2024-05-11T08:44:34.569066Z,delphinID_whistles,whistle,Lac,0.067903
delphinID_whistles:Z2_1:1,,2024-05-11T08:44:34.569066Z,delphinID_whistles,whistle,Lal,0.000478
delphinID_whistles:Z2_1:1,,2024-05-11T08:44:34.569066Z,delphinID_whistles,whistle,Oor,0.14382
delphinID_whistles:Z2_1:1,,2024-05-11T08:44:34.569066Z,delphinID_whistles,whistle,Ttr,0.03154
delphinID_whistles:Z2_1:2,,2024-05-11T08:49:44.875722Z,delphinID_whistles,whistle,Dde,0.132682
delphinID_whistles:Z2_1:2,,2024-05-11T08:49:44.875722Z,delphinID_whistles,whistle,Ggr,0.018165
delphinID_whistles:Z2_1:2,,2024-05-11T08:49:44.875722Z,delphinID_whistles,whistle,Gme,0.263806
delphinID_whistles:Z2_1:2,,2024-05-11T08:49:44.875722Z,delphinID_whistles,whistle,Lac,0.049865
delphinID_whistles:Z2_1:2,,2024-05-11T08:49:44.875722Z,delphinID_whistles,whistle,Lal,0.045189
delphinID_whistles:Z2_1:2,,2024-05-11T08:49:44.875722Z,delphinID_whistles,whistle,Oor,0.012289
delphinID_whistles:Z2_1:2,,2024-05-11T08:49:44.875722Z,delphinID_whistles,whistle,Ttr,0.478003
delphinID_whistles:Z2_1:3,,2024-05-11T08:48:46.558378Z,delphinID_whistles,whistle,Dde,0.241588
delphinID_whistles:Z2_1:3,,2024-05-11T08:48:46.558378Z,delphinID_whistles,whistle,Ggr,0.305959
delphinID_whistles:Z2_1:3,,2024-05-11T08:48:46.558378Z,delphinID_whistles,whistle,Gme,0.087254
delphinID_whistles:Z2_1:3,,2024-05-11T08:48:46.558378Z,delphinID_whistles,whistle,Lac,0.179619
delphinID_whistles:Z2_1:3,,2024-05-11T08:48:46.558378Z,delphinID_whistles,whistle,Lal,0.039983
delphinID_whistles:Z2_1:3,,2024-05-11T08:48:46.558378Z,delphinID_whistles,whistle,Oor,0.130838
delphinID_whistles:Z2_1:3,,2024-05-11T08:48:46.558378Z,delphinID_whistles,whistle,Ttr,0.01476
delphinID_whistles:Z2_1:4,,2024-05-11T08:44:16.758043Z,delphinID_whistles,whistle,Dde,0.250766
delphinID_whistles:Z2_1:4,,2024-05-11T08:44:16.758043Z,delphinID_whistles,whistle,Ggr,0.050765
delphinID_whistles:Z2_1:4,,2024-05-11T08:44:16.758043Z,delphinID_whistles,whistle,Gme,0.629147
delphinID_whistles:Z2_1:4,,2024-05-11T08:44:16.758043Z,delphinID_whistles,whistle,Lac,0.017503
delphinID_whistles:Z2_1:4,,2024-05-11T08:44:16.758043Z,delphinID_whistles,whistle,Lal,0.007608
delphinID_whistles:Z2_1:4,,2024-05-11T08:44:16.758043Z,delphinID_whistles,whistle,Oor,0.040688
delphinID_whistles:Z2_1:4,,2024-05-11T08:44:16.758043Z,delphinID_whistles,whistle,Ttr,0.003523
delphinID_whistles:Z2_1:5,,2024-05-11T08:46:14.132695Z,delphinID_whistles,whistle,Dde,0.008552
delphinID_whistles:Z2_1:5,,2024-05-11T08:46:14.132695Z,delphinID_whistles,whistle,Ggr,0.05149
delphinID_whistles:Z2_1:5,,2024-05-11T08:46:14.132695Z,delphinID_whistles,whistle,Gme,0.26059
delphinID_whistles:Z2_1:5,,2024-05-11T08:46:14.132695Z,delphinID_whistles,whistle,Lac,0.001765
delphinID_whistles:Z2_1:5,,2024-05-11T08:46:14.132695Z,delphinID_whistles,whistle,Lal,0.206167
delphinID_whistles:Z2_1:5,,2024-05-11T08:46:14.132695Z,delphinID_whistles,whistle,Oor,0.217833
delphinID_whistles:Z2_1:5,,2024-05-11T08:46:14.132695Z,delphinID_whistles,whistle,Ttr,0.253603
delphinID_whistles:Z2_1:6,,2024-05-11T08:47:27.653273Z,delphinID_whistles,whistle,Dde,0.018752
delphinID_whistles:Z2_1:6,,2024-05-11T08:47:27.653273Z,delphinID_whistles,whistle,Ggr,0.2807
delphinID_whistles:Z2_1:6,,2024-05-11T08:47:27.653273Z,delphinID_whistles,whistle,Gme,0.041159
delphinID_whistles:Z2_1:6,,2024-05-11T08:47:27.653273Z,delphinID_whistles,whistle,Lac,0.001585
delphinID_whistles:Z2_1:6,,2024-05-11T08:47:27.653273Z,delphinID_whistles,whistle,Lal,0.29096
delphinID_whistles:Z2_1:6,,2024-05-11T08:47:27.653273Z,delphinID_whistles,whistle,Oor,0.024703
delphinID_whistles:Z2_1:6,,2024-05-11T08:47:27.653273Z,delphinID_whistles,whistle,Ttr,0.342141
delphinID_whistles:Z2_1:7,,2024-05-11T08:40:22.001201Z,delphinID_whistles,whistle,Dde,0.051752
delphinID_whistles:Z2_1:7,,2024-05-11T08:40:22.001201Z,delphinID_whistles,whistle,Ggr,0.150323
delphinID_whistles:Z2_1:7,,2024-05-11T08:40:22.001201Z,delphinID_whistles,whistle,Gme,0.293837
delphinID_whistles:Z2_1:7,,2024-05-11T08:40:22.001201Z,delphinID_whistles,whistle,Lac,0.106272
delphinID_whistles:Z2_1:7,,2024-05-11T08:40:22.001201Z,delphinID_whistles,whistle,Lal,0.353735
delphinID_whistles:Z2_1:7,,2024-05-11T08:40:22.001201Z,delphinID_whistles,whistle,Oor,0.002896
delphinID_whistles:Z2_1:7,,2024-05-11T08:40:22.001201Z,delphinID_whistles,whistle,Ttr,0.041184
delphinID_whistles:Z2_1:8,,2024-05-11T08:44:04.891017Z,delphinID_whistles,whistle,Dde,0.790898
delphinID_whistles:Z2_1:8,,2024-05-11T08:44:04.891017Z,delphinID_whistles,whistle,Ggr,1e-06
delphinID_whistles:Z2_1:8,,2024-05-11T08:44:04.891017Z,delphinID_whistles,whistle,Gme,0.055101
delphinID_whistles:Z2_1:8,,2024-05-11T08:44:04.891017Z,delphinID_whistles,whistle,Lac,0.020833
delphinID_whistles:Z2_1:8,,2024-05-11T08:44:04.891017Z,delphinID_whistles,whistle,Lal,0.001502
delphinID_whistles:Z2_1:8,,2024-05-11T08:44:04.891017Z,delphinID_whistles,whistle,Oor,0.129457
delphinID_whistles:Z2_1:8,,2024-05-11T08:44:04.891017Z,delphinID_whistles,whistle,Ttr,0.002207
delphinID_whistles:Z2_1:9,,2024-05-11T08:49:00.536193Z,delphinID_whistles,whistle,Dde,0.023948
delphinID_whistles:Z2_1:9,,2024-05-11T08:49:00.536193Z,delphinID_whistles,whistle,Ggr,0.040345
delphinID_whistles:Z2_1:9,,2024-05-11T08:49:00.536193Z,delphinID_whistles,whistle,Gme,0.382272
delphinID_whistles:Z2_1:9,,2024-05-11T08:49:00.536193Z,delphinID_whistles,whistle,Lac,0.39067
delphinID_whistles:Z2_1:9,,2024-05-11T08:49:00.536193Z,delphinID_whistles,whistle,Lal,0.000322
delphinID_whistles:Z2_1:9,,2024-05-11T08:49:00.536193Z,delphinID_whistles,whistle,Oor,0.150764
delphinID_whistles:Z2_1:9,,2024-05-11T08:49:00.536193Z,delphinID_whistles,whistle,Ttr,0.01168
delphinID_whistles:Z2_1:10,,2024-05-11T08:48:33.006092Z,delphinID_whistles,whistle,Dde,0.058846
delphinID_whistles:Z2_1:10,,2024-05-11T08:48:33.006092Z,delphinID_whistles,whistle,Ggr,0.000746
delphinID_whistles:Z2_1:10,,2024-05-11T08:48:33.006092Z,delphinID_whistles,whistle,Gme,0.039853
delphinID_whistles:Z2_1:10,,2024-05-11T08:48:33.006092Z,delphinID_whistles,whistle,Lac,0.00785
delphinID_whistles:Z2_1:10,,2024-05-11T08:48:33.006092Z,delphinID_whistles,whistle,Lal,0.012638
delphinID_whistles:Z2_1:10,,2024-05-11T08:48:33.006092Z,delphinID_whistles,whistle,Oor,0.404616
delphinID_whistles:Z2_1:10,,2024-05-11T08:48:33.006092Z,delphinID_whistles,whistle,Ttr,0.475451
delphinID_whistles:Z2_1:11,,2024-05-11T08:43:12.117781Z,delphinID_whistles,whistle,Dde,0.210519
delphinID_whistles:Z2_1:11,,2024-05-11T08:43:12.117781Z,delphinID_whistles,whistle,Ggr,0.006702
delphinID_whistles:Z2_1:11,,2024-05-11T08:43:12.117781Z,delphinID_whistles,whistle,Gme,0.602335
delphinID_whistles:Z2_1:11,,2024-05-11T08:43:12.117781Z,delphinID_whistles,whistle,Lac,0.000116
delphinID_whistles:Z2_1:11,,2024-05-11T08:43:12.117781Z,delphinID_whistles,whistle,Lal,0.110342
delphinID_whistles:Z2_1:11,,2024-05-11T08:43:12.117781Z,delphinID_whistles,whistle,Oor,0.03382
delphinID_whistles:Z2_1:11,,2024-05-11T08:43:12.117781Z,delphinID_whistles,whistle,Ttr,0.036166
delphinID_whistles:Z2_1:12,,2024-05-11T08:46:21.952104Z,delphinID_whistles,whistle,Dde,0.020887
delphinID_whistles:Z2_1:12,,2024-05-11T08:46:21.952104Z,delphinID_whistles,whistle,Ggr,0.184656
delphinID_whistles:Z2_1:12,,2024-05-11T08:46:21.952104Z,delphinID_whistles,whistle,Gme,0.105889
delphinID_whistles:Z2_1:12,,2024-05-11T08:46:21.952104Z,delphinID_whistles,whistle,Lac,0.030785
delphinID_whistles:Z2_1:12,,2024-05-11T08:46:21.952104Z,delphinID_whistles,whistle,Lal,0.624556
delphinID_whistles:Z2_1:12,,2024-05-11T08:46:21.952104Z,delphinID_whistles,whistle,Oor,0.028333
delphinID_whistles:Z2_1:12,,2024-05-11T08:46:21.952104Z,delphinID_whistles,whistle,Ttr,0.004892
delphinID_whistles:Z2_1:13,,2024-05-11T08:46:24.060015Z,delphinID_whistles,whistle,Dde,0.090606
delphinID_whistles:Z2_1:13,,2024-05-11T08:46:24.060015Z,delphinID_whistles,whistle,Ggr,0.011748
delphinID_whistles:Z2_1:13,,2024-05-11T08:46:24.060015Z,delphinID_whistles,whistle,Gme,0.499067
delphinID_whistles:Z2_1:13,,2024-05-11T08:46:24.060015Z,delphinID_whistles,whistle,Lac,0.161739
delphinID_whistles:Z2_1:13,,2024-05-11T08:46:24.060015Z,delphinID_whistles,whistle,Lal,0.015925
delphinID_whistles:Z2_1:13,,2024-05-11T08:46:24.060015Z,delphinID_whistles,whistle,Oor,0.164419
delphinID_whistles:Z2_1:13,,2024-05-11T08:46:24.060015Z,delphinID_whistles,whistle,Ttr,0.056497
delphinID_whistles:Z2_1:14,,2024-05-11T08:43:25.230908Z,delphinID_whistles,whistle,Dde,0.552277
delphinID_whistles:Z2_1:14,,2024-05-11T08:43:25.230908Z,delphinID_whistles,whistle,Ggr,0.04177
delphinID_whistles:Z2_1:14,,2024-05-11T08:43:25.230908Z,delphinID_whistles,whistle,Gme,0.129546
delphinID_whistles:Z2_1:14,,2024-05-11T08:43:25.230908Z,delphinID_whistles,whistle,Lac,0.236563
delphinID_whistles:Z2_1:14,,2024-05-11T08:43:25.230908Z,delphinID_whistles,whistle,Lal,0.00017
delphinID_whistles:Z2_1:14,,2024-05-11T08:43:25.230908Z,delphinID_whistles,whistle,Oor,0.023685
delphinID_whistles:Z2_1:14,,2024-05-11T08:43:25.230908Z,delphinID_whistles,whistle,Ttr,0.01599
delphinID_whistles:Z2_1:15,,2024-05-11T08:41:04.735029Z,delphinID_whistles,whistle,Dde,0.069114
delphinID_whistles:Z2_1:15,,2024-05-11T08:41:04.735029Z,delphinID_whistles,whistle,Ggr,0.011314
delphinID_whistles:Z2_1:15,,2024-05-11T08:41:04.735029Z,delphinID_whistles,whistle,Gme,0.548462
delphinID_whistles:Z2_1:15,,2024-05-11T08:41:04.735029Z,delphinID_whistles,whistle,Lac,0.004174
delphinID_whistles:Z2_1:15,,2024-05-11T08:41:04.735029Z,delphinID_whistles,whistle,Lal,0.257015
delphinID_whistles:Z2_1:15,,2024-05-11T08:41:04.735029Z,delphinID_whistles,whistle,Oor,0.042822
delphinID_whistles:Z2_1:15,,2024-05-11T08:41:04.735029Z,delphinID_whistles,whistle,Ttr,0.0671
delphinID_whistles:Z2_1:16,,2024-05-11T08:49:47.352594Z,delphinID_whistles,whistle,Dde,0.164668
delphinID_whistles:Z2_1:16,,2024-05-11T08:49:47.352594Z,delphinID_whistles,whistle,Ggr,0.049998
delphinID_whistles:Z2_1:16,,2024-05-11T08:49:47.352594Z,delphinID_whistles,whistle,Gme,0.184695
delphinID_whistles:Z2_1:16,,2024-05-11T08:49:47.352594Z,delphinID_whistles,whistle,Lac,0.040736
delphinID_whistles:Z2_1:16,,2024-05-11T08:49:47.352594Z,delphinID_whistles,whistle,Lal,0.000868
delphinID_whistles:Z2_1:16,,2024-05-11T08:49:47.352594Z,delphinID_whistles,whistle,Oor,0.280548
delphinID_whistles:Z2_1:16,,2024-05-11T08:49:47.352594Z,delphinID_whistles,whistle,Ttr,0.278486
delphinID_whistles:Z2_1:17,,2024-05-11T08:45:24.855866Z,delphinID_whistles,whistle,Dde,0.065516
delphinID_whistles:Z2_1:17,,2024-05-11T08:45:24.855866Z,delphinID_whistles,whistle,Ggr,0.134773
delphinID_whistles:Z2_1:17,,2024-05-11T08:45:24.855866Z,delphinID_whistles,whistle,Gme,0.087261
delphinID_whistles:Z2_1:17,,2024-05-11T08:45:24.855866Z,delphinID_whistles,whistle,Lac,0.000876
delphinID_whistles:Z2_1:17,,2024-05-11T08:45:24.855866Z,delphinID_whistles,whistle,Lal,0.050845
delphinID_whistles:Z2_1:17,,2024-05-11T08:45:24.855866Z,delphinID_whistles,whistle,Oor,0.098715
delphinID_whistles:Z2_1:17,,2024-05-11T08:45:24.855866Z,delphinID_whistles,whistle,Ttr,0.562014
delphinID_whistles:Z2_1:18,,2024-05-11T08:48:35.694447Z,delphinID_whistles,whistle,Dde,0.165311
delphinID_whistles:Z2_1:18,,2024-05-11T08:48:35.694447Z,delphinID_whistles,whistle,Ggr,0.03055
delphinID_whistles:Z2_1:18,,2024-05-11T08:48:35.694447Z,delphinID_whistles,whistle,Gme,0.050504
delphinID_whistles:Z2_1:18,,2024-05-11T08:48:35.694447Z,delphinID_whistles,whistle,Lac,0.008977
delphinID_whistles:Z2_1:18,,2024-05-11T08:48:35.694447Z,delphinID_whistles,whistle,Lal,0.382704
delphinID_whistles:Z2_1:18,,2024-05-11T08:48:35.694447Z,delphinID_whistles,whistle,Oor,0.06424
delphinID_whistles:Z2_1:18,,2024-05-11T08:48:35.694447Z,delphinID_whistles,whistle,Ttr,0.297713
delphinID_whistles:Z2_1:19,,2024-05-11T08:42:47.101902Z,delphinID_whistles,whistle,Dde,0.058
delphinID_whistles:Z2_1:19,,2024-05-11T08:42:47.101902Z,delphinID_whistles,whistle,Ggr,0.012592
delphinID_whistles:Z2_1:19,,2024-05-11T08:42:47.101902Z,delphinID_whistles,whistle,Gme,0.109346
delphinID_whistles:Z2_1:19,,2024-05-11T08:42:47.101902Z,delphinID_whistles,whistle,Lac,0.024456
delphinID_whistles:Z2_1:19,,2024-05-11T08:42:47.101902Z,delphinID_whistles,whistle,Lal,0.172626
delphinID_whistles:Z2_1:19,,2024-05-11T08:42:47.101902Z,delphinID_whistles,whistle,Oor,0.032205
delphinID_whistles:Z2_1:19,,2024-05-11T08:42:47.101902Z,delphinID_whistles,whistle,Ttr,0.590775
delphinID_whistles:Z2_1:20,,2024-05-11T08:47:09.419965Z,delphinID_whistles,whistle,Dde,0.122302
delphinID_whistles:Z2_1:20,,2024-05-11T08:47:09.419965Z,delphinID_whistles,whistle,Ggr,0.185714
delphinID_whistles:Z2_1:20,,2024-05-11T08:47:09.419965Z,delphinID_whistles,whistle,Gme,0.028129
delphinID_whistles:Z2_1:20,,2024-05-11T08:47:09.419965Z,delphinID_whistles,whistle,Lac,0.004552
delphinID_whistles:Z2_1:20,,2024-05-11T08:47:09.419965Z,delphinID_whistles,whistle,Lal,0.312991
delphinID_whistles:Z2_1:20,,2024-05-11T08:47:09.419965Z,delphinID_whistles,whistle,Oor,0.33878
delphinID_whistles:Z2_1:20,,2024-05-11T08:47:09.419965Z,delphinID_whistles,whistle,Ttr,0.007532
delphinID_clicks:Z2_1:0,,2024-05-11T08:48:09.603026Z,delphinID_clicks,click,Dde,0.497727
delphinID_clicks:Z2_1:0,,2024-05-11T08:48:09.603026Z,delphinID_clicks,click,Ggr,0.047166
delphinID_clicks:Z2_1:0,,2024-05-11T08:48:09.603026Z,delphinID_clicks,click,Gme,0.024744
delphinID_clicks:Z2_1:0,,2024-05-11T08:48:09.603026Z,delphinID_clicks,click,Lal,0.047117
delphinID_clicks:Z2_1:0,,2024-05-11T08:48:09.603026Z,delphinID_clicks,click,Ttr,0.383246
delphinID_clicks:Z2_1:1,,2024-05-11T08:42:12.653648Z,delphinID_clicks,click,Dde,0.623509
delphinID_clicks:Z2_1:1,,2024-05-11T08:42:12.653648Z,delphinID_clicks,click,Ggr,0.018803
delphinID_clicks:Z2_1:1,,2024-05-11T08:42:12.653648Z,delphinID_clicks,click,Gme,0.299496
delphinID_clicks:Z2_1:1,,2024-05-11T08:42:12.653648Z,delphinID_clicks,click,Lal,0.025419
delphinID_clicks:Z2_1:1,,2024-05-11T08:42:12.653648Z,delphinID_clicks,click,Ttr,0.032773
delphinID_clicks:Z2_1:2,,2024-05-11T08:43:40.771985Z,delphinID_clicks,click,Dde,0.213964
delphinID_clicks:Z2_1:2,,2024-05-11T08:43:40.771985Z,delphinID_clicks,click,Ggr,0.500802
delphinID_clicks:Z2_1:2,,2024-05-11T08:43:40.771985Z,delphinID_clicks,click,Gme,0.005723
delphinID_clicks:Z2_1:2,,2024-05-11T08:43:40.771985Z,delphinID_clicks,click,Lal,0.06815
delphinID_clicks:Z2_1:2,,2024-05-11T08:43:40.771985Z,delphinID_clicks,click,Ttr,0.21136
delphinID_clicks:Z2_1:3,,2024-05-11T08:44:14.300198Z,delphinID_clicks,click,Dde,0.122936
delphinID_clicks:Z2_1:3,,2024-05-11T08:44:14.300198Z,delphinID_clicks,click,Ggr,0.017068
delphinID_clicks:Z2_1:3,,2024-05-11T08:44:14.300198Z,delphinID_clicks,click,Gme,0.101594
delphinID_clicks:Z2_1:3,,2024-05-11T08:44:14.300198Z,delphinID_clicks,click,Lal,0.282442
delphinID_clicks:Z2_1:3,,2024-05-11T08:44:14.300198Z,delphinID_clicks,click,Ttr,0.47596
delphinID_clicks:Z2_1:4,,2024-05-11T08:46:45.233251Z,delphinID_clicks,click,Dde,0.457033
delphinID_clicks:Z2_1:4,,2024-05-11T08:46:45.233251Z,delphinID_clicks,click,Ggr,0.18439
delphinID_clicks:Z2_1:4,,2024-05-11T08:46:45.233251Z,delphinID_clicks,click,Gme,0.192498
delphinID_clicks:Z2_1:4,,2024-05-11T08:46:45.233251Z,delphinID_clicks,click,Lal,0.102411
delphinID_clicks:Z2_1:4,,2024-05-11T08:46:45.233251Z,delphinID_clicks,click,Ttr,0.063668
delphinID_clicks:Z2_1:5,,2024-05-11T08:44:11.364108Z,delphinID_clicks,click,Dde,0.006792
delphinID_clicks:Z2_1:5,,2024-05-11T08:44:11.364108Z,delphinID_clicks,click,Ggr,0.039092
delphinID_clicks:Z2_1:5,,2024-05-11T08:44:11.364108Z,delphinID_clicks,click,Gme,0.056589
delphinID_clicks:Z2_1:5,,2024-05-11T08:44:11.364108Z,delphinID_clicks,click,Lal,0.186121
delphinID_clicks:Z2_1:5,,2024-05-11T08:44:11.364108Z,delphinID_clicks,click,Ttr,0.711407
delphinID_clicks:Z2_1:6,,2024-05-11T08:49:52.155723Z,delphinID_clicks,click,Dde,0.382843
delphinID_clicks:Z2_1:6,,2024-05-11T08:49:52.155723Z,delphinID_clicks,click,Ggr,0.00803
delphinID_clicks:Z2_1:6,,2024-05-11T08:49:52.155723Z,delphinID_clicks,click,Gme,0.011671
delphinID_clicks:Z2_1:6,,2024-05-11T08:49:52.155723Z,delphinID_clicks,click,Lal,0.453077
delphinID_clicks:Z2_1:6,,2024-05-11T08:49:52.155723Z,delphinID_clicks,click,Ttr,0.144379
delphinID_whistles:Z2_2:0,,2024-05-11T09:28:25.004848Z,delphinID_whistles,whistle,Dde,0.067653
delphinID_whistles:Z2_2:0,,2024-05-11T09:28:25.004848Z,delphinID_whistles,whistle,Ggr,0.014097
delphinID_whistles:Z2_2:0,,2024-05-11T09:28:25.004848Z,delphinID_whistles,whistle,Gme,0.749366
delphinID_whistles:Z2_2:0,,2024-05-11T09:28:25.004848Z,delphinID_whistles,whistle,Lac,0.018639
delphinID_whistles:Z2_2:0,,2024-05-11T09:28:25.004848Z,delphinID_whistles,whistle,Lal,0.026293
delphinID_whistles:Z2_2:0,,2024-05-11T09:28:25.004848Z,delphinID_whistles,whistle,Oor,1.7e-05
delphinID_whistles:Z2_2:0,,2024-05-11T09:28:25.004848Z,delphinID_whistles,whistle,Ttr,0.123935
delphinID_whistles:Z2_2:1,,2024-05-11T09:26:10.669264Z,delphinID_whistles,whistle,Dde,0.015797
delphinID_whistles:Z2_2:1,,2024-05-11T09:26:10.669264Z,delphinID_whistles,whistle,Ggr,0.129201
delphinID_whistles:Z2_2:1,,2024-05-11T09:26:10.669264Z,delphinID_whistles,whistle,Gme,0.343174
delphinID_whistles:Z2_2:1,,2024-05-11T09:26:10.669264Z,delphinID_whistles,whistle,Lac,0.166844
delphinID_whistles:Z2_2:1,,2024-05-11T09:26:10.669264Z,delphinID_whistles,whistle,Lal,0.079974
delphinID_whistles:Z2_2:1,,2024-05-11T09:26:10.669264Z,delphinID_whistles,whistle,Oor,0.025266
delphinID_whistles:Z2_2:1,,2024-05-11T09:26:10.669264Z,delphinID_whistles,whistle,Ttr,0.239744
delphinID_whistles:Z2_2:2,,2024-05-11T09:24:37.275857Z,delphinID_whistles,whistle,Dde,0.045747
delphinID_whistles:Z2_2:2,,2024-05-11T09:24:37.275857Z,delphinID_whistles,whistle,Ggr,0.003164
delphinID_whistles:Z2_2:2,,2024-05-11T09:24:37.275857Z,delphinID_whistles,whistle,Gme,0.08254
delphinID_whistles:Z2_2:2,,2024-05-11T09:24:37.275857Z,delphinID_whistles,whistle,Lac,0.336525
delphinID_whistles:Z2_2:2,,2024-05-11T09:24:37.275857Z,delphinID_whistles,whistle,Lal,0.200099
delphinID_whistles:Z2_2:2,,2024-05-11T09:24:37.275857Z,delphinID_whistles,whistle,Oor,0.275752
delphinID_whistles:Z2_2:2,,2024-05-11T09:24:37.275857Z,delphinID_whistles,whistle,Ttr,0.056173
delphinID_whistles:Z2_2:3,,2024-05-11T09:25:29.232150Z,delphinID_whistles,whistle,Dde,0.000535
delphinID_whistles:Z2_2:3,,2024-05-11T09:25:29.232150Z,delphinID_whistles,whistle,Ggr,0.000412
delphinID_whistles:Z2_2:3,,2024-05-11T09:25:29.232150Z,delphinID_whistles,whistle,Gme,0.004052
delphinID_whistles:Z2_2:3,,2024-05-11T09:25:29.232150Z,delphinID_whistles,whistle,Lac,0.00232
delphinID_whistles:Z2_2:3,,2024-05-11T09:25:29.232150Z,delphinID_whistles,whistle,Lal,0.690163
delphinID_whistles:Z2_2:3,,2024-05-11T09:25:29.232150Z,delphinID_whistles,whistle,Oor,0.302375
delphinID_whistles:Z2_2:3,,2024-05-11T09:25:29.232150Z,delphinID_whistles,whistle,Ttr,0.000143
delphinID_whistles:Z2_2:4,,2024-05-11T09:26:18.237442Z,delphinID_whistles,whistle,Dde,0.273237
delphinID_whistles:Z2_2:4,,2024-05-11T09:26:18.237442Z,delphinID_whistles,whistle,Ggr,0.012254
delphinID_whistles:Z2_2:4,,2024-05-11T09:26:18.237442Z,delphinID_whistles,whistle,Gme,0.141747
delphinID_whistles:Z2_2:4,,2024-05-11T09:26:18.237442Z,delphinID_whistles,whistle,Lac,0.000667
delphinID_whistles:Z2_2:4,,2024-05-11T09:26:18.237442Z,delphinID_whistles,whistle,Lal,0.133033
delphinID_whistles:Z2_2:4,,2024-05-11T09:26:18.237442Z,delphinID_whistles,whistle,Oor,0.215359
delphinID_whistles:Z2_2:4,,2024-05-11T09:26:18.237442Z,delphinID_whistles,whistle,Ttr,0.223703
delphinID_whistles:Z2_2:5,,2024-05-11T09:20:17.273010Z,delphinID_whistles,whistle,Dde,0.084387
delphinID_whistles:Z2_2:5,,2024-05-11T09:20:17.273010Z,delphinID_whistles,whistle,Ggr,2.7e-05
delphinID_whistles:Z2_2:5,,2024-05-11T09:20:17.273010Z,delphinID_whistles,whistle,Gme,0.126557
delphinID_whistles:Z2_2:5,,2024-05-11T09:20:17.273010Z,delphinID_whistles,whistle,Lac,0.482036
delphinID_whistles:Z2_2:5,,2024-05-11T09:20:17.273010Z,delphinID_whistles,whistle,Lal,0.012229
delphinID_whistles:Z2_2:5,,2024-05-11T09:20:17.273010Z,delphinID_whistles,whistle,Oor,0.245113
delphinID_whistles:Z2_2:5,,2024-05-11T09:20:17.273010Z,delphinID_whistles,whistle,Ttr,0.049651
delphinID_whistles:Z2_2:6,,2024-05-11T09:24:13.605382Z,delphinID_whistles,whistle,Dde,0.001972
delphinID_whistles:Z2_2:6,,2024-05-11T09:24:13.605382Z,delphinID_whistles,whistle,Ggr,0.184461
delphinID_whistles:Z2_2:6,,2024-05-11T09:24:13.605382Z,delphinID_whistles,whistle,Gme,0.064917
delphinID_whistles:Z2_2:6,,2024-05-11T09:24:13.605382Z,delphinID_whistles,whistle,Lac,0.06175
delphinID_whistles:Z2_2:6,,2024-05-11T09:24:13.605382Z,delphinID_whistles,whistle,Lal,0.004551
delphinID_whistles:Z2_2:6,,2024-05-11T09:24:13.605382Z,delphinID_whistles,whistle,Oor,0.544577
delphinID_whistles:Z2_2:6,,2024-05-11T09:24:13.605382Z,delphinID_whistles,whistle,Ttr,0.137772
delphinID_whistles:Z2_2:7,,2024-05-11T09:24:28.576998Z,delphinID_whistles,whistle,Dde,0.598776
delphinID_whistles:Z2_2:7,,2024-05-11T09:24:28.576998Z,delphinID_whistles,whistle,Ggr,0.097763
delphinID_whistles:Z2_2:7,,2024-05-11T09:24:28.576998Z,delphinID_whistles,whistle,Gme,0.067665
delphinID_whistles:Z2_2:7,,2024-05-11T09:24:28.576998Z,delphinID_whistles,whistle,Lac,0.005445
delphinID_whistles:Z2_2:7,,2024-05-11T09:24:28.576998Z,delphinID_whistles,whistle,Lal,0.112052
delphinID_whistles:Z2_2:7,,2024-05-11T09:24:28.576998Z,delphinID_whistles,whistle,Oor,0.114109
delphinID_whistles:Z2_2:7,,2024-05-11T09:24:28.576998Z,delphinID_whistles,whistle,Ttr,0.00419
delphinID_whistles:Z2_2:8,,2024-05-11T09:29:40.939550Z,delphinID_whistles,whistle,Dde,0.106506
delphinID_whistles:Z2_2:8,,2024-05-11T09:29:40.939550Z,delphinID_whistles,whistle,Ggr,0.00232
delphinID_whistles:Z2_2:8,,2024-05-11T09:29:40.939550Z,delphinID_whistles,whistle,Gme,0.360586
delphinID_whistles:Z2_2:8,,2024-05-11T09:29:40.939550Z,delphinID_whistles,whistle,Lac,0.142627
delphinID_whistles:Z2_2:8,,2024-05-11T09:29:40.939550Z,delphinID_whistles,whistle,Lal,0.070759
delphinID_whistles:Z2_2:8,,2024-05-11T09:29:40.939550Z,delphinID_whistles,whistle,Oor,0.20252
delphinID_whistles:Z2_2:8,,2024-05-11T09:29:40.939550Z,delphinID_whistles,whistle,Ttr,0.114682
delphinID_whistles:Z2_2:9,,2024-05-11T09:23:32.908806Z,delphinID_whistles,whistle,Dde,0.011013
delphinID_whistles:Z2_2:9,,2024-05-11T09:23:32.908806Z,delphinID_whistles,whistle,Ggr,0.01342
delphinID_whistles:Z2_2:9,,2024-05-11T09:23:32.908806Z,delphinID_whistles,whistle,Gme,0.575994
delphinID_whistles:Z2_2:9,,2024-05-11T09:23:32.908806Z,delphinID_whistles,whistle,Lac,0.268423
delphinID_whistles:Z2_2:9,,2024-05-11T09:23:32.908806Z,delphinID_whistles,whistle,Lal,0.117235
delphinID_whistles:Z2_2:9,,2024-05-11T09:23:32.908806Z,delphinID_whistles,whistle,Oor,0.003861
delphinID_whistles:Z2_2:9,,2024-05-11T09:23:32.908806Z,delphinID_whistles,whistle,Ttr,0.010053
delphinID_whistles:Z2_2:10,,2024-05-11T09:29:32.639662Z,delphinID_whistles,whistle,Dde,0.029071
delphinID_whistles:Z2_2:10,,2024-05-11T09:29:32.639662Z,delphinID_whistles,whistle,Ggr,0.184111
delphinID_whistles:Z2_2:10,,2024-05-11T09:29:32.639662Z,delphinID_whistles,whistle,Gme,0.203991
delphinID_whistles:Z2_2:10,,2024-05-11T09:29:32.639662Z,delphinID_whistles,whistle,Lac,0.099149
delphinID_whistles:Z2_2:10,,2024-05-11T09:29:32.639662Z,delphinID_whistles,whistle,Lal,0.062995
delphinID_whistles:Z2_2:10,,2024-05-11T09:29:32.639662Z,delphinID_whistles,whistle,Oor,0.420598
delphinID_whistles:Z2_2:10,,2024-05-11T09:29:32.639662Z,delphinID_whistles,whistle,Ttr,8.5e-05
delphinID_clicks:Z2_2:0,,2024-05-11T09:22:56.435875Z,delphinID_clicks,click,Dde,0.056378
delphinID_clicks:Z2_2:0,,2024-05-11T09:22:56.435875Z,delphinID_clicks,click,Ggr,0.594281
delphinID_clicks:Z2_2:0,,2024-05-11T09:22:56.435875Z,delphinID_clicks,click,Gme,0.028663
delphinID_clicks:Z2_2:0,,2024-05-11T09:22:56.435875Z,delphinID_clicks,click,Lal,0.049861
delphinID_clicks:Z2_2:0,,2024-05-11T09:22:56.435875Z,delphinID_clicks,click,Ttr,0.270817
delphinID_clicks:Z2_2:1,,2024-05-11T09:22:32.504356Z,delphinID_clicks,click,Dde,0.401115
delphinID_clicks:Z2_2:1,,2024-05-11T09:22:32.504356Z,delphinID_clicks,click,Ggr,0.228929
delphinID_clicks:Z2_2:1,,2024-05-11T09:22:32.504356Z,delphinID_clicks,click,Gme,0.116624
delphinID_clicks:Z2_2:1,,2024-05-11T09:22:32.504356Z,delphinID_clicks,click,Lal,0.232181
delphinID_clicks:Z2_2:1,,2024-05-11T09:22:32.504356Z,delphinID_clicks,click,Ttr,0.021151
delphinID_clicks:Z2_2:2,,2024-05-11T09:26:29.243157Z,delphinID_clicks,click,Dde,0.235574
delphinID_clicks:Z2_2:2,,2024-05-11T09:26:29.243157Z,delphinID_clicks,click,Ggr,0.027501
delphinID_clicks:Z2_2:2,,2024-05-11T09:26:29.243157Z,delphinID_clicks,click,Gme,0.05665
delphinID_clicks:Z2_2:2,,2024-05-11T09:26:29.243157Z,delphinID_clicks,click,Lal,0.429293
delphinID_clicks:Z2_2:2,,2024-05-11T09:26:29.243157Z,delphinID_clicks,click,Ttr,0.250981
delphinID_whistles:Z2_4:0,,2024-05-11T10:49:32.101746Z,delphinID_whistles,whistle,Dde,0.240742
delphinID_whistles:Z2_4:0,,2024-05-11T10:49:32.101746Z,delphinID_whistles,whistle,Ggr,0.293674
delphinID_whistles:Z2_4:0,,2024-05-11T10:49:32.101746Z,delphinID_whistles,whistle,Gme,0.059887
delphinID_whistles:Z2_4:0,,2024-05-11T10:49:32.101746Z,delphinID_whistles,whistle,Lac,0.033135
delphinID_whistles:Z2_4:0,,2024-05-11T10:49:32.101746Z,delphinID_whistles,whistle,Lal,0.094296
delphinID_whistles:Z2_4:0,,2024-05-11T10:49:32.101746Z,delphinID_whistles,whistle,Oor,0.277763
delphinID_whistles:Z2_4:0,,2024-05-11T10:49:32.101746Z,delphinID_whistles,whistle,Ttr,0.000503
delphinID_whistles:Z2_4:1,,2024-05-11T10:41:14.200593Z,delphinID_whistles,whistle,Dde,0.005777
delphinID_whistles:Z2_4:1,,2024-05-11T10:41:14.200593Z,delphinID_whistles,whistle,Ggr,0.007886
delphinID_whistles:Z2_4:1,,2024-05-11T10:41:14.200593Z,delphinID_whistles,whistle,Gme,0.293643
delphinID_whistles:Z2_4:1,,2024-05-11T10:41:14.200593Z,delphinID_whistles,whistle,Lac,0.625909
delphinID_whistles:Z2_4:1,,2024-05-11T10:41:14.200593Z,delphinID_whistles,whistle,Lal,0.010594
delphinID_whistles:Z2_4:1,,2024-05-11T10:41:14.200593Z,delphinID_whistles,whistle,Oor,0.022315
delphinID_whistles:Z2_4:1,,2024-05-11T10:41:14.200593Z,delphinID_whistles,whistle,Ttr,0.033876
delphinID_whistles:Z2_4:2,,2024-05-11T10:45:20.002180Z,delphinID_whistles,whistle,Dde,0.07868
delphinID_whistles:Z2_4:2,,2024-05-11T10:45:20.002180Z,delphinID_whistles,whistle,Ggr,0.005323
delphinID_whistles:Z2_4:2,,2024-05-11T10:45:20.002180Z,delphinID_whistles,whistle,Gme,0.556652
delphinID_whistles:Z2_4:2,,2024-05-11T10:45:20.002180Z,delphinID_whistles,whistle,Lac,0.008777
delphinID_whistles:Z2_4:2,,2024-05-11T10:45:20.002180Z,delphinID_whistles,whistle,Lal,0.278589
delphinID_whistles:Z2_4:2,,2024-05-11T10:45:20.002180Z,delphinID_whistles,whistle,Oor,0.02213
delphinID_whistles:Z2_4:2,,2024-05-11T10:45:20.002180Z,delphinID_whistles,whistle,Ttr,0.049849
delphinID_whistles:Z2_4:3,,2024-05-11T10:42:53.196329Z,delphinID_whistles,whistle,Dde,0.064082
delphinID_whistles:Z2_4:3,,2024-05-11T10:42:53.196329Z,delphinID_whistles,whistle,Ggr,0.569721
delphinID_whistles:Z2_4:3,,2024-05-11T10:42:53.196329Z,delphinID_whistles,whistle,Gme,0.099878
delphinID_whistles:Z2_4:3,,2024-05-11T10:42:53.196329Z,delphinID_whistles,whistle,Lac,0.0
delphinID_whistles:Z2_4:3,,2024-05-11T10:42:53.196329Z,delphinID_whistles,whistle,Lal,0.016155
delphinID_whistles:Z2_4:3,,2024-05-11T10:42:53.196329Z,delphinID_whistles,whistle,Oor,0.22735
delphinID_whistles:Z2_4:3,,2024-05-11T10:42:53.196329Z,delphinID_whistles,whistle,Ttr,0.022814
delphinID_whistles:Z2_4:4,,2024-05-11T10:47:59.746999Z,delphinID_whistles,whistle,Dde,0.061541
delphinID_whistles:Z2_4:4,,2024-05-11T10:47:59.746999Z,delphinID_whistles,whistle,Ggr,0.011854
delphinID_whistles:Z2_4:4,,2024-05-11T10:47:59.746999Z,delphinID_whistles,whistle,Gme,0.305904
delphinID_whistles:Z2_4:4,,2024-05-11T10:47:59.746999Z,delphinID_whistles,whistle,Lac,0.001068
delphinID_whistles:Z2_4:4,,2024-05-11T10:47:59.746999Z,delphinID_whistles,whistle,Lal,0.418951
delphinID_whistles:Z2_4:4,,2024-05-11T10:47:59.746999Z,delphinID_whistles,whistle,Oor,0.000424
delphinID_whistles:Z2_4:4,,2024-05-11T10:47:59.746999Z,delphinID_whistles,whistle,Ttr,0.200258
delphinID_whistles:Z2_4:5,,2024-05-11T10:41:36.069056Z,delphinID_whistles,whistle,Dde,0.017397
delphinID_whistles:Z2_4:5,,2024-05-11T10:41:36.069056Z,delphinID_whistles,whistle,Ggr,0.426888
delphinID_whistles:Z2_4:5,,2024-05-11T10:41:36.069056Z,delphinID_whistles,whistle,Gme,0.298558
delphinID_whistles:Z2_4:5,,2024-05-11T10:41:36.069056Z,delphinID_whistles,whistle,Lac,0.002869
delphinID_whistles:Z2_4:5,,2024-05-11T10:41:36.069056Z,delphinID_whistles,whistle,Lal,0.002523
delphinID_whistles:Z2_4:5,,2024-05-11T10:41:36.069056Z,delphinID_whistles,whistle,Oor,0.056945
delphinID_whistles:Z2_4:5,,2024-05-11T10:41:36.069056Z,delphinID_whistles,whistle,Ttr,0.19482
delphinID_whistles:Z2_4:6,,2024-05-11T10:44:19.771167Z,delphinID_whistles,whistle,Dde,0.339473
delphinID_whistles:Z2_4:6,,2024-05-11T10:44:19.771167Z,delphinID_whistles,whistle,Ggr,0.233954
delphinID_whistles:Z2_4:6,,2024-05-11T10:44:19.771167Z,delphinID_whistles,whistle,Gme,0.069966
delphinID_whistles:Z2_4:6,,2024-05-11T10:44:19.771167Z,delphinID_whistles,whistle,Lac,0.088439
delphinID_whistles:Z2_4:6,,2024-05-11T10:44:19.771167Z,delphinID_whistles,whistle,Lal,0.009904
delphinID_whistles:Z2_4:6,,2024-05-11T10:44:19.771167Z,delphinID_whistles,whistle,Oor,0.078066
delphinID_whistles:Z2_4:6,,2024-05-11T10:44:19.771167Z,delphinID_whistles,whistle,Ttr,0.180199
delphinID_whistles:Z2_4:7,,2024-05-11T10:48:51.106976Z,delphinID_whistles,whistle,Dde,7e-06
delphinID_whistles:Z2_4:7,,2024-05-11T10:48:51.106976Z,delphinID_whistles,whistle,Ggr,0.117283
delphinID_whistles:Z2_4:7,,2024-05-11T10:48:51.106976Z,delphinID_whistles,whistle,Gme,0.364456
delphinID_whistles:Z2_4:7,,2024-05-11T10:48:51.106976Z,delphinID_whistles,whistle,Lac,0.041316
delphinID_whistles:Z2_4:7,,2024-05-11T10:48:51.106976Z,delphinID_whistles,whistle,Lal,0.460702
delphinID_whistles:Z2_4:7,,2024-05-11T10:48:51.106976Z,delphinID_whistles,whistle,Oor,0.007733
delphinID_whistles:Z2_4:7,,2024-05-11T10:48:51.106976Z,delphinID_whistles,whistle,Ttr,0.008503
delphinID_whistles:Z2_4:8,,2024-05-11T10:49:39.256003Z,delphinID_whistles,whistle,Dde,8e-06
delphinID_whistles:Z2_4:8,,2024-05-11T10:49:39.256003Z,delphinID_whistles,whistle,Ggr,0.001241
delphinID_whistles:Z2_4:8,,2024-05-11T10:49:39.256003Z,delphinID_whistles,whistle,Gme,0.043665
delphinID_whistles:Z2_4:8,,2024-05-11T10:49:39.256003Z,delphinID_whistles,whistle,Lac,0.565088
delphinID_whistles:Z2_4:8,,2024-05-11T10:49:39.256003Z,delphinID_whistles,whistle,Lal,0.09862
delphinID_whistles:Z2_4:8,,2024-05-11T10:49:39.256003Z,delphinID_whistles,whistle,Oor,0.215964
delphinID_whistles:Z2_4:8,,2024-05-11T10:49:39.256003Z,delphinID_whistles,whistle,Ttr,0.075415
delphinID_whistles:Z2_4:9,,2024-05-11T10:41:35.826034Z,delphinID_whistles,whistle,Dde,0.143988
delphinID_whistles:Z2_4:9,,2024-05-11T10:41:35.826034Z,delphinID_whistles,whistle,Ggr,0.047918
delphinID_whistles:Z2_4:9,,2024-05-11T10:41:35.826034Z,delphinID_whistles,whistle,Gme,0.113326
delphinID_whistles:Z2_4:9,,2024-05-11T10:41:35.826034Z,delphinID_whistles,whistle,Lac,0.029142
delphinID_whistles:Z2_4:9,,2024-05-11T10:41:35.826034Z,delphinID_whistles,whistle,Lal,0.00061
delphinID_whistles:Z2_4:9,,2024-05-11T10:41:35.826034Z,delphinID_whistles,whistle,Oor,0.044893
delphinID_whistles:Z2_4:9,,2024-05-11T10:41:35.826034Z,delphinID_whistles,whistle,Ttr,0.620123
delphinID_whistles:Z2_4:10,,2024-05-11T10:40:54.440852Z,delphinID_whistles,whistle,Dde,0.024406
delphinID_whistles:Z2_4:10,,2024-05-11T10:40:54.440852Z,delphinID_whistles,whistle,Ggr,0.004962
delphinID_whistles:Z2_4:10,,2024-05-11T10:40:54.440852Z,delphinID_whistles,whistle,Gme,0.159495
delphinID_whistles:Z2_4:10,,2024-05-11T10:40:54.440852Z,delphinID_whistles,whistle,Lac,0.008076
delphinID_whistles:Z2_4:10,,2024-05-11T10:40:54.440852Z,delphinID_whistles,whistle,Lal,0.001041
delphinID_whistles:Z2_4:10,,2024-05-11T10:40:54.440852Z,delphinID_whistles,whistle,Oor,0.101465
delphinID_whistles:Z2_4:10,,2024-05-11T10:40:54.440852Z,delphinID_whistles,whistle,Ttr,0.700554
delphinID_whistles:Z2_4:11,,2024-05-11T10:47:25.687983Z,delphinID_whistles,whistle,Dde,0.016401
delphinID_whistles:Z2_4:11,,2024-05-11T10:47:25.687983Z,delphinID_whistles,whistle,Ggr,0.160072
delphinID_whistles:Z2_4:11,,2024-05-11T10:47:25.687983Z,delphinID_whistles,whistle,Gme,0.086879
delphinID_whistles:Z2_4:11,,2024-05-11T10:47:25.687983Z,delphinID_whistles,whistle,Lac,0.009884
delphinID_whistles:Z2_4:11,,2024-05-11T10:47:25.687983Z,delphinID_whistles,whistle,Lal,0.042297
delphinID_whistles:Z2_4:11,,2024-05-11T10:47:25.687983Z,delphinID_whistles,whistle,Oor,0.076437
delphinID_whistles:Z2_4:11,,2024-05-11T10:47:25.687983Z,delphinID_whistles,whistle,Ttr,0.608029
delphinID_whistles:Z2_4:12,,2024-05-11T10:48:03.623108Z,delphinID_whistles,whistle,Dde,0.346867
delphinID_whistles:Z2_4:12,,2024-05-11T10:48:03.623108Z,delphinID_whistles,whistle,Ggr,0.000371
delphinID_whistles:Z2_4:12,,2024-05-11T10:48:03.623108Z,delphinID_whistles,whistle,Gme,0.277509
delphinID_whistles:Z2_4:12,,2024-05-11T10:48:03.623108Z,delphinID_whistles,whistle,Lac,0.034018
delphinID_whistles:Z2_4:12,,2024-05-11T10:48:03.623108Z,delphinID_whistles,whistle,Lal,0.046052
delphinID_whistles:Z2_4:12,,2024-05-11T10:48:03.623108Z,delphinID_whistles,whistle,Oor,0.209178
delphinID_whistles:Z2_4:12,,2024-05-11T10:48:03.623108Z,delphinID_whistles,whistle,Ttr,0.086007
delphinID_whistles:Z2_4:13,,2024-05-11T10:43:00.374310Z,delphinID_whistles,whistle,Dde,0.121916
delphinID_whistles:Z2_4:13,,2024-05-11T10:43:00.374310Z,delphinID_whistles,whistle,Ggr,0.495949
delphinID_whistles:Z2_4:13,,2024-05-11T10:43:00.374310Z,delphinID_whistles,whistle,Gme,0.062917
delphinID_whistles:Z2_4:13,,2024-05-11T10:43:00.374310Z,delphinID_whistles,whistle,Lac,0.002393
delphinID_whistles:Z2_4:13,,2024-05-11T10:43:00.374310Z,delphinID_whistles,whistle,Lal,9.7e-05
delphinID_whistles:Z2_4:13,,2024-05-11T10:43:00.374310Z,delphinID_whistles,whistle,Oor,0.110362
delphinID_whistles:Z2_4:13,,2024-05-11T10:43:00.374310Z,delphinID_whistles,whistle,Ttr,0.206366
delphinID_whistles:Z2_4:14,,2024-05-11T10:48:38.676535Z,delphinID_whistles,whistle,Dde,0.353802
delphinID_whistles:Z2_4:14,,2024-05-11T10:48:38.676535Z,delphinID_whistles,whistle,Ggr,0.050435
delphinID_whistles:Z2_4:14,,2024-05-11T10:48:38.676535Z,delphinID_whistles,whistle,Gme,0.057327
delphinID_whistles:Z2_4:14,,2024-05-11T10:48:38.676535Z,delphinID_whistles,whistle,Lac,0.111978
delphinID_whistles:Z2_4:14,,2024-05-11T10:48:38.676535Z,delphinID_whistles,whistle,Lal,0.200626
delphinID_whistles:Z2_4:14,,2024-05-11T10:48:38.676535Z,delphinID_whistles,whistle,Oor,0.005648
delphinID_whistles:Z2_4:14,,2024-05-11T10:48:38.676535Z,delphinID_whistles,whistle,Ttr,0.220185
delphinID_whistles:Z2_4:15,,2024-05-11T10:42:01.338194Z,delphinID_whistles,whistle,Dde,0.009384
delphinID_whistles:Z2_4:15,,2024-05-11T10:42:01.338194Z,delphinID_whistles,whistle,Ggr,0.378356
delphinID_whistles:Z2_4:15,,2024-05-11T10:42:01.338194Z,delphinID_whistles,whistle,Gme,0.181883
delphinID_whistles:Z2_4:15,,2024-05-11T10:42:01.338194Z,delphinID_whistles,whistle,Lac,0.000416
delphinID_whistles:Z2_4:15,,2024-05-11T10:42:01.338194Z,delphinID_whistles,whistle,Lal,0.054311
delphinID_whistles:Z2_4:15,,2024-05-11T10:42:01.338194Z,delphinID_whistles,whistle,Oor,0.374887
delphinID_whistles:Z2_4:15,,2024-05-11T10:42:01.338194Z,delphinID_whistles,whistle,Ttr,0.000763
delphinID_whistles:Z2_4:16,,2024-05-11T10:48:56.240180Z,delphinID_whistles,whistle,Dde,0.032887
delphinID_whistles:Z2_4:16,,2024-05-11T10:48:56.240180Z,delphinID_whistles,whistle,Ggr,0.145511
delphinID_whistles:Z2_4:16,,2024-05-11T10:48:56.240180Z,delphinID_whistles,whistle,Gme,0.302212
delphinID_whistles:Z2_4:16,,2024-05-11T10:48:56.240180Z,delphinID_whistles,whistle,Lac,0.22199
delphinID_whistles:Z2_4:16,,2024-05-11T10:48:56.240180Z,delphinID_whistles,whistle,Lal,0.060763
delphinID_whistles:Z2_4:16,,2024-05-11T10:48:56.240180Z,delphinID_whistles,whistle,Oor,0.007913
delphinID_whistles:Z2_4:16,,2024-05-11T10:48:56.240180Z,delphinID_whistles,whistle,Ttr,0.228724
delphinID_whistles:Z2_4:17,,2024-05-11T10:41:27.500628Z,delphinID_whistles,whistle,Dde,0.012955
delphinID_whistles:Z2_4:17,,2024-05-11T10:41:27.500628Z,delphinID_whistles,whistle,Ggr,0.000244
delphinID_whistles:Z2_4:17,,2024-05-11T10:41:27.500628Z,delphinID_whistles,whistle,Gme,0.083217
delphinID_whistles:Z2_4:17,,2024-05-11T10:41:27.500628Z,delphinID_whistles,whistle,Lac,0.01034
delphinID_whistles:Z2_4:17,,2024-05-11T10:41:27.500628Z,delphinID_whistles,whistle,Lal,0.139615
delphinID_whistles:Z2_4:17,,2024-05-11T10:41:27.500628Z,delphinID_whistles,whistle,Oor,0.000858
delphinID_whistles:Z2_4:17,,2024-05-11T10:41:27.500628Z,delphinID_whistles,whistle,Ttr,0.752772
delphinID_whistles:Z2_4:18,,2024-05-11T10:48:12.935385Z,delphinID_whistles,whistle,Dde,0.020773
delphinID_whistles:Z2_4:18,,2024-05-11T10:48:12.935385Z,delphinID_whistles,whistle,Ggr,0.414432
delphinID_whistles:Z2_4:18,,2024-05-11T10:48:12.935385Z,delphinID_whistles,whistle,Gme,0.211839
delphinID_whistles:Z2_4:18,,2024-05-11T10:48:12.935385Z,delphinID_whistles,whistle,Lac,0.002365
delphinID_whistles:Z2_4:18,,2024-05-11T10:48:12.935385Z,delphinID_whistles,whistle,Lal,0.255542
delphinID_whistles:Z2_4:18,,2024-05-11T10:48:12.935385Z,delphinID_whistles,whistle,Oor,0.037835
delphinID_whistles:Z2_4:18,,2024-05-11T10:48:12.935385Z,delphinID_whistles,whistle,Ttr,0.057214
delphinID_clicks:Z2_4:0,,2024-05-11T10:46:34.019402Z,delphinID_clicks,click,Dde,0.003757
delphinID_clicks:Z2_4:0,,2024-05-11T10:46:34.019402Z,delphinID_clicks,click,Ggr,0.123732
delphinID_clicks:Z2_4:0,,2024-05-11T10:46:34.019402Z,delphinID_clicks,click,Gme,0.565597
delphinID_clicks:Z2_4:0,,2024-05-11T10:46:34.019402Z,delphinID_clicks,click,Lal,0.092491
delphinID_clicks:Z2_4:0,,2024-05-11T10:46:34.019402Z,delphinID_clicks,click,Ttr,0.214422
delphinID_clicks:Z2_4:1,,2024-05-11T10:43:57.539720Z,delphinID_clicks,click,Dde,0.003263
delphinID_clicks:Z2_4:1,,2024-05-11T10:43:57.539720Z,delphinID_clicks,click,Ggr,0.62796
delphinID_clicks:Z2_4:1,,2024-05-11T10:43:57.539720Z,delphinID_clicks,click,Gme,0.160121
delphinID_clicks:Z2_4:1,,2024-05-11T10:43:57.539720Z,delphinID_clicks,click,Lal,0.124233
delphinID_clicks:Z2_4:1,,2024-05-11T10:43:57.539720Z,delphinID_clicks,click,Ttr,0.084423
delphinID_clicks:Z2_4:2,,2024-05-11T10:46:22.214578Z,delphinID_clicks,click,Dde,0.011729
delphinID_clicks:Z2_4:2,,2024-05-11T10:46:22.214578Z,delphinID_clicks,click,Ggr,0.033715
delphinID_clicks:Z2_4:2,,2024-05-11T10:46:22.214578Z,delphinID_clicks,click,Gme,0.32436
delphinID_clicks:Z2_4:2,,2024-05-11T10:46:22.214578Z,delphinID_clicks,click,Lal,0.562469
delphinID_clicks:Z2_4:2,,2024-05-11T10:46:22.214578Z,delphinID_clicks,click,Ttr,0.067727
delphinID_clicks:Z2_4:3,,2024-05-11T10:49:39.984330Z,delphinID_clicks,click,Dde,0.001917
delphinID_clicks:Z2_4:3,,2024-05-11T10:49:39.984330Z,delphinID_clicks,click,Ggr,0.181758
delphinID_clicks:Z2_4:3,,2024-05-11T10:49:39.984330Z,delphinID_clicks,click,Gme,0.116669
delphinID_clicks:Z2_4:3,,2024-05-11T10:49:39.984330Z,delphinID_clicks,click,Lal,0.529142
delphinID_clicks:Z2_4:3,,2024-05-11T10:49:39.984330Z,delphinID_clicks,click,Ttr,0.170514
delphinID_clicks:Z2_4:4,,2024-05-11T10:45:58.974112Z,delphinID_clicks,click,Dde,0.018135
delphinID_clicks:Z2_4:4,,2024-05-11T10:45:58.974112Z,delphinID_clicks,click,Ggr,0.310275
delphinID_clicks:Z2_4:4,,2024-05-11T10:45:58.974112Z,delphinID_clicks,click,Gme,0.528065
delphinID_clicks:Z2_4:4,,2024-05-11T10:45:58.974112Z,delphinID_clicks,click,Lal,0.137451
delphinID_clicks:Z2_4:4,,2024-05-11T10:45:58.974112Z,delphinID_clicks,click,Ttr,0.006073
delphinID_clicks:Z2_4:5,,2024-05-11T10:48:11.279167Z,delphinID_clicks,click,Dde,0.022297
delphinID_clicks:Z2_4:5,,2024-05-11T10:48:11.279167Z,delphinID_clicks,click,Ggr,0.041629
delphinID_clicks:Z2_4:5,,2024-05-11T10:48:11.279167Z,delphinID_clicks,click,Gme,0.016358
delphinID_clicks:Z2_4:5,,2024-05-11T10:48:11.279167Z,delphinID_clicks,click,Lal,0.733057
delphinID_clicks:Z2_4:5,,2024-05-11T10:48:11.279167Z,delphinID_clicks,click,Ttr,0.186659
delphinID_clicks:Z2_4:6,,2024-05-11T10:44:37.026053Z,delphinID_clicks,click,Dde,0.012706
delphinID_clicks:Z2_4:6,,2024-05-11T10:44:37.026053Z,delphinID_clicks,click,Ggr,0.347052
delphinID_clicks:Z2_4:6,,2024-05-11T10:44:37.026053Z,delphinID_clicks,click,Gme,0.197324
delphinID_clicks:Z2_4:6,,2024-05-11T10:44:37.026053Z,delphinID_clicks,click,Lal,0.408233
delphinID_clicks:Z2_4:6,,2024-05-11T10:44:37.026053Z,delphinID_clicks,click,Ttr,0.034684
delphinID_clicks:Z2_4:7,,2024-05-11T10:42:56.717631Z,delphinID_clicks,click,Dde,0.459717
delphinID_clicks:Z2_4:7,,2024-05-11T10:42:56.717631Z,delphinID_clicks,click,Ggr,0.188374
delphinID_clicks:Z2_4:7,,2024-05-11T10:42:56.717631Z,delphinID_clicks,click,Gme,9.7e-05
delphinID_clicks:Z2_4:7,,2024-05-11T10:42:56.717631Z,delphinID_clicks,click,Lal,0.116185
delphinID_clicks:Z2_4:7,,2024-05-11T10:42:56.717631Z,delphinID_clicks,click,Ttr,0.235626
delphinID_clicks:Z2_4:8,,2024-05-11T10:44:48.587921Z,delphinID_clicks,click,Dde,0.052431
delphinID_clicks:Z2_4:8,,2024-05-11T10:44:48.587921Z,delphinID_clicks,click,Ggr,0.165423
delphinID_clicks:Z2_4:8,,2024-05-11T10:44:48.587921Z,delphinID_clicks,click,Gme,0.102294
delphinID_clicks:Z2_4:8,,2024-05-11T10:44:48.587921Z,delphinID_clicks,click,Lal,0.129047
delphinID_clicks:Z2_4:8,,2024-05-11T10:44:48.587921Z,delphinID_clicks,click,Ttr,0.550805
delphinID_clicks:Z2_4:9,,2024-05-11T10:47:40.101584Z,delphinID_clicks,click,Dde,0.016454
delphinID_clicks:Z2_4:9,,2024-05-11T10:47:40.101584Z,delphinID_clicks,click,Ggr,0.136249
delphinID_clicks:Z2_4:9,,2024-05-11T10:47:40.101584Z,delphinID_clicks,click,Gme,0.072326
delphinID_clicks:Z2_4:9,,2024-05-11T10:47:40.101584Z,delphinID_clicks,click,Lal,0.449124
delphinID_clicks:Z2_4:9,,2024-05-11T10:47:40.101584Z,delphinID_clicks,click,Ttr,0.325847
delphinID_clicks:Z2_4:10,,2024-05-11T10:46:03.188255Z,delphinID_clicks,click,Dde,0.308665
delphinID_clicks:Z2_4:10,,2024-05-11T10:46:03.188255Z,delphinID_clicks,click,Ggr,0.010781
delphinID_clicks:Z2_4:10,,2024-05-11T10:46:03.188255Z,delphinID_clicks,click,Gme,0.309
delphinID_clicks:Z2_4:10,,2024-05-11T10:46:03.188255Z,delphinID_clicks,click,Lal,0.004427
delphinID_clicks:Z2_4:10,,2024-05-11T10:46:03.188255Z,delphinID_clicks,click,Ttr,0.367128
delphinID_clicks:Z2_4:11,,2024-05-11T10:45:30.381128Z,delphinID_clicks,click,Dde,0.035958
delphinID_clicks:Z2_4:11,,2024-05-11T10:45:30.381128Z,delphinID_clicks,click,Ggr,0.001444
delphinID_clicks:Z2_4:11,,2024-05-11T10:45:30.381128Z,delphinID_clicks,click,Gme,0.506954
delphinID_clicks:Z2_4:11,,2024-05-11T10:45:30.381128Z,delphinID_clicks,click,Lal,0.445377
delphinID_clicks:Z2_4:11,,2024-05-11T10:45:30.381128Z,delphinID_clicks,click,Ttr,0.010268
delphinID_clicks:Z2_4:12,,2024-05-11T10:43:28.340337Z,delphinID_clicks,click,Dde,0.007075
delphinID_clicks:Z2_4:12,,2024-05-11T10:43:28.340337Z,delphinID_clicks,click,Ggr,0.018907
delphinID_clicks:Z2_4:12,,2024-05-11T10:43:28.340337Z,delphinID_clicks,click,Gme,0.504002
delphinID_clicks:Z2_4:12,,2024-05-11T10:43:28.340337Z,delphinID_clicks,click,Lal,0.394762
delphinID_clicks:Z2_4:12,,2024-05-11T10:43:28.340337Z,delphinID_clicks,click,Ttr,0.075254
delphinID_clicks:Z2_4:13,,2024-05-11T10:41:15.687587Z,delphinID_clicks,click,Dde,0.000372
delphinID_clicks:Z2_4:13,,2024-05-11T10:41:15.687587Z,delphinID_clicks,click,Ggr,0.351454
delphinID_clicks:Z2_4:13,,2024-05-11T10:41:15.687587Z,delphinID_clicks,click,Gme,0.424116
delphinID_clicks:Z2_4:13,,2024-05-11T10:41:15.687587Z,delphinID_clicks,click,Lal,0.119279
delphinID_clicks:Z2_4:13,,2024-05-11T10:41:15.687587Z,delphinID_clicks,click,Ttr,0.104778
delphinID_clicks:Z2_4:14,,2024-05-11T10:40:26.508449Z,delphinID_clicks,click,Dde,0.041107
delphinID_clicks:Z2_4:14,,2024-05-11T10:40:26.508449Z,delphinID_clicks,click,Ggr,0.062099
delphinID_clicks:Z2_4:14,,2024-05-11T10:40:26.508449Z,delphinID_clicks,click,Gme,0.02874
delphinID_clicks:Z2_4:14,,2024-05-11T10:40:26.508449Z,delphinID_clicks,click,Lal,0.827609
delphinID_clicks:Z2_4:14,,2024-05-11T10:40:26.508449Z,delphinID_clicks,click,Ttr,0.040443
delphinID_clicks:Z2_4:15,,2024-05-11T10:45:24.026519Z,delphinID_clicks,click,Dde,0.05548
delphinID_clicks:Z2_4:15,,2024-05-11T10:45:24.026519Z,delphinID_clicks,click,Ggr,0.044129
delphinID_clicks:Z2_4:15,,2024-05-11T10:45:24.026519Z,delphinID_clicks,click,Gme,0.006931
delphinID_clicks:Z2_4:15,,2024-05-11T10:45:24.026519Z,delphinID_clicks,click,Lal,0.049739
delphinID_clicks:Z2_4:15,,2024-05-11T10:45:24.026519Z,delphinID_clicks,click,Ttr,0.843722
delphinID_clicks:Z2_4:16,,2024-05-11T10:45:59.582799Z,delphinID_clicks,click,Dde,0.086958
delphinID_clicks:Z2_4:16,,2024-05-11T10:45:59.582799Z,delphinID_clicks,click,Ggr,0.545555
delphinID_clicks:Z2_4:16,,2024-05-11T10:45:59.582799Z,delphinID_clicks,click,Gme,0.010302
delphinID_clicks:Z2_4:16,,2024-05-11T10:45:59.582799Z,delphinID_clicks,click,Lal,0.244901
delphinID_clicks:Z2_4:16,,2024-05-11T10:45:59.582799Z,delphinID_clicks,click,Ttr,0.112284
delphinID_clicks:Z2_4:17,,2024-05-11T10:41:09.574914Z,delphinID_clicks,click,Dde,0.005567
delphinID_clicks:Z2_4:17,,2024-05-11T10:41:09.574914Z,delphinID_clicks,click,Ggr,0.038107
delphinID_clicks:Z2_4:17,,2024-05-11T10:41:09.574914Z,delphinID_clicks,click,Gme,0.704729
delphinID_clicks:Z2_4:17,,2024-05-11T10:41:09.574914Z,delphinID_clicks,click,Lal,0.225662
delphinID_clicks:Z2_4:17,,2024-05-11T10:41:09.574914Z,delphinID_clicks,click,Ttr,0.025935
delphinID_clicks:Z2_4:18,,2024-05-11T10:48:57.995984Z,delphinID_clicks,click,Dde,0.643161
delphinID_clicks:Z2_4:18,,2024-05-11T10:48:57.995984Z,delphinID_clicks,click,Ggr,0.060959
delphinID_clicks:Z2_4:18,,2024-05-11T10:48:57.995984Z,delphinID_clicks,click,Gme,0.118894
delphinID_clicks:Z2_4:18,,2024-05-11T10:48:57.995984Z,delphinID_clicks,click,Lal,0.109877
delphinID_clicks:Z2_4:18,,2024-05-11T10:48:57.995984Z,delphinID_clicks,click,Ttr,0.067109
delphinID_clicks:Z2_4:19,,2024-05-11T10:43:10.653603Z,delphinID_clicks,click,Dde,0.361697
delphinID_clicks:Z2_4:19,,2024-05-11T10:43:10.653603Z,delphinID_clicks,click,Ggr,0.008671
delphinID_clicks:Z2_4:19,,2024-05-11T10:43:10.653603Z,delphinID_clicks,click,Gme,0.00062
delphinID_clicks:Z2_4:19,,2024-05-11T10:43:10.653603Z,delphinID_clicks,click,Lal,0.474846
delphinID_clicks:Z2_4:19,,2024-05-11T10:43:10.653603Z,delphinID_clicks,click,Ttr,0.154166
delphinID_clicks:Z2_4:20,,2024-05-11T10:43:55.251019Z,delphinID_clicks,click,Dde,0.671363
delphinID_clicks:Z2_4:20,,2024-05-11T10:43:55.251019Z,delphinID_clicks,click,Ggr,0.069215
delphinID_clicks:Z2_4:20,,2024-05-11T10:43:55.251019Z,delphinID_clicks,click,Gme,0.078441
delphinID_clicks:Z2_4:20,,2024-05-11T10:43:55.251019Z,delphinID_clicks,click,Lal,0.180973
delphinID_clicks:Z2_4:20,,2024-05-11T10:43:55.251019Z,delphinID_clicks,click,Ttr,9e-06
delphinID_clicks:Z2_4:21,,2024-05-11T10:40:33.845817Z,delphinID_clicks,click,Dde,0.006302
delphinID_clicks:Z2_4:21,,2024-05-11T10:40:33.845817Z,delphinID_clicks,click,Ggr,0.262375
delphinID_clicks:Z2_4:21,,2024-05-11T10:40:33.845817Z,delphinID_clicks,click,Gme,0.009332
delphinID_clicks:Z2_4:21,,2024-05-11T10:40:33.845817Z,delphinID_clicks,click,Lal,0.649885
delphinID_clicks:Z2_4:21,,2024-05-11T10:40:33.845817Z,delphinID_clicks,click,Ttr,0.072106
delphinID_clicks:Z2_4:22,,2024-05-11T10:45:29.458372Z,delphinID_clicks,click,Dde,0.251295
delphinID_clicks:Z2_4:22,,2024-05-11T10:45:29.458372Z,delphinID_clicks,click,Ggr,0.14409
delphinID_clicks:Z2_4:22,,2024-05-11T10:45:29.458372Z,delphinID_clicks,click,Gme,0.084529
delphinID_clicks:Z2_4:22,,2024-05-11T10:45:29.458372Z,delphinID_clicks,click,Lal,0.152806
delphinID_clicks:Z2_4:22,,2024-05-11T10:45:29.458372Z,delphinID_clicks,click,Ttr,0.367281
delphinID_clicks:Z2_4:23,,2024-05-11T10:48:47.087026Z,delphinID_clicks,click,Dde,0.13532
delphinID_clicks:Z2_4:23,,2024-05-11T10:48:47.087026Z,delphinID_clicks,click,Ggr,0.044506
delphinID_clicks:Z2_4:23,,2024-05-11T10:48:47.087026Z,delphinID_clicks,click,Gme,0.139626
delphinID_clicks:Z2_4:23,,2024-05-11T10:48:47.087026Z,delphinID_clicks,click,Lal,0.04722
delphinID_clicks:Z2_4:23,,2024-05-11T10:48:47.087026Z,delphinID_clicks,click,Ttr,0.633327
delphinID_clicks:Z2_4:24,,2024-05-11T10:47:30.231909Z,delphinID_clicks,click,Dde,0.816362
delphinID_clicks:Z2_4:24,,2024-05-11T10:47:30.231909Z,delphinID_clicks,click,Ggr,0.066511
delphinID_clicks:Z2_4:24,,2024-05-11T10:47:30.231909Z,delphinID_clicks,click,Gme,0.018125
delphinID_clicks:Z2_4:24,,2024-05-11T10:47:30.231909Z,delphinID_clicks,click,Lal,0.076173
delphinID_clicks:Z2_4:24,,2024-05-11T10:47:30.231909Z,delphinID_clicks,click,Ttr,0.022828
delphinID_clicks:Z2_4:25,,2024-05-11T10:49:45.296704Z,delphinID_clicks,click,Dde,0.003464
delphinID_clicks:Z2_4:25,,2024-05-11T10:49:45.296704Z,delphinID_clicks,click,Ggr,0.000894
delphinID_clicks:Z2_4:25,,2024-05-11T10:49:45.296704Z,delphinID_clicks,click,Gme,0.117003
delphinID_clicks:Z2_4:25,,2024-05-11T10:49:45.296704Z,delphinID_clicks,click,Lal,0.776486
delphinID_clicks:Z2_4:25,,2024-05-11T10:49:45.296704Z,delphinID_clicks,click,Ttr,0.102153
delphinID_whistles:Z3_1:0,,2024-05-12T11:25:49.174254Z,delphinID_whistles,whistle,Dde,0.037284
delphinID_whistles:Z3_1:0,,2024-05-12T11:25:49.174254Z,delphinID_whistles,whistle,Ggr,0.372945
delphinID_whistles:Z3_1:0,,2024-05-12T11:25:49.174254Z,delphinID_whistles,whistle,Gme,0.021164
delphinID_whistles:Z3_1:0,,2024-05-12T11:25:49.174254Z,delphinID_whistles,whistle,Lac,0.000965
delphinID_whistles:Z3_1:0,,2024-05-12T11:25:49.174254Z,delphinID_whistles,whistle,Lal,0.301313
delphinID_whistles:Z3_1:0,,2024-05-12T11:25:49.174254Z,delphinID_whistles,whistle,Oor,0.192634
delphinID_whistles:Z3_1:0,,2024-05-12T11:25:49.174254Z,delphinID_whistles,whistle,Ttr,0.073695
delphinID_whistles:Z3_1:1,,2024-05-12T11:23:39.707425Z,delphinID_whistles,whistle,Dde,0.086502
delphinID_whistles:Z3_1:1,,2024-05-12T11:23:39.707425Z,delphinID_whistles,whistle,Ggr,0.222028
delphinID_whistles:Z3_1:1,,2024-05-12T11:23:39.707425Z,delphinID_whistles,whistle,Gme,0.300482
delphinID_whistles:Z3_1:1,,2024-05-12T11:23:39.707425Z,delphinID_whistles,whistle,Lac,0.000281
delphinID_whistles:Z3_1:1,,2024-05-12T11:23:39.707425Z,delphinID_whistles,whistle,Lal,0.02154
delphinID_whistles:Z3_1:1,,2024-05-12T11:23:39.707425Z,delphinID_whistles,whistle,Oor,0.26139
delphinID_whistles:Z3_1:1,,2024-05-12T11:23:39.707425Z,delphinID_whistles,whistle,Ttr,0.107778
delphinID_whistles:Z3_1:2,,2024-05-12T11:29:45.608835Z,delphinID_whistles,whistle,Dde,0.057227
delphinID_whistles:Z3_1:2,,2024-05-12T11:29:45.608835Z,delphinID_whistles,whistle,Ggr,0.412419
delphinID_whistles:Z3_1:2,,2024-05-12T11:29:45.608835Z,delphinID_whistles,whistle,Gme,0.008538
delphinID_whistles:Z3_1:2,,2024-05-12T11:29:45.608835Z,delphinID_whistles,whistle,Lac,0.018605
delphinID_whistles:Z3_1:2,,2024-05-12T11:29:45.608835Z,delphinID_whistles,whistle,Lal,0.008519
delphinID_whistles:Z3_1:2,,2024-05-12T11:29:45.608835Z,delphinID_whistles,whistle,Oor,0.294008
delphinID_whistles:Z3_1:2,,2024-05-12T11:29:45.608835Z,delphinID_whistles,whistle,Ttr,0.200684
delphinID_whistles:Z3_1:3,,2024-05-12T11:22:36.544632Z,delphinID_whistles,whistle,Dde,0.075421
delphinID_whistles:Z3_1:3,,2024-05-12T11:22:36.544632Z,delphinID_whistles,whistle,Ggr,0.027442
delphinID_whistles:Z3_1:3,,2024-05-12T11:22:36.544632Z,delphinID_whistles,whistle,Gme,0.347093
delphinID_whistles:Z3_1:3,,2024-05-12T11:22:36.544632Z,delphinID_whistles,whistle,Lac,0.062869
delphinID_whistles:Z3_1:3,,2024-05-12T11:22:36.544632Z,delphinID_whistles,whistle,Lal,0.314685
delphinID_whistles:Z3_1:3,,2024-05-12T11:22:36.544632Z,delphinID_whistles,whistle,Oor,0.171409
delphinID_whistles:Z3_1:3,,2024-05-12T11:22:36.544632Z,delphinID_whistles,whistle,Ttr,0.001082
delphinID_whistles:Z3_1:4,,2024-05-12T11:29:47.633325Z,delphinID_whistles,whistle,Dde,0.000753
delphinID_whistles:Z3_1:4,,2024-05-12T11:29:47.633325Z,delphinID_whistles,whistle,Ggr,0.028143
delphinID_whistles:Z3_1:4,,2024-05-12T11:29:47.633325Z,delphinID_whistles,whistle,Gme,0.464576
delphinID_whistles:Z3_1:4,,2024-05-12T11:29:47.633325Z,delphinID_whistles,whistle,Lac,0.061508
delphinID_whistles:Z3_1:4,,2024-05-12T11:29:47.633325Z,delphinID_whistles,whistle,Lal,0.012606
delphinID_whistles:Z3_1:4,,2024-05-12T11:29:47.633325Z,delphinID_whistles,whistle,Oor,0.014119
delphinID_whistles:Z3_1:4,,2024-05-12T11:29:47.633325Z,delphinID_whistles,whistle,Ttr,0.418294
delphinID_clicks:Z3_1:0,,2024-05-12T11:27:01.872999Z,delphinID_clicks,click,Dde,0.020535
delphinID_clicks:Z3_1:0,,2024-05-12T11:27:01.872999Z,delphinID_clicks,click,Ggr,0.091536
delphinID_clicks:Z3_1:0,,2024-05-12T11:27:01.872999Z,delphinID_clicks,click,Gme,0.08699
delphinID_clicks:Z3_1:0,,2024-05-12T11:27:01.872999Z,delphinID_clicks,click,Lal,0.057672
delphinID_clicks:Z3_1:0,,2024-05-12T11:27:01.872999Z,delphinID_clicks,click,Ttr,0.743266
delphinID_clicks:Z3_1:1,,2024-05-12T11:22:08.355363Z,delphinID_clicks,click,Dde,0.196152
delphinID_clicks:Z3_1:1,,2024-05-12T11:22:08.355363Z,delphinID_clicks,click,Ggr,0.523837
delphinID_clicks:Z3_1:1,,2024-05-12T11:22:08.355363Z,delphinID_clicks,click,Gme,0.10699
delphinID_clicks:Z3_1:1,,2024-05-12T11:22:08.355363Z,delphinID_clicks,click,Lal,0.168945
delphinID_clicks:Z3_1:1,,2024-05-12T11:22:08.355363Z,delphinID_clicks,click,Ttr,0.004076
delphinID_clicks:Z3_1:2,,2024-05-12T11:23:51.749983Z,delphinID_clicks,click,Dde,0.00491
delphinID_clicks:Z3_1:2,,2024-05-12T11:23:51.749983Z,delphinID_clicks,click,Ggr,0.277459
delphinID_clicks:Z3_1:2,,2024-05-12T11:23:51.749983Z,delphinID_clicks,click,Gme,0.181965
delphinID_clicks:Z3_1:2,,2024-05-12T11:23:51.749983Z,delphinID_clicks,click,Lal,0.16482
delphinID_clicks:Z3_1:2,,2024-05-12T11:23:51.749983Z,delphinID_clicks,click,Ttr,0.370846
delphinID_clicks:Z3_1:3,,2024-05-12T11:28:43.620997Z,delphinID_clicks,click,Dde,0.049251
delphinID_clicks:Z3_1:3,,2024-05-12T11:28:43.620997Z,delphinID_clicks,click,Ggr,0.439399
delphinID_clicks:Z3_1:3,,2024-05-12T11:28:43.620997Z,delphinID_clicks,click,Gme,0.100906
delphinID_clicks:Z3_1:3,,2024-05-12T11:28:43.620997Z,delphinID_clicks,click,Lal,0.170504
delphinID_clicks:Z3_1:3,,2024-05-12T11:28:43.620997Z,delphinID_clicks,click,Ttr,0.23994
delphinID_clicks:Z3_1:4,,2024-05-12T11:26:50.177207Z,delphinID_clicks,click,Dde,0.370684
delphinID_clicks:Z3_1:4,,2024-05-12T11:26:50.177207Z,delphinID_clicks,click,Ggr,0.206284
delphinID_clicks:Z3_1:4,,2024-05-12T11:26:50.177207Z,delphinID_clicks,click,Gme,0.193342
delphinID_clicks:Z3_1:4,,2024-05-12T11:26:50.177207Z,delphinID_clicks,click,Lal,0.012022
delphinID_clicks:Z3_1:4,,2024-05-12T11:26:50.177207Z,delphinID_clicks,click,Ttr,0.217668
delphinID_clicks:Z3_1:5,,2024-05-12T11:25:50.611616Z,delphinID_clicks,click,Dde,0.000305
delphinID_clicks:Z3_1:5,,2024-05-12T11:25:50.611616Z,delphinID_clicks,click,Ggr,0.274405
delphinID_clicks:Z3_1:5,,2024-05-12T11:25:50.611616Z,delphinID_clicks,click,Gme,0.111387
delphinID_clicks:Z3_1:5,,2024-05-12T11:25:50.611616Z,delphinID_clicks,click,Lal,0.008349
delphinID_clicks:Z3_1:5,,2024-05-12T11:25:50.611616Z,delphinID_clicks,click,Ttr,0.605553
delphinID_clicks:Z3_1:6,,2024-05-12T11:21:04.372531Z,delphinID_clicks,click,Dde,0.302764
delphinID_clicks:Z3_1:6,,2024-05-12T11:21:04.372531Z,delphinID_clicks,click,Ggr,0.142345
delphinID_clicks:Z3_1:6,,2024-05-12T11:21:04.372531Z,delphinID_clicks,click,Gme,0.153915
delphinID_clicks:Z3_1:6,,2024-05-12T11:21:04.372531Z,delphinID_clicks,click,Lal,0.375917
delphinID_clicks:Z3_1:6,,2024-05-12T11:21:04.372531Z,delphinID_clicks,click,Ttr,0.025059
delphinID_clicks:Z3_1:7,,2024-05-12T11:27:23.654101Z,delphinID_clicks,click,Dde,0.608087
delphinID_clicks:Z3_1:7,,2024-05-12T11:27:23.654101Z,delphinID_clicks,click,Ggr,0.047394
delphinID_clicks:Z3_1:7,,2024-05-12T11:27:23.654101Z,delphinID_clicks,click,Gme,0.123693
delphinID_clicks:Z3_1:7,,2024-05-12T11:27:23.654101Z,delphinID_clicks,click,Lal,0.188063
delphinID_clicks:Z3_1:7,,2024-05-12T11:27:23.654101Z,delphinID_clicks,click,Ttr,0.032763
delphinID_clicks:Z3_1:8,,2024-05-12T11:22:01.583647Z,delphinID_clicks,click,Dde,0.332077
delphinID_clicks:Z3_1:8,,2024-05-12T11:22:01.583647Z,delphinID_clicks,click,Ggr,0.031564
delphinID_clicks:Z3_1:8,,2024-05-12T11:22:01.583647Z,delphinID_clicks,click,Gme,0.356973
delphinID_clicks:Z3_1:8,,2024-05-12T11:22:01.583647Z,delphinID_clicks,click,Lal,0.181687
delphinID_clicks:Z3_1:8,,2024-05-12T11:22:01.583647Z,delphinID_clicks,click,Ttr,0.097699
delphinID_clicks:Z3_1:9,,2024-05-12T11:22:14.874387Z,delphinID_clicks,click,Dde,0.144043
delphinID_clicks:Z3_1:9,,2024-05-12T11:22:14.874387Z,delphinID_clicks,click,Ggr,0.113497
delphinID_clicks:Z3_1:9,,2024-05-12T11:22:14.874387Z,delphinID_clicks,click,Gme,0.089129
delphinID_clicks:Z3_1:9,,2024-05-12T11:22:14.874387Z,delphinID_clicks,click,Lal,0.61057
delphinID_clicks:Z3_1:9,,2024-05-12T11:22:14.874387Z,delphinID_clicks,click,Ttr,0.04276
delphinID_clicks:Z3_1:10,,2024-05-12T11:27:14.711709Z,delphinID_clicks,click,Dde,0.003611
delphinID_clicks:Z3_1:10,,2024-05-12T11:27:14.711709Z,delphinID_clicks,click,Ggr,0.546228
delphinID_clicks:Z3_1:10,,2024-05-12T11:27:14.711709Z,delphinID_clicks,click,Gme,0.16329
delphinID_clicks:Z3_1:10,,2024-05-12T11:27:14.711709Z,delphinID_clicks,click,Lal,0.119049
delphinID_clicks:Z3_1:10,,2024-05-12T11:27:14.711709Z,delphinID_clicks,click,Ttr,0.167823
delphinID_clicks:Z3_1:11,,2024-05-12T11:27:56.178669Z,delphinID_clicks,click,Dde,0.094953
delphinID_clicks:Z3_1:11,,2024-05-12T11:27:56.178669Z,delphinID_clicks,click,Ggr,0.049209
delphinID_clicks:Z3_1:11,,2024-05-12T11:27:56.178669Z,delphinID_clicks,click,Gme,0.216246
delphinID_clicks:Z3_1:11,,2024-05-12T11:27:56.178669Z,delphinID_clicks,click,Lal,0.617703
delphinID_clicks:Z3_1:11,,2024-05-12T11:27:56.178669Z,delphinID_clicks,click,Ttr,0.021889
delphinID_clicks:Z3_1:12,,2024-05-12T11:22:01.791809Z,delphinID_clicks,click,Dde,0.035531
delphinID_clicks:Z3_1:12,,2024-05-12T11:22:01.791809Z,delphinID_clicks,click,Ggr,0.031789
delphinID_clicks:Z3_1:12,,2024-05-12T11:22:01.791809Z,delphinID_clicks,click,Gme,0.251112
delphinID_clicks:Z3_1:12,,2024-05-12T11:22:01.791809Z,delphinID_clicks,click,Lal,0.536136
delphinID_clicks:Z3_1:12,,2024-05-12T11:22:01.791809Z,delphinID_clicks,click,Ttr,0.145432
delphinID_clicks:Z3_1:13,,2024-05-12T11:22:52.403038Z,delphinID_clicks,click,Dde,0.061931
delphinID_clicks:Z3_1:13,,2024-05-12T11:22:52.403038Z,delphinID_clicks,click,Ggr,0.023263
delphinID_clicks:Z3_1:13,,2024-05-12T11:22:52.403038Z,delphinID_clicks,click,Gme,0.063316
delphinID_clicks:Z3_1:13,,2024-05-12T11:22:52.403038Z,delphinID_clicks,click,Lal,0.331507
delphinID_clicks:Z3_1:13,,2024-05-12T11:22:52.403038Z,delphinID_clicks,click,Ttr,0.519983
delphinID_clicks:Z3_1:14,,2024-05-12T11:29:45.386315Z,delphinID_clicks,click,Dde,0.09387
delphinID_clicks:Z3_1:14,,2024-05-12T11:29:45.386315Z,delphinID_clicks,click,Ggr,0.128881
delphinID_clicks:Z3_1:14,,2024-05-12T11:29:45.386315Z,delphinID_clicks,click,Gme,0.073602
delphinID_clicks:Z3_1:14,,2024-05-12T11:29:45.386315Z,delphinID_clicks,click,Lal,0.501766
delphinID_clicks:Z3_1:14,,2024-05-12T11:29:45.386315Z,delphinID_clicks,click,Ttr,0.201881
delphinID_clicks:Z3_1:15,,2024-05-12T11:22:46.496392Z,delphinID_clicks,click,Dde,0.112528
delphinID_clicks:Z3_1:15,,2024-05-12T11:22:46.496392Z,delphinID_clicks,click,Ggr,0.268575
delphinID_clicks:Z3_1:15,,2024-05-12T11:22:46.496392Z,delphinID_clicks,click,Gme,0.086512
delphinID_clicks:Z3_1:15,,2024-05-12T11:22:46.496392Z,delphinID_clicks,click,Lal,0.502381
delphinID_clicks:Z3_1:15,,2024-05-12T11:22:46.496392Z,delphinID_clicks,click,Ttr,0.030004
delphinID_clicks:Z3_1:16,,2024-05-12T11:27:42.486630Z,delphinID_clicks,click,Dde,0.284799
delphinID_clicks:Z3_1:16,,2024-05-12T11:27:42.486630Z,delphinID_clicks,click,Ggr,0.175375
delphinID_clicks:Z3_1:16,,2024-05-12T11:27:42.486630Z,delphinID_clicks,click,Gme,0.00177
delphinID_clicks:Z3_1:16,,2024-05-12T11:27:42.486630Z,delphinID_clicks,click,Lal,0.128789
delphinID_clicks:Z3_1:16,,2024-05-12T11:27:42.486630Z,delphinID_clicks,click,Ttr,0.409267
delphinID_clicks:Z3_1:17,,2024-05-12T11:21:27.293820Z,delphinID_clicks,click,Dde,0.118271
delphinID_clicks:Z3_1:17,,2024-05-12T11:21:27.293820Z,delphinID_clicks,click,Ggr,0.228792
delphinID_clicks:Z3_1:17,,2024-05-12T11:21:27.293820Z,delphinID_clicks,click,Gme,0.064566
delphinID_clicks:Z3_1:17,,2024-05-12T11:21:27.293820Z,delphinID_clicks,click,Lal,0.072462
delphinID_clicks:Z3_1:17,,2024-05-12T11:21:27.293820Z,delphinID_clicks,click,Ttr,0.51591
delphinID_clicks:Z3_1:18,,2024-05-12T11:20:45.259550Z,delphinID_clicks,click,Dde,0.520503
delphinID_clicks:Z3_1:18,,2024-05-12T11:20:45.259550Z,delphinID_clicks,click,Ggr,0.005952
delphinID_clicks:Z3_1:18,,2024-05-12T11:20:45.259550Z,delphinID_clicks,click,Gme,0.271709
delphinID_clicks:Z3_1:18,,2024-05-12T11:20:45.259550Z,delphinID_clicks,click,Lal,0.104478
delphinID_clicks:Z3_1:18,,2024-05-12T11:20:45.259550Z,delphinID_clicks,click,Ttr,0.097358
delphinID_clicks:Z3_1:19,,2024-05-12T11:22:59.286550Z,delphinID_clicks,click,Dde,0.004748
delphinID_clicks:Z3_1:19,,2024-05-12T11:22:59.286550Z,delphinID_clicks,click,Ggr,0.08335
delphinID_clicks:Z3_1:19,,2024-05-12T11:22:59.286550Z,delphinID_clicks,click,Gme,0.209782
delphinID_clicks:Z3_1:19,,2024-05-12T11:22:59.286550Z,delphinID_clicks,click,Lal,0.62399
delphinID_clicks:Z3_1:19,,2024-05-12T11:22:59.286550Z,delphinID_clicks,click,Ttr,0.07813
delphinID_clicks:Z3_1:20,,2024-05-12T11:27:25.591382Z,delphinID_clicks,click,Dde,0.236643
delphinID_clicks:Z3_1:20,,2024-05-12T11:27:25.591382Z,delphinID_clicks,click,Ggr,7e-05
delphinID_clicks:Z3_1:20,,2024-05-12T11:27:25.591382Z,delphinID_clicks,click,Gme,0.310963
delphinID_clicks:Z3_1:20,,2024-05-12T11:27:25.591382Z,delphinID_clicks,click,Lal,0.400978
delphinID_clicks:Z3_1:20,,2024-05-12T11:27:25.591382Z,delphinID_clicks,click,Ttr,0.051346
delphinID_clicks:Z3_1:21,,2024-05-12T11:23:16.926313Z,delphinID_clicks,click,Dde,0.014667
delphinID_clicks:Z3_1:21,,2024-05-12T11:23:16.926313Z,delphinID_clicks,click,Ggr,0.211609
delphinID_clicks:Z3_1:21,,2024-05-12T11:23:16.926313Z,delphinID_clicks,click,Gme,0.13099
delphinID_clicks:Z3_1:21,,2024-05-12T11:23:16.926313Z,delphinID_clicks,click,Lal,0.2647
delphinID_clicks:Z3_1:21,,2024-05-12T11:23:16.926313Z,delphinID_clicks,click,Ttr,0.378034
delphinID_clicks:Z3_1:22,,2024-05-12T11:24:38.628489Z,delphinID_clicks,click,Dde,0.713993
delphinID_clicks:Z3_1:22,,2024-05-12T11:24:38.628489Z,delphinID_clicks,click,Ggr,0.011952
delphinID_clicks:Z3_1:22,,2024-05-12T11:24:38.628489Z,delphinID_clicks,click,Gme,0.002319
delphinID_clicks:Z3_1:22,,2024-05-12T11:24:38.628489Z,delphinID_clicks,click,Lal,0.10278
delphinID_clicks:Z3_1:22,,2024-05-12T11:24:38.628489Z,delphinID_clicks,click,Ttr,0.168957
delphinID_clicks:Z3_1:23,,2024-05-12T11:26:00.883971Z,delphinID_clicks,click,Dde,0.009062
delphinID_clicks:Z3_1:23,,2024-05-12T11:26:00.883971Z,delphinID_clicks,click,Ggr,0.186494
delphinID_clicks:Z3_1:23,,2024-05-12T11:26:00.883971Z,delphinID_clicks,click,Gme,0.676492
delphinID_clicks:Z3_1:23,,2024-05-12T11:26:00.883971Z,delphinID_clicks,click,Lal,0.114545
delphinID_clicks:Z3_1:23,,2024-05-12T11:26:00.883971Z,delphinID_clicks,click,Ttr,0.013407
delphinID_clicks:Z3_1:24,,2024-05-12T11:23:09.302717Z,delphinID_clicks,click,Dde,0.054866
delphinID_clicks:Z3_1:24,,2024-05-12T11:23:09.302717Z,delphinID_clicks,click,Ggr,0.006945
delphinID_clicks:Z3_1:24,,2024-05-12T11:23:09.302717Z,delphinID_clicks,click,Gme,0.027417
delphinID_clicks:Z3_1:24,,2024-05-12T11:23:09.302717Z,delphinID_clicks,click,Lal,0.764062
delphinID_clicks:Z3_1:24,,2024-05-12T11:23:09.302717Z,delphinID_clicks,click,Ttr,0.14671
delphinID_clicks:Z3_1:25,,2024-05-12T11:24:00.408674Z,delphinID_clicks,click,Dde,0.118282
delphinID_clicks:Z3_1:25,,2024-05-12T11:24:00.408674Z,delphinID_clicks,click,Ggr,0.002906
delphinID_clicks:Z3_1:25,,2024-05-12T11:24:00.408674Z,delphinID_clicks,click,Gme,0.320394
delphinID_clicks:Z3_1:25,,2024-05-12T11:24:00.408674Z,delphinID_clicks,click,Lal,0.071253
delphinID_clicks:Z3_1:25,,2024-05-12T11:24:00.408674Z,delphinID_clicks,click,Ttr,0.487165
delphinID_clicks:Z3_1:26,,2024-05-12T11:24:40.913608Z,delphinID_clicks,click,Dde,0.190803
delphinID_clicks:Z3_1:26,,2024-05-12T11:24:40.913608Z,delphinID_clicks,click,Ggr,0.004465
delphinID_clicks:Z3_1:26,,2024-05-12T11:24:40.913608Z,delphinID_clicks,click,Gme,0.004932
delphinID_clicks:Z3_1:26,,2024-05-12T11:24:40.913608Z,delphinID_clicks,click,Lal,0.750949
delphinID_clicks:Z3_1:26,,2024-05-12T11:24:40.913608Z,delphinID_clicks,click,Ttr,0.048851
delphinID_clicks:Z3_1:27,,2024-05-12T11:25:25.996349Z,delphinID_clicks,click,Dde,0.120441
delphinID_clicks:Z3_1:27,,2024-05-12T11:25:25.996349Z,delphinID_clicks,click,Ggr,0.00478
delphinID_clicks:Z3_1:27,,2024-05-12T11:25:25.996349Z,delphinID_clicks,click,Gme,0.035526
delphinID_clicks:Z3_1:27,,2024-05-12T11:25:25.996349Z,delphinID_clicks,click,Lal,0.761894
delphinID_clicks:Z3_1:27,,2024-05-12T11:25:25.996349Z,delphinID_clicks,click,Ttr,0.077359
delphinID_clicks:Z3_1:28,,2024-05-12T11:20:28.162549Z,delphinID_clicks,click,Dde,0.040767
delphinID_clicks:Z3_1:28,,2024-05-12T11:20:28.162549Z,delphinID_clicks,click,Ggr,0.00743
delphinID_clicks:Z3_1:28,,2024-05-12T11:20:28.162549Z,delphinID_clicks,click,Gme,0.007748
delphinID_clicks:Z3_1:28,,2024-05-12T11:20:28.162549Z,delphinID_clicks,click,Lal,0.043576
delphinID_clicks:Z3_1:28,,2024-05-12T11:20:28.162549Z,delphinID_clicks,click,Ttr,0.900479
delphinID_clicks:Z3_1:29,,2024-05-12T11:26:45.795053Z,delphinID_clicks,click,Dde,0.083852
delphinID_clicks:Z3_1:29,,2024-05-12T11:26:45.795053Z,delphinID_clicks,click,Ggr,0.066628
delphinID_clicks:Z3_1:29,,2024-05-12T11:26:45.795053Z,delphinID_clicks,click,Gme,3.4e-05
delphinID_clicks:Z3_1:29,,2024-05-12T11:26:45.795053Z,delphinID_clicks,click,Lal,0.566693
delphinID_clicks:Z3_1:29,,2024-05-12T11:26:45.795053Z,delphinID_clicks,click,Ttr,0.282793
delphinID_whistles:Z3_2:0,,2024-05-12T12:07:29.766756Z,delphinID_whistles,whistle,Dde,0.012806
delphinID_whistles:Z3_2:0,,2024-05-12T12:07:29.766756Z,delphinID_whistles,whistle,Ggr,0.156304
delphinID_whistles:Z3_2:0,,2024-05-12T12:07:29.766756Z,delphinID_whistles,whistle,Gme,0.138285
delphinID_whistles:Z3_2:0,,2024-05-12T12:07:29.766756Z,delphinID_whistles,whistle,Lac,0.168294
delphinID_whistles:Z3_2:0,,2024-05-12T12:07:29.766756Z,delphinID_whistles,whistle,Lal,0.002975
delphinID_whistles:Z3_2:0,,2024-05-12T12:07:29.766756Z,delphinID_whistles,whistle,Oor,0.018016
delphinID_whistles:Z3_2:0,,2024-05-12T12:07:29.766756Z,delphinID_whistles,whistle,Ttr,0.503319
delphinID_whistles:Z3_2:1,,2024-05-12T12:09:21.448062Z,delphinID_whistles,whistle,Dde,0.072401
delphinID_whistles:Z3_2:1,,2024-05-12T12:09:21.448062Z,delphinID_whistles,whistle,Ggr,0.231414
delphinID_whistles:Z3_2:1,,2024-05-12T12:09:21.448062Z,delphinID_whistles,whistle,Gme,0.170596
delphinID_whistles:Z3_2:1,,2024-05-12T12:09:21.448062Z,delphinID_whistles,whistle,Lac,0.043553
delphinID_whistles:Z3_2:1,,2024-05-12T12:09:21.448062Z,delphinID_whistles,whistle,Lal,0.256114
delphinID_whistles:Z3_2:1,,2024-05-12T12:09:21.448062Z,delphinID_whistles,whistle,Oor,0.169864
delphinID_whistles:Z3_2:1,,2024-05-12T12:09:21.448062Z,delphinID_whistles,whistle,Ttr,0.056059
delphinID_whistles:Z3_2:2,,2024-05-12T12:00:43.807123Z,delphinID_whistles,whistle,Dde,0.524269
delphinID_whistles:Z3_2:2,,2024-05-12T12:00:43.807123Z,delphinID_whistles,whistle,Ggr,0.002072
delphinID_whistles:Z3_2:2,,2024-05-12T12:00:43.807123Z,delphinID_whistles,whistle,Gme,0.380151
delphinID_whistles:Z3_2:2,,2024-05-12T12:00:43.807123Z,delphinID_whistles,whistle,Lac,0.035193
delphinID_whistles:Z3_2:2,,2024-05-12T12:00:43.807123Z,delphinID_whistles,whistle,Lal,0.024981
delphinID_whistles:Z3_2:2,,2024-05-12T12:00:43.807123Z,delphinID_whistles,whistle,Oor,0.029858
delphinID_whistles:Z3_2:2,,2024-05-12T12:00:43.807123Z,delphinID_whistles,whistle,Ttr,0.003475
delphinID_whistles:Z3_2:3,,2024-05-12T12:03:02.897875Z,delphinID_whistles,whistle,Dde,0.320879
delphinID_whistles:Z3_2:3,,2024-05-12T12:03:02.897875Z,delphinID_whistles,whistle,Ggr,0.002887
delphinID_whistles:Z3_2:3,,2024-05-12T12:03:02.897875Z,delphinID_whistles,whistle,Gme,0.432408
delphinID_whistles:Z3_2:3,,2024-05-12T12:03:02.897875Z,delphinID_whistles,whistle,Lac,0.047352
delphinID_whistles:Z3_2:3,,2024-05-12T12:03:02.897875Z,delphinID_whistles,whistle,Lal,0.027335
delphinID_whistles:Z3_2:3,,2024-05-12T12:03:02.897875Z,delphinID_whistles,whistle,Oor,0.079549
delphinID_whistles:Z3_2:3,,2024-05-12T12:03:02.897875Z,delphinID_whistles,whistle,Ttr,0.089591
delphinID_whistles:Z3_2:4,,2024-05-12T12:05:59.192638Z,delphinID_whistles,whistle,Dde,0.129538
delphinID_whistles:Z3_2:4,,2024-05-12T12:05:59.192638Z,delphinID_whistles,whistle,Ggr,0.528577
delphinID_whistles:Z3_2:4,,2024-05-12T12:05:59.192638Z,delphinID_whistles,whistle,Gme,0.199614
delphinID_whistles:Z3_2:4,,2024-05-12T12:05:59.192638Z,delphinID_whistles,whistle,Lac,0.025263
delphinID_whistles:Z3_2:4,,2024-05-12T12:05:59.192638Z,delphinID_whistles,whistle,Lal,0.027603
delphinID_whistles:Z3_2:4,,2024-05-12T12:05:59.192638Z,delphinID_whistles,whistle,Oor,0.086055
delphinID_whistles:Z3_2:4,,2024-05-12T12:05:59.192638Z,delphinID_whistles,whistle,Ttr,0.003349
delphinID_whistles:Z3_2:5,,2024-05-12T12:04:01.326703Z,delphinID_whistles,whistle,Dde,0.267182
delphinID_whistles:Z3_2:5,,2024-05-12T12:04:01.326703Z,delphinID_whistles,whistle,Ggr,0.216305
delphinID_whistles:Z3_2:5,,2024-05-12T12:04:01.326703Z,delphinID_whistles,whistle,Gme,0.127183
delphinID_whistles:Z3_2:5,,2024-05-12T12:04:01.326703Z,delphinID_whistles,whistle,Lac,0.335603
delphinID_whistles:Z3_2:5,,2024-05-12T12:04:01.326703Z,delphinID_whistles,whistle,Lal,0.028332
delphinID_whistles:Z3_2:5,,2024-05-12T12:04:01.326703Z,delphinID_whistles,whistle,Oor,0.012624
delphinID_whistles:Z3_2:5,,2024-05-12T12:04:01.326703Z,delphinID_whistles,whistle,Ttr,0.01277
delphinID_whistles:Z3_2:6,,2024-05-12T12:05:31.813795Z,delphinID_whistles,whistle,Dde,0.00998
delphinID_whistles:Z3_2:6,,2024-05-12T12:05:31.813795Z,delphinID_whistles,whistle,Ggr,0.070372
delphinID_whistles:Z3_2:6,,2024-05-12T12:05:31.813795Z,delphinID_whistles,whistle,Gme,0.038345
delphinID_whistles:Z3_2:6,,2024-05-12T12:05:31.813795Z,delphinID_whistles,whistle,Lac,0.189317
delphinID_whistles:Z3_2:6,,2024-05-12T12:05:31.813795Z,delphinID_whistles,whistle,Lal,0.031137
delphinID_whistles:Z3_2:6,,2024-05-12T12:05:31.813795Z,delphinID_whistles,whistle,Oor,0.209433
delphinID_whistles:Z3_2:6,,2024-05-12T12:05:31.813795Z,delphinID_whistles,whistle,Ttr,0.451415
delphinID_whistles:Z3_2:7,,2024-05-12T12:01:08.531848Z,delphinID_whistles,whistle,Dde,0.028704
delphinID_whistles:Z3_2:7,,2024-05-12T12:01:08.531848Z,delphinID_whistles,whistle,Ggr,0.016522
delphinID_whistles:Z3_2:7,,2024-05-12T12:01:08.531848Z,delphinID_whistles,whistle,Gme,0.203979
delphinID_whistles:Z3_2:7,,2024-05-12T12:01:08.531848Z,delphinID_whistles,whistle,Lac,0.005358
delphinID_whistles:Z3_2:7,,2024-05-12T12:01:08.531848Z,delphinID_whistles,whistle,Lal,0.60142
delphinID_whistles:Z3_2:7,,2024-05-12T12:01:08.531848Z,delphinID_whistles,whistle,Oor,0.106356
delphinID_whistles:Z3_2:7,,2024-05-12T12:01:08.531848Z,delphinID_whistles,whistle,Ttr,0.037661
delphinID_whistles:Z3_2:8,,2024-05-12T12:01:08.814964Z,delphinID_whistles,whistle,Dde,0.014816
delphinID_whistles:Z3_2:8,,2024-05-12T12:01:08.814964Z,delphinID_whistles,whistle,Ggr,0.43784
delphinID_whistles:Z3_2:8,,2024-05-12T12:01:08.814964Z,delphinID_whistles,whistle,Gme,0.092907
delphinID_whistles:Z3_2:8,,2024-05-12T12:01:08.814964Z,delphinID_whistles,whistle,Lac,0.026524
delphinID_whistles:Z3_2:8,,2024-05-12T12:01:08.814964Z,delphinID_whistles,whistle,Lal,0.24351
delphinID_whistles:Z3_2:8,,2024-05-12T12:01:08.814964Z,delphinID_whistles,whistle,Oor,0.184216
delphinID_whistles:Z3_2:8,,2024-05-12T12:01:08.814964Z,delphinID_whistles,whistle,Ttr,0.000187
delphinID_whistles:Z3_2:9,,2024-05-12T12:06:46.153293Z,delphinID_whistles,whistle,Dde,0.0536
delphinID_whistles:Z3_2:9,,2024-05-12T12:06:46.153293Z,delphinID_whistles,whistle,Ggr,0.062342
delphinID_whistles:Z3_2:9,,2024-05-12T12:06:46.153293Z,delphinID_whistles,whistle,Gme,0.227684
delphinID_whistles:Z3_2:9,,2024-05-12T12:06:46.153293Z,delphinID_whistles,whistle,Lac,0.016847
delphinID_whistles:Z3_2:9,,2024-05-12T12:06:46.153293Z,delphinID_whistles,whistle,Lal,0.51664
delphinID_whistles:Z3_2:9,,2024-05-12T12:06:46.153293Z,delphinID_whistles,whistle,Oor,0.012455
delphinID_whistles:Z3_2:9,,2024-05-12T12:06:46.153293Z,delphinID_whistles,whistle,Ttr,0.110434
delphinID_clicks:Z3_2:0,,2024-05-12T12:02:26.091939Z,delphinID_clicks,click,Dde,0.531829
delphinID_clicks:Z3_2:0,,2024-05-12T12:02:26.091939Z,delphinID_clicks,click,Ggr,0.037409
delphinID_clicks:Z3_2:0,,2024-05-12T12:02:26.091939Z,delphinID_clicks,click,Gme,0.061571
delphinID_clicks:Z3_2:0,,2024-05-12T12:02:26.091939Z,delphinID_clicks,click,Lal,0.337843
delphinID_clicks:Z3_2:0,,2024-05-12T12:02:26.091939Z,delphinID_clicks,click,Ttr,0.031348
delphinID_clicks:Z3_2:1,,2024-05-12T12:04:10.690326Z,delphinID_clicks,click,Dde,0.179362
delphinID_clicks:Z3_2:1,,2024-05-12T12:04:10.690326Z,delphinID_clicks,click,Ggr,0.045397
delphinID_clicks:Z3_2:1,,2024-05-12T12:04:10.690326Z,delphinID_clicks,click,Gme,0.236595
delphinID_clicks:Z3_2:1,,2024-05-12T12:04:10.690326Z,delphinID_clicks,click,Lal,0.394241
delphinID_clicks:Z3_2:1,,2024-05-12T12:04:10.690326Z,delphinID_clicks,click,Ttr,0.144406
delphinID_clicks:Z3_2:2,,2024-05-12T12:04:29.264619Z,delphinID_clicks,click,Dde,0.232642
delphinID_clicks:Z3_2:2,,2024-05-12T12:04:29.264619Z,delphinID_clicks,click,Ggr,0.041365
delphinID_clicks:Z3_2:2,,2024-05-12T12:04:29.264619Z,delphinID_clicks,click,Gme,0.136488
delphinID_clicks:Z3_2:2,,2024-05-12T12:04:29.264619Z,delphinID_clicks,click,Lal,0.441467
delphinID_clicks:Z3_2:2,,2024-05-12T12:04:29.264619Z,delphinID_clicks,click,Ttr,0.148039
delphinID_clicks:Z3_2:3,,2024-05-12T12:08:26.824197Z,delphinID_clicks,click,Dde,0.044981
delphinID_clicks:Z3_2:3,,2024-05-12T12:08:26.824197Z,delphinID_clicks,click,Ggr,0.016596
delphinID_clicks:Z3_2:3,,2024-05-12T12:08:26.824197Z,delphinID_clicks,click,Gme,0.00095
delphinID_clicks:Z3_2:3,,2024-05-12T12:08:26.824197Z,delphinID_clicks,click,Lal,0.012856
delphinID_clicks:Z3_2:3,,2024-05-12T12:08:26.824197Z,delphinID_clicks,click,Ttr,0.924617
delphinID_clicks:Z3_2:4,,2024-05-12T12:03:21.330302Z,delphinID_clicks,click,Dde,0.151716
delphinID_clicks:Z3_2:4,,2024-05-12T12:03:21.330302Z,delphinID_clicks,click,Ggr,0.314778
delphinID_clicks:Z3_2:4,,2024-05-12T12:03:21.330302Z,delphinID_clicks,click,Gme,0.058406
delphinID_clicks:Z3_2:4,,2024-05-12T12:03:21.330302Z,delphinID_clicks,click,Lal,0.072159
delphinID_clicks:Z3_2:4,,2024-05-12T12:03:21.330302Z,delphinID_clicks,click,Ttr,0.402941
delphinID_whistles:Z3_4:0,,2024-05-12T13:25:54.046948Z,delphinID_whistles,whistle,Dde,0.00753
delphinID_whistles:Z3_4:0,,2024-05-12T13:25:54.046948Z,delphinID_whistles,whistle,Ggr,0.003227
delphinID_whistles:Z3_4:0,,2024-05-12T13:25:54.046948Z,delphinID_whistles,whistle,Gme,0.607574
delphinID_whistles:Z3_4:0,,2024-05-12T13:25:54.046948Z,delphinID_whistles,whistle,Lac,8.3e-05
delphinID_whistles:Z3_4:0,,2024-05-12T13:25:54.046948Z,delphinID_whistles,whistle,Lal,0.179168
delphinID_whistles:Z3_4:0,,2024-05-12T13:25:54.046948Z,delphinID_whistles,whistle,Oor,0.000381
delphinID_whistles:Z3_4:0,,2024-05-12T13:25:54.046948Z,delphinID_whistles,whistle,Ttr,0.202037
delphinID_whistles:Z3_4:1,,2024-05-12T13:21:51.055243Z,delphinID_whistles,whistle,Dde,0.000123
delphinID_whistles:Z3_4:1,,2024-05-12T13:21:51.055243Z,delphinID_whistles,whistle,Ggr,0.001004
delphinID_whistles:Z3_4:1,,2024-05-12T13:21:51.055243Z,delphinID_whistles,whistle,Gme,0.343916
delphinID_whistles:Z3_4:1,,2024-05-12T13:21:51.055243Z,delphinID_whistles,whistle,Lac,0.294726
delphinID_whistles:Z3_4:1,,2024-05-12T13:21:51.055243Z,delphinID_whistles,whistle,Lal,0.19557
delphinID_whistles:Z3_4:1,,2024-05-12T13:21:51.055243Z,delphinID_whistles,whistle,Oor,0.077965
delphinID_whistles:Z3_4:1,,2024-05-12T13:21:51.055243Z,delphinID_whistles,whistle,Ttr,0.086695
delphinID_whistles:Z3_4:2,,2024-05-12T13:28:38.160426Z,delphinID_whistles,whistle,Dde,0.146606
delphinID_whistles:Z3_4:2,,2024-05-12T13:28:38.160426Z,delphinID_whistles,whistle,Ggr,0.118728
delphinID_whistles:Z3_4:2,,2024-05-12T13:28:38.160426Z,delphinID_whistles,whistle,Gme,0.164235
delphinID_whistles:Z3_4:2,,2024-05-12T13:28:38.160426Z,delphinID_whistles,whistle,Lac,0.535397
delphinID_whistles:Z3_4:2,,2024-05-12T13:28:38.160426Z,delphinID_whistles,whistle,Lal,0.020524
delphinID_whistles:Z3_4:2,,2024-05-12T13:28:38.160426Z,delphinID_whistles,whistle,Oor,0.003757
delphinID_whistles:Z3_4:2,,2024-05-12T13:28:38.160426Z,delphinID_whistles,whistle,Ttr,0.010753
delphinID_whistles:Z3_4:3,,2024-05-12T13:22:38.658368Z,delphinID_whistles,whistle,Dde,0.251929
delphinID_whistles:Z3_4:3,,2024-05-12T13:22:38.658368Z,delphinID_whistles,whistle,Ggr,0.218245
delphinID_whistles:Z3_4:3,,2024-05-12T13:22:38.658368Z,delphinID_whistles,whistle,Gme,0.021016
delphinID_whistles:Z3_4:3,,2024-05-12T13:22:38.658368Z,delphinID_whistles,whistle,Lac,0.035944
delphinID_whistles:Z3_4:3,,2024-05-12T13:22:38.658368Z,delphinID_whistles,whistle,Lal,0.015895
delphinID_whistles:Z3_4:3,,2024-05-12T13:22:38.658368Z,delphinID_whistles,whistle,Oor,0.344007
delphinID_whistles:Z3_4:3,,2024-05-12T13:22:38.658368Z,delphinID_whistles,whistle,Ttr,0.112963
delphinID_whistles:Z3_4:4,,2024-05-12T13:29:27.689215Z,delphinID_whistles,whistle,Dde,0.000221
delphinID_whistles:Z3_4:4,,2024-05-12T13:29:27.689215Z,delphinID_whistles,whistle,Ggr,0.223989
delphinID_whistles:Z3_4:4,,2024-05-12T13:29:27.689215Z,delphinID_whistles,whistle,Gme,0.201128
delphinID_whistles:Z3_4:4,,2024-05-12T13:29:27.689215Z,delphinID_whistles,whistle,Lac,0.074941
delphinID_whistles:Z3_4:4,,2024-05-12T13:29:27.689215Z,delphinID_whistles,whistle,Lal,0.045698
delphinID_whistles:Z3_4:4,,2024-05-12T13:29:27.689215Z,delphinID_whistles,whistle,Oor,0.30868
delphinID_whistles:Z3_4:4,,2024-05-12T13:29:27.689215Z,delphinID_whistles,whistle,Ttr,0.145343
delphinID_whistles:Z3_4:5,,2024-05-12T13:27:15.593776Z,delphinID_whistles,whistle,Dde,0.027362
delphinID_whistles:Z3_4:5,,2024-05-12T13:27:15.593776Z,delphinID_whistles,whistle,Ggr,0.020049
delphinID_whistles:Z3_4:5,,2024-05-12T13:27:15.593776Z,delphinID_whistles,whistle,Gme,0.023968
delphinID_whistles:Z3_4:5,,2024-05-12T13:27:15.593776Z,delphinID_whistles,whistle,Lac,0.397933
delphinID_whistles:Z3_4:5,,2024-05-12T13:27:15.593776Z,delphinID_whistles,whistle,Lal,0.001407
delphinID_whistles:Z3_4:5,,2024-05-12T13:27:15.593776Z,delphinID_whistles,whistle,Oor,0.087208
delphinID_whistles:Z3_4:5,,2024-05-12T13:27:15.593776Z,delphinID_whistles,whistle,Ttr,0.442073
delphinID_whistles:Z3_4:6,,2024-05-12T13:29:44.447644Z,delphinID_whistles,whistle,Dde,0.116446
delphinID_whistles:Z3_4:6,,2024-05-12T13:29:44.447644Z,delphinID_whistles,whistle,Ggr,1e-05
delphinID_whistles:Z3_4:6,,2024-05-12T13:29:44.447644Z,delphinID_whistles,whistle,Gme,0.31404
delphinID_whistles:Z3_4:6,,2024-05-12T13:29:44.447644Z,delphinID_whistles,whistle,Lac,0.111377
delphinID_whistles:Z3_4:6,,2024-05-12T13:29:44.447644Z,delphinID_whistles,whistle,Lal,0.023275
delphinID_whistles:Z3_4:6,,2024-05-12T13:29:44.447644Z,delphinID_whistles,whistle,Oor,0.303497
delphinID_whistles:Z3_4:6,,2024-05-12T13:29:44.447644Z,delphinID_whistles,whistle,Ttr,0.131354
delphinID_whistles:Z3_4:7,,2024-05-12T13:25:40.002781Z,delphinID_whistles,whistle,Dde,0.035035
delphinID_whistles:Z3_4:7,,2024-05-12T13:25:40.002781Z,delphinID_whistles,whistle,Ggr,0.194261
delphinID_whistles:Z3_4:7,,2024-05-12T13:25:40.002781Z,delphinID_whistles,whistle,Gme,0.2643
delphinID_whistles:Z3_4:7,,2024-05-12T13:25:40.002781Z,delphinID_whistles,whistle,Lac,0.278585
delphinID_whistles:Z3_4:7,,2024-05-12T13:25:40.002781Z,delphinID_whistles,whistle,Lal,0.020028
delphinID_whistles:Z3_4:7,,2024-05-12T13:25:40.002781Z,delphinID_whistles,whistle,Oor,0.1756
delphinID_whistles:Z3_4:7,,2024-05-12T13:25:40.002781Z,delphinID_whistles,whistle,Ttr,0.032191
delphinID_whistles:Z3_4:8,,2024-05-12T13:25:01.337252Z,delphinID_whistles,whistle,Dde,0.007377
delphinID_whistles:Z3_4:8,,2024-05-12T13:25:01.337252Z,delphinID_whistles,whistle,Ggr,0.122361
delphinID_whistles:Z3_4:8,,2024-05-12T13:25:01.337252Z,delphinID_whistles,whistle,Gme,0.033587
delphinID_whistles:Z3_4:8,,2024-05-12T13:25:01.337252Z,delphinID_whistles,whistle,Lac,0.120266
delphinID_whistles:Z3_4:8,,2024-05-12T13:25:01.337252Z,delphinID_whistles,whistle,Lal,0.659881
delphinID_whistles:Z3_4:8,,2024-05-12T13:25:01.337252Z,delphinID_whistles,whistle,Oor,0.041307
delphinID_whistles:Z3_4:8,,2024-05-12T13:25:01.337252Z,delphinID_whistles,whistle,Ttr,0.015222
delphinID_whistles:Z3_4:9,,2024-05-12T13:20:05.775070Z,delphinID_whistles,whistle,Dde,0.08443
delphinID_whistles:Z3_4:9,,2024-05-12T13:20:05.775070Z,delphinID_whistles,whistle,Ggr,0.020091
delphinID_whistles:Z3_4:9,,2024-05-12T13:20:05.775070Z,delphinID_whistles,whistle,Gme,0.250952
delphinID_whistles:Z3_4:9,,2024-05-12T13:20:05.775070Z,delphinID_whistles,whistle,Lac,0.545965
delphinID_whistles:Z3_4:9,,2024-05-12T13:20:05.775070Z,delphinID_whistles,whistle,Lal,0.003669
delphinID_whistles:Z3_4:9,,2024-05-12T13:20:05.775070Z,delphinID_whistles,whistle,Oor,0.092555
delphinID_whistles:Z3_4:9,,2024-05-12T13:20:05.775070Z,delphinID_whistles,whistle,Ttr,0.002339
delphinID_whistles:Z3_4:10,,2024-05-12T13:22:29.270956Z,delphinID_whistles,whistle,Dde,0.115787
delphinID_whistles:Z3_4:10,,2024-05-12T13:22:29.270956Z,delphinID_whistles,whistle,Ggr,0.088626
delphinID_whistles:Z3_4:10,,2024-05-12T13:22:29.270956Z,delphinID_whistles,whistle,Gme,0.098317
delphinID_whistles:Z3_4:10,,2024-05-12T13:22:29.270956Z,delphinID_whistles,whistle,Lac,0.346961
delphinID_whistles:Z3_4:10,,2024-05-12T13:22:29.270956Z,delphinID_whistles,whistle,Lal,0.031556
delphinID_whistles:Z3_4:10,,2024-05-12T13:22:29.270956Z,delphinID_whistles,whistle,Oor,0.002802
delphinID_whistles:Z3_4:10,,2024-05-12T13:22:29.270956Z,delphinID_whistles,whistle,Ttr,0.31595
delphinID_whistles:Z3_4:11,,2024-05-12T13:23:29.956599Z,delphinID_whistles,whistle,Dde,0.020056
delphinID_whistles:Z3_4:11,,2024-05-12T13:23:29.956599Z,delphinID_whistles,whistle,Ggr,0.008232
delphinID_whistles:Z3_4:11,,2024-05-12T13:23:29.956599Z,delphinID_whistles,whistle,Gme,0.454969
delphinID_whistles:Z3_4:11,,2024-05-12T13:23:29.956599Z,delphinID_whistles,whistle,Lac,0.17423
delphinID_whistles:Z3_4:11,,2024-05-12T13:23:29.956599Z,delphinID_whistles,whistle,Lal,0.177473
delphinID_whistles:Z3_4:11,,2024-05-12T13:23:29.956599Z,delphinID_whistles,whistle,Oor,0.12476
delphinID_whistles:Z3_4:11,,2024-05-12T13:23:29.956599Z,delphinID_whistles,whistle,Ttr,0.040282
delphinID_whistles:Z3_4:12,,2024-05-12T13:29:02.769010Z,delphinID_whistles,whistle,Dde,0.165595
delphinID_whistles:Z3_4:12,,2024-05-12T13:29:02.769010Z,delphinID_whistles,whistle,Ggr,0.220351
delphinID_whistles:Z3_4:12,,2024-05-12T13:29:02.769010Z,delphinID_whistles,whistle,Gme,0.429888
delphinID_whistles:Z3_4:12,,2024-05-12T13:29:02.769010Z,delphinID_whistles,whistle,Lac,0.099584
delphinID_whistles:Z3_4:12,,2024-05-12T13:29:02.769010Z,delphinID_whistles,whistle,Lal,0.021248
delphinID_whistles:Z3_4:12,,2024-05-12T13:29:02.769010Z,delphinID_whistles,whistle,Oor,0.005113
delphinID_whistles:Z3_4:12,,2024-05-12T13:29:02.769010Z,delphinID_whistles,whistle,Ttr,0.058222
delphinID_whistles:Z3_4:13,,2024-05-12T13:26:59.516378Z,delphinID_whistles,whistle,Dde,0.280774
delphinID_whistles:Z3_4:13,,2024-05-12T13:26:59.516378Z,delphinID_whistles,whistle,Ggr,0.27127
delphinID_whistles:Z3_4:13,,2024-05-12T13:26:59.516378Z,delphinID_whistles,whistle,Gme,0.227996
delphinID_whistles:Z3_4:13,,2024-05-12T13:26:59.516378Z,delphinID_whistles,whistle,Lac,0.021568
delphinID_whistles:Z3_4:13,,2024-05-12T13:26:59.516378Z,delphinID_whistles,whistle,Lal,0.063922
delphinID_whistles:Z3_4:13,,2024-05-12T13:26:59.516378Z,delphinID_whistles,whistle,Oor,0.13395
delphinID_whistles:Z3_4:13,,2024-05-12T13:26:59.516378Z,delphinID_whistles,whistle,Ttr,0.00052
delphinID_clicks:Z3_4:0,,2024-05-12T13:20:02.937489Z,delphinID_clicks,click,Dde,0.240627
delphinID_clicks:Z3_4:0,,2024-05-12T13:20:02.937489Z,delphinID_clicks,click,Ggr,0.041515
delphinID_clicks:Z3_4:0,,2024-05-12T13:20:02.937489Z,delphinID_clicks,click,Gme,0.317331
delphinID_clicks:Z3_4:0,,2024-05-12T13:20:02.937489Z,delphinID_clicks,click,Lal,0.383597
delphinID_clicks:Z3_4:0,,2024-05-12T13:20:02.937489Z,delphinID_clicks,click,Ttr,0.016931
delphinID_clicks:Z3_4:1,,2024-05-12T13:26:41.788935Z,delphinID_clicks,click,Dde,0.532882
delphinID_clicks:Z3_4:1,,2024-05-12T13:26:41.788935Z,delphinID_clicks,click,Ggr,0.12339
delphinID_clicks:Z3_4:1,,2024-05-12T13:26:41.788935Z,delphinID_clicks,click,Gme,0.278901
delphinID_clicks:Z3_4:1,,2024-05-12T13:26:41.788935Z,delphinID_clicks,click,Lal,0.061168
delphinID_clicks:Z3_4:1,,2024-05-12T13:26:41.788935Z,delphinID_clicks,click,Ttr,0.00366
delphinID_clicks:Z3_4:2,,2024-05-12T13:28:59.686218Z,delphinID_clicks,click,Dde,0.139996
delphinID_clicks:Z3_4:2,,2024-05-12T13:28:59.686218Z,delphinID_clicks,click,Ggr,0.671645
delphinID_clicks:Z3_4:2,,2024-05-12T13:28:59.686218Z,delphinID_clicks,click,Gme,0.001803
delphinID_clicks:Z3_4:2,,2024-05-12T13:28:59.686218Z,delphinID_clicks,click,Lal,0.172074
delphinID_clicks:Z3_4:2,,2024-05-12T13:28:59.686218Z,delphinID_clicks,click,Ttr,0.014482
delphinID_clicks:Z3_4:3,,2024-05-12T13:27:42.905232Z,delphinID_clicks,click,Dde,0.027413
delphinID_clicks:Z3_4:3,,2024-05-12T13:27:42.905232Z,delphinID_clicks,click,Ggr,0.007778
delphinID_clicks:Z3_4:3,,2024-05-12T13:27:42.905232Z,delphinID_clicks,click,Gme,0.269405
delphinID_clicks:Z3_4:3,,2024-05-12T13:27:42.905232Z,delphinID_clicks,click,Lal,0.052316
delphinID_clicks:Z3_4:3,,2024-05-12T13:27:42.905232Z,delphinID_clicks,click,Ttr,0.643087
delphinID_clicks:Z3_4:4,,2024-05-12T13:25:39.328562Z,delphinID_clicks,click,Dde,0.548779
delphinID_clicks:Z3_4:4,,2024-05-12T13:25:39.328562Z,delphinID_clicks,click,Ggr,0.087362
delphinID_clicks:Z3_4:4,,2024-05-12T13:25:39.328562Z,delphinID_clicks,click,Gme,0.099082
delphinID_clicks:Z3_4:4,,2024-05-12T13:25:39.328562Z,delphinID_clicks,click,Lal,0.197498
delphinID_clicks:Z3_4:4,,2024-05-12T13:25:39.328562Z,delphinID_clicks,click,Ttr,0.067278
delphinID_clicks:Z3_4:5,,2024-05-12T13:24:32.894900Z,delphinID_clicks,click,Dde,0.435237
delphinID_clicks:Z3_4:5,,2024-05-12T13:24:32.894900Z,delphinID_clicks,click,Ggr,0.297733
delphinID_clicks:Z3_4:5,,2024-05-12T13:24:32.894900Z,delphinID_clicks,click,Gme,0.078725
delphinID_clicks:Z3_4:5,,2024-05-12T13:24:32.894900Z,delphinID_clicks,click,Lal,0.162635
delphinID_clicks:Z3_4:5,,2024-05-12T13:24:32.894900Z,delphinID_clicks,click,Ttr,0.025671
delphinID_clicks:Z3_4:6,,2024-05-12T13:27:45.621815Z,delphinID_clicks,click,Dde,0.002879
delphinID_clicks:Z3_4:6,,2024-05-12T13:27:45.621815Z,delphinID_clicks,click,Ggr,0.775506
delphinID_clicks:Z3_4:6,,2024-05-12T13:27:45.621815Z,delphinID_clicks,click,Gme,0.044259
delphinID_clicks:Z3_4:6,,2024-05-12T13:27:45.621815Z,delphinID_clicks,click,Lal,0.081543
delphinID_clicks:Z3_4:6,,2024-05-12T13:27:45.621815Z,delphinID_clicks,click,Ttr,0.095812
delphinID_clicks:Z3_4:7,,2024-05-12T13:22:57.969229Z,delphinID_clicks,click,Dde,0.738514
delphinID_clicks:Z3_4:7,,2024-05-12T13:22:57.969229Z,delphinID_clicks,click,Ggr,0.000113
delphinID_clicks:Z3_4:7,,2024-05-12T13:22:57.969229Z,delphinID_clicks,click,Gme,0.139859
delphinID_clicks:Z3_4:7,,2024-05-12T13:22:57.969229Z,delphinID_clicks,click,Lal,0.024467
delphinID_clicks:Z3_4:7,,2024-05-12T13:22:57.969229Z,delphinID_clicks,click,Ttr,0.097047
delphinID_clicks:Z3_4:8,,2024-05-12T13:27:28.492180Z,delphinID_clicks,click,Dde,0.000124
delphinID_clicks:Z3_4:8,,2024-05-12T13:27:28.492180Z,delphinID_clicks,click,Ggr,0.158979
delphinID_clicks:Z3_4:8,,2024-05-12T13:27:28.492180Z,delphinID_clicks,click,Gme,0.085842
delphinID_clicks:Z3_4:8,,2024-05-12T13:27:28.492180Z,delphinID_clicks,click,Lal,0.754342
delphinID_clicks:Z3_4:8,,2024-05-12T13:27:28.492180Z,delphinID_clicks,click,Ttr,0.000713
delphinID_clicks:Z3_4:9,,2024-05-12T13:20:00.916260Z,delphinID_clicks,click,Dde,0.106564
delphinID_clicks:Z3_4:9,,2024-05-12T13:20:00.916260Z,delphinID_clicks,click,Ggr,0.065604
delphinID_clicks:Z3_4:9,,2024-05-12T13:20:00.916260Z,delphinID_clicks,click,Gme,0.342775
delphinID_clicks:Z3_4:9,,2024-05-12T13:20:00.916260Z,delphinID_clicks,click,Lal,0.17652
delphinID_clicks:Z3_4:9,,2024-05-12T13:20:00.916260Z,delphinID_clicks,click,Ttr,0.308537
delphinID_clicks:Z3_4:10,,2024-05-12T13:29:41.157443Z,delphinID_clicks,click,Dde,0.20505
delphinID_clicks:Z3_4:10,,2024-05-12T13:29:41.157443Z,delphinID_clicks,click,Ggr,0.010949
delphinID_clicks:Z3_4:10,,2024-05-12T13:29:41.157443Z,delphinID_clicks,click,Gme,0.14176
delphinID_clicks:Z3_4:10,,2024-05-12T13:29:41.157443Z,delphinID_clicks,click,Lal,0.564911
delphinID_clicks:Z3_4:10,,2024-05-12T13:29:41.157443Z,delphinID_clicks,click,Ttr,0.07733
delphinID_clicks:Z3_4:11,,2024-05-12T13:25:17.903948Z,delphinID_clicks,click,Dde,0.66731
delphinID_clicks:Z3_4:11,,2024-05-12T13:25:17.903948Z,delphinID_clicks,click,Ggr,0.028511
delphinID_clicks:Z3_4:11,,2024-05-12T13:25:17.903948Z,delphinID_clicks,click,Gme,0.172785
delphinID_clicks:Z3_4:11,,2024-05-12T13:25:17.903948Z,delphinID_clicks,click,Lal,0.095169
delphinID_clicks:Z3_4:11,,2024-05-12T13:25:17.903948Z,delphinID_clicks,click,Ttr,0.036226
delphinID_clicks:Z3_4:12,,2024-05-12T13:25:30.554270Z,delphinID_clicks,click,Dde,0.198642
delphinID_clicks:Z3_4:12,,2024-05-12T13:25:30.554270Z,delphinID_clicks,click,Ggr,0.65237
delphinID_clicks:Z3_4:12,,2024-05-12T13:25:30.554270Z,delphinID_clicks,click,Gme,0.005936
delphinID_clicks:Z3_4:12,,2024-05-12T13:25:30.554270Z,delphinID_clicks,click,Lal,0.006715
delphinID_clicks:Z3_4:12,,2024-05-12T13:25:30.554270Z,delphinID_clicks,click,Ttr,0.136337
delphinID_clicks:Z3_4:13,,2024-05-12T13:23:12.927060Z,delphinID_clicks,click,Dde,0.301871
delphinID_clicks:Z3_4:13,,2024-05-12T13:23:12.927060Z,delphinID_clicks,click,Ggr,0.031104
delphinID_clicks:Z3_4:13,,2024-05-12T13:23:12.927060Z,delphinID_clicks,click,Gme,0.186829
delphinID_clicks:Z3_4:13,,2024-05-12T13:23:12.927060Z,delphinID_clicks,click,Lal,0.301692
delphinID_clicks:Z3_4:13,,2024-05-12T13:23:12.927060Z,delphinID_clicks,click,Ttr,0.178505
delphinID_clicks:Z3_4:14,,2024-05-12T13:20:53.610673Z,delphinID_clicks,click,Dde,0.00249
delphinID_clicks:Z3_4:14,,2024-05-12T13:20:53.610673Z,delphinID_clicks,click,Ggr,0.357986
delphinID_clicks:Z3_4:14,,2024-05-12T13:20:53.610673Z,delphinID_clicks,click,Gme,0.013169
delphinID_clicks:Z3_4:14,,2024-05-12T13:20:53.610673Z,delphinID_clicks,click,Lal,0.398757
delphinID_clicks:Z3_4:14,,2024-05-12T13:20:53.610673Z,delphinID_clicks,click,Ttr,0.227598
delphinID_clicks:Z3_4:15,,2024-05-12T13:24:39.127665Z,delphinID_clicks,click,Dde,0.016981
delphinID_clicks:Z3_4:15,,2024-05-12T13:24:39.127665Z,delphinID_clicks,click,Ggr,0.061641
delphinID_clicks:Z3_4:15,,2024-05-12T13:24:39.127665Z,delphinID_clicks,click,Gme,0.00545
delphinID_clicks:Z3_4:15,,2024-05-12T13:24:39.127665Z,delphinID_clicks,click,Lal,0.850049
delphinID_clicks:Z3_4:15,,2024-05-12T13:24:39.127665Z,delphinID_clicks,click,Ttr,0.06588
delphinID_clicks:Z3_4:16,,2024-05-12T13:26:10.503401Z,delphinID_clicks,click,Dde,0.18489
delphinID_clicks:Z3_4:16,,2024-05-12T13:26:10.503401Z,delphinID_clicks,click,Ggr,0.043183
delphinID_clicks:Z3_4:16,,2024-05-12T13:26:10.503401Z,delphinID_clicks,click,Gme,0.557723
delphinID_clicks:Z3_4:16,,2024-05-12T13:26:10.503401Z,delphinID_clicks,click,Lal,0.209555
delphinID_clicks:Z3_4:16,,2024-05-12T13:26:10.503401Z,delphinID_clicks,click,Ttr,0.004649
delphinID_clicks:Z3_4:17,,2024-05-12T13:24:20.518607Z,delphinID_clicks,click,Dde,0.007213
delphinID_clicks:Z3_4:17,,2024-05-12T13:24:20.518607Z,delphinID_clicks,click,Ggr,0.014163
delphinID_clicks:Z3_4:17,,2024-05-12T13:24:20.518607Z,delphinID_clicks,click,Gme,0.168963
delphinID_clicks:Z3_4:17,,2024-05-12T13:24:20.518607Z,delphinID_clicks,click,Lal,0.734211
delphinID_clicks:Z3_4:17,,2024-05-12T13:24:20.518607Z,delphinID_clicks,click,Ttr,0.07545
delphinID_clicks:Z3_4:18,,2024-05-12T13:27:07.638450Z,delphinID_clicks,click,Dde,0.00406
delphinID_clicks:Z3_4:18,,2024-05-12T13:27:07.638450Z,delphinID_clicks,click,Ggr,0.15514
delphinID_clicks:Z3_4:18,,2024-05-12T13:27:07.638450Z,delphinID_clicks,click,Gme,0.135393
delphinID_clicks:Z3_4:18,,2024-05-12T13:27:07.638450Z,delphinID_clicks,click,Lal,0.67182
delphinID_clicks:Z3_4:18,,2024-05-12T13:27:07.638450Z,delphinID_clicks,click,Ttr,0.033588
delphinID_clicks:Z3_4:19,,2024-05-12T13:23:50.169510Z,delphinID_clicks,click,Dde,0.038021
delphinID_clicks:Z3_4:19,,2024-05-12T13:23:50.169510Z,delphinID_clicks,click,Ggr,0.508011
delphinID_clicks:Z3_4:19,,2024-05-12T13:23:50.169510Z,delphinID_clicks,click,Gme,0.151271
delphinID_clicks:Z3_4:19,,2024-05-12T13:23:50.169510Z,delphinID_clicks,click,Lal,0.276241
delphinID_clicks:Z3_4:19,,2024-05-12T13:23:50.169510Z,delphinID_clicks,click,Ttr,0.026456
delphinID_clicks:Z3_4:20,,2024-05-12T13:29:59.294270Z,delphinID_clicks,click,Dde,0.318023
delphinID_clicks:Z3_4:20,,2024-05-12T13:29:59.294270Z,delphinID_clicks,click,Ggr,6e-05
delphinID_clicks:Z3_4:20,,2024-05-12T13:29:59.294270Z,delphinID_clicks,click,Gme,0.04251
delphinID_clicks:Z3_4:20,,2024-05-12T13:29:59.294270Z,delphinID_clicks,click,Lal,0.14322
delphinID_clicks:Z3_4:20,,2024-05-12T13:29:59.294270Z,delphinID_clicks,click,Ttr,0.496186
delphinID_clicks:Z3_4:21,,2024-05-12T13:29:52.257112Z,delphinID_clicks,click,Dde,0.19241
delphinID_clicks:Z3_4:21,,2024-05-12T13:29:52.257112Z,delphinID_clicks,click,Ggr,0.100854
delphinID_clicks:Z3_4:21,,2024-05-12T13:29:52.257112Z,delphinID_clicks,click,Gme,0.502013
delphinID_clicks:Z3_4:21,,2024-05-12T13:29:52.257112Z,delphinID_clicks,click,Lal,0.014983
delphinID_clicks:Z3_4:21,,2024-05-12T13:29:52.257112Z,delphinID_clicks,click,Ttr,0.189739
delphinID_clicks:Z3_4:22,,2024-05-12T13:23:54.514869Z,delphinID_clicks,click,Dde,0.22269
delphinID_clicks:Z3_4:22,,2024-05-12T13:23:54.514869Z,delphinID_clicks,click,Ggr,0.122048
delphinID_clicks:Z3_4:22,,2024-05-12T13:23:54.514869Z,delphinID_clicks,click,Gme,0.407772
delphinID_clicks:Z3_4:22,,2024-05-12T13:23:54.514869Z,delphinID_clicks,click,Lal,0.190911
delphinID_clicks:Z3_4:22,,2024-05-12T13:23:54.514869Z,delphinID_clicks,click,Ttr,0.05658
delphinID_clicks:Z3_4:23,,2024-05-12T13:26:51.318240Z,delphinID_clicks,click,Dde,0.162205
delphinID_clicks:Z3_4:23,,2024-05-12T13:26:51.318240Z,delphinID_clicks,click,Ggr,0.490242
delphinID_clicks:Z3_4:23,,2024-05-12T13:26:51.318240Z,delphinID_clicks,click,Gme,0.03476
delphinID_clicks:Z3_4:23,,2024-05-12T13:26:51.318240Z,delphinID_clicks,click,Lal,0.287442
delphinID_clicks:Z3_4:23,,2024-05-12T13:26:51.318240Z,delphinID_clicks,click,Ttr,0.025352
delphinID_clicks:Z3_4:24,,2024-05-12T13:24:22.737737Z,delphinID_clicks,click,Dde,0.1232
delphinID_clicks:Z3_4:24,,2024-05-12T13:24:22.737737Z,delphinID_clicks,click,Ggr,0.175179
delphinID_clicks:Z3_4:24,,2024-05-12T13:24:22.737737Z,delphinID_clicks,click,Gme,0.022083
delphinID_clicks:Z3_4:24,,2024-05-12T13:24:22.737737Z,delphinID_clicks,click,Lal,0.543676
delphinID_clicks:Z3_4:24,,2024-05-12T13:24:22.737737Z,delphinID_clicks,click,Ttr,0.135861
delphinID_clicks:Z3_4:25,,2024-05-12T13:29:31.631557Z,delphinID_clicks,click,Dde,0.003481
delphinID_clicks:Z3_4:25,,2024-05-12T13:29:31.631557Z,delphinID_clicks,click,Ggr,0.163615
delphinID_clicks:Z3_4:25,,2024-05-12T13:29:31.631557Z,delphinID_clicks,click,Gme,0.463871
delphinID_clicks:Z3_4:25,,2024-05-12T13:29:31.631557Z,delphinID_clicks,click,Lal,0.239239
delphinID_clicks:Z3_4:25,,2024-05-12T13:29:31.631557Z,delphinID_clicks,click,Ttr,0.129794
delphinID_clicks:Z3_4:26,,2024-05-12T13:27:49.151470Z,delphinID_clicks,click,Dde,0.118665
delphinID_clicks:Z3_4:26,,2024-05-12T13:27:49.151470Z,delphinID_clicks,click,Ggr,0.055432
delphinID_clicks:Z3_4:26,,2024-05-12T13:27:49.151470Z,delphinID_clicks,click,Gme,0.012697
delphinID_clicks:Z3_4:26,,2024-05-12T13:27:49.151470Z,delphinID_clicks,click,Lal,0.731028
delphinID_clicks:Z3_4:26,,2024-05-12T13:27:49.151470Z,delphinID_clicks,click,Ttr,0.082178
delphinID_clicks:Z3_4:27,,2024-05-12T13:25:07.454359Z,delphinID_clicks,click,Dde,0.004699
delphinID_clicks:Z3_4:27,,2024-05-12T13:25:07.454359Z,delphinID_clicks,click,Ggr,0.307729
delphinID_clicks:Z3_4:27,,2024-05-12T13:25:07.454359Z,delphinID_clicks,click,Gme,0.494394
delphinID_clicks:Z3_4:27,,2024-05-12T13:25:07.454359Z,delphinID_clicks,click,Lal,0.1929
delphinID_clicks:Z3_4:27,,2024-05-12T13:25:07.454359Z,delphinID_clicks,click,Ttr,0.000278
delphinID_clicks:Z3_4:28,,2024-05-12T13:26:26.137235Z,delphinID_clicks,click,Dde,0.014895
delphinID_clicks:Z3_4:28,,2024-05-12T13:26:26.137235Z,delphinID_clicks,click,Ggr,0.09056
delphinID_clicks:Z3_4:28,,2024-05-12T13:26:26.137235Z,delphinID_clicks,click,Gme,0.008331
delphinID_clicks:Z3_4:28,,2024-05-12T13:26:26.137235Z,delphinID_clicks,click,Lal,0.824694
delphinID_clicks:Z3_4:28,,2024-05-12T13:26:26.137235Z,delphinID_clicks,click,Ttr,0.06152
delphinID_clicks:Z3_4:29,,2024-05-12T13:21:38.300074Z,delphinID_clicks,click,Dde,0.019544
delphinID_clicks:Z3_4:29,,2024-05-12T13:21:38.300074Z,delphinID_clicks,click,Ggr,0.14949
delphinID_clicks:Z3_4:29,,2024-05-12T13:21:38.300074Z,delphinID_clicks,click,Gme,0.143984
delphinID_clicks:Z3_4:29,,2024-05-12T13:21:38.300074Z,delphinID_clicks,click,Lal,0.610049
delphinID_clicks:Z3_4:29,,2024-05-12T13:21:38.300074Z,delphinID_clicks,click,Ttr,0.076932
delphinID_clicks:Z3_4:30,,2024-05-12T13:27:50.763582Z,delphinID_clicks,click,Dde,0.002153
delphinID_clicks:Z3_4:30,,2024-05-12T13:27:50.763582Z,delphinID_clicks,click,Ggr,0.047739
delphinID_clicks:Z3_4:30,,2024-05-12T13:27:50.763582Z,delphinID_clicks,click,Gme,2e-06
delphinID_clicks:Z3_4:30,,2024-05-12T13:27:50.763582Z,delphinID_clicks,click,Lal,0.708722
delphinID_clicks:Z3_4:30,,2024-05-12T13:27:50.763582Z,delphinID_clicks,click,Ttr,0.241383
delphinID_clicks:Z3_4:31,,2024-05-12T13:20:03.792411Z,delphinID_clicks,click,Dde,0.253592
delphinID_clicks:Z3_4:31,,2024-05-12T13:20:03.792411Z,delphinID_clicks,click,Ggr,0.086887
delphinID_clicks:Z3_4:31,,2024-05-12T13:20:03.792411Z,delphinID_clicks,click,Gme,0.000124
delphinID_clicks:Z3_4:31,,2024-05-12T13:20:03.792411Z,delphinID_clicks,click,Lal,0.622348
delphinID_clicks:Z3_4:31,,2024-05-12T13:20:03.792411Z,delphinID_clicks,click,Ttr,0.037049
delphinID_clicks:Z3_4:32,,2024-05-12T13:21:33.362987Z,delphinID_clicks,click,Dde,0.072308
delphinID_clicks:Z3_4:32,,2024-05-12T13:21:33.362987Z,delphinID_clicks,click,Ggr,0.219236
delphinID_clicks:Z3_4:32,,2024-05-12T13:21:33.362987Z,delphinID_clicks,click,Gme,0.05591
delphinID_clicks:Z3_4:32,,2024-05-12T13:21:33.362987Z,delphinID_clicks,click,Lal,0.019587
delphinID_clicks:Z3_4:32,,2024-05-12T13:21:33.362987Z,delphinID_clicks,click,Ttr,0.632958
delphinID_clicks:Z3_4:33,,2024-05-12T13:21:34.383513Z,delphinID_clicks,click,Dde,0.012543
delphinID_clicks:Z3_4:33,,2024-05-12T13:21:34.383513Z,delphinID_clicks,click,Ggr,0.460061
delphinID_clicks:Z3_4:33,,2024-05-12T13:21:34.383513Z,delphinID_clicks,click,Gme,0.05329
delphinID_clicks:Z3_4:33,,2024-05-12T13:21:34.383513Z,delphinID_clicks,click,Lal,0.441113
delphinID_clicks:Z3_4:33,,2024-05-12T13:21:34.383513Z,delphinID_clicks,click,Ttr,0.032992
delphinID_clicks:Z3_4:34,,2024-05-12T13:28:45.136350Z,delphinID_clicks,click,Dde,0.890016
delphinID_clicks:Z3_4:34,,2024-05-12T13:28:45.136350Z,delphinID_clicks,click,Ggr,0.000301
delphinID_clicks:Z3_4:34,,2024-05-12T13:28:45.136350Z,delphinID_clicks,click,Gme,0.098068
delphinID_clicks:Z3_4:34,,2024-05-12T13:28:45.136350Z,delphinID_clicks,click,Lal,0.009686
delphinID_clicks:Z3_4:34,,2024-05-12T13:28:45.136350Z,delphinID_clicks,click,Ttr,0.001928
delphinID_clicks:Z3_4:35,,2024-05-12T13:24:12.060919Z,delphinID_clicks,click,Dde,0.223668
delphinID_clicks:Z3_4:35,,2024-05-12T13:24:12.060919Z,delphinID_clicks,click,Ggr,0.267966
delphinID_clicks:Z3_4:35,,2024-05-12T13:24:12.060919Z,delphinID_clicks,click,Gme,0.037914
delphinID_clicks:Z3_4:35,,2024-05-12T13:24:12.060919Z,delphinID_clicks,click,Lal,0.265055
delphinID_clicks:Z3_4:35,,2024-05-12T13:24:12.060919Z,delphinID_clicks,click,Ttr,0.205397
delphinID_whistles:Z3_5:0,,2024-05-12T14:09:22.059287Z,delphinID_whistles,whistle,Dde,0.003618
delphinID_whistles:Z3_5:0,,2024-05-12T14:09:22.059287Z,delphinID_whistles,whistle,Ggr,0.118628
delphinID_whistles:Z3_5:0,,2024-05-12T14:09:22.059287Z,delphinID_whistles,whistle,Gme,0.02063
delphinID_whistles:Z3_5:0,,2024-05-12T14:09:22.059287Z,delphinID_whistles,whistle,Lac,0.51418
delphinID_whistles:Z3_5:0,,2024-05-12T14:09:22.059287Z,delphinID_whistles,whistle,Lal,0.242904
delphinID_whistles:Z3_5:0,,2024-05-12T14:09:22.059287Z,delphinID_whistles,whistle,Oor,0.003687
delphinID_whistles:Z3_5:0,,2024-05-12T14:09:22.059287Z,delphinID_whistles,whistle,Ttr,0.096353
delphinID_whistles:Z3_5:1,,2024-05-12T14:09:23.461230Z,delphinID_whistles,whistle,Dde,0.145477
delphinID_whistles:Z3_5:1,,2024-05-12T14:09:23.461230Z,delphinID_whistles,whistle,Ggr,0.108009
delphinID_whistles:Z3_5:1,,2024-05-12T14:09:23.461230Z,delphinID_whistles,whistle,Gme,0.601595
delphinID_whistles:Z3_5:1,,2024-05-12T14:09:23.461230Z,delphinID_whistles,whistle,Lac,0.01829
delphinID_whistles:Z3_5:1,,2024-05-12T14:09:23.461230Z,delphinID_whistles,whistle,Lal,0.011199
delphinID_whistles:Z3_5:1,,2024-05-12T14:09:23.461230Z,delphinID_whistles,whistle,Oor,0.114563
delphinID_whistles:Z3_5:1,,2024-05-12T14:09:23.461230Z,delphinID_whistles,whistle,Ttr,0.000866
delphinID_whistles:Z3_5:2,,2024-05-12T14:02:55.736984Z,delphinID_whistles,whistle,Dde,0.297592
delphinID_whistles:Z3_5:2,,2024-05-12T14:02:55.736984Z,delphinID_whistles,whistle,Ggr,0.048284
delphinID_whistles:Z3_5:2,,2024-05-12T14:02:55.736984Z,delphinID_whistles,whistle,Gme,0.117657
delphinID_whistles:Z3_5:2,,2024-05-12T14:02:55.736984Z,delphinID_whistles,whistle,Lac,0.219546
delphinID_whistles:Z3_5:2,,2024-05-12T14:02:55.736984Z,delphinID_whistles,whistle,Lal,0.161996
delphinID_whistles:Z3_5:2,,2024-05-12T14:02:55.736984Z,delphinID_whistles,whistle,Oor,0.038453
delphinID_whistles:Z3_5:2,,2024-05-12T14:02:55.736984Z,delphinID_whistles,whistle,Ttr,0.116471
delphinID_whistles:Z3_5:3,,2024-05-12T14:04:10.438148Z,delphinID_whistles,whistle,Dde,0.211651
delphinID_whistles:Z3_5:3,,2024-05-12T14:04:10.438148Z,delphinID_whistles,whistle,Ggr,0.104709
delphinID_whistles:Z3_5:3,,2024-05-12T14:04:10.438148Z,delphinID_whistles,whistle,Gme,0.02189
delphinID_whistles:Z3_5:3,,2024-05-12T14:04:10.438148Z,delphinID_whistles,whistle,Lac,0.002729
delphinID_whistles:Z3_5:3,,2024-05-12T14:04:10.438148Z,delphinID_whistles,whistle,Lal,0.001576
delphinID_whistles:Z3_5:3,,2024-05-12T14:04:10.438148Z,delphinID_whistles,whistle,Oor,0.414477
delphinID_whistles:Z3_5:3,,2024-05-12T14:04:10.438148Z,delphinID_whistles,whistle,Ttr,0.242968
delphinID_whistles:Z3_5:4,,2024-05-12T14:08:02.786488Z,delphinID_whistles,whistle,Dde,0.019121
delphinID_whistles:Z3_5:4,,2024-05-12T14:08:02.786488Z,delphinID_whistles,whistle,Ggr,0.002746
delphinID_whistles:Z3_5:4,,2024-05-12T14:08:02.786488Z,delphinID_whistles,whistle,Gme,0.196439
delphinID_whistles:Z3_5:4,,2024-05-12T14:08:02.786488Z,delphinID_whistles,whistle,Lac,0.005802
delphinID_whistles:Z3_5:4,,2024-05-12T14:08:02.786488Z,delphinID_whistles,whistle,Lal,0.208758
delphinID_whistles:Z3_5:4,,2024-05-12T14:08:02.786488Z,delphinID_whistles,whistle,Oor,0.041485
delphinID_whistles:Z3_5:4,,2024-05-12T14:08:02.786488Z,delphinID_whistles,whistle,Ttr,0.525649
delphinID_whistles:Z3_5:5,,2024-05-12T14:04:10.298582Z,delphinID_whistles,whistle,Dde,0.021023
delphinID_whistles:Z3_5:5,,2024-05-12T14:04:10.298582Z,delphinID_whistles,whistle,Ggr,0.240396
delphinID_whistles:Z3_5:5,,2024-05-12T14:04:10.298582Z,delphinID_whistles,whistle,Gme,0.35946
delphinID_whistles:Z3_5:5,,2024-05-12T14:04:10.298582Z,delphinID_whistles,whistle,Lac,0.132399
delphinID_whistles:Z3_5:5,,2024-05-12T14:04:10.298582Z,delphinID_whistles,whistle,Lal,0.1626
delphinID_whistles:Z3_5:5,,2024-05-12T14:04:10.298582Z,delphinID_whistles,whistle,Oor,0.052039
delphinID_whistles:Z3_5:5,,2024-05-12T14:04:10.298582Z,delphinID_whistles,whistle,Ttr,0.032082
delphinID_whistles:Z3_5:6,,2024-05-12T14:03:09.355463Z,delphinID_whistles,whistle,Dde,0.06042
delphinID_whistles:Z3_5:6,,2024-05-12T14:03:09.355463Z,delphinID_whistles,whistle,Ggr,0.115969
delphinID_whistles:Z3_5:6,,2024-05-12T14:03:09.355463Z,delphinID_whistles,whistle,Gme,0.222857
delphinID_whistles:Z3_5:6,,2024-05-12T14:03:09.355463Z,delphinID_whistles,whistle,Lac,0.019443
delphinID_whistles:Z3_5:6,,2024-05-12T14:03:09.355463Z,delphinID_whistles,whistle,Lal,0.375434
delphinID_whistles:Z3_5:6,,2024-05-12T14:03:09.355463Z,delphinID_whistles,whistle,Oor,0.014085
delphinID_whistles:Z3_5:6,,2024-05-12T14:03:09.355463Z,delphinID_whistles,whistle,Ttr,0.191793
delphinID_whistles:Z3_5:7,,2024-05-12T14:08:13.257759Z,delphinID_whistles,whistle,Dde,0.364598
delphinID_whistles:Z3_5:7,,2024-05-12T14:08:13.257759Z,delphinID_whistles,whistle,Ggr,0.399921
delphinID_whistles:Z3_5:7,,2024-05-12T14:08:13.257759Z,delphinID_whistles,whistle,Gme,0.060153
delphinID_whistles:Z3_5:7,,2024-05-12T14:08:13.257759Z,delphinID_whistles,whistle,Lac,0.083531
delphinID_whistles:Z3_5:7,,2024-05-12T14:08:13.257759Z,delphinID_whistles,whistle,Lal,0.089312
delphinID_whistles:Z3_5:7,,2024-05-12T14:08:13.257759Z,delphinID_whistles,whistle,Oor,0.000338
delphinID_whistles:Z3_5:7,,2024-05-12T14:08:13.257759Z,delphinID_whistles,whistle,Ttr,0.002147
delphinID_whistles:Z3_5:8,,2024-05-12T14:02:24.010344Z,delphinID_whistles,whistle,Dde,0.002602
delphinID_whistles:Z3_5:8,,2024-05-12T14:02:24.010344Z,delphinID_whistles,whistle,Ggr,0.183631
delphinID_whistles:Z3_5:8,,2024-05-12T14:02:24.010344Z,delphinID_whistles,whistle,Gme,0.059906
delphinID_whistles:Z3_5:8,,2024-05-12T14:02:24.010344Z,delphinID_whistles,whistle,Lac,0.112173
delphinID_whistles:Z3_5:8,,2024-05-12T14:02:24.010344Z,delphinID_whistles,whistle,Lal,0.09242
delphinID_whistles:Z3_5:8,,2024-05-12T14:02:24.010344Z,delphinID_whistles,whistle,Oor,0.02875
delphinID_whistles:Z3_5:8,,2024-05-12T14:02:24.010344Z,delphinID_whistles,whistle,Ttr,0.520519
delphinID_whistles:Z3_5:9,,2024-05-12T14:06:41.817637Z,delphinID_whistles,whistle,Dde,0.032045
delphinID_whistles:Z3_5:9,,2024-05-12T14:06:41.817637Z,delphinID_whistles,whistle,Ggr,0.000136
delphinID_whistles:Z3_5:9,,2024-05-12T14:06:41.817637Z,delphinID_whistles,whistle,Gme,0.132821
delphinID_whistles:Z3_5:9,,2024-05-12T14:06:41.817637Z,delphinID_whistles,whistle,Lac,0.049943
delphinID_whistles:Z3_5:9,,2024-05-12T14:06:41.817637Z,delphinID_whistles,whistle,Lal,0.015511
delphinID_whistles:Z3_5:9,,2024-05-12T14:06:41.817637Z,delphinID_whistles,whistle,Oor,0.219519
delphinID_whistles:Z3_5:9,,2024-05-12T14:06:41.817637Z,delphinID_whistles,whistle,Ttr,0.550024
delphinID_whistles:Z3_5:10,,2024-05-12T14:07:03.904007Z,delphinID_whistles,whistle,Dde,0.551687
delphinID_whistles:Z3_5:10,,2024-05-12T14:07:03.904007Z,delphinID_whistles,whistle,Ggr,0.000662
delphinID_whistles:Z3_5:10,,2024-05-12T14:07:03.904007Z,delphinID_whistles,whistle,Gme,0.061684
delphinID_whistles:Z3_5:10,,2024-05-12T14:07:03.904007Z,delphinID_whistles,whistle,Lac,0.160163
delphinID_whistles:Z3_5:10,,2024-05-12T14:07:03.904007Z,delphinID_whistles,whistle,Lal,0.016553
delphinID_whistles:Z3_5:10,,2024-05-12T14:07:03.904007Z,delphinID_whistles,whistle,Oor,0.002868
delphinID_whistles:Z3_5:10,,2024-05-12T14:07:03.904007Z,delphinID_whistles,whistle,Ttr,0.206383
delphinID_whistles:Z3_5:11,,2024-05-12T14:03:39.589133Z,delphinID_whistles,whistle,Dde,0.019146
delphinID_whistles:Z3_5:11,,2024-05-12T14:03:39.589133Z,delphinID_whistles,whistle,Ggr,0.065645
delphinID_whistles:Z3_5:11,,2024-05-12T14:03:39.589133Z,delphinID_whistles,whistle,Gme,0.178177
delphinID_whistles:Z3_5:11,,2024-05-12T14:03:39.589133Z,delphinID_whistles,whistle,Lac,0.326756
delphinID_whistles:Z3_5:11,,2024-05-12T14:03:39.589133Z,delphinID_whistles,whistle,Lal,0.300111
delphinID_whistles:Z3_5:11,,2024-05-12T14:03:39.589133Z,delphinID_whistles,whistle,Oor,0.061025
delphinID_whistles:Z3_5:11,,2024-05-12T14:03:39.589133Z,delphinID_whistles,whistle,Ttr,0.04914
delphinID_whistles:Z3_5:12,,2024-05-12T14:03:39.002113Z,delphinID_whistles,whistle,Dde,0.537763
delphinID_whistles:Z3_5:12,,2024-05-12T14:03:39.002113Z,delphinID_whistles,whistle,Ggr,0.000278
delphinID_whistles:Z3_5:12,,2024-05-12T14:03:39.002113Z,delphinID_whistles,whistle,Gme,0.352168
delphinID_whistles:Z3_5:12,,2024-05-12T14:03:39.002113Z,delphinID_whistles,whistle,Lac,0.012276
delphinID_whistles:Z3_5:12,,2024-05-12T14:03:39.002113Z,delphinID_whistles,whistle,Lal,0.01329
delphinID_whistles:Z3_5:12,,2024-05-12T14:03:39.002113Z,delphinID_whistles,whistle,Oor,0.075815
delphinID_whistles:Z3_5:12,,2024-05-12T14:03:39.002113Z,delphinID_whistles,whistle,Ttr,0.008409
delphinID_clicks:Z3_5:0,,2024-05-12T14:07:33.101914Z,delphinID_clicks,click,Dde,0.00102
delphinID_clicks:Z3_5:0,,2024-05-12T14:07:33.101914Z,delphinID_clicks,click,Ggr,0.180582
delphinID_clicks:Z3_5:0,,2024-05-12T14:07:33.101914Z,delphinID_clicks,click,Gme,0.013995
delphinID_clicks:Z3_5:0,,2024-05-12T14:07:33.101914Z,delphinID_clicks,click,Lal,0.19994
delphinID_clicks:Z3_5:0,,2024-05-12T14:07:33.101914Z,delphinID_clicks,click,Ttr,0.604463
delphinID_clicks:Z3_5:1,,2024-05-12T14:04:12.923934Z,delphinID_clicks,click,Dde,0.063716
delphinID_clicks:Z3_5:1,,2024-05-12T14:04:12.923934Z,delphinID_clicks,click,Ggr,0.39339
delphinID_clicks:Z3_5:1,,2024-05-12T14:04:12.923934Z,delphinID_clicks,click,Gme,0.341131
delphinID_clicks:Z3_5:1,,2024-05-12T14:04:12.923934Z,delphinID_clicks,click,Lal,0.032368
delphinID_clicks:Z3_5:1,,2024-05-12T14:04:12.923934Z,delphinID_clicks,click,Ttr,0.169395
delphinID_clicks:Z3_5:2,,2024-05-12T14:03:45.994434Z,delphinID_clicks,click,Dde,0.092143
delphinID_clicks:Z3_5:2,,2024-05-12T14:03:45.994434Z,delphinID_clicks,click,Ggr,0.354399
delphinID_clicks:Z3_5:2,,2024-05-12T14:03:45.994434Z,delphinID_clicks,click,Gme,0.13759
delphinID_clicks:Z3_5:2,,2024-05-12T14:03:45.994434Z,delphinID_clicks,click,Lal,0.046961
delphinID_clicks:Z3_5:2,,2024-05-12T14:03:45.994434Z,delphinID_clicks,click,Ttr,0.368907
delphinID_clicks:Z3_5:3,,2024-05-12T14:03:52.327343Z,delphinID_clicks,click,Dde,0.124008
delphinID_clicks:Z3_5:3,,2024-05-12T14:03:52.327343Z,delphinID_clicks,click,Ggr,0.057675
delphinID_clicks:Z3_5:3,,2024-05-12T14:03:52.327343Z,delphinID_clicks,click,Gme,0.166046
delphinID_clicks:Z3_5:3,,2024-05-12T14:03:52.327343Z,delphinID_clicks,click,Lal,0.570393
delphinID_clicks:Z3_5:3,,2024-05-12T14:03:52.327343Z,delphinID_clicks,click,Ttr,0.081877
delphinID_clicks:Z3_5:4,,2024-05-12T14:02:54.375171Z,delphinID_clicks,click,Dde,0.109083
delphinID_clicks:Z3_5:4,,2024-05-12T14:02:54.375171Z,delphinID_clicks,click,Ggr,0.419598
delphinID_clicks:Z3_5:4,,2024-05-12T14:02:54.375171Z,delphinID_clicks,click,Gme,0.046406
delphinID_clicks:Z3_5:4,,2024-05-12T14:02:54.375171Z,delphinID_clicks,click,Lal,0.292885
delphinID_clicks:Z3_5:4,,2024-05-12T14:02:54.375171Z,delphinID_clicks,click,Ttr,0.132027
delphinID_clicks:Z3_5:5,,2024-05-12T14:03:53.261402Z,delphinID_clicks,click,Dde,0.003945
delphinID_clicks:Z3_5:5,,2024-05-12T14:03:53.261402Z,delphinID_clicks,click,Ggr,0.478341
delphinID_clicks:Z3_5:5,,2024-05-12T14:03:53.261402Z,delphinID_clicks,click,Gme,0.072007
delphinID_clicks:Z3_5:5,,2024-05-12T14:03:53.261402Z,delphinID_clicks,click,Lal,0.339409
delphinID_clicks:Z3_5:5,,2024-05-12T14:03:53.261402Z,delphinID_clicks,click,Ttr,0.106298
delphinID_clicks:Z3_5:6,,2024-05-12T14:01:07.082579Z,delphinID_clicks,click,Dde,0.01924
delphinID_clicks:Z3_5:6,,2024-05-12T14:01:07.082579Z,delphinID_clicks,click,Ggr,0.605298
delphinID_clicks:Z3_5:6,,2024-05-12T14:01:07.082579Z,delphinID_clicks,click,Gme,0.014954
delphinID_clicks:Z3_5:6,,2024-05-12T14:01:07.082579Z,delphinID_clicks,click,Lal,0.246874
delphinID_clicks:Z3_5:6,,2024-05-12T14:01:07.082579Z,delphinID_clicks,click,Ttr,0.113634
delphinID_clicks:Z3_5:7,,2024-05-12T14:01:47.623624Z,delphinID_clicks,click,Dde,0.072189
delphinID_clicks:Z3_5:7,,2024-05-12T14:01:47.623624Z,delphinID_clicks,click,Ggr,0.046051
delphinID_clicks:Z3_5:7,,2024-05-12T14:01:47.623624Z,delphinID_clicks,click,Gme,0.25731
delphinID_clicks:Z3_5:7,,2024-05-12T14:01:47.623624Z,delphinID_clicks,click,Lal,0.365464
delphinID_clicks:Z3_5:7,,2024-05-12T14:01:47.623624Z,delphinID_clicks,click,Ttr,0.258986
delphinID_clicks:Z3_5:8,,2024-05-12T14:01:45.902456Z,delphinID_clicks,click,Dde,0.476179
delphinID_clicks:Z3_5:8,,2024-05-12T14:01:45.902456Z,delphinID_clicks,click,Ggr,0.049187
delphinID_clicks:Z3_5:8,,2024-05-12T14:01:45.902456Z,delphinID_clicks,click,Gme,0.012046
delphinID_clicks:Z3_5:8,,2024-05-12T14:01:45.902456Z,delphinID_clicks,click,Lal,0.349353
delphinID_clicks:Z3_5:8,,2024-05-12T14:01:45.902456Z,delphinID_clicks,click,Ttr,0.113234
delphinID_clicks:Z3_5:9,,2024-05-12T14:07:35.285911Z,delphinID_clicks,click,Dde,0.013597
delphinID_clicks:Z3_5:9,,2024-05-12T14:07:35.285911Z,delphinID_clicks,click,Ggr,0.065261
delphinID_clicks:Z3_5:9,,2024-05-12T14:07:35.285911Z,delphinID_clicks,click,Gme,0.642247
delphinID_clicks:Z3_5:9,,2024-05-12T14:07:35.285911Z,delphinID_clicks,click,Lal,0.273348
delphinID_clicks:Z3_5:9,,2024-05-12T14:07:35.285911Z,delphinID_clicks,click,Ttr,0.005547
delphinID_clicks:Z3_5:10,,2024-05-12T14:03:35.446850Z,delphinID_clicks,click,Dde,8.8e-05
delphinID_clicks:Z3_5:10,,2024-05-12T14:03:35.446850Z,delphinID_clicks,click,Ggr,0.262819
delphinID_clicks:Z3_5:10,,2024-05-12T14:03:35.446850Z,delphinID_clicks,click,Gme,0.1718
delphinID_clicks:Z3_5:10,,2024-05-12T14:03:35.446850Z,delphinID_clicks,click,Lal,0.502741
delphinID_clicks:Z3_5:10,,2024-05-12T14:03:35.446850Z,delphinID_clicks,click,Ttr,0.062552
delphinID_clicks:Z3_5:11,,2024-05-12T14:00:29.467482Z,delphinID_clicks,click,Dde,0.455567
delphinID_clicks:Z3_5:11,,2024-05-12T14:00:29.467482Z,delphinID_clicks,click,Ggr,0.14156
delphinID_clicks:Z3_5:11,,2024-05-12T14:00:29.467482Z,delphinID_clicks,click,Gme,0.233037
delphinID_clicks:Z3_5:11,,2024-05-12T14:00:29.467482Z,delphinID_clicks,click,Lal,0.132121
delphinID_clicks:Z3_5:11,,2024-05-12T14:00:29.467482Z,delphinID_clicks,click,Ttr,0.037716
delphinID_clicks:Z3_5:12,,2024-05-12T14:04:22.807886Z,delphinID_clicks,click,Dde,0.061127
delphinID_clicks:Z3_5:12,,2024-05-12T14:04:22.807886Z,delphinID_clicks,click,Ggr,0.008012
delphinID_clicks:Z3_5:12,,2024-05-12T14:04:22.807886Z,delphinID_clicks,click,Gme,0.088343
delphinID_clicks:Z3_5:12,,2024-05-12T14:04:22.807886Z,delphinID_clicks,click,Lal,0.787659
delphinID_clicks:Z3_5:12,,2024-05-12T14:04:22.807886Z,delphinID_clicks,click,Ttr,0.054859
delphinID_clicks:Z3_5:13,,2024-05-12T14:05:02.288506Z,delphinID_clicks,click,Dde,0.018321
delphinID_clicks:Z3_5:13,,2024-05-12T14:05:02.288506Z,delphinID_clicks,click,Ggr,0.01346
delphinID_clicks:Z3_5:13,,2024-05-12T14:05:02.288506Z,delphinID_clicks,click,Gme,0.06344
delphinID_clicks:Z3_5:13,,2024-05-12T14:05:02.288506Z,delphinID_clicks,click,Lal,0.837954
delphinID_clicks:Z3_5:13,,2024-05-12T14:05:02.288506Z,delphinID_clicks,click,Ttr,0.066825
delphinID_clicks:Z3_5:14,,2024-05-12T14:01:26.044056Z,delphinID_clicks,click,Dde,0.098047
delphinID_clicks:Z3_5:14,,2024-05-12T14:01:26.044056Z,delphinID_clicks,click,Ggr,0.189864
delphinID_clicks:Z3_5:14,,2024-05-12T14:01:26.044056Z,delphinID_clicks,click,Gme,0.096275
delphinID_clicks:Z3_5:14,,2024-05-12T14:01:26.044056Z,delphinID_clicks,click,Lal,0.306948
delphinID_clicks:Z3_5:14,,2024-05-12T14:01:26.044056Z,delphinID_clicks,click,Ttr,0.308864
delphinID_clicks:Z3_5:15,,2024-05-12T14:08:27.026080Z,delphinID_clicks,click,Dde,0.00076
delphinID_clicks:Z3_5:15,,2024-05-12T14:08:27.026080Z,delphinID_clicks,click,Ggr,0.088715
delphinID_clicks:Z3_5:15,,2024-05-12T14:08:27.026080Z,delphinID_clicks,click,Gme,0.133887
delphinID_clicks:Z3_5:15,,2024-05-12T14:08:27.026080Z,delphinID_clicks,click,Lal,0.170317
delphinID_clicks:Z3_5:15,,2024-05-12T14:08:27.026080Z,delphinID_clicks,click,Ttr,0.606321
delphinID_clicks:Z3_5:16,,2024-05-12T14:01:33.755134Z,delphinID_clicks,click,Dde,0.201096
delphinID_clicks:Z3_5:16,,2024-05-12T14:01:33.755134Z,delphinID_clicks,click,Ggr,0.282234
delphinID_clicks:Z3_5:16,,2024-05-12T14:01:33.755134Z,delphinID_clicks,click,Gme,0.379515
delphinID_clicks:Z3_5:16,,2024-05-12T14:01:33.755134Z,delphinID_clicks,click,Lal,0.060393
delphinID_clicks:Z3_5:16,,2024-05-12T14:01:33.755134Z,delphinID_clicks,click,Ttr,0.076763
delphinID_whistles:Z4_1:0,,2024-05-13T14:43:01.901366Z,delphinID_whistles,whistle,Dde,0.008044
delphinID_whistles:Z4_1:0,,2024-05-13T14:43:01.901366Z,delphinID_whistles,whistle,Ggr,0.10084
delphinID_whistles:Z4_1:0,,2024-05-13T14:43:01.901366Z,delphinID_whistles,whistle,Gme,0.391074
delphinID_whistles:Z4_1:0,,2024-05-13T14:43:01.901366Z,delphinID_whistles,whistle,Lac,0.149375
delphinID_whistles:Z4_1:0,,2024-05-13T14:43:01.901366Z,delphinID_whistles,whistle,Lal,0.11921
delphinID_whistles:Z4_1:0,,2024-05-13T14:43:01.901366Z,delphinID_whistles,whistle,Oor,0.215932
delphinID_whistles:Z4_1:0,,2024-05-13T14:43:01.901366Z,delphinID_whistles,whistle,Ttr,0.015525
delphinID_whistles:Z4_1:1,,2024-05-13T14:40:19.825951Z,delphinID_whistles,whistle,Dde,0.043997
delphinID_whistles:Z4_1:1,,2024-05-13T14:40:19.825951Z,delphinID_whistles,whistle,Ggr,0.087348
delphinID_whistles:Z4_1:1,,2024-05-13T14:40:19.825951Z,delphinID_whistles,whistle,Gme,0.153978
delphinID_whistles:Z4_1:1,,2024-05-13T14:40:19.825951Z,delphinID_whistles,whistle,Lac,0.011929
delphinID_whistles:Z4_1:1,,2024-05-13T14:40:19.825951Z,delphinID_whistles,whistle,Lal,0.054118
delphinID_whistles:Z4_1:1,,2024-05-13T14:40:19.825951Z,delphinID_whistles,whistle,Oor,0.011967
delphinID_whistles:Z4_1:1,,2024-05-13T14:40:19.825951Z,delphinID_whistles,whistle,Ttr,0.636661
delphinID_whistles:Z4_1:2,,2024-05-13T14:44:57.515404Z,delphinID_whistles,whistle,Dde,0.153357
delphinID_whistles:Z4_1:2,,2024-05-13T14:44:57.515404Z,delphinID_whistles,whistle,Ggr,0.160982
delphinID_whistles:Z4_1:2,,2024-05-13T14:44:57.515404Z,delphinID_whistles,whistle,Gme,0.161005
delphinID_whistles:Z4_1:2,,2024-05-13T14:44:57.515404Z,delphinID_whistles,whistle,Lac,0.04088
delphinID_whistles:Z4_1:2,,2024-05-13T14:44:57.515404Z,delphinID_whistles,whistle,Lal,0.004813
delphinID_whistles:Z4_1:2,,2024-05-13T14:44:57.515404Z,delphinID_whistles,whistle,Oor,0.097683
delphinID_whistles:Z4_1:2,,2024-05-13T14:44:57.515404Z,delphinID_whistles,whistle,Ttr,0.38128
delphinID_whistles:Z4_1:3,,2024-05-13T14:45:07.714601Z,delphinID_whistles,whistle,Dde,0.117709
delphinID_whistles:Z4_1:3,,2024-05-13T14:45:07.714601Z,delphinID_whistles,whistle,Ggr,0.142332
delphinID_whistles:Z4_1:3,,2024-05-13T14:45:07.714601Z,delphinID_whistles,whistle,Gme,0.257497
delphinID_whistles:Z4_1:3,,2024-05-13T14:45:07.714601Z,delphinID_whistles,whistle,Lac,0.00035
delphinID_whistles:Z4_1:3,,2024-05-13T14:45:07.714601Z,delphinID_whistles,whistle,Lal,0.14664
delphinID_whistles:Z4_1:3,,2024-05-13T14:45:07.714601Z,delphinID_whistles,whistle,Oor,0.147897
delphinID_whistles:Z4_1:3,,2024-05-13T14:45:07.714601Z,delphinID_whistles,whistle,Ttr,0.187574
delphinID_whistles:Z4_1:4,,2024-05-13T14:43:46.393583Z,delphinID_whistles,whistle,Dde,0.082583
delphinID_whistles:Z4_1:4,,2024-05-13T14:43:46.393583Z,delphinID_whistles,whistle,Ggr,0.287467
delphinID_whistles:Z4_1:4,,2024-05-13T14:43:46.393583Z,delphinID_whistles,whistle,Gme,0.116713
delphinID_whistles:Z4_1:4,,2024-05-13T14:43:46.393583Z,delphinID_whistles,whistle,Lac,0.360935
delphinID_whistles:Z4_1:4,,2024-05-13T14:43:46.393583Z,delphinID_whistles,whistle,Lal,0.004945
delphinID_whistles:Z4_1:4,,2024-05-13T14:43:46.393583Z,delphinID_whistles,whistle,Oor,0.032015
delphinID_whistles:Z4_1:4,,2024-05-13T14:43:46.393583Z,delphinID_whistles,whistle,Ttr,0.115341
delphinID_whistles:Z4_1:5,,2024-05-13T14:42:48.942648Z,delphinID_whistles,whistle,Dde,0.025471
delphinID_whistles:Z4_1:5,,2024-05-13T14:42:48.942648Z,delphinID_whistles,whistle,Ggr,0.070071
delphinID_whistles:Z4_1:5,,2024-05-13T14:42:48.942648Z,delphinID_whistles,whistle,Gme,0.012423
delphinID_whistles:Z4_1:5,,2024-05-13T14:42:48.942648Z,delphinID_whistles,whistle,Lac,0.616748
delphinID_whistles:Z4_1:5,,2024-05-13T14:42:48.942648Z,delphinID_whistles,whistle,Lal,0.064919
delphinID_whistles:Z4_1:5,,2024-05-13T14:42:48.942648Z,delphinID_whistles,whistle,Oor,0.104928
delphinID_whistles:Z4_1:5,,2024-05-13T14:42:48.942648Z,delphinID_whistles,whistle,Ttr,0.10544
delphinID_whistles:Z4_1:6,,2024-05-13T14:46:12.123041Z,delphinID_whistles,whistle,Dde,0.362874
delphinID_whistles:Z4_1:6,,2024-05-13T14:46:12.123041Z,delphinID_whistles,whistle,Ggr,0.102897
delphinID_whistles:Z4_1:6,,2024-05-13T14:46:12.123041Z,delphinID_whistles,whistle,Gme,0.038967
delphinID_whistles:Z4_1:6,,2024-05-13T14:46:12.123041Z,delphinID_whistles,whistle,Lac,0.001366
delphinID_whistles:Z4_1:6,,2024-05-13T14:46:12.123041Z,delphinID_whistles,whistle,Lal,0.318346
delphinID_whistles:Z4_1:6,,2024-05-13T14:46:12.123041Z,delphinID_whistles,whistle,Oor,0.116444
delphinID_whistles:Z4_1:6,,2024-05-13T14:46:12.123041Z,delphinID_whistles,whistle,Ttr,0.059105
delphinID_whistles:Z4_1:7,,2024-05-13T14:45:22.955508Z,delphinID_whistles,whistle,Dde,0.165904
delphinID_whistles:Z4_1:7,,2024-05-13T14:45:22.955508Z,delphinID_whistles,whistle,Ggr,0.499955
delphinID_whistles:Z4_1:7,,2024-05-13T14:45:22.955508Z,delphinID_whistles,whistle,Gme,0.066691
delphinID_whistles:Z4_1:7,,2024-05-13T14:45:22.955508Z,delphinID_whistles,whistle,Lac,0.13017
delphinID_whistles:Z4_1:7,,2024-05-13T14:45:22.955508Z,delphinID_whistles,whistle,Lal,0.042806
delphinID_whistles:Z4_1:7,,2024-05-13T14:45:22.955508Z,delphinID_whistles,whistle,Oor,0.013707
delphinID_whistles:Z4_1:7,,2024-05-13T14:45:22.955508Z,delphinID_whistles,whistle,Ttr,0.080766
delphinID_whistles:Z4_1:8,,2024-05-13T14:41:53.821282Z,delphinID_whistles,whistle,Dde,0.001283
delphinID_whistles:Z4_1:8,,2024-05-13T14:41:53.821282Z,delphinID_whistles,whistle,Ggr,0.581764
delphinID_whistles:Z4_1:8,,2024-05-13T14:41:53.821282Z,delphinID_whistles,whistle,Gme,0.129879
delphinID_whistles:Z4_1:8,,2024-05-13T14:41:53.821282Z,delphinID_whistles,whistle,Lac,0.162266
delphinID_whistles:Z4_1:8,,2024-05-13T14:41:53.821282Z,delphinID_whistles,whistle,Lal,0.011804
delphinID_whistles:Z4_1:8,,2024-05-13T14:41:53.821282Z,delphinID_whistles,whistle,Oor,0.008591
delphinID_whistles:Z4_1:8,,2024-05-13T14:41:53.821282Z,delphinID_whistles,whistle,Ttr,0.104413
delphinID_whistles:Z4_1:9,,2024-05-13T14:43:45.382502Z,delphinID_whistles,whistle,Dde,0.122449
delphinID_whistles:Z4_1:9,,2024-05-13T14:43:45.382502Z,delphinID_whistles,whistle,Ggr,0.001086
delphinID_whistles:Z4_1:9,,2024-05-13T14:43:45.382502Z,delphinID_whistles,whistle,Gme,0.076932
delphinID_whistles:Z4_1:9,,2024-05-13T14:43:45.382502Z,delphinID_whistles,whistle,Lac,0.509159
delphinID_whistles:Z4_1:9,,2024-05-13T14:43:45.382502Z,delphinID_whistles,whistle,Lal,0.141567
delphinID_whistles:Z4_1:9,,2024-05-13T14:43:45.382502Z,delphinID_whistles,whistle,Oor,0.010408
delphinID_whistles:Z4_1:9,,2024-05-13T14:43:45.382502Z,delphinID_whistles,whistle,Ttr,0.138399
delphinID_whistles:Z4_1:10,,2024-05-13T14:49:33.487968Z,delphinID_whistles,whistle,Dde,0.030053
delphinID_whistles:Z4_1:10,,2024-05-13T14:49:33.487968Z,delphinID_whistles,whistle,Ggr,0.459163
delphinID_whistles:Z4_1:10,,2024-05-13T14:49:33.487968Z,delphinID_whistles,whistle,Gme,0.284985
delphinID_whistles:Z4_1:10,,2024-05-13T14:49:33.487968Z,delphinID_whistles,whistle,Lac,0.041131
delphinID_whistles:Z4_1:10,,2024-05-13T14:49:33.487968Z,delphinID_whistles,whistle,Lal,0.010877
delphinID_whistles:Z4_1:10,,2024-05-13T14:49:33.487968Z,delphinID_whistles,whistle,Oor,0.149883
delphinID_whistles:Z4_1:10,,2024-05-13T14:49:33.487968Z,delphinID_whistles,whistle,Ttr,0.023908
delphinID_whistles:Z4_1:11,,2024-05-13T14:42:50.188769Z,delphinID_whistles,whistle,Dde,0.349845
delphinID_whistles:Z4_1:11,,2024-05-13T14:42:50.188769Z,delphinID_whistles,whistle,Ggr,0.121632
delphinID_whistles:Z4_1:11,,2024-05-13T14:42:50.188769Z,delphinID_whistles,whistle,Gme,0.000588
delphinID_whistles:Z4_1:11,,2024-05-13T14:42:50.188769Z,delphinID_whistles,whistle,Lac,0.227897
delphinID_whistles:Z4_1:11,,2024-05-13T14:42:50.188769Z,delphinID_whistles,whistle,Lal,0.024453
delphinID_whistles:Z4_1:11,,2024-05-13T14:42:50.188769Z,delphinID_whistles,whistle,Oor,0.045589
delphinID_whistles:Z4_1:11,,2024-05-13T14:42:50.188769Z,delphinID_whistles,whistle,Ttr,0.229996
delphinID_whistles:Z4_1:12,,2024-05-13T14:49:38.397861Z,delphinID_whistles,whistle,Dde,0.701453
delphinID_whistles:Z4_1:12,,2024-05-13T14:49:38.397861Z,delphinID_whistles,whistle,Ggr,0.001026
delphinID_whistles:Z4_1:12,,2024-05-13T14:49:38.397861Z,delphinID_whistles,whistle,Gme,0.110774
delphinID_whistles:Z4_1:12,,2024-05-13T14:49:38.397861Z,delphinID_whistles,whistle,Lac,0.075955
delphinID_whistles:Z4_1:12,,2024-05-13T14:49:38.397861Z,delphinID_whistles,whistle,Lal,0.009897
delphinID_whistles:Z4_1:12,,2024-05-13T14:49:38.397861Z,delphinID_whistles,whistle,Oor,0.034505
delphinID_whistles:Z4_1:12,,2024-05-13T14:49:38.397861Z,delphinID_whistles,whistle,Ttr,0.06639
delphinID_whistles:Z4_1:13,,2024-05-13T14:42:30.911520Z,delphinID_whistles,whistle,Dde,6.5e-05
delphinID_whistles:Z4_1:13,,2024-05-13T14:42:30.911520Z,delphinID_whistles,whistle,Ggr,0.038442
delphinID_whistles:Z4_1:13,,2024-05-13T14:42:30.911520Z,delphinID_whistles,whistle,Gme,0.44532
delphinID_whistles:Z4_1:13,,2024-05-13T14:42:30.911520Z,delphinID_whistles,whistle,Lac,0.038838
delphinID_whistles:Z4_1:13,,2024-05-13T14:42:30.911520Z,delphinID_whistles,whistle,Lal,0.224076
delphinID_whistles:Z4_1:13,,2024-05-13T14:42:30.911520Z,delphinID_whistles,whistle,Oor,0.226709
delphinID_whistles:Z4_1:13,,2024-05-13T14:42:30.911520Z,delphinID_whistles,whistle,Ttr,0.02655
delphinID_clicks:Z4_1:0,,2024-05-13T14:40:13.904868Z,delphinID_clicks,click,Dde,0.065649
delphinID_clicks:Z4_1:0,,2024-05-13T14:40:13.904868Z,delphinID_clicks,click,Ggr,0.025228
delphinID_clicks:Z4_1:0,,2024-05-13T14:40:13.904868Z,delphinID_clicks,click,Gme,0.001152
delphinID_clicks:Z4_1:0,,2024-05-13T14:40:13.904868Z,delphinID_clicks,click,Lal,0.287362
delphinID_clicks:Z4_1:0,,2024-05-13T14:40:13.904868Z,delphinID_clicks,click,Ttr,0.620609
delphinID_clicks:Z4_1:1,,2024-05-13T14:47:21.948980Z,delphinID_clicks,click,Dde,0.107094
delphinID_clicks:Z4_1:1,,2024-05-13T14:47:21.948980Z,delphinID_clicks,click,Ggr,0.17543
delphinID_clicks:Z4_1:1,,2024-05-13T14:47:21.948980Z,delphinID_clicks,click,Gme,0.33465
delphinID_clicks:Z4_1:1,,2024-05-13T14:47:21.948980Z,delphinID_clicks,click,Lal,0.350573
delphinID_clicks:Z4_1:1,,2024-05-13T14:47:21.948980Z,delphinID_clicks,click,Ttr,0.032252
delphinID_clicks:Z4_1:2,,2024-05-13T14:48:30.092622Z,delphinID_clicks,click,Dde,0.485606
delphinID_clicks:Z4_1:2,,2024-05-13T14:48:30.092622Z,delphinID_clicks,click,Ggr,0.280131
delphinID_clicks:Z4_1:2,,2024-05-13T14:48:30.092622Z,delphinID_clicks,click,Gme,0.02052
delphinID_clicks:Z4_1:2,,2024-05-13T14:48:30.092622Z,delphinID_clicks,click,Lal,0.124434
delphinID_clicks:Z4_1:2,,2024-05-13T14:48:30.092622Z,delphinID_clicks,click,Ttr,0.08931
delphinID_clicks:Z4_1:3,,2024-05-13T14:49:37.458945Z,delphinID_clicks,click,Dde,0.539396
delphinID_clicks:Z4_1:3,,2024-05-13T14:49:37.458945Z,delphinID_clicks,click,Ggr,0.003937
delphinID_clicks:Z4_1:3,,2024-05-13T14:49:37.458945Z,delphinID_clicks,click,Gme,0.022995
delphinID_clicks:Z4_1:3,,2024-05-13T14:49:37.458945Z,delphinID_clicks,click,Lal,0.418284
delphinID_clicks:Z4_1:3,,2024-05-13T14:49:37.458945Z,delphinID_clicks,click,Ttr,0.015388
delphinID_clicks:Z4_1:4,,2024-05-13T14:48:45.572905Z,delphinID_clicks,click,Dde,0.368885
delphinID_clicks:Z4_1:4,,2024-05-13T14:48:45.572905Z,delphinID_clicks,click,Ggr,0.00022
delphinID_clicks:Z4_1:4,,2024-05-13T14:48:45.572905Z,delphinID_clicks,click,Gme,0.024116
delphinID_clicks:Z4_1:4,,2024-05-13T14:48:45.572905Z,delphinID_clicks,click,Lal,0.560903
delphinID_clicks:Z4_1:4,,2024-05-13T14:48:45.572905Z,delphinID_clicks,click,Ttr,0.045876
delphinID_clicks:Z4_1:5,,2024-05-13T14:44:02.311782Z,delphinID_clicks,click,Dde,0.043209
delphinID_clicks:Z4_1:5,,2024-05-13T14:44:02.311782Z,delphinID_clicks,click,Ggr,0.022763
delphinID_clicks:Z4_1:5,,2024-05-13T14:44:02.311782Z,delphinID_clicks,click,Gme,0.623513
delphinID_clicks:Z4_1:5,,2024-05-13T14:44:02.311782Z,delphinID_clicks,click,Lal,0.045339
delphinID_clicks:Z4_1:5,,2024-05-13T14:44:02.311782Z,delphinID_clicks,click,Ttr,0.265175
delphinID_clicks:Z4_1:6,,2024-05-13T14:48:57.679562Z,delphinID_clicks,click,Dde,0.024857
delphinID_clicks:Z4_1:6,,2024-05-13T14:48:57.679562Z,delphinID_clicks,click,Ggr,0.382037
delphinID_clicks:Z4_1:6,,2024-05-13T14:48:57.679562Z,delphinID_clicks,click,Gme,0.387539
delphinID_clicks:Z4_1:6,,2024-05-13T14:48:57.679562Z,delphinID_clicks,click,Lal,0.200677
delphinID_clicks:Z4_1:6,,2024-05-13T14:48:57.679562Z,delphinID_clicks,click,Ttr,0.00489
delphinID_clicks:Z4_1:7,,2024-05-13T14:41:47.113527Z,delphinID_clicks,click,Dde,0.246165
delphinID_clicks:Z4_1:7,,2024-05-13T14:41:47.113527Z,delphinID_clicks,click,Ggr,0.104122
delphinID_clicks:Z4_1:7,,2024-05-13T14:41:47.113527Z,delphinID_clicks,click,Gme,0.128821
delphinID_clicks:Z4_1:7,,2024-05-13T14:41:47.113527Z,delphinID_clicks,click,Lal,0.508944
delphinID_clicks:Z4_1:7,,2024-05-13T14:41:47.113527Z,delphinID_clicks,click,Ttr,0.011947
delphinID_clicks:Z4_1:8,,2024-05-13T14:41:46.252040Z,delphinID_clicks,click,Dde,0.937306
delphinID_clicks:Z4_1:8,,2024-05-13T14:41:46.252040Z,delphinID_clicks,click,Ggr,0.005613
delphinID_clicks:Z4_1:8,,2024-05-13T14:41:46.252040Z,delphinID_clicks,click,Gme,0.001931
delphinID_clicks:Z4_1:8,,2024-05-13T14:41:46.252040Z,delphinID_clicks,click,Lal,0.054243
delphinID_clicks:Z4_1:8,,2024-05-13T14:41:46.252040Z,delphinID_clicks,click,Ttr,0.000906
delphinID_clicks:Z4_1:9,,2024-05-13T14:43:15.367407Z,delphinID_clicks,click,Dde,0.086701
delphinID_clicks:Z4_1:9,,2024-05-13T14:43:15.367407Z,delphinID_clicks,click,Ggr,0.028859
delphinID_clicks:Z4_1:9,,2024-05-13T14:43:15.367407Z,delphinID_clicks,click,Gme,0.624333
delphinID_clicks:Z4_1:9,,2024-05-13T14:43:15.367407Z,delphinID_clicks,click,Lal,0.258571
delphinID_clicks:Z4_1:9,,2024-05-13T14:43:15.367407Z,delphinID_clicks,click,Ttr,0.001536
delphinID_clicks:Z4_1:10,,2024-05-13T14:41:15.304291Z,delphinID_clicks,click,Dde,0.126861
delphinID_clicks:Z4_1:10,,2024-05-13T14:41:15.304291Z,delphinID_clicks,click,Ggr,0.155612
delphinID_clicks:Z4_1:10,,2024-05-13T14:41:15.304291Z,delphinID_clicks,click,Gme,0.526695
delphinID_clicks:Z4_1:10,,2024-05-13T14:41:15.304291Z,delphinID_clicks,click,Lal,0.128913
delphinID_clicks:Z4_1:10,,2024-05-13T14:41:15.304291Z,delphinID_clicks,click,Ttr,0.061919
delphinID_clicks:Z4_1:11,,2024-05-13T14:40:33.587311Z,delphinID_clicks,click,Dde,0.00253
delphinID_clicks:Z4_1:11,,2024-05-13T14:40:33.587311Z,delphinID_clicks,click,Ggr,0.52878
delphinID_clicks:Z4_1:11,,2024-05-13T14:40:33.587311Z,delphinID_clicks,click,Gme,0.355449
delphinID_clicks:Z4_1:11,,2024-05-13T14:40:33.587311Z,delphinID_clicks,click,Lal,0.040206
delphinID_clicks:Z4_1:11,,2024-05-13T14:40:33.587311Z,delphinID_clicks,click,Ttr,0.073036
delphinID_clicks:Z4_1:12,,2024-05-13T14:46:53.791300Z,delphinID_clicks,click,Dde,0.340949
delphinID_clicks:Z4_1:12,,2024-05-13T14:46:53.791300Z,delphinID_clicks,click,Ggr,0.034494
delphinID_clicks:Z4_1:12,,2024-05-13T14:46:53.791300Z,delphinID_clicks,click,Gme,0.217927
delphinID_clicks:Z4_1:12,,2024-05-13T14:46:53.791300Z,delphinID_clicks,click,Lal,0.386628
delphinID_clicks:Z4_1:12,,2024-05-13T14:46:53.791300Z,delphinID_clicks,click,Ttr,0.020003
delphinID_clicks:Z4_1:13,,2024-05-13T14:48:28.413159Z,delphinID_clicks,click,Dde,0.028
delphinID_clicks:Z4_1:13,,2024-05-13T14:48:28.413159Z,delphinID_clicks,click,Ggr,0.038608
delphinID_clicks:Z4_1:13,,2024-05-13T14:48:28.413159Z,delphinID_clicks,click,Gme,0.62576
delphinID_clicks:Z4_1:13,,2024-05-13T14:48:28.413159Z,delphinID_clicks,click,Lal,0.306649
delphinID_clicks:Z4_1:13,,2024-05-13T14:48:28.413159Z,delphinID_clicks,click,Ttr,0.000983
delphinID_clicks:Z4_1:14,,2024-05-13T14:45:50.222333Z,delphinID_clicks,click,Dde,0.355776
delphinID_clicks:Z4_1:14,,2024-05-13T14:45:50.222333Z,delphinID_clicks,click,Ggr,0.219998
delphinID_clicks:Z4_1:14,,2024-05-13T14:45:50.222333Z,delphinID_clicks,click,Gme,0.281796
delphinID_clicks:Z4_1:14,,2024-05-13T14:45:50.222333Z,delphinID_clicks,click,Lal,0.113497
delphinID_clicks:Z4_1:14,,2024-05-13T14:45:50.222333Z,delphinID_clicks,click,Ttr,0.028933
delphinID_whistles:Z4_2:0,,2024-05-13T15:24:36.341883Z,delphinID_whistles,whistle,Dde,0.068693
delphinID_whistles:Z4_2:0,,2024-05-13T15:24:36.341883Z,delphinID_whistles,whistle,Ggr,0.262159
delphinID_whistles:Z4_2:0,,2024-05-13T15:24:36.341883Z,delphinID_whistles,whistle,Gme,0.003282
delphinID_whistles:Z4_2:0,,2024-05-13T15:24:36.341883Z,delphinID_whistles,whistle,Lac,0.18151
delphinID_whistles:Z4_2:0,,2024-05-13T15:24:36.341883Z,delphinID_whistles,whistle,Lal,0.017979
delphinID_whistles:Z4_2:0,,2024-05-13T15:24:36.341883Z,delphinID_whistles,whistle,Oor,0.46368
delphinID_whistles:Z4_2:0,,2024-05-13T15:24:36.341883Z,delphinID_whistles,whistle,Ttr,0.002697
delphinID_whistles:Z4_2:1,,2024-05-13T15:21:53.092646Z,delphinID_whistles,whistle,Dde,0.018094
delphinID_whistles:Z4_2:1,,2024-05-13T15:21:53.092646Z,delphinID_whistles,whistle,Ggr,0.147563
delphinID_whistles:Z4_2:1,,2024-05-13T15:21:53.092646Z,delphinID_whistles,whistle,Gme,0.041362
delphinID_whistles:Z4_2:1,,2024-05-13T15:21:53.092646Z,delphinID_whistles,whistle,Lac,0.017962
delphinID_whistles:Z4_2:1,,2024-05-13T15:21:53.092646Z,delphinID_whistles,whistle,Lal,0.126832
delphinID_whistles:Z4_2:1,,2024-05-13T15:21:53.092646Z,delphinID_whistles,whistle,Oor,0.410464
delphinID_whistles:Z4_2:1,,2024-05-13T15:21:53.092646Z,delphinID_whistles,whistle,Ttr,0.237724
delphinID_whistles:Z4_2:2,,2024-05-13T15:26:18.973772Z,delphinID_whistles,whistle,Dde,0.640654
delphinID_whistles:Z4_2:2,,2024-05-13T15:26:18.973772Z,delphinID_whistles,whistle,Ggr,0.012798
delphinID_whistles:Z4_2:2,,2024-05-13T15:26:18.973772Z,delphinID_whistles,whistle,Gme,0.137634
delphinID_whistles:Z4_2:2,,2024-05-13T15:26:18.973772Z,delphinID_whistles,whistle,Lac,0.015622
delphinID_whistles:Z4_2:2,,2024-05-13T15:26:18.973772Z,delphinID_whistles,whistle,Lal,0.008879
delphinID_whistles:Z4_2:2,,2024-05-13T15:26:18.973772Z,delphinID_whistles,whistle,Oor,0.0
delphinID_whistles:Z4_2:2,,2024-05-13T15:26:18.973772Z,delphinID_whistles,whistle,Ttr,0.184412
delphinID_whistles:Z4_2:3,,2024-05-13T15:25:13.676768Z,delphinID_whistles,whistle,Dde,0.123919
delphinID_whistles:Z4_2:3,,2024-05-13T15:25:13.676768Z,delphinID_whistles,whistle,Ggr,0.012833
delphinID_whistles:Z4_2:3,,2024-05-13T15:25:13.676768Z,delphinID_whistles,whistle,Gme,0.00464
delphinID_whistles:Z4_2:3,,2024-05-13T15:25:13.676768Z,delphinID_whistles,whistle,Lac,0.267259
delphinID_whistles:Z4_2:3,,2024-05-13T15:25:13.676768Z,delphinID_whistles,whistle,Lal,0.235287
delphinID_whistles:Z4_2:3,,2024-05-13T15:25:13.676768Z,delphinID_whistles,whistle,Oor,0.201066
delphinID_whistles:Z4_2:3,,2024-05-13T15:25:13.676768Z,delphinID_whistles,whistle,Ttr,0.154995
delphinID_whistles:Z4_2:4,,2024-05-13T15:22:03.965470Z,delphinID_whistles,whistle,Dde,0.007744
delphinID_whistles:Z4_2:4,,2024-05-13T15:22:03.965470Z,delphinID_whistles,whistle,Ggr,0.26705
delphinID_whistles:Z4_2:4,,2024-05-13T15:22:03.965470Z,delphinID_whistles,whistle,Gme,0.000761
delphinID_whistles:Z4_2:4,,2024-05-13T15:22:03.965470Z,delphinID_whistles,whistle,Lac,0.198284
delphinID_whistles:Z4_2:4,,2024-05-13T15:22:03.965470Z,delphinID_whistles,whistle,Lal,0.205695
delphinID_whistles:Z4_2:4,,2024-05-13T15:22:03.965470Z,delphinID_whistles,whistle,Oor,0.311929
delphinID_whistles:Z4_2:4,,2024-05-13T15:22:03.965470Z,delphinID_whistles,whistle,Ttr,0.008536
delphinID_whistles:Z4_2:5,,2024-05-13T15:22:45.041766Z,delphinID_whistles,whistle,Dde,0.215916
delphinID_whistles:Z4_2:5,,2024-05-13T15:22:45.041766Z,delphinID_whistles,whistle,Ggr,6.1e-05
delphinID_whistles:Z4_2:5,,2024-05-13T15:22:45.041766Z,delphinID_whistles,whistle,Gme,0.013017
delphinID_whistles:Z4_2:5,,2024-05-13T15:22:45.041766Z,delphinID_whistles,whistle,Lac,0.441052
delphinID_whistles:Z4_2:5,,2024-05-13T15:22:45.041766Z,delphinID_whistles,whistle,Lal,0.033301
delphinID_whistles:Z4_2:5,,2024-05-13T15:22:45.041766Z,delphinID_whistles,whistle,Oor,0.005384
delphinID_whistles:Z4_2:5,,2024-05-13T15:22:45.041766Z,delphinID_whistles,whistle,Ttr,0.291269
delphinID_whistles:Z4_2:6,,2024-05-13T15:21:44.396913Z,delphinID_whistles,whistle,Dde,0.009112
delphinID_whistles:Z4_2:6,,2024-05-13T15:21:44.396913Z,delphinID_whistles,whistle,Ggr,0.274078
delphinID_whistles:Z4_2:6,,2024-05-13T15:21:44.396913Z,delphinID_whistles,whistle,Gme,0.64186
delphinID_whistles:Z4_2:6,,2024-05-13T15:21:44.396913Z,delphinID_whistles,whistle,Lac,0.009992
delphinID_whistles:Z4_2:6,,2024-05-13T15:21:44.396913Z,delphinID_whistles,whistle,Lal,0.041887
delphinID_whistles:Z4_2:6,,2024-05-13T15:21:44.396913Z,delphinID_whistles,whistle,Oor,0.022921
delphinID_whistles:Z4_2:6,,2024-05-13T15:21:44.396913Z,delphinID_whistles,whistle,Ttr,0.000149
delphinID_whistles:Z4_2:7,,2024-05-13T15:29:13.016075Z,delphinID_whistles,whistle,Dde,0.052801
delphinID_whistles:Z4_2:7,,2024-05-13T15:29:13.016075Z,delphinID_whistles,whistle,Ggr,0.247915
delphinID_whistles:Z4_2:7,,2024-05-13T15:29:13.016075Z,delphinID_whistles,whistle,Gme,0.25787
delphinID_whistles:Z4_2:7,,2024-05-13T15:29:13.016075Z,delphinID_whistles,whistle,Lac,0.14737
delphinID_whistles:Z4_2:7,,2024-05-13T15:29:13.016075Z,delphinID_whistles,whistle,Lal,0.216012
delphinID_whistles:Z4_2:7,,2024-05-13T15:29:13.016075Z,delphinID_whistles,whistle,Oor,0.066972
delphinID_whistles:Z4_2:7,,2024-05-13T15:29:13.016075Z,delphinID_whistles,whistle,Ttr,0.011059
delphinID_whistles:Z4_2:8,,2024-05-13T15:27:22.165060Z,delphinID_whistles,whistle,Dde,0.004956
delphinID_whistles:Z4_2:8,,2024-05-13T15:27:22.165060Z,delphinID_whistles,whistle,Ggr,0.040644
delphinID_whistles:Z4_2:8,,2024-05-13T15:27:22.165060Z,delphinID_whistles,whistle,Gme,0.263926
delphinID_whistles:Z4_2:8,,2024-05-13T15:27:22.165060Z,delphinID_whistles,whistle,Lac,0.262949
delphinID_whistles:Z4_2:8,,2024-05-13T15:27:22.165060Z,delphinID_whistles,whistle,Lal,0.09034
delphinID_whistles:Z4_2:8,,2024-05-13T15:27:22.165060Z,delphinID_whistles,whistle,Oor,0.257469
delphinID_whistles:Z4_2:8,,2024-05-13T15:27:22.165060Z,delphinID_whistles,whistle,Ttr,0.079716
delphinID_whistles:Z4_2:9,,2024-05-13T15:23:21.779381Z,delphinID_whistles,whistle,Dde,0.069567
delphinID_whistles:Z4_2:9,,2024-05-13T15:23:21.779381Z,delphinID_whistles,whistle,Ggr,0.212968
delphinID_whistles:Z4_2:9,,2024-05-13T15:23:21.779381Z,delphinID_whistles,whistle,Gme,0.448091
delphinID_whistles:Z4_2:9,,2024-05-13T15:23:21.779381Z,delphinID_whistles,whistle,Lac,0.015725
delphinID_whistles:Z4_2:9,,2024-05-13T15:23:21.779381Z,delphinID_whistles,whistle,Lal,0.176941
delphinID_whistles:Z4_2:9,,2024-05-13T15:23:21.779381Z,delphinID_whistles,whistle,Oor,0.007481
delphinID_whistles:Z4_2:9,,2024-05-13T15:23:21.779381Z,delphinID_whistles,whistle,Ttr,0.069227
delphinID_whistles:Z4_2:10,,2024-05-13T15:21:11.571222Z,delphinID_whistles,whistle,Dde,0.159633
delphinID_whistles:Z4_2:10,,2024-05-13T15:21:11.571222Z,delphinID_whistles,whistle,Ggr,0.076575
delphinID_whistles:Z4_2:10,,2024-05-13T15:21:11.571222Z,delphinID_whistles,whistle,Gme,0.228498
delphinID_whistles:Z4_2:10,,2024-05-13T15:21:11.571222Z,delphinID_whistles,whistle,Lac,0.209326
delphinID_whistles:Z4_2:10,,2024-05-13T15:21:11.571222Z,delphinID_whistles,whistle,Lal,0.222549
delphinID_whistles:Z4_2:10,,2024-05-13T15:21:11.571222Z,delphinID_whistles,whistle,Oor,0.002981
delphinID_whistles:Z4_2:10,,2024-05-13T15:21:11.571222Z,delphinID_whistles,whistle,Ttr,0.100438
delphinID_whistles:Z4_2:11,,2024-05-13T15:26:20.339633Z,delphinID_whistles,whistle,Dde,0.133043
delphinID_whistles:Z4_2:11,,2024-05-13T15:26:20.339633Z,delphinID_whistles,whistle,Ggr,0.131798
delphinID_whistles:Z4_2:11,,2024-05-13T15:26:20.339633Z,delphinID_whistles,whistle,Gme,0.180769
delphinID_whistles:Z4_2:11,,2024-05-13T15:26:20.339633Z,delphinID_whistles,whistle,Lac,0.157641
delphinID_whistles:Z4_2:11,,2024-05-13T15:26:20.339633Z,delphinID_whistles,whistle,Lal,0.001748
delphinID_whistles:Z4_2:11,,2024-05-13T15:26:20.339633Z,delphinID_whistles,whistle,Oor,0.293682
delphinID_whistles:Z4_2:11,,2024-05-13T15:26:20.339633Z,delphinID_whistles,whistle,Ttr,0.101319
delphinID_whistles:Z4_2:12,,2024-05-13T15:22:42.622240Z,delphinID_whistles,whistle,Dde,0.159021
delphinID_whistles:Z4_2:12,,2024-05-13T15:22:42.622240Z,delphinID_whistles,whistle,Ggr,0.076177
delphinID_whistles:Z4_2:12,,2024-05-13T15:22:42.622240Z,delphinID_whistles,whistle,Gme,0.061894
delphinID_whistles:Z4_2:12,,2024-05-13T15:22:42.622240Z,delphinID_whistles,whistle,Lac,0.631578
delphinID_whistles:Z4_2:12,,2024-05-13T15:22:42.622240Z,delphinID_whistles,whistle,Lal,0.008377
delphinID_whistles:Z4_2:12,,2024-05-13T15:22:42.622240Z,delphinID_whistles,whistle,Oor,0.034144
delphinID_whistles:Z4_2:12,,2024-05-13T15:22:42.622240Z,delphinID_whistles,whistle,Ttr,0.028809
delphinID_whistles:Z4_2:13,,2024-05-13T15:23:45.272399Z,delphinID_whistles,whistle,Dde,0.000118
delphinID_whistles:Z4_2:13,,2024-05-13T15:23:45.272399Z,delphinID_whistles,whistle,Ggr,0.007979
delphinID_whistles:Z4_2:13,,2024-05-13T15:23:45.272399Z,delphinID_whistles,whistle,Gme,0.586633
delphinID_whistles:Z4_2:13,,2024-05-13T15:23:45.272399Z,delphinID_whistles,whistle,Lac,0.009695
delphinID_whistles:Z4_2:13,,2024-05-13T15:23:45.272399Z,delphinID_whistles,whistle,Lal,0.009266
delphinID_whistles:Z4_2:13,,2024-05-13T15:23:45.272399Z,delphinID_whistles,whistle,Oor,0.371261
delphinID_whistles:Z4_2:13,,2024-05-13T15:23:45.272399Z,delphinID_whistles,whistle,Ttr,0.015047
delphinID_whistles:Z4_2:14,,2024-05-13T15:23:10.588906Z,delphinID_whistles,whistle,Dde,0.16697
delphinID_whistles:Z4_2:14,,2024-05-13T15:23:10.588906Z,delphinID_whistles,whistle,Ggr,0.124207
delphinID_whistles:Z4_2:14,,2024-05-13T15:23:10.588906Z,delphinID_whistles,whistle,Gme,0.080925
delphinID_whistles:Z4_2:14,,2024-05-13T15:23:10.588906Z,delphinID_whistles,whistle,Lac,0.030507
delphinID_whistles:Z4_2:14,,2024-05-13T15:23:10.588906Z,delphinID_whistles,whistle,Lal,0.019499
delphinID_whistles:Z4_2:14,,2024-05-13T15:23:10.588906Z,delphinID_whistles,whistle,Oor,0.11864
delphinID_whistles:Z4_2:14,,2024-05-13T15:23:10.588906Z,delphinID_whistles,whistle,Ttr,0.459252
delphinID_whistles:Z4_2:15,,2024-05-13T15:28:17.418553Z,delphinID_whistles,whistle,Dde,0.00037
delphinID_whistles:Z4_2:15,,2024-05-13T15:28:17.418553Z,delphinID_whistles,whistle,Ggr,0.023664
delphinID_whistles:Z4_2:15,,2024-05-13T15:28:17.418553Z,delphinID_whistles,whistle,Gme,0.309925
delphinID_whistles:Z4_2:15,,2024-05-13T15:28:17.418553Z,delphinID_whistles,whistle,Lac,0.25338
delphinID_whistles:Z4_2:15,,2024-05-13T15:28:17.418553Z,delphinID_whistles,whistle,Lal,0.149861
delphinID_whistles:Z4_2:15,,2024-05-13T15:28:17.418553Z,delphinID_whistles,whistle,Oor,0.261386
delphinID_whistles:Z4_2:15,,2024-05-13T15:28:17.418553Z,delphinID_whistles,whistle,Ttr,0.001413
delphinID_whistles:Z4_2:16,,2024-05-13T15:22:42.557066Z,delphinID_whistles,whistle,Dde,0.376247
delphinID_whistles:Z4_2:16,,2024-05-13T15:22:42.557066Z,delphinID_whistles,whistle,Ggr,9.2e-05
delphinID_whistles:Z4_2:16,,2024-05-13T15:22:42.557066Z,delphinID_whistles,whistle,Gme,0.085487
delphinID_whistles:Z4_2:16,,2024-05-13T15:22:42.557066Z,delphinID_whistles,whistle,Lac,0.138751
delphinID_whistles:Z4_2:16,,2024-05-13T15:22:42.557066Z,delphinID_whistles,whistle,Lal,0.006051
delphinID_whistles:Z4_2:16,,2024-05-13T15:22:42.557066Z,delphinID_whistles,whistle,Oor,0.35537
delphinID_whistles:Z4_2:16,,2024-05-13T15:22:42.557066Z,delphinID_whistles,whistle,Ttr,0.038002
delphinID_whistles:Z4_2:17,,2024-05-13T15:27:09.486211Z,delphinID_whistles,whistle,Dde,0.166271
delphinID_whistles:Z4_2:17,,2024-05-13T15:27:09.486211Z,delphinID_whistles,whistle,Ggr,0.003936
delphinID_whistles:Z4_2:17,,2024-05-13T15:27:09.486211Z,delphinID_whistles,whistle,Gme,0.059727
delphinID_whistles:Z4_2:17,,2024-05-13T15:27:09.486211Z,delphinID_whistles,whistle,Lac,0.302009
delphinID_whistles:Z4_2:17,,2024-05-13T15:27:09.486211Z,delphinID_whistles,whistle,Lal,0.169539
delphinID_whistles:Z4_2:17,,2024-05-13T15:27:09.486211Z,delphinID_whistles,whistle,Oor,0.238275
delphinID_whistles:Z4_2:17,,2024-05-13T15:27:09.486211Z,delphinID_whistles,whistle,Ttr,0.060244
delphinID_whistles:Z4_2:18,,2024-05-13T15:24:14.956869Z,delphinID_whistles,whistle,Dde,0.299384
delphinID_whistles:Z4_2:18,,2024-05-13T15:24:14.956869Z,delphinID_whistles,whistle,Ggr,0.295632
delphinID_whistles:Z4_2:18,,2024-05-13T15:24:14.956869Z,delphinID_whistles,whistle,Gme,0.126174
delphinID_whistles:Z4_2:18,,2024-05-13T15:24:14.956869Z,delphinID_whistles,whistle,Lac,0.011288
delphinID_whistles:Z4_2:18,,2024-05-13T15:24:14.956869Z,delphinID_whistles,whistle,Lal,0.103229
delphinID_whistles:Z4_2:18,,2024-05-13T15:24:14.956869Z,delphinID_whistles,whistle,Oor,0.007201
delphinID_whistles:Z4_2:18,,2024-05-13T15:24:14.956869Z,delphinID_whistles,whistle,Ttr,0.157091
delphinID_whistles:Z4_2:19,,2024-05-13T15:27:41.057344Z,delphinID_whistles,whistle,Dde,0.061367
delphinID_whistles:Z4_2:19,,2024-05-13T15:27:41.057344Z,delphinID_whistles,whistle,Ggr,0.173444
delphinID_whistles:Z4_2:19,,2024-05-13T15:27:41.057344Z,delphinID_whistles,whistle,Gme,0.143007
delphinID_whistles:Z4_2:19,,2024-05-13T15:27:41.057344Z,delphinID_whistles,whistle,Lac,0.349348
delphinID_whistles:Z4_2:19,,2024-05-13T15:27:41.057344Z,delphinID_whistles,whistle,Lal,0.037087
delphinID_whistles:Z4_2:19,,2024-05-13T15:27:41.057344Z,delphinID_whistles,whistle,Oor,0.004386
delphinID_whistles:Z4_2:19,,2024-05-13T15:27:41.057344Z,delphinID_whistles,whistle,Ttr,0.231361
delphinID_whistles:Z4_4:0,,2024-05-13T16:49:59.600961Z,delphinID_whistles,whistle,Dde,0.02119
delphinID_whistles:Z4_4:0,,2024-05-13T16:49:59.600961Z,delphinID_whistles,whistle,Ggr,0.002711
delphinID_whistles:Z4_4:0,,2024-05-13T16:49:59.600961Z,delphinID_whistles,whistle,Gme,0.08847
delphinID_whistles:Z4_4:0,,2024-05-13T16:49:59.600961Z,delphinID_whistles,whistle,Lac,0.042833
delphinID_whistles:Z4_4:0,,2024-05-13T16:49:59.600961Z,delphinID_whistles,whistle,Lal,0.10826
delphinID_whistles:Z4_4:0,,2024-05-13T16:49:59.600961Z,delphinID_whistles,whistle,Oor,0.094184
delphinID_whistles:Z4_4:0,,2024-05-13T16:49:59.600961Z,delphinID_whistles,whistle,Ttr,0.642352
delphinID_whistles:Z4_4:1,,2024-05-13T16:46:54.730891Z,delphinID_whistles,whistle,Dde,0.049387
delphinID_whistles:Z4_4:1,,2024-05-13T16:46:54.730891Z,delphinID_whistles,whistle,Ggr,0.080871
delphinID_whistles:Z4_4:1,,2024-05-13T16:46:54.730891Z,delphinID_whistles,whistle,Gme,0.797319
delphinID_whistles:Z4_4:1,,2024-05-13T16:46:54.730891Z,delphinID_whistles,whistle,Lac,0.027061
delphinID_whistles:Z4_4:1,,2024-05-13T16:46:54.730891Z,delphinID_whistles,whistle,Lal,0.009475
delphinID_whistles:Z4_4:1,,2024-05-13T16:46:54.730891Z,delphinID_whistles,whistle,Oor,0.035719
delphinID_whistles:Z4_4:1,,2024-05-13T16:46:54.730891Z,delphinID_whistles,whistle,Ttr,0.000168
delphinID_clicks:Z4_4:0,,2024-05-13T16:45:52.724571Z,delphinID_clicks,click,Dde,0.023653
delphinID_clicks:Z4_4:0,,2024-05-13T16:45:52.724571Z,delphinID_clicks,click,Ggr,0.066035
delphinID_clicks:Z4_4:0,,2024-05-13T16:45:52.724571Z,delphinID_clicks,click,Gme,0.323793
delphinID_clicks:Z4_4:0,,2024-05-13T16:45:52.724571Z,delphinID_clicks,click,Lal,0.49996
delphinID_clicks:Z4_4:0,,2024-05-13T16:45:52.724571Z,delphinID_clicks,click,Ttr,0.086559
delphinID_clicks:Z4_4:1,,2024-05-13T16:47:28.587227Z,delphinID_clicks,click,Dde,0.024132
delphinID_clicks:Z4_4:1,,2024-05-13T16:47:28.587227Z,delphinID_clicks,click,Ggr,0.137705
delphinID_clicks:Z4_4:1,,2024-05-13T16:47:28.587227Z,delphinID_clicks,click,Gme,0.729046
delphinID_clicks:Z4_4:1,,2024-05-13T16:47:28.587227Z,delphinID_clicks,click,Lal,0.081187
delphinID_clicks:Z4_4:1,,2024-05-13T16:47:28.587227Z,delphinID_clicks,click,Ttr,0.027931
delphinID_clicks:Z4_4:2,,2024-05-13T16:43:39.170999Z,delphinID_clicks,click,Dde,0.197418
delphinID_clicks:Z4_4:2,,2024-05-13T16:43:39.170999Z,delphinID_clicks,click,Ggr,0.010236
delphinID_clicks:Z4_4:2,,2024-05-13T16:43:39.170999Z,delphinID_clicks,click,Gme,6.4e-05
delphinID_clicks:Z4_4:2,,2024-05-13T16:43:39.170999Z,delphinID_clicks,click,Lal,0.353345
delphinID_clicks:Z4_4:2,,2024-05-13T16:43:39.170999Z,delphinID_clicks,click,Ttr,0.438937
delphinID_clicks:Z4_4:3,,2024-05-13T16:44:10.923659Z,delphinID_clicks,click,Dde,0.030258
delphinID_clicks:Z4_4:3,,2024-05-13T16:44:10.923659Z,delphinID_clicks,click,Ggr,0.328074
delphinID_clicks:Z4_4:3,,2024-05-13T16:44:10.923659Z,delphinID_clicks,click,Gme,0.162227
delphinID_clicks:Z4_4:3,,2024-05-13T16:44:10.923659Z,delphinID_clicks,click,Lal,0.000378
delphinID_clicks:Z4_4:3,,2024-05-13T16:44:10.923659Z,delphinID_clicks,click,Ttr,0.479064
delphinID_clicks:Z4_4:4,,2024-05-13T16:49:39.456718Z,delphinID_clicks,click,Dde,0.194956
delphinID_clicks:Z4_4:4,,2024-05-13T16:49:39.456718Z,delphinID_clicks,click,Ggr,0.055243
delphinID_clicks:Z4_4:4,,2024-05-13T16:49:39.456718Z,delphinID_clicks,click,Gme,5.4e-05
delphinID_clicks:Z4_4:4,,2024-05-13T16:49:39.456718Z,delphinID_clicks,click,Lal,0.734183
delphinID_clicks:Z4_4:4,,2024-05-13T16:49:39.456718Z,delphinID_clicks,click,Ttr,0.015564
delphinID_clicks:Z4_4:5,,2024-05-13T16:44:25.419307Z,delphinID_clicks,click,Dde,0.080466
delphinID_clicks:Z4_4:5,,2024-05-13T16:44:25.419307Z,delphinID_clicks,click,Ggr,0.225836
delphinID_clicks:Z4_4:5,,2024-05-13T16:44:25.419307Z,delphinID_clicks,click,Gme,0.191446
delphinID_clicks:Z4_4:5,,2024-05-13T16:44:25.419307Z,delphinID_clicks,click,Lal,0.494263
delphinID_clicks:Z4_4:5,,2024-05-13T16:44:25.419307Z,delphinID_clicks,click,Ttr,0.007988
delphinID_whistles:Z4_5:0,,2024-05-13T17:22:12.948678Z,delphinID_whistles,whistle,Dde,0.007603
delphinID_whistles:Z4_5:0,,2024-05-13T17:22:12.948678Z,delphinID_whistles,whistle,Ggr,0.024504
delphinID_whistles:Z4_5:0,,2024-05-13T17:22:12.948678Z,delphinID_whistles,whistle,Gme,0.254673
delphinID_whistles:Z4_5:0,,2024-05-13T17:22:12.948678Z,delphinID_whistles,whistle,Lac,0.018873
delphinID_whistles:Z4_5:0,,2024-05-13T17:22:12.948678Z,delphinID_whistles,whistle,Lal,0.101767
delphinID_whistles:Z4_5:0,,2024-05-13T17:22:12.948678Z,delphinID_whistles,whistle,Oor,0.457933
delphinID_whistles:Z4_5:0,,2024-05-13T17:22:12.948678Z,delphinID_whistles,whistle,Ttr,0.134647
delphinID_whistles:Z4_5:1,,2024-05-13T17:24:25.623752Z,delphinID_whistles,whistle,Dde,0.628195
delphinID_whistles:Z4_5:1,,2024-05-13T17:24:25.623752Z,delphinID_whistles,whistle,Ggr,0.001421
delphinID_whistles:Z4_5:1,,2024-05-13T17:24:25.623752Z,delphinID_whistles,whistle,Gme,0.02629
delphinID_whistles:Z4_5:1,,2024-05-13T17:24:25.623752Z,delphinID_whistles,whistle,Lac,0.036441
delphinID_whistles:Z4_5:1,,2024-05-13T17:24:25.623752Z,delphinID_whistles,whistle,Lal,0.058153
delphinID_whistles:Z4_5:1,,2024-05-13T17:24:25.623752Z,delphinID_whistles,whistle,Oor,0.012054
delphinID_whistles:Z4_5:1,,2024-05-13T17:24:25.623752Z,delphinID_whistles,whistle,Ttr,0.237445
delphinID_whistles:Z4_5:2,,2024-05-13T17:27:54.716154Z,delphinID_whistles,whistle,Dde,0.000173
delphinID_whistles:Z4_5:2,,2024-05-13T17:27:54.716154Z,delphinID_whistles,whistle,Ggr,0.006345
delphinID_whistles:Z4_5:2,,2024-05-13T17:27:54.716154Z,delphinID_whistles,whistle,Gme,0.02404
delphinID_whistles:Z4_5:2,,2024-05-13T17:27:54.716154Z,delphinID_whistles,whistle,Lac,0.667332
delphinID_whistles:Z4_5:2,,2024-05-13T17:27:54.716154Z,delphinID_whistles,whistle,Lal,0.184491
delphinID_whistles:Z4_5:2,,2024-05-13T17:27:54.716154Z,delphinID_whistles,whistle,Oor,0.117177
delphinID_whistles:Z4_5:2,,2024-05-13T17:27:54.716154Z,delphinID_whistles,whistle,Ttr,0.000442
delphinID_whistles:Z4_5:3,,2024-05-13T17:21:28.485427Z,delphinID_whistles,whistle,Dde,5e-05
delphinID_whistles:Z4_5:3,,2024-05-13T17:21:28.485427Z,delphinID_whistles,whistle,Ggr,0.292327
delphinID_whistles:Z4_5:3,,2024-05-13T17:21:28.485427Z,delphinID_whistles,whistle,Gme,0.259995
delphinID_whistles:Z4_5:3,,2024-05-13T17:21:28.485427Z,delphinID_whistles,whistle,Lac,0.018115
delphinID_whistles:Z4_5:3,,2024-05-13T17:21:28.485427Z,delphinID_whistles,whistle,Lal,0.164829
delphinID_whistles:Z4_5:3,,2024-05-13T17:21:28.485427Z,delphinID_whistles,whistle,Oor,0.262977
delphinID_whistles:Z4_5:3,,2024-05-13T17:21:28.485427Z,delphinID_whistles,whistle,Ttr,0.001708
delphinID_whistles:Z4_5:4,,2024-05-13T17:25:48.474331Z,delphinID_whistles,whistle,Dde,0.018323
delphinID_whistles:Z4_5:4,,2024-05-13T17:25:48.474331Z,delphinID_whistles,whistle,Ggr,0.124281
delphinID_whistles:Z4_5:4,,2024-05-13T17:25:48.474331Z,delphinID_whistles,whistle,Gme,0.184509
delphinID_whistles:Z4_5:4,,2024-05-13T17:25:48.474331Z,delphinID_whistles,whistle,Lac,0.421649
delphinID_whistles:Z4_5:4,,2024-05-13T17:25:48.474331Z,delphinID_whistles,whistle,Lal,0.017583
delphinID_whistles:Z4_5:4,,2024-05-13T17:25:48.474331Z,delphinID_whistles,whistle,Oor,0.011277
delphinID_whistles:Z4_5:4,,2024-05-13T17:25:48.474331Z,delphinID_whistles,whistle,Ttr,0.222376
delphinID_whistles:Z4_5:5,,2024-05-13T17:28:23.689228Z,delphinID_whistles,whistle,Dde,0.002703
delphinID_whistles:Z4_5:5,,2024-05-13T17:28:23.689228Z,delphinID_whistles,whistle,Ggr,0.150381
delphinID_whistles:Z4_5:5,,2024-05-13T17:28:23.689228Z,delphinID_whistles,whistle,Gme,0.38537
delphinID_whistles:Z4_5:5,,2024-05-13T17:28:23.689228Z,delphinID_whistles,whistle,Lac,0.183103
delphinID_whistles:Z4_5:5,,2024-05-13T17:28:23.689228Z,delphinID_whistles,whistle,Lal,0.004748
delphinID_whistles:Z4_5:5,,2024-05-13T17:28:23.689228Z,delphinID_whistles,whistle,Oor,0.162253
delphinID_whistles:Z4_5:5,,2024-05-13T17:28:23.689228Z,delphinID_whistles,whistle,Ttr,0.111441
delphinID_whistles:Z4_5:6,,2024-05-13T17:21:52.733177Z,delphinID_whistles,whistle,Dde,0.012701
delphinID_whistles:Z4_5:6,,2024-05-13T17:21:52.733177Z,delphinID_whistles,whistle,Ggr,0.027145
delphinID_whistles:Z4_5:6,,2024-05-13T17:21:52.733177Z,delphinID_whistles,whistle,Gme,0.555881
delphinID_whistles:Z4_5:6,,2024-05-13T17:21:52.733177Z,delphinID_whistles,whistle,Lac,0.085873
delphinID_whistles:Z4_5:6,,2024-05-13T17:21:52.733177Z,delphinID_whistles,whistle,Lal,0.01607
delphinID_whistles:Z4_5:6,,2024-05-13T17:21:52.733177Z,delphinID_whistles,whistle,Oor,0.013809
delphinID_whistles:Z4_5:6,,2024-05-13T17:21:52.733177Z,delphinID_whistles,whistle,Ttr,0.288522
delphinID_whistles:Z4_5:7,,2024-05-13T17:24:41.977911Z,delphinID_whistles,whistle,Dde,0.152132
delphinID_whistles:Z4_5:7,,2024-05-13T17:24:41.977911Z,delphinID_whistles,whistle,Ggr,0.423763
delphinID_whistles:Z4_5:7,,2024-05-13T17:24:41.977911Z,delphinID_whistles,whistle,Gme,0.156855
delphinID_whistles:Z4_5:7,,2024-05-13T17:24:41.977911Z,delphinID_whistles,whistle,Lac,0.001274
delphinID_whistles:Z4_5:7,,2024-05-13T17:24:41.977911Z,delphinID_whistles,whistle,Lal,0.007019
delphinID_whistles:Z4_5:7,,2024-05-13T17:24:41.977911Z,delphinID_whistles,whistle,Oor,0.238597
delphinID_whistles:Z4_5:7,,2024-05-13T17:24:41.977911Z,delphinID_whistles,whistle,Ttr,0.02036
delphinID_whistles:Z4_5:8,,2024-05-13T17:22:47.519730Z,delphinID_whistles,whistle,Dde,0.543853
delphinID_whistles:Z4_5:8,,2024-05-13T17:22:47.519730Z,delphinID_whistles,whistle,Ggr,0.318507
delphinID_whistles:Z4_5:8,,2024-05-13T17:22:47.519730Z,delphinID_whistles,whistle,Gme,0.056034
delphinID_whistles:Z4_5:8,,2024-05-13T17:22:47.519730Z,delphinID_whistles,whistle,Lac,0.005171
delphinID_whistles:Z4_5:8,,2024-05-13T17:22:47.519730Z,delphinID_whistles,whistle,Lal,0.025142
delphinID_whistles:Z4_5:8,,2024-05-13T17:22:47.519730Z,delphinID_whistles,whistle,Oor,0.04761
delphinID_whistles:Z4_5:8,,2024-05-13T17:22:47.519730Z,delphinID_whistles,whistle,Ttr,0.003683
delphinID_whistles:Z4_5:9,,2024-05-13T17:24:08.813006Z,delphinID_whistles,whistle,Dde,0.001904
delphinID_whistles:Z4_5:9,,2024-05-13T17:24:08.813006Z,delphinID_whistles,whistle,Ggr,0.080221
delphinID_whistles:Z4_5:9,,2024-05-13T17:24:08.813006Z,delphinID_whistles,whistle,Gme,0.236601
delphinID_whistles:Z4_5:9,,2024-05-13T17:24:08.813006Z,delphinID_whistles,whistle,Lac,0.300725
delphinID_whistles:Z4_5:9,,2024-05-13T17:24:08.813006Z,delphinID_whistles,whistle,Lal,0.033149
delphinID_whistles:Z4_5:9,,2024-05-13T17:24:08.813006Z,delphinID_whistles,whistle,Oor,0.070363
delphinID_whistles:Z4_5:9,,2024-05-13T17:24:08.813006Z,delphinID_whistles,whistle,Ttr,0.277038
delphinID_whistles:Z4_5:10,,2024-05-13T17:29:23.429934Z,delphinID_whistles,whistle,Dde,0.008345
delphinID_whistles:Z4_5:10,,2024-05-13T17:29:23.429934Z,delphinID_whistles,whistle,Ggr,0.07199
delphinID_whistles:Z4_5:10,,2024-05-13T17:29:23.429934Z,delphinID_whistles,whistle,Gme,0.287068
delphinID_whistles:Z4_5:10,,2024-05-13T17:29:23.429934Z,delphinID_whistles,whistle,Lac,0.567179
delphinID_whistles:Z4_5:10,,2024-05-13T17:29:23.429934Z,delphinID_whistles,whistle,Lal,0.012205
delphinID_whistles:Z4_5:10,,2024-05-13T17:29:23.429934Z,delphinID_whistles,whistle,Oor,0.020761
delphinID_whistles:Z4_5:10,,2024-05-13T17:29:23.429934Z,delphinID_whistles,whistle,Ttr,0.032451
delphinID_whistles:Z4_5:11,,2024-05-13T17:24:00.161629Z,delphinID_whistles,whistle,Dde,0.110028
delphinID_whistles:Z4_5:11,,2024-05-13T17:24:00.161629Z,delphinID_whistles,whistle,Ggr,0.113724
delphinID_whistles:Z4_5:11,,2024-05-13T17:24:00.161629Z,delphinID_whistles,whistle,Gme,0.260013
delphinID_whistles:Z4_5:11,,2024-05-13T17:24:00.161629Z,delphinID_whistles,whistle,Lac,0.000181
delphinID_whistles:Z4_5:11,,2024-05-13T17:24:00.161629Z,delphinID_whistles,whistle,Lal,0.126795
delphinID_whistles:Z4_5:11,,2024-05-13T17:24:00.161629Z,delphinID_whistles,whistle,Oor,0.085532
delphinID_whistles:Z4_5:11,,2024-05-13T17:24:00.161629Z,delphinID_whistles,whistle,Ttr,0.303727
delphinID_whistles:Z4_5:12,,2024-05-13T17:29:26.164449Z,delphinID_whistles,whistle,Dde,0.006036
delphinID_whistles:Z4_5:12,,2024-05-13T17:29:26.164449Z,delphinID_whistles,whistle,Ggr,0.005655
delphinID_whistles:Z4_5:12,,2024-05-13T17:29:26.164449Z,delphinID_whistles,whistle,Gme,0.179922
delphinID_whistles:Z4_5:12,,2024-05-13T17:29:26.164449Z,delphinID_whistles,whistle,Lac,0.023458
delphinID_whistles:Z4_5:12,,2024-05-13T17:29:26.164449Z,delphinID_whistles,whistle,Lal,0.041498
delphinID_whistles:Z4_5:12,,2024-05-13T17:29:26.164449Z,delphinID_whistles,whistle,Oor,0.047764
delphinID_whistles:Z4_5:12,,2024-05-13T17:29:26.164449Z,delphinID_whistles,whistle,Ttr,0.695666
delphinID_whistles:Z4_5:13,,2024-05-13T17:20:12.903623Z,delphinID_whistles,whistle,Dde,0.01416
delphinID_whistles:Z4_5:13,,2024-05-13T17:20:12.903623Z,delphinID_whistles,whistle,Ggr,0.170208
delphinID_whistles:Z4_5:13,,2024-05-13T17:20:12.903623Z,delphinID_whistles,whistle,Gme,0.573966
delphinID_whistles:Z4_5:13,,2024-05-13T17:20:12.903623Z,delphinID_whistles,whistle,Lac,5.8e-05
delphinID_whistles:Z4_5:13,,2024-05-13T17:20:12.903623Z,delphinID_whistles,whistle,Lal,0.000495
delphinID_whistles:Z4_5:13,,2024-05-13T17:20:12.903623Z,delphinID_whistles,whistle,Oor,0.029051
delphinID_whistles:Z4_5:13,,2024-05-13T17:20:12.903623Z,delphinID_whistles,whistle,Ttr,0.212062
delphinID_whistles:Z4_5:14,,2024-05-13T17:27:40.453092Z,delphinID_whistles,whistle,Dde,0.521563
delphinID_whistles:Z4_5:14,,2024-05-13T17:27:40.453092Z,delphinID_whistles,whistle,Ggr,0.000295
delphinID_whistles:Z4_5:14,,2024-05-13T17:27:40.453092Z,delphinID_whistles,whistle,Gme,0.073391
delphinID_whistles:Z4_5:14,,2024-05-13T17:27:40.453092Z,delphinID_whistles,whistle,Lac,0.057768
delphinID_whistles:Z4_5:14,,2024-05-13T17:27:40.453092Z,delphinID_whistles,whistle,Lal,0.099767
delphinID_whistles:Z4_5:14,,2024-05-13T17:27:40.453092Z,delphinID_whistles,whistle,Oor,0.197337
delphinID_whistles:Z4_5:14,,2024-05-13T17:27:40.453092Z,delphinID_whistles,whistle,Ttr,0.049879
delphinID_whistles:Z4_5:15,,2024-05-13T17:23:43.684602Z,delphinID_whistles,whistle,Dde,0.008179
delphinID_whistles:Z4_5:15,,2024-05-13T17:23:43.684602Z,delphinID_whistles,whistle,Ggr,0.014755
delphinID_whistles:Z4_5:15,,2024-05-13T17:23:43.684602Z,delphinID_whistles,whistle,Gme,0.05467
delphinID_whistles:Z4_5:15,,2024-05-13T17:23:43.684602Z,delphinID_whistles,whistle,Lac,0.754409
delphinID_whistles:Z4_5:15,,2024-05-13T17:23:43.684602Z,delphinID_whistles,whistle,Lal,0.054144
delphinID_whistles:Z4_5:15,,2024-05-13T17:23:43.684602Z,delphinID_whistles,whistle,Oor,0.0
delphinID_whistles:Z4_5:15,,2024-05-13T17:23:43.684602Z,delphinID_whistles,whistle,Ttr,0.113843
delphinID_whistles:Z4_5:16,,2024-05-13T17:24:20.431512Z,delphinID_whistles,whistle,Dde,0.088712
delphinID_whistles:Z4_5:16,,2024-05-13T17:24:20.431512Z,delphinID_whistles,whistle,Ggr,0.001102
delphinID_whistles:Z4_5:16,,2024-05-13T17:24:20.431512Z,delphinID_whistles,whistle,Gme,0.205373
delphinID_whistles:Z4_5:16,,2024-05-13T17:24:20.431512Z,delphinID_whistles,whistle,Lac,0.571961
delphinID_whistles:Z4_5:16,,2024-05-13T17:24:20.431512Z,delphinID_whistles,whistle,Lal,0.00504
delphinID_whistles:Z4_5:16,,2024-05-13T17:24:20.431512Z,delphinID_whistles,whistle,Oor,0.012588
delphinID_whistles:Z4_5:16,,2024-05-13T17:24:20.431512Z,delphinID_whistles,whistle,Ttr,0.115225
delphinID_whistles:Z4_5:17,,2024-05-13T17:26:12.750857Z,delphinID_whistles,whistle,Dde,0.654247
delphinID_whistles:Z4_5:17,,2024-05-13T17:26:12.750857Z,delphinID_whistles,whistle,Ggr,0.011826
delphinID_whistles:Z4_5:17,,2024-05-13T17:26:12.750857Z,delphinID_whistles,whistle,Gme,0.008163
delphinID_whistles:Z4_5:17,,2024-05-13T17:26:12.750857Z,delphinID_whistles,whistle,Lac,0.087494
delphinID_whistles:Z4_5:17,,2024-05-13T17:26:12.750857Z,delphinID_whistles,whistle,Lal,0.058302
delphinID_whistles:Z4_5:17,,2024-05-13T17:26:12.750857Z,delphinID_whistles,whistle,Oor,0.179656
delphinID_whistles:Z4_5:17,,2024-05-13T17:26:12.750857Z,delphinID_whistles,whistle,Ttr,0.000311
delphinID_whistles:Z4_5:18,,2024-05-13T17:24:07.719611Z,delphinID_whistles,whistle,Dde,0.020359
delphinID_whistles:Z4_5:18,,2024-05-13T17:24:07.719611Z,delphinID_whistles,whistle,Ggr,0.534082
delphinID_whistles:Z4_5:18,,2024-05-13T17:24:07.719611Z,delphinID_whistles,whistle,Gme,0.013737
delphinID_whistles:Z4_5:18,,2024-05-13T17:24:07.719611Z,delphinID_whistles,whistle,Lac,0.035738
delphinID_whistles:Z4_5:18,,2024-05-13T17:24:07.719611Z,delphinID_whistles,whistle,Lal,0.272008
delphinID_whistles:Z4_5:18,,2024-05-13T17:24:07.719611Z,delphinID_whistles,whistle,Oor,0.000636
delphinID_whistles:Z4_5:18,,2024-05-13T17:24:07.719611Z,delphinID_whistles,whistle,Ttr,0.123441
delphinID_whistles:Z4_5:19,,2024-05-13T17:21:00.882039Z,delphinID_whistles,whistle,Dde,0.171427
delphinID_whistles:Z4_5:19,,2024-05-13T17:21:00.882039Z,delphinID_whistles,whistle,Ggr,0.026521
delphinID_whistles:Z4_5:19,,2024-05-13T17:21:00.882039Z,delphinID_whistles,whistle,Gme,0.093785
delphinID_whistles:Z4_5:19,,2024-05-13T17:21:00.882039Z,delphinID_whistles,whistle,Lac,0.141901
delphinID_whistles:Z4_5:19,,2024-05-13T17:21:00.882039Z,delphinID_whistles,whistle,Lal,0.030239
delphinID_whistles:Z4_5:19,,2024-05-13T17:21:00.882039Z,delphinID_whistles,whistle,Oor,0.000456
delphinID_whistles:Z4_5:19,,2024-05-13T17:21:00.882039Z,delphinID_whistles,whistle,Ttr,0.535671
delphinID_whistles:Z4_5:20,,2024-05-13T17:27:32.045480Z,delphinID_whistles,whistle,Dde,0.038337
delphinID_whistles:Z4_5:20,,2024-05-13T17:27:32.045480Z,delphinID_whistles,whistle,Ggr,0.109697
delphinID_whistles:Z4_5:20,,2024-05-13T17:27:32.045480Z,delphinID_whistles,whistle,Gme,0.014731
delphinID_whistles:Z4_5:20,,2024-05-13T17:27:32.045480Z,delphinID_whistles,whistle,Lac,0.014327
delphinID_whistles:Z4_5:20,,2024-05-13T17:27:32.045480Z,delphinID_whistles,whistle,Lal,0.483855
delphinID_whistles:Z4_5:20,,2024-05-13T17:27:32.045480Z,delphinID_whistles,whistle,Oor,0.146727
delphinID_whistles:Z4_5:20,,2024-05-13T17:27:32.045480Z,delphinID_whistles,whistle,Ttr,0.192326
delphinID_whistles:Z4_5:21,,2024-05-13T17:20:20.807495Z,delphinID_whistles,whistle,Dde,0.154621
delphinID_whistles:Z4_5:21,,2024-05-13T17:20:20.807495Z,delphinID_whistles,whistle,Ggr,0.17551
delphinID_whistles:Z4_5:21,,2024-05-13T17:20:20.807495Z,delphinID_whistles,whistle,Gme,0.328425
delphinID_whistles:Z4_5:21,,2024-05-13T17:20:20.807495Z,delphinID_whistles,whistle,Lac,0.319245
delphinID_whistles:Z4_5:21,,2024-05-13T17:20:20.807495Z,delphinID_whistles,whistle,Lal,0.016876
delphinID_whistles:Z4_5:21,,2024-05-13T17:20:20.807495Z,delphinID_whistles,whistle,Oor,2.2e-05
delphinID_whistles:Z4_5:21,,2024-05-13T17:20:20.807495Z,delphinID_whistles,whistle,Ttr,0.005301
delphinID_whistles:Z4_5:22,,2024-05-13T17:24:51.641421Z,delphinID_whistles,whistle,Dde,0.126744
delphinID_whistles:Z4_5:22,,2024-05-13T17:24:51.641421Z,delphinID_whistles,whistle,Ggr,0.178934
delphinID_whistles:Z4_5:22,,2024-05-13T17:24:51.641421Z,delphinID_whistles,whistle,Gme,0.091019
delphinID_whistles:Z4_5:22,,2024-05-13T17:24:51.641421Z,delphinID_whistles,whistle,Lac,0.530668
delphinID_whistles:Z4_5:22,,2024-05-13T17:24:51.641421Z,delphinID_whistles,whistle,Lal,0.00276
delphinID_whistles:Z4_5:22,,2024-05-13T17:24:51.641421Z,delphinID_whistles,whistle,Oor,0.06471
delphinID_whistles:Z4_5:22,,2024-05-13T17:24:51.641421Z,delphinID_whistles,whistle,Ttr,0.005166
delphinID_clicks:Z4_5:0,,2024-05-13T17:20:13.463425Z,delphinID_clicks,click,Dde,0.004904
delphinID_clicks:Z4_5:0,,2024-05-13T17:20:13.463425Z,delphinID_clicks,click,Ggr,0.000895
delphinID_clicks:Z4_5:0,,2024-05-13T17:20:13.463425Z,delphinID_clicks,click,Gme,0.165416
delphinID_clicks:Z4_5:0,,2024-05-13T17:20:13.463425Z,delphinID_clicks,click,Lal,0.775085
delphinID_clicks:Z4_5:0,,2024-05-13T17:20:13.463425Z,delphinID_clicks,click,Ttr,0.053701
delphinID_clicks:Z4_5:1,,2024-05-13T17:25:08.185144Z,delphinID_clicks,click,Dde,0.005334
delphinID_clicks:Z4_5:1,,2024-05-13T17:25:08.185144Z,delphinID_clicks,click,Ggr,0.098045
delphinID_clicks:Z4_5:1,,2024-05-13T17:25:08.185144Z,delphinID_clicks,click,Gme,0.377599
delphinID_clicks:Z4_5:1,,2024-05-13T17:25:08.185144Z,delphinID_clicks,click,Lal,0.518839
delphinID_clicks:Z4_5:1,,2024-05-13T17:25:08.185144Z,delphinID_clicks,click,Ttr,0.000184
delphinID_clicks:Z4_5:2,,2024-05-13T17:22:26.452563Z,delphinID_clicks,click,Dde,0.47646
delphinID_clicks:Z4_5:2,,2024-05-13T17:22:26.452563Z,delphinID_clicks,click,Ggr,0.066077
delphinID_clicks:Z4_5:2,,2024-05-13T17:22:26.452563Z,delphinID_clicks,click,Gme,0.007073
delphinID_clicks:Z4_5:2,,2024-05-13T17:22:26.452563Z,delphinID_clicks,click,Lal,0.161307
delphinID_clicks:Z4_5:2,,2024-05-13T17:22:26.452563Z,delphinID_clicks,click,Ttr,0.289083
delphinID_clicks:Z4_5:3,,2024-05-13T17:25:05.833266Z,delphinID_clicks,click,Dde,0.02325
delphinID_clicks:Z4_5:3,,2024-05-13T17:25:05.833266Z,delphinID_clicks,click,Ggr,0.103937
delphinID_clicks:Z4_5:3,,2024-05-13T17:25:05.833266Z,delphinID_clicks,click,Gme,0.140001
delphinID_clicks:Z4_5:3,,2024-05-13T17:25:05.833266Z,delphinID_clicks,click,Lal,0.631573
delphinID_clicks:Z4_5:3,,2024-05-13T17:25:05.833266Z,delphinID_clicks,click,Ttr,0.101239
delphinID_clicks:Z4_5:4,,2024-05-13T17:25:17.678643Z,delphinID_clicks,click,Dde,0.143895
delphinID_clicks:Z4_5:4,,2024-05-13T17:25:17.678643Z,delphinID_clicks,click,Ggr,0.014535
delphinID_clicks:Z4_5:4,,2024-05-13T17:25:17.678643Z,delphinID_clicks,click,Gme,0.171454
delphinID_clicks:Z4_5:4,,2024-05-13T17:25:17.678643Z,delphinID_clicks,click,Lal,0.239782
delphinID_clicks:Z4_5:4,,2024-05-13T17:25:17.678643Z,delphinID_clicks,click,Ttr,0.430333
delphinID_clicks:Z4_5:5,,2024-05-13T17:22:22.841067Z,delphinID_clicks,click,Dde,0.219913
delphinID_clicks:Z4_5:5,,2024-05-13T17:22:22.841067Z,delphinID_clicks,click,Ggr,0.029842
delphinID_clicks:Z4_5:5,,2024-05-13T17:22:22.841067Z,delphinID_clicks,click,Gme,0.174021
delphinID_clicks:Z4_5:5,,2024-05-13T17:22:22.841067Z,delphinID_clicks,click,Lal,0.300326
delphinID_clicks:Z4_5:5,,2024-05-13T17:22:22.841067Z,delphinID_clicks,click,Ttr,0.275898
