event_id,frame_start,n_detections,density,label,f1,f2,f3,f4,f5,f6,f7,f8,f9,f10,f11,f12,f13,f14,f15,f16,f17,f18,f19,f20,f21,f22,f23,f24,f25,f26,f27,f28,f29,f30,f31,f32,f33,f34,f35,f36,f37,f38,f39,f40,f41,f42,f43,f44,f45,f46,f47,f48,f49,f50,f51,f52,f53,f54,f55,f56,f57,f58,f59,f60,f61,f62,f63,f64,f65,f66,f67,f68,f69,f70,f71,f72,f73,f74,f75,f76,f77,f78,f79,f80,f81,f82,f83,f84,f85,f86,f87,f88,f89,f90
SpA_ev1,1700000000.0,3,1.161,SpA,0.022506,0.022772,0.022449,0.022356,0.022304,0.022259,0.022515,0.022434,0.022633,0.022077,0.000383,0.000312,0.000167,0.000509,0.000372,0.000256,0.000179,0.000748,0.000682,0.014168,0.013945,0.014459,0.035551,0.03544,0.035839,0.035343,0.035665,0.035338,0.035293,0.035669,0.035264,0.035491,0.035566,0.035231,0.022045,0.021889,0.021951,0.021738,0.021779,0.021843,0.021822,0.021997,0.021913,0.021776,0.021421,0.022099,0.021864,0.000279,0.000427,8e-05,0.000773,0.000846,5e-05,0.000306,0.000624,0.000269,0.000485,0.000356,0.000662,0.000819,0.00076,0.000531,0.000137,0.00081,2e-05,0.000255,0.000241,0.000574,0.000417,7.9e-05,1.1e-05,0.000517,0.00042,0.000514,0.000482,0.000761,0.000785,0.000161,0.000805,0.000673,0.000546,0.000564,0.000467,0.000784,0.000199,0.000512,0.000696,0.000115,0.000526,0.000344
SpA_ev1,1700000004.0,2,1.169,SpA,0.000432,0.025388,0.025467,0.026193,0.025695,0.026134,0.026355,0.026697,0.025885,0.025829,0.025821,0.025519,0.02636,0.026602,0.026067,0.026199,0.0462,0.045799,0.045871,0.046093,0.045054,0.045724,0.045828,0.04602,0.019914,0.020446,0.020316,0.020015,0.019541,0.019928,0.02087,0.019718,0.019559,0.019951,0.000156,0.000412,0.001411,0.000492,0.000904,0.000368,0.00103,0.000197,0.001218,0.000652,0.000283,0.00117,0.000855,0.000676,0.000371,0.001205,0.000563,6.6e-05,0.001489,4.7e-05,0.000186,0.000718,0.000321,0.000517,0.000875,0.001477,0.001444,0.000114,0.001316,0.000259,0.001252,0.000457,0.001107,0.001109,0.001312,0.001511,0.000425,0.000969,0.00114,0.000123,0.001023,0.000496,0.000249,0.000848,0.000712,0.00089,0.00099,0.000769,0.001396,0.000274,0.000445,0.000549,0.001194,0.001006,0.000318,0.001148
SpA_ev1,1700000008.0,1,1.076,SpA,0.002959,0.000692,0.001855,0.000884,0.0014,7e-05,0.000948,0.000911,0.003092,0.001978,0.000597,0.001438,0.001658,0.002144,0.001791,0.001416,0.001046,0.001934,0.003283,0.00186,0.002984,5.1e-05,0.000683,0.002909,0.001916,0.00164,0.095129,0.094881,0.096172,0.095118,0.095352,0.096502,0.097071,0.097231,0.095519,0.000465,8.4e-05,0.001664,0.000257,0.000396,0.00079,0.003337,0.000546,0.000371,0.003081,0.002093,0.002489,0.001193,0.003142,0.003284,0.001879,0.00332,0.001702,0.001479,0.002642,0.002167,0.000675,0.001732,5.5e-05,0.002946,0.001825,0.000155,0.003155,0.003362,0.00248,0.001451,0.00199,3.4e-05,0.000365,0.001114,0.001384,0.002543,0.000574,0.000391,0.002346,0.002988,0.002959,0.002496,0.003309,0.001756,0.002605,0.001403,0.001188,0.003064,0.001449,0.002511,0.001672,0.000378,0.000427,0.001716
SpA_ev1,1700000012.0,4,1.094,SpA,0.000436,8.1e-05,7.1e-05,0.000698,0.000686,0.000318,0.000586,0.00043,0.000621,0.000262,0.000393,0.000741,0.000678,0.000257,0.000732,0.000331,0.000566,0.015524,0.015267,0.01562,0.01532,0.015731,0.015711,0.031601,0.031607,0.030976,0.031392,0.031469,0.031292,0.04809,0.047818,0.047785,0.048301,0.047775,0.048256,0.032781,0.03306,0.044185,0.044713,0.044408,0.028633,0.028483,0.028673,0.028791,0.028383,0.02889,0.012097,0.012229,0.011763,0.000725,7.8e-05,0.000825,0.000176,0.00031,7.8e-05,0.000693,0.000403,0.000799,0.00012,0.00074,0.000298,0.000196,0.000545,2.5e-05,0.000436,0.000393,4e-05,0.00036,0.000253,0.000206,0.000772,0.000497,0.000128,0.000628,0.000307,0.000497,0.000315,0.00053,0.000566,0.000235,0.00069,0.000513,0.000502,0.000181,0.000211,0.000328,2.8e-05,4.5e-05,0.00055,0.000263
SpA_ev1,1700000016.0,3,0.65,SpA,6e-06,0.000463,0.000629,0.000823,0.000298,0.000238,0.000339,6.1e-05,0.000955,0.000903,0.000617,7.6e-05,8.6e-05,0.000955,0.000128,0.000149,0.000805,0.000309,0.000422,0.00042,0.022666,0.022433,0.022781,0.022457,0.033022,0.032923,0.033498,0.032949,0.033348,0.03334,0.033711,0.032816,0.061011,0.039527,0.039189,0.038981,0.039767,0.039599,0.039077,0.038947,0.039713,0.039434,0.029027,0.028604,0.028311,0.028211,0.028503,0.028775,0.028079,0.000405,0.000414,0.000688,0.0002,0.000898,0.000333,0.000847,0.000848,0.000907,0.000265,0.000861,0.000236,0.000409,0.000182,0.000496,7.7e-05,0.000981,1.3e-05,0.000509,0.000859,0.000136,0.000612,0.000544,0.000776,0.000716,0.000846,0.000813,0.000597,0.000359,0.00011,0.000168,0.000893,0.000273,0.000916,0.000314,5.9e-05,0.000297,0.000394,0.000106,0.00044,0.000818
SpA_ev1,1700000020.0,2,1.365,SpA,0.001023,0.001302,0.001323,0.000838,0.000503,0.000965,0.061405,0.061453,0.06046,0.061392,0.061099,0.061301,0.060295,0.06145,0.061132,0.060294,0.060827,0.060215,0.061091,0.060906,0.018396,0.01878,0.018669,0.017701,0.018659,0.000773,0.00027,0.000496,0.000727,0.001226,0.001259,0.000146,0.000631,0.001204,0.00086,0.001221,0.000853,0.000318,0.000718,0.000736,0.001277,0.000508,0.000336,0.001069,0.000599,0.000692,0.001394,0.000963,0.000959,0.001333,0.001023,0.001363,0.000904,0.000839,0.000406,0.00033,0.000759,8.4e-05,0.00024,0.001011,0.00097,4e-05,0.000233,0.000882,0.000582,0.000841,0.000184,0.001232,0.00037,0.000535,0.000642,0.000846,0.0014,0.000299,0.000232,0.000208,0.001106,0.000546,0.001324,9.5e-05,0.000759,0.001081,0.000724,0.000581,0.001159,0.000727,0.001294,0.000341,0.000855,0.000906
SpA_ev1,1700000024.0,2,0.604,SpA,0.037131,0.038077,0.038162,0.038184,0.037665,0.038053,0.038027,0.037448,0.038098,0.038368,0.037535,0.037428,0.03785,0.001195,0.000828,0.001321,0.001256,0.000968,0.000963,0.000242,0.000464,0.001103,0.000545,0.000311,8.6e-05,0.000304,0.000786,0.001258,0.000533,0.001075,0.000175,0.00112,0.001263,0.022041,0.021976,0.022593,0.021667,0.02261,0.022606,0.022661,0.02257,0.022073,0.022285,0.022083,0.021768,0.022706,0.021391,0.021699,0.022621,0.022654,0.021736,0.022718,0.022463,0.022415,0.000779,0.000537,1.3e-05,0.000498,0.00051,0.000111,0.000115,0.000359,0.000673,0.001054,0.000802,0.000737,0.001085,0.001155,0.000599,0.000827,0.001255,0.000109,0.000829,0.001057,0.000582,0.001021,0.001144,0.001041,0.000731,0.000986,0.000966,0.000522,2.9e-05,0.001293,0.000637,0.000406,0.000341,0.000544,0.000787,0.000705
SpA_ev1,1700000028.0,3,0.455,SpA,0.000672,0.00051,0.000544,0.02012,0.019956,0.019884,0.019827,0.019824,0.019903,0.019893,0.019472,0.019572,0.019752,0.019665,0.019926,0.02014,0.01965,0.036302,0.036005,0.036243,0.035814,0.036175,0.036106,0.036314,0.035834,0.036106,0.036337,0.016753,0.016392,0.01686,0.016439,0.016333,0.016341,0.016813,0.016851,0.016878,0.016793,0.016887,0.01691,0.016646,0.000427,0.000644,0.000347,0.000163,0.000634,3.4e-05,0.000394,0.000628,0.000503,0.000409,0.00751,0.007366,0.007562,0.00768,0.007561,0.007699,0.007835,0.007613,0.00766,0.007755,0.007555,0.007376,0.007718,0.007739,0.007843,0.007196,0.007524,4.1e-05,0.000335,0.000322,0.000148,0.000675,0.000502,0.000261,0.000537,0.000167,0.000192,0.000524,0.000469,0.00053,0.000263,0.000125,0.000293,0.0005,0.000571,0.000609,0.00067,0.000212,0.000566,0.000674
SpA_ev1,1700000032.0,1,0.564,SpA,0.000561,0.002029,0.00051,0.001573,0.000398,0.001634,0.00011,0.001274,0.000753,0.001423,0.001914,0.000695,0.002053,0.000975,0.000863,0.000441,0.00012,0.000132,0.001835,1.6e-05,0.001399,0.001316,0.001267,0.000993,0.056423,0.0567,0.057784,0.058208,0.057326,0.057127,0.058084,0.056371,0.057577,0.058381,0.057213,0.056936,0.057089,0.057525,0.058188,0.057859,0.000739,0.000826,0.001371,0.001356,0.000246,0.001245,0.001612,0.000275,0.001675,0.000321,0.000187,0.001203,0.001686,0.00133,0.00131,0.000199,0.00125,0.001111,3.1e-05,0.001653,0.000474,0.001001,0.000986,0.001468,0.001861,0.001684,0.000458,0.000494,0.000925,0.000789,0.001552,0.001182,0.000972,0.001305,0.000822,0.001852,0.001614,0.001718,0.00214,0.001483,0.001407,0.001654,0.001366,0.002061,0.000878,0.000797,0.000185,0.002035,0.000177,0.001965
SpA_ev1,1700000036.0,2,1.245,SpA,0.00097,0.001288,0.000601,0.000797,0.0015,0.001483,0.000976,0.001116,0.000123,0.000564,0.000929,0.000724,0.000504,0.001152,0.000386,0.001491,0.000339,0.001176,0.00081,0.001201,0.000664,0.00058,0.001056,0.030715,0.030265,0.029163,0.029187,0.029486,0.029715,0.029398,0.07522,0.074093,0.074409,0.073888,0.074158,0.074552,0.074343,0.073803,0.074883,0.030725,0.029523,0.000363,0.001237,0.000744,6.6e-05,7.9e-05,0.001608,0.001185,0.000844,0.000259,0.001492,0.000615,0.000538,0.001294,0.001341,3.2e-05,0.000901,0.000575,0.00159,0.000515,0.000493,0.001079,0.001481,0.001052,0.000917,0.000198,0.000421,0.001309,0.000223,0.00154,0.001552,0.001047,0.000495,0.001514,0.001307,0.001207,0.000232,0.001,0.001339,0.00038,0.000424,0.000733,0.001316,0.000158,0.001151,0.000945,0.001162,0.000253,0.001581,0.000255
SpA_ev1,1700000040.0,4,0.548,SpA,0.010659,0.010961,0.010532,0.01121,0.011007,0.010702,0.010939,0.010551,0.010981,0.011107,0.011082,0.010603,0.023009,0.023369,0.025314,0.025769,0.025516,0.02551,0.025649,0.041484,0.041187,0.041257,0.040916,0.041513,0.041492,0.0409,0.041109,0.041491,0.041275,0.041086,0.028718,0.028938,0.028955,0.028573,0.028784,0.029058,0.013309,0.013214,0.013291,0.013205,0.00059,0.000251,5e-05,6.7e-05,0.000419,9e-06,0.000593,0.000134,0.000576,0.000251,7.5e-05,0.000261,6e-06,0.000142,0.000103,0.000688,0.000306,0.000387,4e-05,4.2e-05,0.000424,0.000238,0.000209,0.000115,0.000535,0.000665,0.00026,0.000265,0.000206,0.000123,0.000222,0.00058,5.9e-05,0.000578,3.9e-05,0.000379,0.000541,0.000239,0.000618,0.000538,0.000452,0.000254,9.6e-05,0.00042,0.000144,0.00062,0.00062,0.000349,0.000487,0.000513
SpA_ev1,1700000044.0,1,1.484,SpA,0.000107,0.00178,0.000396,0.000451,0.000172,0.000958,0.001785,0.00128,0.000949,0.001659,0.001834,0.001084,0.001531,0.001898,0.045795,0.046868,0.047067,0.046789,0.046324,0.046254,0.047447,0.047439,0.046004,0.047175,0.047088,0.04663,0.046506,0.046364,0.047123,0.046612,0.047047,0.047088,0.047633,0.047058,0.000152,0.000428,0.001137,4.8e-05,0.000876,0.000591,0.000346,8.8e-05,3.2e-05,0.000328,0.001812,0.000632,0.00181,0.00019,0.001166,0.001022,0.001226,0.001637,0.000753,0.001285,0.000408,0.001517,0.001032,0.000155,0.000566,0.00026,0.001439,0.00078,0.001011,0.001177,0.00072,0.001904,0.001454,0.001252,0.000294,0.000716,0.000732,0.001359,0.000157,0.00027,0.001534,0.000738,0.000578,0.000203,0.000163,0.000809,0.000888,0.001873,0.001283,0.000429,0.001319,2.5e-05,0.001438,0.000604,0.001312,0.001845
SpA_ev1,1700000048.0,1,0.567,SpA,0.000666,0.002035,0.006261,0.002173,0.002329,0.005875,0.00538,0.002281,0.003552,0.00396,0.005111,0.000947,0.005327,0.000686,0.004151,0.006682,0.001212,0.005476,0.002767,0.001647,0.003632,0.001347,0.003147,0.004142,0.005449,0.005754,0.006281,0.003437,0.006465,0.115385,0.112505,0.109824,0.111628,0.114322,0.113012,0.001324,0.006088,0.004566,0.000908,0.005798,0.003638,0.002528,0.003702,0.003819,0.006914,0.00484,0.001935,0.002948,0.000791,0.002509,0.005708,0.002858,0.005724,0.002226,0.004404,0.00052,0.000945,0.00289,0.006481,0.005033,0.001558,0.002103,0.000317,0.004534,0.006697,0.004541,0.005341,0.002685,0.005515,0.003462,0.005021,0.001829,0.004982,0.001652,0.002374,0.002011,0.003096,0.001523,0.004271,0.004564,0.00161,0.005456,0.004695,0.006774,0.00612,0.006693,0.006518,0.006406,0.006955,0.006754
SpA_ev1,1700000052.0,1,1.108,SpA,0.001009,0.000465,0.001078,0.001372,0.000277,0.001424,0.001167,0.001499,0.000562,0.001479,0.000299,0.001179,0.001512,0.000897,0.000245,0.001562,0.000954,0.000447,0.001494,0.001342,0.001524,0.001051,0.000355,0.000972,0.000825,0.000824,2.3e-05,0.048996,0.049016,0.048722,0.049194,0.049307,0.049693,0.049422,0.049315,0.048816,0.048962,0.049099,0.04882,0.048996,0.049235,0.048953,0.048993,0.049851,0.049168,0.0492,0.00127,0.001248,0.001163,0.000944,0.000103,0.001397,0.001018,0.001527,0.000294,0.00019,0.001465,0.000512,0.001559,0.001228,0.000365,0.001018,0.000554,0.001332,0.001045,0.001185,0.000465,3.6e-05,0.000671,0.001164,0.001482,0.0005,0.000745,0.001432,0.000408,0.001106,0.001435,0.001024,0.000188,0.001059,6.8e-05,0.000458,0.001436,0.00116,0.000349,0.001123,0.000932,0.001314,0.001092,0.001341
SpA_ev1,1700000056.0,1,0.611,SpA,0.001217,0.002029,0.069538,0.069118,0.071838,0.068346,0.070117,0.070903,0.068937,0.070094,0.069593,0.071849,0.06833,0.068375,0.002039,0.003068,0.003785,0.002198,0.004181,0.002907,0.004129,0.003706,0.003881,0.000133,0.003815,0.00285,0.000619,0.000362,0.000511,0.002121,0.000294,0.001807,0.000704,0.000191,0.000472,0.000381,0.003903,0.002855,0.002768,0.004247,0.002421,0.004045,0.002831,0.001939,0.00303,0.001871,0.000834,0.00024,0.004004,0.00159,0.00363,0.001881,0.000291,0.002411,0.000383,0.003146,0.001698,0.003465,0.000449,0.000115,0.000533,0.004082,0.00119,0.002552,0.001691,0.000937,0.000689,0.002574,0.002011,0.004158,0.003595,0.003553,0.000287,0.001957,1.4e-05,0.003679,0.00111,0.001858,0.001023,0.000382,0.004154,0.002455,0.001991,0.003364,0.00212,0.00367,0.003512,0.0001,0.002121,0.000157
SpA_ev2,1700086400.0,4,0.645,SpA,0.02966,0.029727,0.045438,0.060087,0.059781,0.059788,0.060686,0.060479,0.060569,0.06048,0.030737,0.031124,0.031362,0.031413,0.062635,0.047133,0.046981,0.046395,0.046781,0.032104,0.032023,0.00055,0.000694,2.8e-05,0.000343,0.000428,0.000252,0.000793,0.000249,0.000653,0.000916,0.001026,0.000194,0.000251,0.000301,0.000377,0.000311,0.000778,0.000522,5.6e-05,0.000223,0.000276,0.000854,0.000145,0.000105,0.000702,9.4e-05,0.000777,0.000198,0.000699,0.000385,8.5e-05,0.000773,4e-06,0.000833,0.000999,0.000232,0.000534,0.000796,0.000333,0.000661,3.3e-05,0.000356,0.000325,0.000741,0.000691,0.000756,0.000971,0.001035,0.000115,0.000705,0.000376,0.000351,0.000914,0.000585,0.00049,0.000213,0.000819,0.00096,0.000738,0.000798,0.000121,0.00035,0.000519,0.000864,0.000109,0.000229,0.001053,0.000158,0.00081
SpA_ev2,1700086404.0,3,0.311,SpA,0.016537,0.016949,0.032896,0.033078,0.03352,0.033283,0.032923,0.033243,0.032997,0.032949,0.032521,0.032479,0.032493,0.032458,0.032441,0.032517,0.03285,0.032671,0.032462,0.032885,0.032608,0.032413,0.03274,0.032344,0.032323,0.032846,0.03252,0.032735,0.032615,0.01641,0.015785,0.016404,0.016204,0.000688,0.000128,0.000203,8.1e-05,0.000683,0.000202,0.000171,0.000375,0.00061,0.000376,1.1e-05,0.000224,0.000436,0.00033,0.000147,0.000242,0.000295,8e-06,0.00043,0.000588,0.000115,0.000548,0.000274,0.000182,0.000397,0.000124,0.000211,0.000562,0.000302,0.000665,0.000189,0.000164,0.00037,0.000559,0.000549,0.000164,0.000135,0.00023,0.000278,0.00013,0.000122,0.000512,0.000212,0.000641,0.000369,2.3e-05,0.000497,0.000125,0.000286,0.000301,3e-05,0.000626,0.000194,0.000417,0.000177,0.000405,0.000588
SpA_ev2,1700086408.0,4,0.607,SpA,0.000389,0.000654,0.022238,0.022376,0.02233,0.022849,0.022492,0.02275,0.022506,0.042058,0.052729,0.053037,0.053612,0.053363,0.053303,0.031316,0.030566,0.031308,0.031303,0.031167,0.031424,0.030566,0.030592,0.031431,0.030916,0.031455,0.030982,0.030939,0.020336,0.019992,0.019703,0.019956,0.019732,0.000912,0.000859,0.000127,0.000349,0.000819,2.4e-05,3e-06,0.000187,0.000939,0.000485,0.000176,0.000215,0.000137,0.000578,0.000203,0.000625,0.000986,0.000624,0.000237,0.000165,0.000284,0.000484,0.000215,7e-06,0.000798,0.000565,0.000733,0.000399,0.000229,0.000613,0.00042,0.000283,0.000859,0.000979,0.00079,0.000905,0.000598,0.000252,0.000853,0.000734,0.000146,0.000991,0.000949,0.000376,0.000452,0.000413,0.000508,0.000271,0.000162,0.000947,0.000677,0.000994,0.000704,0.000327,0.000808,0.000245,0.001007
SpA_ev2,1700086412.0,2,0.512,SpA,0.000598,6.1e-05,0.027847,0.028537,0.028141,0.027648,0.027563,0.028127,0.02811,0.028091,0.0283,0.027912,0.027985,0.027879,0.028353,0.027405,0.028484,0.001293,0.000589,4.8e-05,0.028501,0.02839,0.028582,0.027593,0.028289,0.027989,0.027468,0.028391,0.028182,0.028664,0.027934,0.028026,0.027786,0.028154,0.028133,0.027482,0.028912,0.028694,0.028736,0.000788,0.000609,0.001167,0.001592,0.001217,0.000147,0.00129,0.000733,2e-05,0.00041,0.001459,0.000785,0.001203,0.000711,1.3e-05,0.000975,0.000456,0.000224,0.001105,0.000985,0.000398,7.6e-05,0.001314,0.001124,0.000206,0.001261,0.000621,0.001265,0.001382,0.000253,0.000776,0.001238,0.001542,0.001069,0.001055,0.00154,0.000204,0.000992,0.001143,0.00062,0.000945,0.000724,0.000113,0.000619,3e-06,0.001155,0.001439,0.000288,0.001433,0.000398,4.3e-05
SpA_ev2,1700086416.0,2,1.087,SpA,0.016382,0.016988,0.016627,0.01625,0.0167,0.017004,0.016986,0.016608,0.016815,0.016638,0.016837,0.017276,0.017065,0.0168,0.016432,0.016499,0.017232,0.016583,0.017151,0.016388,0.000196,0.001169,0.000907,0.000203,0.031942,0.031863,0.031451,0.031197,0.030993,0.031155,0.03165,0.030967,0.031729,0.032033,0.031695,0.030792,0.031036,0.030849,0.031497,0.031032,0.031104,0.030725,0.031572,0.031638,0.000776,0.000148,0.000972,0.001287,0.001254,0.00134,0.00121,0.000982,0.000244,0.001383,0.000304,0.000533,0.001303,0.001378,0.00043,0.001301,0.000225,0.000325,8.5e-05,0.000955,0.000101,0.000768,0.000607,0.000427,0.001009,0.000888,0.000492,0.000296,0.001156,0.000899,0.001361,0.000269,0.001337,0.001316,0.001272,0.000587,0.001086,0.000673,0.001136,0.000365,0.001055,0.000224,0.000406,0.000592,0.000208,0.000382
SpA_ev2,1700086420.0,2,0.58,SpA,0.037149,0.036985,0.036372,0.037022,0.036393,0.036747,0.037059,0.036217,0.036465,0.03645,0.036913,0.036253,0.052353,0.052549,0.051793,0.051986,0.051523,0.052235,0.052188,0.05245,0.016301,0.016767,0.01674,0.015687,0.016372,0.016507,0.000669,0.000398,0.000217,0.001087,2.4e-05,0.00076,0.001436,0.001041,0.00024,0.001226,0.000949,0.00113,0.000386,0.001362,0.00098,0.000339,0.0005,0.000256,1.4e-05,0.000107,0.000221,0.001258,0.00088,0.000642,0.000751,0.001362,0.000566,0.00058,0.000255,0.000214,3.3e-05,0.0008,0.000822,0.000762,0.001067,0.000214,0.000834,0.001365,0.000876,0.001123,0.000733,0.000158,0.001423,0.000503,0.000251,0.000827,0.000174,0.000538,0.00079,1.1e-05,0.001281,0.000349,0.000829,0.000973,0.000588,0.001313,0.001126,0.000957,0.000851,0.001154,0.000133,0.00127,0.000471,7.2e-05
SpA_ev2,1700086424.0,3,0.086,SpA,0.015377,0.0154,0.015097,0.014935,0.015301,0.014906,0.015023,0.014643,0.014995,0.014665,0.014824,0.014761,0.01518,0.015109,0.02684,0.026886,0.026214,0.026972,0.026853,0.026423,0.012062,0.011634,0.011753,0.011843,0.01201,0.011648,0.012424,0.01235,0.011905,0.000709,0.000435,0.000209,0.000472,0.000116,0.000548,0.024382,0.023693,0.023729,0.023878,0.023797,0.023736,0.024306,0.023865,0.024303,0.023908,0.02404,0.024292,0.024443,0.024053,0.023956,0.024225,0.02387,0.02386,0.023785,0.023902,0.024139,0.000546,0.000804,0.000248,0.000645,0.000543,0.000817,0.000831,0.000406,0.000349,0.000723,1.9e-05,0.000635,0.000725,0.000767,1.7e-05,0.000528,0.000349,6e-05,0.000686,0.000354,0.000496,0.000315,0.000258,0.000693,0.000713,0.000127,0.000437,0.000121,0.000102,0.000109,0.000679,0.000676,0.000385,0.000155
SpA_ev2,1700086428.0,1,0.776,SpA,0.002565,0.001203,0.000918,0.000639,0.001607,0.000647,0.000676,0.002576,0.07931,0.079668,0.079361,0.079247,0.079418,0.081696,0.081773,0.08186,0.080096,0.081847,0.0817,0.000897,0.001627,0.001758,0.000489,0.002135,0.001699,0.00089,0.002048,0.001253,0.000359,0.001166,0.000325,0.001136,0.000697,0.0002,0.000399,0.000283,0.002068,0.002415,0.000715,0.001148,0.002494,0.00094,0.001729,0.001998,0.00166,0.002741,0.000174,0.000298,0.002735,0.001568,0.001032,0.002611,0.002523,0.002447,7.9e-05,0.001131,0.002308,0.00117,0.001916,0.002281,0.001874,0.000779,0.001992,0.002613,0.001184,0.000857,0.00178,0.000675,0.00093,0.001034,0.002324,0.002066,0.002376,1e-05,0.000504,0.002532,0.001657,0.002624,0.001077,0.000563,0.001787,0.000573,0.000781,0.00114,0.002095,0.001505,0.001569,0.00135,0.002633,0.002764
SpA_ev2,1700086432.0,1,1.117,SpA,0.000189,0.00032,0.00014,0.001056,0.001395,0.000194,0.002334,0.00013,0.000383,0.001938,0.001607,0.002087,0.002229,0.002416,0.001494,0.001411,3.7e-05,0.001164,0.000691,0.000152,0.060495,0.059083,0.060519,0.061337,0.059995,0.060582,0.058994,0.059845,0.059242,0.059595,0.059032,0.060179,0.060881,0.060769,0.061389,0.002215,0.001737,0.001868,0.001432,4.4e-05,0.00188,0.001509,0.002293,0.000458,0.00229,0.0004,0.000158,0.001555,0.000796,0.001309,0.000927,0.000443,0.002105,0.001972,0.000703,0.000821,0.001881,0.00112,0.001721,0.002253,0.002056,0.001468,0.001936,0.000456,0.002071,0.000611,0.001039,0.001496,0.000797,0.002031,0.00146,0.002333,0.000685,0.001721,0.000378,0.000421,0.001267,0.002213,0.00116,0.001371,0.002336,0.0005,0.002067,0.001878,0.001638,0.000932,0.002128,0.002383,0.000947,0.001025
SpA_ev2,1700086436.0,4,1.003,SpA,0.009783,0.009376,0.009314,0.009263,0.009618,0.009705,0.009647,0.009853,0.009466,0.009263,0.009398,0.009331,0.009707,0.009745,0.009534,0.009378,0.009517,0.00967,0.009311,0.000377,0.01627,0.01665,0.016477,0.024108,0.024129,0.037541,0.037908,0.037309,0.037486,0.037518,0.037424,0.037788,0.037312,0.037733,0.037826,0.037492,0.037491,0.021522,0.021438,0.021388,0.02166,0.021392,0.021694,0.021459,0.0218,0.021876,0.021725,0.013788,0.013969,0.014095,0.00026,0.000392,9e-05,0.00035,0.000296,0.000199,0.000163,8.6e-05,6.4e-05,1.6e-05,8.1e-05,0.0007,0.000125,0.000279,0.000712,0.00029,0.000623,0.00019,0.000688,0.000319,0.000478,0.000231,0.000149,0.000142,0.00017,0.000395,0.000405,0.000502,0.000288,9.7e-05,0.000446,8e-05,0.000679,0.000547,0.000412,7.9e-05,0.000338,0.00011,0.000705,0.0003
SpA_ev2,1700086440.0,3,0.671,SpA,0.001002,0.000719,0.034323,0.034376,0.033946,0.034749,0.034233,0.034783,0.052937,0.052798,0.052494,0.053001,0.052768,0.052867,0.018379,0.0189,0.019302,0.038982,0.039659,0.039711,0.039276,0.039326,0.040004,0.038998,0.038889,0.040319,0.019388,0.000864,0.001199,0.000414,0.001063,0.000926,0.000465,0.000452,0.000754,0.000136,0.001113,0.00142,0.001407,0.000915,0.000329,1.3e-05,0.000845,0.000385,0.000449,0.001033,0.000191,0.000934,0.001159,5.3e-05,0.00087,0.00112,0.000673,0.000468,0.000243,0.001483,0.000632,0.000303,7.9e-05,0.000364,0.001286,0.000288,0.001041,0.001423,0.000597,0.000823,0.000241,0.000354,0.0006,0.00106,0.000753,0.001319,0.001161,0.000882,0.000674,0.000868,0.000674,0.000726,0.000473,0.000266,0.001497,7.3e-05,7.9e-05,0.00017,0.000621,0.000791,0.000474,0.001155,0.000559,0.000191
SpA_ev2,1700086444.0,1,0.055,SpA,0.000644,0.001268,0.00229,0.003468,0.00175,0.001731,0.00099,0.001423,0.003188,0.000708,0.001654,0.003356,0.002503,0.062412,0.062183,0.060301,0.062228,0.061493,0.060778,0.061689,0.061972,0.062797,0.062381,0.061112,0.062378,0.061987,0.061709,0.002194,0.001593,0.00234,0.003292,0.00197,0.002262,0.000994,0.001184,0.000433,0.002175,0.001056,0.000795,0.003374,0.001235,0.000908,0.000987,0.002274,0.001822,0.002027,0.001133,0.003377,0.001152,0.000271,0.00213,0.003267,0.000668,0.000551,6.3e-05,0.003173,0.001898,0.002688,0.003526,0.002804,0.002259,0.001014,0.000287,0.001117,0.000124,0.003012,0.002677,0.002399,0.002026,0.002212,0.001721,0.000246,0.003506,0.000672,0.000157,0.001831,0.000421,0.001343,0.002954,0.001488,0.000885,0.00186,0.000656,0.001228,0.003401,0.0008,0.002887,0.003274,0.003534,2e-06
SpA_ev2,1700086448.0,2,0.605,SpA,0.000338,0.000199,0.000408,0.000153,0.000163,0.000811,5.7e-05,0.000834,0.000136,0.000166,9.2e-05,0.000323,0.000544,0.026986,0.027421,0.027181,0.026901,0.02699,0.026768,0.027242,0.027072,0.027173,0.026582,0.027415,0.027434,0.049895,0.049263,0.049523,0.049451,0.049598,0.049281,0.049406,0.023071,0.023485,0.023456,0.023274,0.022651,0.023121,0.023549,0.022872,0.022663,0.022954,0.023067,0.023576,0.023604,8.2e-05,0.000617,0.000394,0.000695,0.000889,0.000745,0.000449,3.7e-05,0.000915,0.000924,0.000634,0.000875,0.000326,0.000345,0.000955,0.000332,0.000449,0.000321,0.000213,0.000432,0.000744,0.00073,4.7e-05,0.000324,0.000798,0.000822,0.000323,0.000791,0.000713,0.000345,0.000527,0.000171,2.9e-05,0.000219,0.000568,0.000769,0.000903,0.000881,4.6e-05,0.00085,0.000103,8.2e-05,0.000308,0.000288,0.000835
SpA_ev2,1700086452.0,1,0.183,SpA,0.04979,0.049317,0.04982,0.049368,0.049741,0.049105,0.049328,0.048845,0.049036,0.050273,0.04955,0.049605,0.049056,0.049581,0.04893,0.049144,0.050248,0.049858,0.049249,0.001022,0.000566,0.001284,0.000533,0.001537,0.001728,0.001222,0.000367,0.000799,0.000528,0.000671,0.000296,0.001104,0.000592,0.000304,0.001714,5.3e-05,0.001823,0.00019,0.00081,0.000887,0.001353,0.001669,0.000704,0.001288,4.5e-05,4.4e-05,0.000613,0.000704,0.000704,0.000766,0.001134,0.000396,0.000694,0.000605,0.001812,0.000308,9.5e-05,0.000342,0.001323,0.000308,0.001077,0.001238,0.000505,0.001505,0.001733,0.000467,0.000627,0.000998,0.00061,0.001596,0.001805,0.000863,0.001258,0.0001,0.001255,0.000335,0.000753,0.001823,0.000357,0.001488,0.000121,0.001534,0.000167,1.9e-05,0.000171,0.001313,0.000646,0.000284,0.001368,0.001203
SpA_ev2,1700086456.0,2,0.068,SpA,0.000801,0.000761,0.0001,0.000912,0.001024,0.000461,0.000356,0.000239,0.000883,0.00022,0.000957,0.000378,0.000223,0.001117,0.000961,0.000394,0.000256,0.000764,0.000681,0.00093,0.000686,0.000456,0.000476,0.000343,0.000247,0.00039,0.016733,0.04783,0.047694,0.046945,0.047596,0.046857,0.047703,0.047015,0.047257,0.04688,0.047276,0.047788,0.047684,0.047148,0.04682,0.047399,0.047526,0.031767,0.0316,0.031749,0.031581,0.031166,0.031845,0.000312,0.000525,0.000699,0.000678,0.000767,0.000643,0.000143,0.000909,0.000786,0.000161,0.000733,0.000257,0.000578,0.000514,0.000203,0.000455,0.000335,0.00083,6e-05,0.000357,3.1e-05,0.000713,0.001029,0.0006,0.001039,0.000679,0.000925,0.000565,0.000967,0.000112,0.000543,0.000323,0.000291,0.000648,0.000133,0.001019,0.000364,8.3e-05,0.000261,0.000406,0.000452
SpA_ev2,1700086460.0,1,0.544,SpA,0.002119,0.001528,0.001192,0.001208,0.000843,0.002814,0.000363,0.002273,0.000848,0.002449,0.002657,0.001773,0.002375,0.002448,0.000916,0.000262,0.002729,0.002097,0.00248,2.3e-05,0.002201,0.06896,0.068866,0.069585,0.069391,0.069285,0.067792,0.067255,0.068025,0.066799,0.06849,0.067694,0.066773,0.069434,0.001197,0.002447,0.001563,0.001085,0.000615,0.00204,0.00056,0.002657,0.002368,0.001556,0.002073,0.000657,0.0014,0.002113,0.000752,0.001121,0.002686,0.001245,0.000338,0.000967,0.00062,4e-06,0.002732,0.001171,0.001288,0.000106,0.001027,0.000263,0.000172,0.001587,0.002558,0.000718,0.001508,0.001205,0.001793,0.002613,0.000439,0.00171,0.002487,0.001683,0.000931,0.000187,0.001533,0.00147,0.001114,0.000969,0.000228,0.000993,0.001592,0.002715,0.002382,0.000951,0.002417,0.001218,0.000879,0.001348
SpA_ev3,1700172800.0,4,1.065,SpA,0.000318,0.000373,0.000159,0.000326,0.000122,0.000367,0.000216,0.000139,6e-06,0.000156,3.6e-05,0.000175,0.000263,0.000322,0.000179,0.000275,0.000225,0.000352,0.00027,0.000201,0.012868,0.012708,0.012992,0.01299,0.019311,0.033046,0.032781,0.033014,0.033179,0.042521,0.042456,0.042373,0.04267,0.042388,0.04239,0.042443,0.042563,0.042263,0.042338,0.04248,0.0423,0.042457,0.042511,0.042324,0.029765,0.029938,0.029838,0.029812,0.013944,0.013804,0.000102,0.000101,0.000272,0.000263,8e-05,4.7e-05,0.000134,0.000418,0.000364,0.000413,0.000304,0.000372,0.000449,0.000363,0.000119,2.7e-05,0.000363,0.000436,0.000147,0.000293,0.000101,0.000292,3.3e-05,5.9e-05,0.000381,0.000283,0.00033,0.00017,0.000398,0.000136,6.3e-05,7.6e-05,6.4e-05,0.000321,0.000456,0.000243,0.000123,1.1e-05,0.00036,8.3e-05
SpA_ev3,1700172804.0,4,0.555,SpA,0.000626,0.000603,0.000345,3.1e-05,0.000548,0.0004,0.000212,2.9e-05,0.000262,5e-05,0.000304,4.4e-05,0.000449,0.017051,0.016785,0.017055,0.016747,0.016715,0.016872,0.016751,0.016944,0.017013,0.036941,0.036993,0.037202,0.046336,0.045716,0.046081,0.045681,0.046019,0.045938,0.029043,0.02967,0.029303,0.029382,0.029555,0.029437,0.029622,0.029081,0.029057,0.029162,0.029463,0.029458,0.021901,0.021815,0.009402,0.00965,0.009164,0.009329,0.009605,0.000553,0.000418,0.000506,0.000293,0.000508,8.8e-05,7.8e-05,0.000376,0.000548,0.000616,0.000312,0.000369,0.000671,0.000611,0.000337,0.000211,0.000179,0.000234,3.7e-05,9.6e-05,0.000343,0.000295,0.0002,0.000328,0.000213,0.000659,7.4e-05,0.000189,0.000572,0.000279,0.000166,0.00056,0.000604,8e-05,0.000631,0.000257,0.000556,0.000566,0.000207,0.000336
SpA_ev3,1700172808.0,2,1.386,SpA,0.001724,0.002161,0.000878,0.001149,0.001872,0.002019,0.000453,0.00144,0.001646,0.001274,0.002274,0.001944,0.001683,0.001761,0.002839,0.000776,0.002599,0.001429,0.001036,0.002336,0.002671,0.001872,0.002913,0.000781,0.038997,0.040613,0.076665,0.075448,0.077858,0.077971,0.076762,0.076228,0.075446,0.039148,0.039414,0.038574,0.037689,0.037016,0.037683,0.036897,0.002933,0.000213,9.5e-05,7e-05,0.001777,0.001514,0.001127,0.000984,0.000673,0.001571,0.000163,0.002908,0.002796,0.001145,0.002351,0.000963,0.000548,0.000286,0.001647,0.000229,0.002605,0.002459,0.002987,0.002962,0.001293,0.002535,0.00201,0.000634,0.001637,0.000819,0.000444,0.002382,0.00198,0.001089,0.001914,0.000683,0.001671,0.001089,0.000285,0.002661,0.00295,0.001173,0.00088,0.000276,0.001539,0.00235,0.000826,0.003051,0.001967,0.002917
SpA_ev3,1700172812.0,2,0.373,SpA,0.000143,0.00189,0.000553,5.7e-05,0.000855,0.001472,0.00194,0.000828,0.000746,0.00017,0.00202,8.3e-05,7.6e-05,3e-05,0.001394,0.000545,0.001727,0.001532,0.001619,0.000336,0.00139,0.001969,0.001706,0.000414,0.036538,0.037438,0.036856,0.036457,0.036768,0.037186,0.037779,0.036754,0.070963,0.0709,0.035722,0.034523,0.034337,0.035819,0.035536,0.034382,0.034701,0.036024,0.034511,0.035744,0.035106,0.035688,0.034742,0.034911,0.000255,0.001402,0.001954,0.000732,0.000777,0.001511,0.001363,0.001567,0.000319,0.00169,0.001858,0.001382,7.3e-05,0.001161,0.000949,0.001912,0.00112,0.000949,0.000963,0.000555,0.001962,0.001343,0.00144,0.001275,0.000345,0.001399,0.000417,0.00028,0.000903,0.001042,0.001104,0.001909,0.000711,0.001473,0.000638,0.0016,0.0013,0.000893,0.000833,0.000925,0.001147,0.001688
SpA_ev3,1700172816.0,2,1.369,SpA,0.000686,0.000564,8.6e-05,0.000261,0.000628,3.6e-05,0.000542,0.000585,0.001041,0.001023,0.000613,0.000958,0.000648,0.0006,0.000408,0.000815,0.00017,0.000195,0.000687,0.000785,8.9e-05,0.025313,0.025103,0.024497,0.025072,0.024434,0.025091,0.024577,0.024477,0.024661,0.024882,0.024886,0.024638,0.025048,0.02477,0.02473,0.024985,0.032014,0.03229,0.031331,0.032276,0.031491,0.031392,0.031964,0.031518,0.031947,0.031737,0.032287,0.032073,0.031739,0.03197,0.031311,0.031813,0.032125,0.031794,0.000444,0.00027,0.000485,0.000822,0.000751,0.000141,0.000345,0.000417,0.000429,0.001013,0.000853,0.000275,0.000676,0.00025,0.000466,0.000623,0.000433,0.00052,0.000549,0.000137,0.000279,0.000604,0.000632,0.000986,3.6e-05,0.000971,0.000147,0.000772,0.000455,0.001046,0.000214,5.3e-05,0.000593,0.00079,0.000864
SpA_ev3,1700172820.0,2,1.217,SpA,0.052389,0.053203,0.052643,0.052004,0.052238,0.052822,0.052872,0.053056,0.052282,0.052151,0.0526,0.052101,0.052884,0.053152,0.052576,0.052067,0.053273,0.05329,0.000472,0.001023,0.000274,0.001081,0.000131,0.000975,0.000374,0.000695,0.00087,0.001159,0.000639,0.000693,0.000252,0.000496,0.000683,0.000585,0.000767,0.001354,0.000138,0.000652,6e-06,0.000165,0.000363,0.001297,0.001176,2e-06,0.000992,0.000142,0.000729,0.000516,0.001125,0.00069,0.001025,0.000993,0.001246,0.00093,0.000897,0.000504,0.000718,0.000178,0.001081,5.6e-05,0.000169,0.00058,0.000598,0.001345,0.000892,0.000607,0.001308,0.00132,0.000781,0.000394,0.00057,0.001269,0.000905,0.000383,0.000684,0.000961,0.000573,0.000816,0.00137,0.000186,0.000934,0.001199,0.000738,0.000677,0.000445,0.000724,0.001035,0.001054,0.000875,0.000863
SpA_ev3,1700172824.0,4,1.082,SpA,0.014422,0.014511,0.014686,0.014322,0.014509,0.014342,0.014752,0.014718,0.014463,0.014359,0.028944,0.029084,0.028962,0.029069,0.029067,0.028689,0.02887,0.028741,0.028634,0.028657,0.02914,0.014869,0.014898,0.014488,0.014546,0.014546,0.014638,0.014859,0.014703,0.014725,0.014869,0.014608,0.000484,0.015217,0.014939,0.015032,0.015108,0.01478,0.01487,0.014694,0.015195,0.023827,0.023841,0.023612,0.024063,0.023773,0.009027,0.009139,0.009144,0.009247,0.009181,0.00906,0.008976,0.008981,0.009236,0.009308,0.008965,0.009217,0.009335,0.008929,0.000441,0.000112,0.000442,0.000337,0.00035,6.4e-05,0.000484,0.00022,0.000214,0.000477,0.000152,0.000476,0.000121,0.000515,0.000169,0.000478,1.8e-05,0.00028,0.000424,0.000167,3.8e-05,0.000211,0.000304,2.8e-05,9.9e-05,0.000325,0.000325,0.000396,0.000168,0.000303
SpA_ev3,1700172828.0,1,0.404,SpA,0.000457,0.000955,0.00112,0.000302,0.000352,0.000234,0.000632,0.001736,0.000749,0.001315,0.002161,0.000466,0.000751,0.001414,3.3e-05,0.001524,0.000329,0.002292,0.002274,0.00089,0.056593,0.057144,0.056871,0.057859,0.057676,0.057604,0.056695,0.056829,0.055953,0.057577,0.056553,0.057266,0.05623,0.057625,0.056851,0.056785,0.001199,4.9e-05,0.001543,0.000873,0.001439,0.001853,0.000916,0.000282,0.001343,0.001086,0.00057,0.001676,0.002112,0.001801,0.001916,0.001305,0.002028,0.002301,0.001212,0.001642,0.00032,0.001596,0.001744,0.00191,0.002418,0.002188,0.000309,0.001245,0.001445,0.000139,0.002141,0.002391,0.000691,0.000389,0.002293,0.001009,0.000716,0.000273,0.002187,0.000248,0.00161,0.000453,0.000703,0.001774,0.001925,0.000631,0.000612,0.000721,0.00128,0.001385,0.001758,0.000253,0.001518,0.00048
SpA_ev3,1700172832.0,4,0.82,SpA,0.015364,0.015747,0.028795,0.028672,0.054805,0.054696,0.055155,0.054671,0.054428,0.054992,0.040347,0.040093,0.03983,0.040221,0.040224,0.013621,0.013485,0.013323,0.02733,0.026791,0.026883,0.027224,0.027226,0.027581,0.02673,0.027237,0.014102,0.013967,0.014063,0.014127,0.014407,0.013882,0.013801,0.000241,6.9e-05,0.000746,0.000311,0.000512,0.000631,0.000313,0.000544,0.000451,0.000206,0.000237,0.000796,0.000523,0.000385,9.4e-05,0.000101,0.000339,0.00061,0.000117,0.000647,3.5e-05,0.000562,0.000339,3.8e-05,0.000814,0.000313,0.00091,2.1e-05,0.000739,0.00094,0.000441,0.000551,0.000586,0.000204,0.000712,0.000778,0.000854,0.000656,0.000135,0.000101,0.000363,0.000626,0.000221,0.000646,0.000516,0.000552,0.000581,0.000813,0.000951,7.8e-05,0.000836,0.000933,0.000247,7.1e-05,0.000194,0.000355,0.000597
SpA_ev3,1700172836.0,1,0.272,SpA,0.002602,0.001466,0.002629,0.001002,0.003499,0.001886,0.002803,0.001671,0.003897,0.004723,0.002143,0.003776,0.001725,0.0011,0.000599,0.00347,0.004631,0.001614,0.002316,0.002519,0.001238,0.004522,0.003202,0.003952,0.002964,0.003063,0.003649,0.00499,0.004153,0.00346,0.004099,0.002354,0.004783,0.001064,0.002936,0.00473,0.000564,0.001096,0.002319,0.0047,0.001982,0.002302,0.125468,0.129997,0.128939,0.128149,0.128368,0.128246,0.004263,0.002316,0.00477,0.001282,0.001057,0.004403,0.001916,0.001543,0.000722,0.004279,0.004373,0.003529,0.00422,0.00443,0.000202,0.002863,0.004114,0.004426,0.003399,0.002016,0.003731,0.003679,0.000892,0.001307,0.002338,0.004649,0.00181,0.002358,0.003294,0.003559,0.001496,0.000382,0.004508,0.000313,0.004913,0.001601,0.001528,0.001843,0.000323,0.003755,0.003395,0.000842
SpA_ev3,1700172840.0,2,0.739,SpA,0.000612,0.000669,0.000552,0.00025,0.00074,0.000442,0.000206,0.000439,0.0007,3.7e-05,0.00112,0.000495,0.000568,0.031788,0.031473,0.031782,0.03167,0.031601,0.031947,0.031954,0.031765,0.032222,0.031835,0.03215,0.03184,0.031748,0.032137,0.031856,0.001088,0.000849,0.001016,0.000788,0.000787,0.000454,0.000942,0.001041,0.024372,0.024124,0.024016,0.024182,0.024413,0.024152,0.024326,0.024719,0.024132,0.024605,0.025005,0.024182,0.024003,0.024779,0.024031,0.024811,0.024726,0.024062,0.024812,0.024839,0.000601,0.001161,0.000224,0.00095,0.000758,6.8e-05,0.000939,0.000651,0.000294,0.001092,0.000743,0.000468,0.000922,0.00064,0.000813,0.001048,0.001084,0.000161,0.000682,0.00045,0.000538,5.1e-05,0.000153,0.000965,0.000906,0.00019,0.000824,0.000582,0.001046,0.000456,0.000358,3.1e-05,0.000287,1e-05
SpA_ev3,1700172844.0,3,0.631,SpA,0.000564,0.000714,0.000852,0.000431,0.000843,0.000139,0.000483,0.000413,0.000427,2.2e-05,0.000848,0.000111,9.6e-05,0.018472,0.018509,0.018124,0.018293,0.018473,0.018588,0.017913,0.018402,0.01821,0.039262,0.038919,0.038522,0.021517,0.021495,0.020764,0.020841,0.020758,0.0211,0.020785,0.046506,0.046083,0.046338,0.025584,0.025906,0.025822,0.025764,0.025103,0.025447,0.025662,0.025469,0.025181,0.025261,0.025654,0.025108,0.025537,0.025431,0.025181,0.02577,0.000562,0.000788,0.000617,0.000734,0.000651,0.00026,0.000536,0.000659,0.000579,0.000112,0.000624,0.00085,0.000413,0.000602,0.000164,0.00024,0.000712,0.000248,0.000396,0.000113,0.000504,0.000456,0.000537,0.000275,0.000423,9.8e-05,0.000755,0.000383,0.00012,0.000532,0.000668,0.000454,0.000691,0.000102,0.000815,0.000114,0.000416,0.000616,0.000485
SpA_ev3,1700172848.0,2,0.52,SpA,0.001206,0.001063,0.000542,0.000315,0.000717,0.001797,0.000474,0.001115,0.000289,0.000186,0.000849,0.001127,0.000521,0.001685,0.001685,0.000162,0.001491,0.000277,0.000682,0.023513,0.022908,0.023541,0.023281,0.023804,0.022388,0.023869,0.023689,0.023421,0.02357,0.063134,0.061963,0.062307,0.062839,0.062345,0.062572,0.039974,0.040771,0.040549,0.041087,0.040089,0.040057,0.039984,0.041419,0.001288,0.001606,0.00032,0.000542,0.001367,0.000512,0.000619,0.000759,0.000872,0.000256,0.001723,0.001111,0.001647,0.001105,0.00026,0.001797,0.00137,0.001567,0.001248,4e-05,0.001751,0.000103,0.000105,0.00066,0.000626,0.00097,0.001121,0.001508,0.001802,0.00144,0.001683,0.001746,0.001154,0.000535,0.000294,0.000141,0.00119,0.001691,0.001296,0.001062,0.001639,0.001229,0.000877,0.001512,0.001419,0.0017,0.001482
SpA_ev3,1700172852.0,4,1.401,SpA,0.000495,0.000286,0.000143,0.000249,0.00022,0.000452,0.000316,0.000432,0.01535,0.015136,0.014938,0.015394,0.015412,0.015055,0.01513,0.015237,0.014904,0.015071,0.01541,0.015145,0.015322,0.015008,0.015493,0.015404,0.015246,0.015451,0.021999,0.021821,0.021909,0.035484,0.035431,0.035408,0.035259,0.050574,0.035601,0.03557,0.035612,0.035458,0.035334,0.035652,0.035693,0.03582,0.035772,0.035527,0.020438,0.020198,0.013639,0.013829,0.014062,0.013856,1.9e-05,0.00056,0.000223,0.000188,0.0005,0.00047,6.7e-05,0.00038,0.000426,0.000575,0.00035,0.000208,0.000228,0.0002,5.5e-05,0.000186,0.000161,0.000471,0.000543,0.000565,0.000203,0.000277,0.000122,0.000628,0.000432,0.000534,0.000583,0.000292,0.000338,0.00027,0.000588,0.000433,8.5e-05,0.00039,6.2e-05,0.000164,0.000539,0.000416,0.000557,7e-05
SpA_ev3,1700172856.0,3,0.506,SpA,0.025429,0.02544,0.024819,0.02534,0.025131,0.024804,0.025092,0.024721,0.025123,0.024711,0.000729,0.000179,0.000218,0.0008,0.000392,0.000276,6e-05,0.000546,0.000696,2.7e-05,0.00081,0.000161,0.00047,0.009743,0.010357,0.010461,0.009885,0.010298,0.010273,0.010537,0.010211,0.010108,0.009845,0.009839,0.009832,0.009704,0.010194,0.010457,0.010438,0.009925,0.028458,0.028806,0.018489,0.018754,0.018714,0.019184,0.018922,0.019018,0.019159,0.018595,0.018418,0.019123,0.018891,0.018927,0.018665,0.019094,0.019116,0.018953,0.018707,0.018545,0.019102,0.018422,0.018805,0.018754,0.018368,0.0185,0.018924,0.019025,0.018874,0.000715,0.000158,5e-06,0.00018,0.000101,0.000363,0.000258,0.000877,8.3e-05,2e-05,0.000777,0.000154,0.000101,1.3e-05,0.000747,0.000297,9.7e-05,0.000633,0.000593,0.000357,7.4e-05
SpA_ev3,1700172860.0,2,0.7,SpA,0.000456,0.000879,0.000843,0.000975,8.1e-05,0.00032,0.000649,0.000669,0.000462,0.000106,0.000868,0.0004,0.000176,9.7e-05,0.000623,0.000284,0.00073,0.000165,0.000252,0.000399,0.000389,0.000406,0.000515,0.00067,0.00023,0.00027,0.001004,0.000646,0.027034,0.027403,0.027204,0.027675,0.026901,0.042583,0.041995,0.042024,0.042195,0.042487,0.042275,0.042141,0.04254,0.042464,0.042236,0.042496,0.042522,0.042404,0.042033,0.042683,0.042461,0.041761,0.042434,0.042429,0.015669,0.015066,0.000179,0.000698,0.000442,0.000538,0.000988,0.000435,0.000137,0.000215,0.00099,2.8e-05,0.00088,0.00029,0.000784,0.000489,0.000538,4.3e-05,0.000616,0.000709,0.000322,0.000207,0.000703,0.00023,0.000689,0.000453,0.000515,3.4e-05,0.00041,0.000228,1.4e-05,0.000508,2.6e-05,0.000303,0.000101,0.000674,8.5e-05,0.000823
SpA_ev3,1700172864.0,3,1.35,SpA,0.014856,0.015303,0.014882,0.015091,0.014985,0.01502,0.015302,0.015634,0.015604,0.015064,0.014911,0.015306,0.015417,0.01535,0.015135,0.015274,0.015663,0.014765,0.015501,0.014945,0.030079,0.039416,0.039375,0.038553,0.03941,0.038984,0.038553,0.038705,0.039022,0.038645,0.023901,0.024581,0.023876,0.024555,0.024248,0.023884,0.024555,0.023923,0.023807,0.024682,0.024147,0.024494,0.000646,0.000714,0.000342,0.000215,0.000483,0.00058,0.000742,0.000631,0.000501,0.000945,0.000341,9.5e-05,0.000971,0.000675,0.000633,0.000106,0.000774,0.00058,0.000537,0.000553,0.000287,0.000313,0.000564,0.000285,0.000821,0.000752,1.5e-05,0.000176,0.000936,4e-05,0.000808,0.000589,0.000903,0.000474,0.000104,0.00047,0.000745,0.000161,0.000295,0.000298,0.000881,0.000319,2.4e-05,0.000875,0.000957,0.000726,0.000123,0.00059
SpA_ev3,1700172868.0,2,1.23,SpA,0.00039,0.000416,0.00044,0.000471,6e-05,0.000461,0.000528,0.000577,0.000157,0.00035,0.000384,0.000553,0.000272,0.000689,0.023728,0.023723,0.023331,0.023947,0.023639,0.023429,0.023463,0.023857,0.023742,0.024034,0.023481,0.024004,0.023545,0.023934,0.04403,0.044485,0.04438,0.0442,0.044654,0.044301,0.044706,0.020867,0.020683,0.021218,0.020898,0.021055,0.0208,0.021264,0.021009,0.021043,0.02128,0.02141,0.020725,0.020834,0.021335,0.021113,0.021191,0.000425,0.000243,0.000568,0.00054,0.000521,0.000341,0.000241,0.000497,0.000528,0.000703,0.000147,0.000568,0.000213,0.00035,0.000263,0.000734,0.000237,0.000213,0.000297,0.00022,0.000504,0.000715,0.000587,0.000687,0.000117,0.000313,0.000174,0.00062,0.000229,0.000163,0.000379,0.000629,5.8e-05,0.000256,0.000267,0.000127,0.000211,0.000295,0.000738
SpA_ev3,1700172872.0,3,0.858,SpA,0.018037,0.018205,0.018554,0.018483,0.018301,0.018572,0.018184,0.018343,0.01825,0.01825,0.018021,0.017832,0.017982,0.018144,0.017941,0.018428,0.018514,0.018141,0.018428,0.018469,0.01825,0.000716,0.000688,7.2e-05,0.017078,0.017358,0.038226,0.037805,0.038143,0.037956,0.037853,0.038232,0.037776,0.038206,0.037976,0.038031,0.037826,0.037982,0.02178,0.021517,0.021698,0.021684,0.021567,9.1e-05,0.000575,0.000351,0.000617,0.000415,8.3e-05,0.00035,0.000106,0.000604,0.000358,0.000708,0.000115,0.0003,0.000126,6.5e-05,0.000157,2.3e-05,0.000166,0.000444,0.000344,2e-05,0.000133,2.6e-05,0.000546,0.000213,0.000645,0.000302,0.000523,0.000528,0.000618,0.000443,0.000271,5.7e-05,3.7e-05,0.000394,0.00066,0.000191,0.000652,0.000272,0.000753,0.000659,7.2e-05,0.000513,0.000703,0.000244,0.000401,0.000627
SpA_ev4,1700259200.0,2,1.455,SpA,0.02984,0.029602,0.028886,0.028473,0.029117,0.029,0.029977,0.030019,0.029354,0.030132,0.028955,0.029489,0.028901,0.028452,0.028537,0.028386,0.028533,0.001826,0.043759,0.045206,0.045248,0.044569,0.04455,0.044876,0.044055,0.044127,0.04362,0.043915,0.001009,0.000563,0.001522,0.001485,0.000728,0.001311,0.001511,0.001432,0.001735,0.000386,0.001097,0.000857,6e-06,0.001316,0.000161,0.000339,0.001374,0.001708,0.001333,0.001619,0.000942,0.000892,0.000521,0.000126,0.000308,0.000409,0.001601,4e-06,0.000774,0.001782,0.001662,0.000204,0.001364,0.001599,0.000344,0.000461,0.001253,0.001389,0.001605,0.00073,8.8e-05,0.00179,0.000474,0.001412,0.001685,0.000992,0.00096,0.000441,0.000112,0.000203,0.001327,0.000365,0.000909,0.00095,0.001699,0.000991,0.001128,0.001487,0.000552,0.001261,0.00018,0.00013
SpA_ev4,1700259204.0,1,0.855,SpA,0.003445,0.003561,0.002383,0.000778,0.003651,0.002989,0.000376,0.00261,0.001579,0.000135,0.000944,0.00209,0.002192,0.003686,0.001783,0.062741,0.064812,0.063374,0.063505,0.062171,0.064417,0.064407,0.06355,0.062837,0.063629,0.064563,0.064008,0.064842,0.001658,0.002494,0.002183,0.002496,0.001888,0.002126,0.001576,0.002041,0.001055,0.003439,0.001253,0.003332,0.003146,0.002713,0.002357,0.003052,0.00282,0.002055,0.000115,0.001732,0.001271,0.003719,0.001362,0.002552,0.001008,0.003697,0.003725,0.002173,0.003798,0.001488,8.7e-05,0.003544,0.00099,0.002116,0.003529,0.000914,0.002042,0.002093,0.002095,0.002372,0.001628,0.00173,0.002601,0.0036,0.003509,0.001341,0.001157,0.001948,0.003094,0.00286,0.000513,0.003613,0.001643,0.001031,0.002314,0.001455,0.002846,0.002912,0.003292,0.003056,0.003806,0.00089
SpA_ev4,1700259208.0,1,0.691,SpA,0.000881,0.001741,0.000847,0.000641,0.00092,0.00081,0.000898,0.001353,0.000825,0.000937,0.000134,0.00142,0.001799,0.046602,0.046918,0.045894,0.046995,0.045459,0.047139,0.046971,0.047154,0.045959,0.045362,0.046743,0.045542,0.046691,0.045997,0.045572,0.045884,0.045476,0.046219,0.045816,0.045771,8e-06,0.001421,0.001479,0.00103,0.001082,0.001398,0.001806,0.001552,0.001031,0.001762,0.001236,0.000674,0.00132,0.0013,0.00179,0.000969,0.000858,3.1e-05,0.001014,0.000511,0.001456,0.001688,0.001657,0.000167,0.001159,0.001236,0.00049,0.000966,0.001111,0.000495,0.000787,0.001573,0.000368,0.001862,0.001197,0.001861,0.001027,0.001436,0.001554,0.000559,0.0017,0.000213,0.001422,0.000936,0.00176,0.000979,0.001379,0.000681,0.000642,0.001317,0.00043,0.000547,0.001008,0.00144,0.001189,0.000366,0.001698
SpA_ev4,1700259212.0,2,1.18,SpA,0.00078,0.001089,0.001504,0.000281,0.000413,0.001158,0.001132,0.000196,0.000486,0.000907,0.001414,0.001224,0.001508,0.000712,0.001244,0.001405,0.000676,0.00144,0.000589,0.000695,0.000412,0.000123,0.017834,0.018211,0.018259,0.01831,0.017079,0.018235,0.018083,0.018334,0.017118,0.017595,0.017326,0.052891,0.053725,0.053741,0.054022,0.054246,0.053197,0.052901,0.053511,0.054237,0.054211,0.05317,0.05314,0.036566,0.037102,0.03702,0.000448,0.00064,0.000443,0.001536,1.1e-05,0.000559,0.001478,0.001011,0.00022,5e-05,0.001428,0.001019,0.001483,0.001337,0.000245,0.000558,0.000948,0.000469,0.000589,0.001485,0.001075,0.001418,0.000486,0.001387,0.000487,0.001006,0.001089,0.00034,0.000851,0.001474,0.001185,0.000381,0.000272,2.3e-05,0.001347,0.000186,0.000102,0.000391,1.5e-05,0.000431,5.4e-05,0.00059
SpA_ev4,1700259216.0,4,0.341,SpA,0.000413,0.000451,0.000117,0.000372,1.6e-05,0.00041,0.000298,0.000285,0.022615,0.022732,0.022643,0.022989,0.022857,0.031733,0.031879,0.031733,0.032024,0.032019,0.044565,0.044732,0.044586,0.044857,0.04473,0.044664,0.044619,0.044914,0.045007,0.035006,0.0353,0.035137,0.035202,0.026138,0.025832,0.025812,0.012976,0.013219,0.01294,0.013214,0.013139,0.013128,0.012892,0.000321,0.000266,0.000336,0.000155,0.000293,7e-06,0.000217,0.000144,0.000429,0.000359,0.000449,0.000191,0.000129,0.000279,0.000289,0.000127,0.000253,4.3e-05,0.000425,3.6e-05,0.000427,0.000244,0.000317,0.000271,6.3e-05,0.000313,0.000281,0.000108,0.000348,0.000441,0.000199,0.000366,8.5e-05,0.00016,0.000414,0.000152,0.000271,4.6e-05,0.000409,0.000265,7.9e-05,0.000285,0.000438,0.000107,0.000111,4.3e-05,0.000132,0.000333,0.000351
SpA_ev4,1700259220.0,4,1.419,SpA,0.000456,0.000534,0.000456,0.000528,0.000123,0.000221,0.000435,0.000467,0.000233,0.000241,7.5e-05,0.016738,0.016433,0.016681,0.016743,0.016639,0.016576,0.016474,0.016806,0.016755,0.016589,0.016612,0.016719,0.016475,0.0164,0.016418,0.01681,0.025964,0.025747,0.025545,0.025953,0.02588,0.025871,0.0259,0.009536,0.009212,0.009343,0.009374,0.009661,0.009286,0.009506,0.009156,0.009336,0.00938,0.009447,0.009704,9e-06,0.000354,0.000522,0.000414,0.000209,0.000413,0.0004,0.000192,0.000152,0.000354,0.016652,0.016446,0.016743,0.016569,0.028824,0.028947,0.028857,0.028732,0.029085,0.028695,0.028949,0.02912,0.028612,0.028734,0.012872,0.012416,0.012624,0.012883,0.012427,0.01238,0.000157,8.2e-05,2e-06,0.000274,0.000269,0.000552,0.000516,1e-06,0.00025,0.00011,0.00021,0.000197,0.000298,6.2e-05
SpA_ev4,1700259224.0,1,1.386,SpA,0.00121,0.001954,0.000361,0.002188,0.002203,0.00059,0.000704,0.001431,0.002072,0.042757,0.043195,0.044481,0.044458,0.043857,0.043261,0.042931,0.044422,0.043396,0.044261,0.044106,0.043261,0.042512,0.043214,0.044032,0.044488,0.043274,0.044215,0.042836,0.044315,0.042904,0.000905,0.001677,0.001968,0.000467,0.001226,0.001223,0.002017,0.001313,0.000687,0.000284,0.001088,0.000134,0.001992,0.001108,0.001231,0.000592,0.001905,0.001768,0.000371,0.002144,0.000879,0.000351,0.00023,0.001626,0.000568,0.001612,0.001711,2.1e-05,0.001947,0.001839,0.000948,0.001687,0.001154,0.001275,0.000386,0.001147,0.000409,0.001878,0.00033,0.001216,0.001854,0.002115,0.001436,0.000979,0.001109,0.002095,0.001918,0.00117,0.002116,0.000653,0.000187,0.002248,0.001966,0.001311,8.9e-05,0.001548,0.001503,0.000341,0.000511,0.000643
SpA_ev4,1700259228.0,3,0.373,SpA,0.00018,0.000389,0.001185,0.001308,0.00014,0.001225,0.000401,0.000302,0.000125,0.000258,0.000151,0.000397,0.001298,0.001209,0.001064,0.001008,0.000629,0.000381,0.00056,0.000816,0.000692,0.000719,0.022935,0.022712,0.023329,0.023451,0.023826,0.023641,0.023348,0.023235,0.022728,0.023315,0.040737,0.041151,0.040827,0.042011,0.041712,0.066552,0.067315,0.066743,0.044161,0.044566,0.044032,0.043789,0.044395,0.044869,0.018518,0.018804,0.018276,0.001308,0.000166,0.000996,0.00048,0.000111,0.001202,0.000142,8.8e-05,0.000502,0.00021,0.000936,0.001216,0.000234,0.001029,0.000671,0.000146,0.000581,0.000754,0.000373,0.000159,0.000762,0.001124,0.000477,8.4e-05,0.000817,0.001251,0.001299,0.001123,0.000135,0.000663,0.00068,0.000195,0.000101,0.000839,8.8e-05,0.001184,0.000628,0.000149,0.00049,0.000883,0.000308
SpA_ev4,1700259232.0,4,0.359,SpA,0.000479,1.5e-05,0.000736,0.009233,0.008814,0.00855,0.008966,0.009141,0.008921,0.009085,0.009048,0.008542,0.022924,0.022718,0.023202,0.041257,0.040735,0.040914,0.041,0.041425,0.041245,0.041315,0.032353,0.032661,0.032785,0.032444,0.018956,0.018393,0.018883,0.01883,0.018952,0.000645,0.000526,0.000496,0.000148,7.2e-05,0.00033,0.000323,0.000254,0.000331,0.000283,0.000141,0.000547,0.000207,0.018882,0.01917,0.018611,0.019213,0.019285,0.018985,0.018958,0.018771,0.018538,0.019027,0.018531,0.019299,0.018613,0.01914,0.018536,0.01926,0.018536,0.000331,7.9e-05,0.000375,0.000632,0.000235,0.000211,0.000397,0.000622,0.000535,0.000598,0.000611,0.000659,0.000424,0.000443,0.000545,0.000464,0.000269,0.000264,3e-06,0.00074,0.000404,6.2e-05,0.000713,0.000528,0.000769,0.000122,0.000312,0.000188,0.000286
SpA_ev4,1700259236.0,2,0.927,SpA,0.000435,0.001243,0.001172,0.00084,0.000988,0.000787,0.001499,0.00149,0.001332,0.00094,0.000159,0.000924,0.001057,0.000603,0.001028,6.9e-05,0.000572,5.1e-05,0.000809,0.000299,0.000188,0.001208,0.001229,0.025003,0.050058,0.049611,0.049181,0.049495,0.050571,0.049809,0.050169,0.050049,0.05039,0.050081,0.050186,0.04988,0.049184,0.050051,0.024714,0.025105,0.024797,0.024592,0.024646,0.024554,0.024939,0.024837,0.024669,0.000601,0.001149,0.000802,0.000377,0.000509,0.000117,0.000184,0.001343,0.001173,0.000344,4e-05,8.7e-05,0.000293,0.001246,0.000185,0.000255,0.001095,0.001265,0.001288,0.001457,0.000954,0.001082,0.001392,0.001417,9e-06,0.001113,0.001001,0.001285,0.00033,0.001122,0.001349,9.2e-05,0.000375,0.000714,0.00132,0.001359,0.000529,0.00144,0.001318,0.000464,0.001403,0.000202,0.000427
SpA_ev4,1700259240.0,3,0.604,SpA,0.000669,0.000417,0.000429,0.000416,0.000309,0.017221,0.017189,0.017345,0.017168,0.017182,0.017079,0.017331,0.017434,0.017381,0.01712,0.017601,0.033979,0.033941,0.033645,0.03402,0.033999,0.016791,0.037355,0.037049,0.037272,0.037162,0.037213,0.037215,0.037156,0.037041,0.037183,0.03739,0.037303,0.037285,0.037184,0.017114,0.016641,0.017,0.016785,0.016492,0.016764,0.016926,0.000683,0.000602,0.000563,0.000676,0.000412,1.1e-05,0.000166,0.000573,0.000254,0.000565,0.000248,0.000157,0.000251,0.000131,0.000103,0.000315,0.000683,0.000653,0.000532,0.000525,0.000451,0.000507,0.000243,0.000611,0.000547,0.000549,0.000305,0.000285,0.000608,0.000652,0.000617,0.000381,0.000108,0.000407,0.000161,0.000611,0.000658,0.000408,0.000458,0.000104,0.000167,0.000624,0.000563,0.000547,4.7e-05,0.000118,0.000474,0.00049
SpA_ev4,1700259244.0,1,0.154,SpA,0.000885,0.000185,0.002019,0.000829,0.001581,0.000573,0.002285,0.00101,0.000784,0.003683,0.000497,0.003489,0.001726,0.002345,0.003255,0.001629,0.002199,0.000211,0.00369,2e-06,0.003503,0.00179,0.002955,0.002513,0.00263,0.002757,0.076818,0.078225,0.076831,0.076147,0.077122,0.077195,0.079638,0.076784,0.076093,0.079296,0.07783,0.000341,0.000826,0.003653,0.000692,0.00144,0.003371,0.003638,0.003672,0.000282,0.000126,0.00325,0.00305,0.001006,0.000831,0.000109,0.002354,0.001738,0.00336,0.001521,0.002039,0.001873,0.001447,0.001502,0.001902,0.003584,0.003692,0.001459,0.002471,0.003101,0.000262,0.002125,0.003354,0.002281,0.00232,0.002128,0.001377,0.000917,0.002432,0.002036,0.00287,0.000573,0.003113,0.000689,0.000334,0.002202,0.002368,0.001785,0.000499,0.00164,0.003189,0.000151,0.000889,0.001131
SpA_ev4,1700259248.0,3,0.453,SpA,0.000242,0.000382,0.000392,9.7e-05,0.000863,0.000457,0.000658,0.000443,0.000453,0.029968,0.030306,0.030314,0.030151,0.030431,0.029888,0.0306,0.029953,0.030339,0.030134,0.030327,0.029943,0.030605,0.029945,0.023792,0.023442,0.023201,0.023037,0.023435,0.023809,0.023532,0.023378,0.023858,0.023213,0.02401,0.036809,0.037486,0.037384,0.03704,0.037498,0.037309,0.037597,0.014184,0.014277,0.000685,7.4e-05,0.000132,0.000147,0.000728,0.000917,0.000316,0.000783,0.00027,0.000609,0.000852,0.000698,0.000896,6.5e-05,0.000468,0.000956,0.000335,0.000933,0.000271,0.00058,0.000624,0.000469,0.000694,3.5e-05,0.000212,0.000787,0.000199,0.000509,0.000667,0.000976,0.000701,0.000474,0.001012,0.000359,0.001011,0.000284,0.000498,0.000616,0.000847,0.000763,0.000138,0.000108,0.00072,1.6e-05,0.000135,0.000366,0.000885
SpA_ev4,1700259252.0,3,0.142,SpA,0.000355,5.3e-05,0.00054,0.000359,0.000404,0.000537,0.000129,0.000123,0.000505,0.00026,0.000435,0.000679,9.3e-05,0.000579,0.000518,0.000585,0.011813,0.011831,0.031834,0.032248,0.031592,0.031672,0.031543,0.03178,0.031707,0.032024,0.03191,0.031838,0.031695,0.031701,0.031888,0.031696,0.031735,0.031956,0.020314,0.020423,0.020298,0.020363,0.020423,0.019948,0.041656,0.04204,0.021762,0.021766,0.021852,0.022265,0.021963,0.021728,0.022139,0.021915,0.021931,0.022223,0.022077,3e-05,0.000288,0.000277,0.00059,8.3e-05,0.000423,1.9e-05,0.000668,0.000155,0.00058,0.000531,0.000653,0.000279,0.00032,0.00062,0.000247,0.00011,0.000459,0.000211,0.000251,0.000384,0.000338,0.000544,0.000696,0.000621,0.000271,0.000525,0.000188,0.000378,0.000131,0.000669,0.000216,0.000252,0.000668,0.000421,0.000562,0.000641
SpA_ev4,1700259256.0,2,0.462,SpA,0.056902,0.056179,0.05596,0.055595,0.05575,0.057527,0.003092,0.002312,0.002793,0.000556,0.002309,0.003277,0.003203,3.8e-05,0.00052,0.001202,0.000244,0.003285,0.000208,0.001606,0.003266,0.00321,0.001824,0.001079,0.001881,0.00076,0.00029,0.002328,0.000474,0.000716,0.00317,0.000102,0.00253,0.000782,0.049327,0.048149,0.04898,0.04915,0.050227,0.047694,0.049739,0.049441,0.049628,0.050492,0.04982,0.00177,0.000177,0.001609,0.003205,0.002712,0.001441,0.002068,0.002725,0.002737,0.000661,0.000546,0.002118,0.003161,0.000224,0.001823,0.003188,0.001635,0.00054,0.00142,0.000274,0.002812,0.001543,0.002262,0.000806,0.002498,0.001189,0.002337,0.00134,0.002949,0.002383,0.000302,0.002561,0.000986,0.000674,0.001929,0.001479,0.001296,3.7e-05,0.002746,0.000493,0.000214,0.001593,0.000279,0.002293,0.001349
SpA_ev4,1700259260.0,3,0.49,SpA,0.000228,0.000448,0.000125,0.000717,0.000149,7.4e-05,0.000761,0.000131,0.010268,0.010071,0.009999,0.010002,0.03075,0.030808,0.030535,0.030753,0.030843,0.030753,0.055446,0.055016,0.055156,0.055257,0.054983,0.055387,0.055152,0.055305,0.055106,0.055347,0.045633,0.025384,0.02507,0.025751,0.025301,0.024991,0.025283,0.00012,0.000523,0.000166,0.000783,2.7e-05,0.00048,0.000298,0.000243,0.000802,0.000135,0.000781,0.000411,0.000632,0.00018,0.000627,0.000536,0.00023,0.000841,0.000651,0.000727,4.3e-05,0.000575,0.000507,0.000323,0.000126,0.000213,0.000805,0.000171,5.2e-05,9.4e-05,0.00034,6.2e-05,3.1e-05,7.9e-05,0.000481,0.000773,0.000835,9.4e-05,0.000472,0.000646,3.5e-05,0.000768,0.000825,0.000257,0.000842,0.000473,0.000285,0.000133,0.000647,0.000387,0.000235,0.000641,0.000546,0.000713,0.000316
SpA_ev4,1700259264.0,3,0.87,SpA,0.000763,0.000865,0.001125,0.000874,0.000295,0.001109,0.000766,0.00084,0.001029,0.001068,0.00048,0.000163,0.000756,0.000925,0.000259,0.000346,8.6e-05,0.000546,0.001156,0.000159,0.000984,0.000706,0.000468,0.000938,0.001148,0.001098,0.00079,0.029717,0.030519,0.030187,0.030468,0.042305,0.04294,0.043253,0.04218,0.042694,0.042148,0.042405,0.042448,0.042852,0.042743,0.042844,0.013233,0.013428,0.013072,0.013288,0.013808,0.000496,0.025731,0.025467,0.025628,0.025321,0.025573,0.025161,0.025095,0.024939,0.025568,0.02487,0.025609,0.025544,0.000905,0.000259,0.001081,0.000681,0.000624,0.000919,4.3e-05,0.000566,0.000573,0.000168,0.000956,0.000478,3.9e-05,0.000318,0.001108,0.000276,0.000589,0.000138,0.000107,0.000949,0.000792,0.000746,0.001145,0.000837,0.000215,0.000658,0.000813,0.000506,0.001135,0.001099
SpA_ev4,1700259268.0,1,1.111,SpA,0.047048,0.048009,0.047572,0.047406,0.046203,0.04817,0.04634,0.046228,0.04781,0.047831,0.046083,0.048055,0.047749,0.046629,0.046042,0.046138,0.046928,0.046674,0.046032,0.001572,0.000943,0.002426,0.002556,0.002412,9.6e-05,0.000313,0.001487,0.001097,0.001872,0.001744,0.001739,0.000872,0.000573,0.001276,0.000361,0.00236,0.00035,0.001279,0.001112,0.000638,0.001003,0.002169,0.001404,0.00107,0.002514,0.00139,4.3e-05,0.001544,0.00285,0.001541,0.000151,0.002285,0.001812,0.000413,0.001908,0.002077,0.002535,0.001298,0.002759,0.001498,0.002216,0.002605,0.00292,0.002357,0.002808,0.000559,0.000898,0.001568,0.002266,0.001138,0.002374,0.00034,0.00196,0.000571,0.001491,0.002991,0.000784,0.001753,0.003038,0.002183,3e-06,0.001085,0.002748,0.000116,0.000505,0.002632,0.002849,0.000862,2.9e-05,6.1e-05
SpA_ev4,1700259272.0,4,0.531,SpA,0.000419,0.000538,0.000446,0.000608,0.000363,0.000341,0.019005,0.019401,0.032828,0.032306,0.032311,0.032491,0.032751,0.03278,0.03273,0.050863,0.051134,0.032038,0.032498,0.032236,0.032,0.032439,0.032249,0.032429,0.03239,0.031901,0.03226,0.032104,0.032012,0.018803,0.01915,0.019255,0.019258,0.019153,0.027032,0.007981,0.008295,0.008238,0.008426,0.008275,0.008054,0.008345,0.008007,0.008078,0.008142,0.00857,0.007986,0.008602,0.000551,0.000609,0.000479,0.000314,0.00052,0.000652,0.000502,2.1e-05,0.000286,0.000601,0.000219,3.5e-05,0.000375,1e-06,0.000301,0.000163,0.000382,0.0002,0.000358,0.000482,5.3e-05,0.000164,5.8e-05,0.000634,8.4e-05,0.000614,1e-05,0.000319,0.000455,5.7e-05,0.000112,0.000469,0.000152,7.9e-05,0.000451,1.5e-05,0.000261,0.000109,0.000302,0.000577,0.000194,0.000261
SpA_ev4,1700259276.0,2,0.943,SpA,0.000316,0.000863,0.000189,0.000863,0.00019,0.000757,0.000859,0.00054,0.000639,3.5e-05,0.000373,0.000407,0.000921,0.000602,0.000128,0.000519,6.1e-05,0.000841,0.000374,0.000752,0.026142,0.026202,0.026482,0.0259,0.025778,0.025796,0.026397,0.0258,0.025656,0.025699,0.026465,0.025961,0.049579,0.049576,0.050215,0.050056,0.049876,0.024034,0.024021,0.024171,0.024751,0.024017,0.024128,0.024351,0.024368,0.024146,0.024326,0.024587,0.02456,0.024489,0.024712,0.023876,0.024003,0.023955,0.000202,0.000697,0.0009,0.000361,0.000864,0.000724,2.5e-05,0.000113,0.00013,0.000816,0.000253,0.000395,0.000231,0.000374,0.000273,0.000141,0.000467,0.000682,0.000928,0.000138,0.0003,0.000257,0.000819,0.000215,0.000298,0.000488,9.6e-05,0.000931,0.000362,0.000555,0.000284,6.6e-05,0.000596,0.00061,0.00077,0.000334
SpA_ev4,1700259280.0,4,0.227,SpA,0.000425,0.019614,0.020205,0.019733,0.019974,0.029368,0.029723,0.029259,0.029941,0.029274,0.029679,0.029436,0.029622,0.029848,0.029282,0.02917,0.029951,0.02915,0.029743,0.010082,0.010226,0.009715,0.010299,0.000673,0.000355,0.018579,0.01855,0.018471,0.018605,0.019216,0.01902,0.018841,0.018746,0.018502,0.019039,0.01881,0.000351,0.000263,0.000625,0.000245,0.000255,0.000304,8.6e-05,0.00077,0.000617,0.000693,8.7e-05,0.021977,0.021496,0.021542,0.021559,0.021878,0.022182,0.022048,0.02179,0.021957,0.022248,0.02165,0.000275,0.000743,0.000279,0.00026,0.0002,0.000442,0.000604,8.4e-05,3.6e-05,0.000705,0.000637,0.000126,0.000784,0.000233,0.00025,0.000582,0.000767,0.000494,0.000604,0.000444,0.000395,0.000768,0.000195,0.0008,0.000326,0.000705,0.000705,0.000513,5.1e-05,0.000738,0.000494,1.4e-05
SpA_ev4,1700259284.0,4,0.244,SpA,0.000297,7e-06,0.000283,0.000358,0.000282,0.000424,0.000179,0.000343,0.000455,0.000108,6.4e-05,0.000276,0.000413,0.000104,0.008158,0.008042,0.008044,0.008132,0.008171,0.007795,0.008132,0.033745,0.033917,0.033489,0.033862,0.033569,0.033531,0.033916,0.033453,0.033727,0.033837,0.046777,0.046764,0.046812,0.046904,0.046968,0.046708,0.046821,0.039131,0.039325,0.026371,0.013577,0.013406,0.013581,0.013336,0.013592,0.013403,0.013422,0.013257,0.013286,0.013482,0.013467,0.0134,0.000374,0.000484,0.000313,0.000113,0.000275,0.000136,0.000384,8.5e-05,0.000241,0.000248,0.000257,0.000357,0.000104,0.000299,0.00017,0.000392,0.000313,0.000474,0.000133,2.3e-05,0.000314,0.000118,0.000126,0.000452,7.3e-05,0.000276,8.4e-05,0.000274,3.4e-05,0.000408,0.000357,0.000264,0.000317,0.000463,9e-06,0.000266,8.8e-05
SpA_ev4,1700259288.0,2,0.178,SpA,0.000857,0.000845,0.001299,0.001127,0.000669,0.001309,0.000622,0.00047,0.000618,0.000308,0.000699,0.00094,0.000158,0.024662,0.023274,0.044522,0.044265,0.045624,0.045279,0.044466,0.044906,0.045038,0.045505,0.04447,0.044995,0.044953,0.04474,0.044986,0.045517,0.021952,0.021709,0.021242,0.021271,0.021782,0.021673,0.022205,0.021887,0.02139,0.022112,0.021454,0.02162,0.021232,0.000541,0.000106,0.001368,0.000454,0.000543,0.000748,0.000313,0.000683,0.001415,0.0008,0.000653,0.000125,0.000261,0.000105,0.00041,0.000571,0.001003,0.001251,0.000664,0.000674,0.000241,0.001337,0.00051,0.00033,0.000208,0.000994,0.000749,0.000357,0.000819,0.000332,0.001247,0.000185,0.000645,0.001163,0.000283,0.001204,0.001204,0.000487,0.000587,0.000333,0.000392,0.000659,0.000626,0.000218,0.00118,0.000996,0.000333,0.001039
SpA_ev4,1700259292.0,3,1.358,SpA,0.012426,0.01262,0.012118,0.011983,0.012519,0.012107,0.012185,0.01211,0.011957,0.032698,0.032678,0.032634,0.032741,0.033091,0.032957,0.032646,0.033223,0.033295,0.03325,0.032815,0.020889,0.021125,0.021214,0.021138,0.02093,0.034217,0.034086,0.03407,0.03388,0.033735,0.034063,0.033617,0.013065,0.012896,0.012956,0.013491,0.013476,0.013005,0.013054,0.013143,0.012905,0.013082,0.012901,0.013084,0.01303,0.000617,0.000167,0.000209,0.000368,0.000407,0.000356,0.000289,0.000181,0.000138,0.000421,0.000523,0.000174,0.00067,0.000692,4.3e-05,0.000291,0.00068,0.000292,0.00056,0.000152,0.000197,0.000509,0.000239,0.000273,0.000159,1.1e-05,0.000489,0.000348,0.000128,0.000646,2e-05,0.000527,0.000289,0.000646,0.000567,7.4e-05,0.000678,0.000206,2.1e-05,9.9e-05,0.000313,0.000478,0.000278,0.000347,0.000126
SpA_ev4,1700259296.0,1,1.228,SpA,0.000548,0.001461,0.001513,0.002495,0.000565,0.00096,0.00156,0.001475,0.001012,0.002427,0.000144,0.000883,0.001846,0.000628,0.002472,0.000677,0.000149,0.000543,0.002056,0.002554,0.002632,0.002149,0.044942,0.04449,0.043986,0.044675,0.044772,0.043638,0.044133,0.046058,0.044404,0.043766,0.043632,0.045254,0.04388,0.044935,0.046123,0.04555,0.045439,0.046106,0.044029,0.044302,0.00191,0.002324,0.001596,0.000968,0.001191,0.001825,0.002534,0.000286,0.00257,0.000299,0.000466,0.001201,0.000395,0.001484,0.001134,0.000733,0.002309,0.001049,0.002129,0.000676,0.002039,0.000155,0.001738,0.001909,0.001028,0.002235,0.001678,0.00081,0.002106,0.000947,0.000851,0.001036,0.002089,0.001963,0.001499,0.002581,0.001732,0.001102,0.002194,0.001674,0.002125,0.001803,0.002392,0.002538,0.002604,0.002073,0.002375,0.000778
SpA_ev4,1700259300.0,2,0.112,SpA,0.000187,0.000984,0.000754,0.000125,0.000958,0.000452,0.000233,0.000194,0.001358,0.00166,0.000287,0.001485,0.001379,0.001155,0.001149,0.001482,0.000449,0.000596,0.001042,0.001493,0.000489,0.000423,0.001065,0.00082,0.002032,0.001001,0.001538,0.0002,0.000606,0.002081,0.001656,0.001719,0.000277,0.001689,0.000882,9.1e-05,0.000817,0.00143,0.032078,0.063523,0.064349,0.062567,0.063493,0.062777,0.063906,0.063151,0.064118,0.063527,0.063562,0.064349,0.06393,0.062786,0.033027,0.031741,0.001007,0.000516,0.000721,0.000382,0.001417,0.002089,0.001652,0.000483,0.001257,0.001062,0.000432,0.001477,0.001873,0.000149,0.001573,0.000852,0.000678,0.002083,0.00063,0.001096,0.001305,0.001723,0.00077,0.00166,0.000461,0.00203,0.00107,0.000333,0.002093,0.001671,0.001275,0.001431,0.001562,0.000175,0.001794,9.9e-05
SpA_ev4,1700259304.0,4,1.151,SpA,0.000253,0.000521,0.000502,3.7e-05,0.000191,6.4e-05,6.4e-05,7.2e-05,0.000435,0.000383,0.00014,6.7e-05,0.000166,0.000216,0.000164,0.000128,0.000526,0.000104,0.015255,0.01559,0.015271,0.015279,0.015306,0.01552,0.026852,0.027082,0.027048,0.027027,0.026796,0.038156,0.047925,0.048061,0.047586,0.047881,0.047872,0.048035,0.047879,0.047832,0.047702,0.047771,0.04798,0.047638,0.032842,0.02148,0.021413,0.021728,0.010066,0.009668,0.009878,0.009628,0.010127,0.000169,0.000471,0.00032,0.000259,0.000392,6.7e-05,0.000461,0.000189,0.000251,0.000425,0.000251,0.000397,0.000519,0.000289,6.5e-05,0.000156,0.000403,0.000352,7.1e-05,0.000224,0.000176,0.000196,0.000212,0.000491,0.00014,0.00019,0.00011,0.000282,0.000504,0.000249,3.1e-05,0.000341,5.9e-05,0.000154,1.3e-05,0.000148,4.2e-05,0.000493,0.00023
SpA_ev4,1700259308.0,1,0.818,SpA,9.4e-05,0.001486,0.000274,0.000801,0.002013,0.000885,0.002058,0.000432,0.001764,0.000964,0.002287,0.002209,0.000562,0.000172,0.00131,0.000594,0.001017,0.001316,0.001158,0.000886,0.000879,0.000809,0.00203,0.002307,0.000904,0.001459,0.001275,0.0011,0.001196,0.000664,0.000708,0.001264,0.047514,0.047923,0.047793,0.048534,0.048668,0.048308,0.049364,0.047992,0.048818,0.047643,0.048967,0.049016,0.047652,0.049253,0.049311,0.049108,0.048193,0.047215,0.048103,0.00132,0.000183,0.000679,0.00026,0.000774,0.000671,0.000431,9.6e-05,0.00078,8.5e-05,0.002291,0.002198,0.00153,0.000584,0.001518,0.001684,0.001421,0.001735,0.000929,0.001557,0.001095,0.000933,0.001536,0.000441,0.001991,0.001625,0.001124,0.000833,0.000491,0.002239,0.00103,0.00065,0.001323,0.001091,0.000107,0.000823,0.002006,0.001575,0.002111
SpA_ev4,1700259312.0,3,0.703,SpA,0.000278,0.000566,0.000119,0.000124,0.00028,0.000137,0.00072,0.000481,0.000793,0.000571,0.000289,0.000375,0.000423,0.000801,0.000487,0.000635,0.000296,0.000506,0.022075,0.022221,0.022067,0.022198,0.022196,0.022181,0.02191,0.022324,0.022355,0.022516,0.022347,0.045558,0.045645,0.045103,0.045532,0.058783,0.037051,0.036841,0.036559,0.036813,0.036761,0.036701,0.036524,0.036658,0.037274,0.023211,0.023395,0.023349,0.023483,0.023469,0.023457,0.023293,1.9e-05,0.000555,0.000203,0.000505,5.5e-05,0.000369,0.000221,0.000765,0.000645,0.000137,0.000521,0.000118,0.00037,0.000169,0.000357,4.4e-05,8.5e-05,0.000476,0.000339,0.000438,0.000744,0.000222,6.1e-05,0.000312,0.000265,0.00034,5e-05,0.000599,0.000125,0.000251,8.3e-05,0.000496,0.000632,0.00052,0.000153,6.1e-05,0.000113,6.7e-05,0.000136,0.000649
SpA_ev5,1700345600.0,2,1.02,SpA,0.001288,0.000354,0.001242,0.00051,0.00051,0.000942,0.000861,0.001139,0.001196,0.000384,0.000336,0.001076,0.000245,0.000387,0.001037,0.001134,0.000283,0.001035,0.000714,0.001066,0.000208,0.000135,0.001081,0.016343,0.035788,0.036599,0.036747,0.03659,0.035705,0.036322,0.03651,0.035753,0.036826,0.03588,0.036453,0.036055,0.036838,0.036252,0.036653,0.035628,0.036349,0.036002,0.036413,0.036102,0.036084,0.036195,0.036209,0.036563,0.036587,0.016083,0.01696,0.001205,0.000841,0.001283,0.000251,0.001241,0.000542,0.000161,0.000562,0.001026,0.000764,0.001267,0.000745,0.000903,0.001052,0.000874,0.00035,0.000759,0.001198,0.000453,0.000351,3.8e-05,0.000102,0.000252,6.7e-05,0.000652,0.000871,0.000504,0.000916,0.001021,0.000196,0.000859,0.00013,0.000504,0.000997,0.000453,0.000428,0.00048,0.001204,0.00085
SpA_ev5,1700345604.0,1,1.139,SpA,0.000411,0.001522,0.000217,0.001429,0.00025,0.000836,0.000267,0.001368,0.001172,0.001632,0.000531,0.001031,0.000429,0.00079,0.001013,0.00173,0.00016,0.000599,0.000229,0.000611,1.7e-05,0.000277,0.001767,0.000218,4.6e-05,0.000868,0.001604,0.000795,0.001603,0.040841,0.040483,0.041346,0.040475,0.039955,0.040603,0.040297,0.040051,0.040273,0.040043,0.040367,0.040877,0.041068,0.041525,0.040081,0.040342,0.040636,0.041569,0.040377,0.04076,0.040285,0.041642,0.041071,0.000903,0.000727,0.001598,0.001791,0.00131,0.001055,0.001706,0.001757,0.000223,0.001568,0.001333,0.00142,0.000996,0.001728,0.001155,0.001002,0.00147,9.7e-05,0.000687,0.001366,8.5e-05,0.0005,0.000888,0.001393,0.001213,0.001436,0.001773,0.001112,0.001173,0.000462,0.001548,1.5e-05,0.001209,0.000109,0.001047,0.001466,0.001714,0.000576
SpA_ev5,1700345608.0,3,0.533,SpA,0.000572,0.000482,0.017397,0.017281,0.017063,0.017358,0.017558,0.017471,0.017064,0.017313,0.017023,0.017094,0.017256,0.017566,0.017532,0.016864,0.017482,0.017537,0.017432,0.01705,0.034892,0.034908,0.03488,0.034613,0.034709,0.045472,0.045092,0.045027,0.045033,0.045401,0.028719,0.02818,0.028353,0.028242,0.028214,0.028037,0.028667,0.017822,0.018114,0.018259,0.017928,5.4e-05,0.000678,0.000649,7.9e-05,0.000264,0.000586,0.000112,0.000355,0.00041,0.000226,0.000596,0.000407,0.000607,0.000501,0.000299,0.000113,0.000465,0.000256,0.000342,9.1e-05,0.000557,0.000589,0.000696,0.000433,0.000158,0.000648,9e-06,0.000296,0.000275,0.000397,0.000245,0.000324,0.000481,0.000384,1e-05,0.000113,1.9e-05,0.000683,0.000211,0.000619,0.000385,0.0004,0.000137,6.1e-05,0.000364,0.000163,0.000693,0.000535,7.2e-05
SpA_ev5,1700345612.0,1,0.753,SpA,8.6e-05,0.001339,0.000891,0.001241,0.000122,0.000175,0.001232,0.001077,0.000447,0.000623,0.001175,0.001138,0.001117,0.00146,0.00132,0.000906,0.001251,0.001148,0.000881,0.000271,0.000975,0.000942,0.000277,0.0012,0.001199,0.001259,0.0009,0.00145,0.000282,0.0014,0.000321,0.000554,0.000133,0.044511,0.044109,0.04487,0.044725,0.044942,0.045208,0.044302,0.045426,0.044427,0.044885,0.045502,0.044459,0.04534,0.045513,0.045229,0.045455,0.045534,0.044358,0.045305,0.044134,0.044416,0.000133,0.001213,0.00036,0.000584,1e-05,0.000976,0.000907,0.001067,0.001096,9.8e-05,0.000808,0.001196,0.001192,0.001077,0.001458,0.000982,0.001227,0.00069,0.000796,5e-05,0.000713,0.000178,0.000762,0.000333,1.3e-05,0.000812,0.000901,0.00152,0.001464,0.000892,0.000993,0.001249,0.001014,6e-06,0.000734,0.001055
SpA_ev5,1700345616.0,2,0.92,SpA,0.000535,0.001137,0.001541,0.001493,0.000866,0.000702,0.000894,0.000849,0.000418,0.001204,0.001239,0.000912,0.000886,0.001333,0.000191,0.000252,0.000732,0.00104,0.001453,0.001071,0.00062,0.000169,0.000361,0.000495,0.001505,0.001439,0.001046,0.001368,0.001481,0.001237,0.000861,0.001394,0.00083,4.4e-05,0.000774,0.001213,0.000908,0.001109,0.001381,0.000124,0.000103,0.000885,0.000651,0.000595,0.000398,0.001369,0.00149,0.000682,0.000764,0.026964,0.02657,0.027306,0.027023,0.027738,0.026509,0.064689,0.063766,0.064615,0.064698,0.064091,0.03753,0.037774,0.037844,0.038615,0.037649,0.038054,0.038773,0.038307,0.038504,0.037298,0.037932,0.037365,0.001074,0.001516,8.2e-05,0.001032,0.000957,0.000274,0.001436,0.001449,0.000291,0.000649,0.000928,0.001395,0.000937,8e-05,9e-06,0.001461,0.001536,0.001236
SpA_ev5,1700345620.0,3,0.142,SpA,0.001255,0.001054,0.000294,0.000389,0.001234,0.000236,5.1e-05,0.000453,0.000179,0.000959,0.000472,0.000892,0.001145,0.000482,0.001376,0.001461,0.000865,0.000744,0.000118,0.000973,0.001487,0.000815,0.000376,0.000229,0.000869,5e-06,0.000238,0.019851,0.020994,0.020695,0.020786,0.020377,0.036996,0.036685,0.036535,0.036153,0.036846,0.036639,0.03667,0.071806,0.071821,0.071056,0.071012,0.071171,0.054692,0.0548,0.054325,0.03454,0.035508,0.000733,0.000665,0.000923,0.000218,0.001307,0.000105,0.000928,0.000218,0.001305,0.001447,0.000548,0.000397,0.001357,0.001467,0.001174,0.000515,0.000313,0.001088,0.001123,0.000142,0.000825,0.000695,0.000754,0.000835,0.000824,0.000829,0.00088,0.000175,0.000696,0.001021,0.000961,0.001234,0.000605,0.000817,9.2e-05,0.000537,0.000932,0.001223,0.000588,0.000733,0.000163
SpA_ev5,1700345624.0,2,0.857,SpA,0.001748,0.00042,6.1e-05,0.001331,0.001858,0.000623,0.00066,0.032139,0.031055,0.032113,0.032874,0.03231,0.031639,0.031311,0.031899,0.032232,0.030926,0.03235,0.000638,0.000199,0.001809,0.000648,0.001087,0.000804,0.002062,0.001563,0.000401,0.000129,0.001198,0.001333,0.001568,0.001249,0.001314,0.001634,0.000216,0.000102,0.001991,0.001587,0.000258,0.00151,0.038891,0.038558,0.039495,0.039113,0.040507,0.038553,0.039328,0.03869,0.039,0.038591,0.03875,0.040411,0.039117,0.040407,0.03915,0.001062,0.00062,0.001926,0.002063,0.000207,0.001866,0.000856,0.000517,0.001121,0.0005,0.000233,0.000229,0.000251,0.000325,0.001471,8.7e-05,0.001424,0.000182,0.000638,0.000871,0.001898,0.000461,0.001947,0.001772,0.000977,0.001029,0.000626,0.00055,0.000164,7.3e-05,0.000755,0.001777,0.000433,0.00159,9.1e-05
SpA_ev5,1700345628.0,1,1.173,SpA,0.052963,0.054039,0.053691,0.053367,0.05352,0.054513,0.053134,0.05316,0.05313,0.052457,0.052514,0.052433,0.053852,0.053033,0.053394,0.054411,0.053319,0.001878,0.001094,0.00097,0.000667,0.001924,0.000884,0.00168,0.000203,0.00047,0.002177,0.002333,0.001033,0.002147,0.001372,0.002127,0.001931,0.00228,0.00126,0.002201,0.000751,0.001983,0.00135,0.001996,0.001572,0.000696,0.001719,0.001035,1e-06,0.00224,0.002264,9.1e-05,8.5e-05,0.000327,0.001525,0.000822,0.001084,0.000275,0.000707,0.002284,0.001028,0.001774,0.001432,0.002211,0.000233,0.000153,0.001854,0.000429,0.000336,0.001115,0.001181,0.000674,0.001551,0.001852,0.000114,0.001913,0.001953,0.00161,0.001624,0.000423,0.002255,0.002273,0.000966,0.001267,0.001852,0.001831,0.001599,0.000603,3.4e-05,0.002101,0.000647,0.000534,0.001114,0.001098
SpA_ev5,1700345632.0,4,1.324,SpA,0.000425,5e-06,0.000403,0.000255,0.000212,1e-05,0.000469,6.4e-05,0.000577,7.9e-05,8.8e-05,0.00071,0.016952,0.016839,0.016881,0.016687,0.016742,0.017009,0.01672,0.016901,0.000536,0.000265,0.000495,0.000276,7e-06,0.000139,0.000706,0.015699,0.015835,0.016059,0.016047,0.016034,0.031436,0.031686,0.051854,0.051741,0.051562,0.051793,0.051499,0.051724,0.051825,0.051681,0.036452,0.036138,0.036286,0.036166,0.036588,0.035989,0.036141,0.016317,0.016416,0.000639,0.000187,0.000543,2.7e-05,0.000546,0.000369,0.000592,0.0001,0.00029,0.000596,6.2e-05,0.000617,0.000196,0.000775,0.000623,0.000593,4.9e-05,0.000262,0.000553,0.000135,0.000689,0.000743,5.2e-05,0.000523,0.000724,0.00014,0.000251,0.000502,0.000551,0.000584,0.000323,0.00023,0.000756,9.1e-05,0.000402,0.000453,0.000517,0.000771,0.000524
SpA_ev5,1700345636.0,1,0.381,SpA,0.001775,0.000574,0.00108,0.002155,0.001566,0.000714,0.002126,0.000624,0.001056,0.000414,0.000879,0.002151,0.002002,0.002264,0.000322,0.001268,0.00049,0.000515,0.001063,0.000299,0.000263,0.001498,0.001097,0.001938,0.001207,0.0012,0.001674,0.002396,0.001879,0.002667,0.002065,0.08105,0.080538,0.080339,0.080332,0.079948,0.081081,0.079645,0.080731,0.079911,0.079918,0.079837,0.002223,0.000557,0.002314,0.002397,0.000823,0.001138,0.001495,0.000633,0.001467,0.002419,0.001083,0.002513,0.000831,0.002649,0.00204,0.002478,0.000106,0.001281,0.001465,0.002399,0.002179,0.001635,0.00239,0.0021,0.000434,0.002206,0.00043,0.001026,0.00182,0.001951,0.002173,0.002139,0.002464,0.00135,0.00184,0.002624,0.000884,0.000671,0.000735,0.001922,0.000517,0.002046,0.001076,0.002614,0.00122,0.000163,0.000606,0.001925
SpA_ev5,1700345640.0,4,0.173,SpA,0.000542,0.000516,0.000258,0.000604,0.000572,9.4e-05,0.000398,0.000201,0.00019,0.015478,0.015436,0.015736,0.01552,0.015601,0.015713,0.015457,0.015313,0.015709,0.015528,0.015306,0.01544,0.015434,0.024129,0.023687,0.023945,0.024137,0.008807,0.008567,0.008904,0.017038,0.016606,0.017122,0.017112,0.032497,0.032448,0.032082,0.032301,0.032079,0.032146,0.032382,0.03247,0.032197,0.032087,0.024262,0.023785,0.023693,0.023793,0.023767,0.024057,0.024189,0.024015,0.024192,0.02404,0.015503,0.015665,0.000602,0.000298,8.5e-05,5.3e-05,0.000385,0.000534,0.000416,0.000558,0.00025,0.000114,0.000263,0.000361,0.000258,0.00058,0.000246,0.000158,0.000135,0.000519,0.000356,0.000365,0.000212,0.000359,0.000177,6e-06,0.000499,0.000409,0.000269,0.000213,0.000291,0.000583,0.000123,0.000457,0.000431,0.000451,0.000235
SpA_ev5,1700345644.0,2,0.984,SpA,0.00045,0.000407,0.000589,0.000363,7.8e-05,0.000435,0.000259,0.000396,0.025536,0.025889,0.02609,0.025359,0.025422,0.025241,0.025934,0.025555,0.025238,0.025999,0.025632,0.026033,0.025359,0.025608,0.025379,0.025716,0.026052,0.025858,0.025506,0.025684,0.043591,0.043862,0.043958,0.044306,0.044143,0.018996,0.018708,0.018665,0.018568,0.018305,0.018528,0.018446,0.018747,0.018882,0.019012,0.018702,0.019144,0.018676,0.000661,8.4e-05,0.000201,0.000527,0.000181,0.000729,0.000402,0.000126,0.000718,0.000763,6.9e-05,0.000259,0.000666,0.000748,0.000132,0.000879,0.000857,0.000233,0.000647,0.000733,0.000172,0.000672,0.00087,0.000541,0.000672,0.000278,0.000688,1.4e-05,0.000124,0.000198,0.000424,0.00062,9.7e-05,0.000444,0.000596,0.000435,0.000587,0.000745,0.000128,0.000819,0.000772,0.000194,0.000453,0.000538
SpA_ev5,1700345648.0,2,0.078,SpA,0.000414,0.000226,0.000154,0.000595,6.7e-05,0.000918,0.000907,0.000969,0.000764,0.000501,0.000604,0.000228,0.000321,0.000359,0.000555,0.01734,0.01747,0.01728,0.017287,0.017429,0.016834,0.043266,0.043684,0.043616,0.043104,0.043569,0.043046,0.043182,0.043752,0.043685,0.043758,0.043358,0.042909,0.043143,0.043615,0.042941,0.026415,0.026962,0.026497,0.026262,0.026354,0.027268,0.026628,0.026587,0.000634,0.00066,0.00107,0.000342,0.000646,0.000325,0.001061,0.000598,0.000318,0.001064,0.000743,0.000687,0.000596,0.000883,0.001023,0.000688,0.001065,0.001028,0.000181,0.000819,0.000971,0.000124,0.000206,0.000183,0.00057,8.7e-05,0.000199,0.000283,0.000804,0.000229,0.000994,0.000114,0.000682,0.000519,0.000155,0.000356,0.000746,0.000617,0.000279,0.00053,0.000152,0.000165,0.000337,0.000275,0.000364,0.000804
SpA_ev5,1700345652.0,2,1.066,SpA,0.001047,0.001608,0.000833,0.000456,0.001364,5.4e-05,0.001384,0.000301,0.000924,0.000737,0.000626,0.001108,0.000914,0.001657,0.001291,0.000846,0.000129,4.4e-05,0.000201,0.001621,0.000518,0.001042,0.00099,0.000733,0.001076,0.001585,0.024176,0.024253,0.024803,0.024105,0.023562,0.022998,0.023495,0.024046,0.024671,0.023141,0.023261,0.023742,0.023558,0.055742,0.055903,0.056354,0.055455,0.056476,0.056098,0.032203,0.033801,0.032815,0.033528,0.03337,0.032622,0.033416,0.032215,0.032503,0.001737,0.000193,0.001362,0.00164,0.000873,9.7e-05,0.001648,0.001387,0.001059,0.000321,0.001431,0.001477,0.000445,0.00017,0.001514,0.001733,0.000971,0.000275,0.001239,0.000914,0.000977,0.000787,0.000117,0.000737,0.000595,0.001493,0.001785,0.000708,0.001371,0.000474,0.000241,7.2e-05,0.001005,0.001647,0.000585,0.001517
SpA_ev5,1700345656.0,1,0.841,SpA,0.057921,0.057052,0.055824,0.057038,0.055863,0.056515,0.056537,0.055885,0.057528,0.055783,0.057309,0.05674,0.057215,0.056643,0.055814,0.056975,0.001466,0.000935,0.000577,0.000603,0.000169,0.00101,0.002219,0.001522,0.000125,0.001323,0.00245,0.001529,0.000706,0.000336,0.001651,0.000291,0.000301,0.000744,0.0007,0.002388,0.001647,0.000906,0.002322,0.002086,0.002411,0.001854,0.000256,0.001353,0.00099,0.001879,3.9e-05,0.001805,0.002205,0.002263,0.000852,0.000554,0.001985,0.001928,0.001164,0.001853,0.001753,0.000135,0.002215,0.000813,6e-05,0.00177,0.002149,0.001822,0.002441,0.001856,0.000976,0.001297,0.000123,0.002034,0.001024,0.001059,0.001598,0.000924,0.001476,0.002152,0.000728,0.001487,0.000602,0.001517,0.002274,0.000975,6.2e-05,0.000559,0.001327,0.000885,0.001329,0.001584,0.000347,0.00061
SpA_ev5,1700345660.0,3,1.378,SpA,0.000265,0.000402,0.000567,0.000161,0.000332,0.000196,0.000565,0.000595,0.000204,0.000459,0.000151,0.000315,0.000417,0.014929,0.015064,0.014791,0.014752,0.014883,0.014746,0.029443,0.029364,0.029149,0.029232,0.028971,0.029242,0.02944,0.029342,0.029217,0.029449,0.02925,0.029361,0.029439,0.02899,0.029332,0.029237,0.02942,0.029409,0.04393,0.043371,0.029089,0.029462,0.02904,0.015029,0.014522,0.014814,0.015016,0.01506,0.014758,0.015128,0.014886,0.015094,0.014745,0.014761,0.014698,0.014943,5.6e-05,0.000263,0.000528,0.000177,0.000259,0.000255,7.5e-05,0.00015,0.000613,0.000228,0.000108,0.000107,0.000397,0.000267,2.1e-05,0.000421,0.000392,0.000577,0.000206,0.000429,3e-05,0.000347,0.000529,8.1e-05,0.000609,0.000318,7.8e-05,0.000348,0.000144,0.000435,0.000149,0.000604,0.000485,0.000538,0.000349
SpA_ev5,1700345664.0,1,0.841,SpA,0.001292,0.002063,0.000309,0.001023,0.001897,0.002235,0.000436,0.00224,0.001576,0.002571,0.002074,0.00238,0.00021,0.002093,0.000606,0.002472,0.000354,0.002222,0.003199,0.000385,5.3e-05,0.002382,0.000509,0.001137,0.000983,8e-06,0.002684,0.002656,0.002099,0.000889,0.002828,0.001361,0.001307,0.002626,0.000974,0.001552,0.003064,0.000632,2e-06,0.002631,0.000319,0.000584,0.048208,0.047469,0.049062,0.050099,0.048055,0.048735,0.05048,0.050441,0.047602,0.049591,0.050177,0.049246,0.050279,0.050443,0.050163,0.050219,0.049679,0.048503,0.000267,0.001754,0.001652,0.000716,0.002423,0.003001,0.001574,0.002851,0.002084,0.003238,0.001969,0.002686,0.001107,0.000432,0.001257,0.002211,0.001449,0.002105,0.001636,0.003226,0.000472,0.000433,0.000261,0.001281,0.002393,0.002559,0.001651,0.000596,0.000189,0.001159
SpA_ev5,1700345668.0,1,1.129,SpA,0.001683,0.001162,0.000731,0.001059,0.00144,0.001011,0.001747,0.001089,0.000599,0.001533,0.001026,0.002455,0.000106,1.9e-05,0.001485,0.001264,0.000806,0.000846,0.000244,0.001013,0.001101,0.001745,0.002525,0.000218,0.00073,0.000146,0.0011,0.002511,0.00039,0.002188,0.001404,0.000391,0.000896,0.000315,0.001282,0.056857,0.058139,0.057288,0.056721,0.056258,0.056239,0.056942,0.056682,0.057883,0.057938,0.056525,0.058023,0.056018,0.056165,0.056814,0.056152,0.001918,0.002039,0.002474,0.00174,0.000384,0.002342,0.001807,0.001721,0.000755,0.000772,0.001509,0.002057,0.00116,0.00065,0.00089,0.000644,0.002205,0.002447,0.001161,0.001358,0.000542,0.001432,0.001422,0.000265,0.002316,0.000253,0.001,0.000149,0.00036,0.001223,8e-05,0.002424,0.001856,7.1e-05,0.001927,0.002192,0.000292,0.001861,0.0014
SpA_ev5,1700345672.0,4,0.334,SpA,0.000474,0.000343,0.000678,0.000559,0.000159,0.000692,0.00024,1.2e-05,0.000465,0.000614,0.000714,2.9e-05,0.000651,0.021644,0.02207,0.021945,0.021873,0.021622,0.02174,0.021614,0.022215,0.02998,0.030187,0.029905,0.030298,0.030497,0.046934,0.046499,0.046603,0.025487,0.025526,0.025281,0.024904,0.039532,0.039013,0.039041,0.039488,0.039384,0.039138,0.039229,0.039483,0.031265,0.03105,0.030839,0.00035,0.000663,0.000705,0.000516,0.000587,0.000288,0.000302,0.000583,0.000187,0.000252,0.000375,0.000275,0.000648,0.000683,0.000488,0.000697,0.000352,0.000499,0.000609,0.000696,0.000602,0.000439,0.000681,0.000696,0.000381,0.000224,0.000478,0.000236,0.000135,0.000497,0.000303,0.000654,0.000707,0.000146,0.000235,0.000262,0.00027,0.000386,0.000707,0.000305,0.000155,0.000174,0.000506,4.6e-05,0.000579,0.000523
SpA_ev5,1700345676.0,2,0.335,SpA,0.0005,0.000923,0.001462,0.001066,0.001481,0.000315,0.000461,0.000978,0.000209,0.001041,0.00144,0.001344,0.00112,0.00114,0.000745,6.3e-05,0.00131,0.000726,0.000771,0.000714,0.000823,0.00105,0.000798,0.000715,0.00086,0.023559,0.024224,0.024277,0.023111,0.02394,0.023233,0.023199,0.023426,0.023595,0.022986,0.023328,0.023076,0.023187,0.023485,0.023816,0.001426,0.001413,0.001592,0.001349,5.6e-05,0.035706,0.034847,0.035623,0.035624,0.034227,0.03502,0.035653,0.03529,0.03501,0.034292,0.035377,0.034588,0.035657,0.034901,0.034635,0.035759,0.035318,0.000243,0.000455,0.00047,0.000151,0.000608,0.000315,0.001245,0.000388,0.001599,0.000677,0.000522,0.001528,0.001349,0.00083,0.000519,0.001547,0.000714,0.001023,0.000288,0.001365,0.000604,0.00135,0.000393,0.000251,0.000368,0.001489,0.000975,0.000873
SpA_ev5,1700345680.0,4,1.029,SpA,0.000332,0.000494,1e-06,0.00016,0.000137,0.000444,6e-06,0.000538,0.00012,0.000292,0.010849,0.010882,0.010958,0.01119,0.010824,0.011233,0.024679,0.024682,0.024667,0.031224,0.03146,0.031717,0.031566,0.045663,0.045686,0.045558,0.034611,0.034914,0.03464,0.035039,0.035029,0.034596,0.034628,0.03497,0.034998,0.035081,0.034964,0.021171,0.021092,0.014229,0.014297,0.014594,0.014681,0.014471,0.014338,0.014199,0.014577,0.014198,0.014306,0.014288,0.000289,4.6e-05,0.000133,0.00052,0.000457,0.000128,0.000479,2.2e-05,0.000501,0.000387,0.000157,0.00011,0.000231,0.000173,0.000513,0.000275,0.000217,0.000403,0.000176,0.000279,0.000412,0.000181,0.000168,0.000379,0.000276,0.000182,0.000422,8e-05,0.000111,0.000192,0.000387,6.7e-05,0.000155,0.000306,0.0,0.000354,0.000235,0.000406,0.000446,0.00047
SpA_ev5,1700345684.0,4,0.682,SpA,0.000184,0.000215,0.000377,0.00023,0.000352,0.000123,3.2e-05,0.000292,0.000645,0.000219,0.000155,0.000134,0.000148,0.000638,0.000518,0.000212,4.7e-05,0.015593,0.015688,0.016199,0.028864,0.0291,0.028916,0.029048,0.029377,0.029061,0.029022,0.029251,0.029301,0.029003,0.013409,0.013662,0.0137,0.037138,0.037531,0.037167,0.037131,0.037561,0.037471,0.037266,0.037066,0.03726,0.037528,0.023805,0.024433,0.02414,0.024267,0.023967,0.024063,0.023915,0.024138,0.024457,0.015601,0.00015,8e-06,0.000421,0.000138,0.000106,0.000181,0.000292,0.000194,6e-05,0.000332,0.000585,0.000533,0.000433,0.000256,0.000564,0.000427,7.8e-05,0.000537,0.000327,0.000314,2.8e-05,5.6e-05,0.00059,0.000251,0.000156,0.000332,0.00049,0.000143,0.000141,0.000577,0.000364,0.000225,0.000213,0.000468,0.000177,0.000198,3.4e-05
SpA_ev5,1700345688.0,4,0.483,SpA,0.000389,0.000717,0.000666,0.000708,0.000337,0.000563,0.000349,0.00013,0.000144,0.00043,0.019103,0.019194,0.019087,0.019098,0.01964,0.019505,0.019342,0.01919,0.01974,0.030559,0.031297,0.030987,0.030939,0.030934,0.011969,0.011958,0.012238,0.011972,0.026274,0.026125,0.026101,0.026033,0.026116,0.026527,0.014397,0.014973,0.014555,0.014563,0.014623,0.014933,0.014991,0.014845,0.027471,0.027329,0.027498,0.027509,0.027515,0.027224,0.027016,0.012848,0.013148,0.012622,0.012927,0.012787,0.012653,0.012622,0.013056,0.012946,0.012666,0.012999,0.000676,0.000196,0.000545,0.000661,0.000253,4.7e-05,0.000412,0.000292,0.000706,2.7e-05,0.000191,0.000185,0.00014,0.000707,0.00054,0.000548,0.000364,0.000611,0.000422,0.000339,0.000715,0.000158,0.000632,0.000387,1.9e-05,9.1e-05,0.000126,0.000287,0.000482,0.000165
SpA_ev5,1700345692.0,2,0.729,SpA,0.000857,0.000427,0.000837,0.000472,0.000948,0.00086,0.000801,0.000646,2.2e-05,0.000139,0.000996,0.00091,0.000185,0.000777,0.000664,0.000487,1.8e-05,0.000198,0.029547,0.029346,0.028622,0.028881,0.028911,0.029267,0.029103,0.029373,0.029414,0.029484,0.028709,0.029587,0.029555,0.02885,0.045718,0.045551,0.045729,0.045586,0.045915,0.04526,0.045669,0.017227,0.017259,0.016895,0.017592,0.016688,0.017567,0.016688,0.017668,0.017679,0.017298,0.017645,0.016768,0.017488,0.017195,0.000371,0.000489,0.000268,0.000682,0.0007,0.000152,0.000638,0.000848,0.000632,3.9e-05,0.000486,0.000745,0.000168,0.000474,0.000997,0.000461,0.000832,0.000854,0.000354,0.000771,0.000145,0.000285,0.000672,0.000164,0.001012,0.000986,0.000228,0.000544,0.000595,0.000831,0.000265,0.000992,0.000129,0.000827,0.000278,0.000927,0.000179
SpA_ev5,1700345696.0,4,0.394,SpA,0.000524,0.000555,2e-06,0.000602,0.00029,0.000521,0.000395,0.000118,4.1e-05,0.000346,1.2e-05,0.018327,0.018135,0.018331,0.018254,0.018326,0.0182,0.018311,0.017895,0.018111,0.017889,0.017823,0.017832,0.018017,0.018206,0.018035,0.017993,0.018339,0.026733,0.026377,0.042974,0.043087,0.025393,0.025154,0.025283,0.025289,0.025422,0.02502,0.025051,0.037139,0.037455,0.037273,0.028976,0.029147,0.028747,0.012776,0.012568,0.012644,0.012355,0.012669,0.012197,0.012737,0.012663,0.012349,0.012659,0.012801,0.012644,0.012222,0.000289,0.000603,0.000494,0.000471,8.4e-05,0.000313,6.7e-05,0.0005,0.000271,0.000529,0.000177,0.000126,0.000506,4.2e-05,0.000173,0.000303,2e-06,0.000439,0.00039,0.000576,2.8e-05,0.000336,0.000526,0.000355,0.000343,0.000261,0.000357,0.000133,0.000491,0.000486,0.000542,0.000554
SpA_ev5,1700345700.0,1,1.124,SpA,0.000942,0.001665,0.001719,0.000703,0.000852,0.000877,0.000608,0.001603,0.000567,0.002686,0.001167,0.001309,0.002386,0.001253,0.000505,0.000398,0.069375,0.068718,0.069923,0.06766,0.068111,0.069887,0.069271,0.069609,0.06853,0.068139,0.068939,0.067592,0.070313,0.000329,0.002467,0.000402,0.000654,0.001212,0.001059,0.002671,0.001421,0.000552,0.002555,0.002116,0.001888,0.000127,0.000412,0.002482,6.1e-05,0.000825,0.000845,0.002704,0.000514,0.000868,0.001954,0.000664,0.000717,0.002724,0.002004,0.000303,0.002111,0.000184,0.000262,0.001846,0.001148,0.002725,0.001865,0.000431,0.001192,0.001782,0.001624,0.002439,0.002378,0.00182,0.00123,0.001003,0.001076,0.002566,0.00044,0.001673,0.001113,0.001947,0.000394,0.002691,0.002527,0.000968,0.000598,0.000554,0.002332,0.000416,0.000783,0.001571,0.002217,0.002257
SpA_ev5,1700345704.0,3,0.889,SpA,0.000402,5.6e-05,0.000124,0.001008,0.000466,0.044148,0.044486,0.044615,0.044204,0.044802,0.043888,0.044234,0.04472,0.044373,0.044526,0.043795,0.044742,0.043763,0.044602,0.014921,0.015,0.014964,0.014693,0.015497,0.000137,0.000559,0.001047,0.000631,0.000456,0.000391,0.000143,0.000564,0.000645,2.6e-05,0.02071,0.02079,0.021277,0.020856,0.020962,0.020844,0.021231,0.020779,0.021469,0.020499,0.021135,0.021422,0.021124,0.001082,0.000826,0.00063,9e-06,0.000398,8.9e-05,0.001001,0.000951,0.000336,0.000567,0.000138,0.000476,0.000905,0.000894,2.5e-05,0.000106,0.000453,0.00045,0.000371,0.000354,0.000544,0.000921,0.000419,0.000253,0.000951,0.000974,0.001097,0.000189,0.000668,0.000179,0.000998,0.000519,0.001049,0.000583,0.000644,0.000928,5.3e-05,2.2e-05,0.000711,0.000632,0.000648,0.000234,0.000995
SpA_ev5,1700345708.0,3,0.103,SpA,0.019144,0.019399,0.019982,0.019634,0.019213,0.019123,0.019678,0.019173,0.019952,0.038425,0.038501,0.03852,0.038308,0.01925,0.019335,0.018881,0.019578,0.018883,0.019235,0.018789,0.019058,0.018832,0.01938,0.019048,0.019014,0.018918,0.019098,0.019201,0.019438,0.019607,4e-05,0.000624,0.000205,4.3e-05,0.000347,0.000773,0.000753,0.000206,0.000104,0.000871,0.000429,0.017073,0.016706,0.016728,0.017155,0.017028,0.017411,0.017137,0.017108,0.017191,0.016803,0.0168,0.017056,0.016723,0.016718,0.01739,0.016863,0.016993,0.017342,0.01744,0.000709,0.000984,0.000922,0.000145,0.000893,0.000736,0.000283,0.000602,0.000856,0.000428,0.000368,0.000909,0.000181,0.000558,0.000486,0.000905,7.9e-05,0.000934,0.000329,0.000363,0.000954,0.000744,0.000674,0.000653,4.8e-05,0.000446,3.5e-05,0.000941,0.000713,0.000461
SpA_ev5,1700345712.0,4,0.142,SpA,0.000745,0.000121,0.000648,0.000734,0.01479,0.014745,0.014991,0.014622,0.015087,0.014512,0.014525,0.01478,0.015129,0.014488,0.015207,0.014459,0.01514,0.014724,0.014883,0.014881,0.014812,0.014933,0.015186,0.034602,0.034638,0.033965,0.04385,0.044045,0.043828,0.029401,0.029199,0.029046,0.02917,0.019835,0.019756,0.020284,0.020085,0.032524,0.032647,0.032328,0.032404,0.013095,0.01268,0.012905,0.013003,0.013227,0.012967,0.012729,0.012745,0.012814,0.013087,0.012728,0.000615,0.000209,0.000393,0.000528,0.000117,0.000241,0.000304,0.000551,0.000363,0.000349,0.000394,0.000451,7.4e-05,0.000755,0.000199,2.4e-05,0.000484,1.1e-05,0.000307,0.000159,7.8e-05,0.000364,0.0003,0.000339,0.000717,0.000719,0.000466,0.000414,0.00043,0.000381,0.000191,9.8e-05,0.000351,0.000521,9.1e-05,4.7e-05,0.000169,6.7e-05
SpA_ev6,1700432000.0,3,0.221,SpA,0.033516,0.033697,0.033867,0.034037,0.033421,0.033916,0.033377,0.033508,0.033309,0.01714,0.017385,0.017322,0.017597,0.017026,0.017573,4.5e-05,0.000231,0.000824,0.000678,0.000942,0.000395,0.000696,0.000626,0.000355,0.00089,0.000741,0.000838,0.000351,0.000843,0.000197,0.000654,6.2e-05,0.000875,0.000673,0.023396,0.024027,0.023913,0.023178,0.023316,0.02356,0.023294,0.023756,0.02345,0.023776,0.023991,0.023792,0.023358,0.023953,0.023721,0.02381,0.023194,0.023732,0.023971,0.023614,0.023689,0.02359,0.023398,0.023688,0.000692,0.000878,0.00012,0.000218,0.000173,0.000995,0.000292,0.000141,0.000322,0.00094,0.000923,0.000488,0.000372,0.000731,0.000117,0.000741,0.000264,0.000989,0.000172,0.000417,0.000607,0.000675,9.8e-05,0.001029,0.000217,0.000255,0.000393,0.000456,0.0,0.000149,0.000753,0.00061
SpA_ev6,1700432004.0,4,1.069,SpA,0.000189,2.9e-05,0.000415,0.000474,0.000662,0.000853,5.1e-05,0.000698,0.000276,0.0006,0.000376,0.000486,0.000514,0.000336,0.000711,0.000272,0.000656,0.000613,0.000767,0.000591,0.000575,0.000209,5.3e-05,0.019244,0.01904,0.019572,0.044544,0.044276,0.044017,0.044588,0.054767,0.05434,0.054127,0.05431,0.0546,0.054918,0.054896,0.029664,0.029493,0.040918,0.040981,0.041497,0.041168,0.022522,0.022489,0.022082,0.021984,0.010772,0.010198,0.010488,0.010139,0.000672,0.000226,0.000261,0.000565,0.000863,8e-06,0.000302,0.000605,0.000321,4.2e-05,0.000124,0.000467,0.000811,7.4e-05,0.000664,0.000258,0.000724,0.00061,0.000374,0.0003,0.000475,0.000469,9.4e-05,0.000197,0.000605,1.5e-05,0.000643,0.000485,0.000764,0.000693,0.00085,0.000488,0.000688,0.000802,0.000509,3.1e-05,0.000664,0.000751,0.000465
SpA_ev6,1700432008.0,3,0.678,SpA,6e-06,0.000853,0.00011,0.000857,0.000777,0.00078,0.000423,0.000934,0.000615,0.000824,0.00058,0.015935,0.015538,0.016138,0.015554,0.015567,0.034829,0.04822,0.048212,0.048139,0.048846,0.048787,0.048543,0.04844,0.048573,0.048612,0.048208,0.048781,0.048337,0.048401,0.048153,0.048431,0.02917,0.029468,0.013787,0.013784,0.014171,0.013744,0.014287,0.000688,0.000101,0.00078,0.000857,0.000263,0.000713,0.000145,0.000366,0.0006,0.000804,0.000403,0.00093,0.000643,1.1e-05,0.000919,0.000824,0.000473,0.000624,0.000415,2.5e-05,0.000386,0.000222,0.000323,0.000159,0.000291,0.00015,0.000177,6.3e-05,0.000788,0.000433,0.000552,0.000209,0.000925,0.000841,0.000759,0.000224,0.000159,0.000754,0.000533,0.000908,0.000168,0.000871,0.000929,3.7e-05,0.000435,0.000764,0.000228,0.000175,0.000431,0.000203,0.000909
SpA_ev6,1700432012.0,2,1.218,SpA,0.000229,0.000426,0.000193,7.8e-05,0.000291,2.9e-05,0.000758,0.000544,7.3e-05,0.022126,0.022119,0.021519,0.022077,0.0215,0.022023,0.021496,0.021484,0.021912,0.021962,0.021787,0.021645,0.021666,0.022162,0.021832,0.022038,0.042441,0.041942,0.041757,0.042101,0.041709,0.042235,0.04199,0.041804,0.041773,0.042461,0.042392,0.020321,0.020384,0.020474,0.020554,0.021066,0.020479,0.020294,0.020488,0.00069,0.00048,0.000528,0.000529,0.00022,0.000592,0.000167,0.000614,0.000406,0.00018,0.000382,0.000469,0.000253,0.000535,0.000149,0.000637,0.000208,0.000521,0.000419,0.000731,0.000679,0.000641,0.000278,0.000136,0.000716,0.000268,0.000623,0.000423,0.000543,0.000538,0.000276,0.00072,0.000385,0.000379,0.000751,0.000701,0.000359,0.000256,0.000415,0.000193,0.000736,0.000718,0.000535,0.000371,0.000645,0.000368
SpA_ev6,1700432016.0,4,0.193,SpA,0.031348,0.031156,0.031004,0.03139,0.031431,0.031172,0.031401,0.031121,0.030773,0.031175,0.031117,0.000916,0.000271,0.000941,0.000893,0.000578,0.000278,0.000247,0.000877,0.000305,0.000898,0.00041,0.000577,0.000561,0.0008,0.000755,0.016284,0.015843,0.027443,0.027225,0.028136,0.04068,0.040651,0.040487,0.040876,0.039932,0.040322,0.040883,0.040606,0.024537,0.024635,0.025043,0.024808,0.025245,0.012982,0.013016,0.013645,0.012885,0.01315,0.000144,0.000908,0.000226,0.000516,0.000283,0.000354,0.000521,4e-05,0.000516,2.6e-05,0.000245,0.000973,0.000827,0.000764,0.000328,0.000484,0.00032,0.000795,0.000552,9.8e-05,0.00011,0.000712,0.000162,0.000436,0.000931,0.000655,0.000483,0.000182,0.000819,0.000117,0.000305,0.00044,0.000751,5.5e-05,8.5e-05,0.000907,0.000548,0.000762,0.000496,0.000269,0.000143
SpA_ev6,1700432020.0,4,1.212,SpA,0.000226,0.000571,0.00047,0.000629,2.2e-05,0.000268,0.000112,0.000197,0.000503,9.5e-05,0.000365,0.000689,0.000573,0.013421,0.013937,0.01348,0.01328,0.013401,0.013423,0.013496,0.013544,0.013814,0.013602,0.013275,0.013543,0.013611,0.01342,0.013544,0.019372,0.019665,0.019382,0.019442,0.019372,0.019825,0.019319,0.030868,0.030462,0.030472,0.030817,0.030684,0.030294,0.030309,0.039469,0.039977,0.039748,0.040002,0.039913,0.039635,0.020527,0.020872,0.009433,0.009539,0.009457,0.009889,0.009283,0.009377,0.009479,0.009639,0.009755,0.009264,0.009298,0.009583,0.009394,0.00973,0.009521,0.009863,0.000182,0.000368,0.000421,0.000687,0.000307,0.0005,0.00062,0.000111,0.000392,0.000508,0.000671,0.000457,0.000489,0.000443,5.1e-05,8e-05,0.000534,0.000327,0.000674,0.000395,8.5e-05,8e-06,0.000548,0.000698
SpA_ev6,1700432024.0,4,1.288,SpA,0.000424,6.6e-05,0.00052,0.000579,0.000384,0.000569,0.000541,0.000255,7.7e-05,0.000569,0.0001,0.000581,0.00029,0.000263,0.000339,0.011964,0.018781,0.018722,0.018922,0.019159,0.032577,0.032697,0.032705,0.032477,0.032412,0.032743,0.032303,0.032331,0.032691,0.032534,0.032316,0.032507,0.032246,0.032373,0.020715,0.020844,0.020925,0.020905,0.020953,0.013729,0.013749,0.013824,0.029495,0.029454,0.029703,0.015984,0.015924,0.015991,0.016082,0.015969,0.015977,0.016061,0.015991,0.016033,0.015994,0.015736,0.015792,0.01592,0.000155,0.00047,2.1e-05,0.000554,0.000563,0.000416,0.000347,0.000181,0.000156,0.000299,0.000302,0.000535,0.000298,0.000263,0.00056,7.1e-05,0.000559,0.00027,0.00016,0.000194,0.000246,0.000285,0.000216,0.000259,0.000359,0.000492,0.000167,0.000514,7.8e-05,0.000252,0.00054,0.000451
SpA_ev6,1700432028.0,1,0.586,SpA,0.000875,0.0021,0.002114,0.001479,0.001693,0.000405,0.001307,0.000778,0.001765,0.001925,0.00084,0.001725,0.001769,0.000974,0.000309,0.001798,0.000685,0.001868,0.001899,0.001133,0.000195,0.001902,0.000304,0.002304,0.047153,0.048566,0.046631,0.047956,0.04864,0.048625,0.048154,0.04805,0.048634,0.046535,0.046626,0.046566,0.048751,0.048591,0.046798,0.047417,0.047545,0.048044,0.04764,0.001903,0.002348,0.000611,0.000861,0.00063,0.001791,0.000875,0.002124,0.001055,0.000818,0.00163,0.002199,0.000292,0.001708,0.002079,0.000414,0.001558,0.001307,0.000308,0.000795,0.002263,0.001123,0.002217,0.002162,0.001733,0.000606,0.001297,0.002104,0.002266,0.001206,0.001205,0.001784,0.000638,0.001623,0.002219,0.001172,0.000231,0.002094,0.000724,0.000427,0.001342,0.000791,0.000955,0.002313,0.000413,0.000349,0.000367
SpA_ev6,1700432032.0,3,1.406,SpA,0.000494,0.000325,0.000709,0.000466,0.00079,0.000851,0.000476,0.000555,0.000474,8e-05,0.000709,0.021333,0.021201,0.063385,0.063061,0.063283,0.063567,0.062999,0.063374,0.063592,0.063128,0.063714,0.063393,0.063368,0.063785,0.063557,0.040186,0.040231,0.019119,0.000101,0.000368,0.000851,0.000355,0.000269,0.000486,0.000292,0.000441,0.000291,0.000845,0.000282,0.000851,0.000368,0.000271,0.000352,0.00079,0.000477,0.000242,0.000856,0.000808,0.00043,0.000411,0.00078,0.000266,0.000833,0.000101,0.000387,0.000824,0.000629,0.000862,0.00043,0.000337,0.000173,0.000762,0.00082,0.000225,0.000847,0.000402,0.000153,0.000251,0.000782,0.000303,0.000257,0.000177,0.000449,0.00057,3.3e-05,0.000426,0.000695,0.000829,0.000223,0.000768,3.9e-05,0.000174,0.000199,0.00054,0.000499,0.000115,0.000255,0.000483,0.000457
SpA_ev6,1700432036.0,3,1.182,SpA,0.040329,0.041023,0.040373,0.040957,0.040565,0.040979,0.040622,0.040438,0.040435,0.040867,0.023934,0.024199,0.024147,0.02429,0.024251,0.024072,0.024287,0.024547,0.023965,0.000237,0.000592,0.000558,0.000564,0.000667,8.8e-05,0.000354,0.000576,0.000435,0.000377,0.000378,0.000765,0.000586,3.7e-05,9.4e-05,0.000404,0.000111,0.000407,6.6e-05,0.000625,0.000564,0.000232,0.023638,0.02378,0.023745,0.02313,0.023174,0.023539,0.023425,0.023101,0.023783,0.023679,0.023435,0.023799,0.023734,0.023146,0.02379,0.000236,0.000347,0.000624,4.3e-05,0.000755,0.00065,0.000774,0.000739,0.00023,0.000323,0.000362,2e-06,0.000549,1e-06,0.000236,0.000363,0.000146,0.000631,0.000453,0.00046,0.000493,0.000396,0.000484,0.000495,0.000173,0.000112,0.000347,0.000726,0.000788,0.000754,0.000783,0.000146,0.000137,0.000349
SpA_ev6,1700432040.0,1,0.653,SpA,0.001899,0.002439,0.000391,0.001146,0.002263,0.07918,0.081056,0.080531,0.080154,0.080289,0.080836,0.079551,0.078462,0.08039,0.079573,0.080484,0.002618,0.001818,0.001511,0.000286,0.002759,0.001339,0.00203,0.000268,0.002014,0.001386,0.001781,0.000807,0.000458,0.001731,0.002605,0.000878,0.002391,0.000482,0.00172,0.002601,0.002113,0.002549,0.001582,0.002744,0.00174,0.001941,0.001386,0.00247,0.000258,0.000874,9.1e-05,0.001868,0.002384,0.001707,0.000464,0.002649,0.001544,0.0014,0.001696,0.002209,0.001427,0.000298,0.002604,0.000412,0.001299,0.000988,0.001612,0.000442,0.00215,0.001966,0.000282,0.000215,0.000283,0.001763,0.00239,0.00168,0.00266,0.001953,0.000948,0.001262,0.002294,0.002249,0.002084,0.001698,0.001901,0.000469,0.000369,0.000821,0.000313,0.001934,0.001415,0.001669,0.001209,0.001148
SpA_ev6,1700432044.0,1,0.445,SpA,0.002919,0.00248,0.000323,0.003765,0.001189,0.002975,0.002521,0.004183,0.003566,0.003723,0.000784,0.003133,0.003841,0.004184,0.003274,0.000813,0.002196,0.00025,0.002534,0.000267,0.001718,0.00258,0.003269,0.000165,0.000416,0.000497,0.000628,3.1e-05,0.001756,0.001611,0.000249,0.003381,0.048031,0.047155,0.045237,0.048724,0.046097,0.046909,0.047607,0.046527,0.046595,0.047404,0.045465,0.046965,0.046547,0.046219,0.045663,0.046412,0.047068,0.047053,0.001579,0.000617,0.003343,0.000347,0.003336,0.001895,0.001519,0.004172,0.004073,0.000594,0.003409,0.001879,0.003911,0.003142,0.002074,0.002062,0.002609,0.000666,0.000365,0.003429,0.003059,0.003317,0.003094,0.003795,0.003721,0.001105,0.0021,0.003884,0.002082,0.003562,0.00205,0.00051,0.002891,0.002083,0.002747,0.002669,0.00028,0.000899,0.00255,0.001679
SpA_ev6,1700432048.0,3,0.972,SpA,0.000236,0.00016,0.000734,0.000179,0.000466,0.000643,7.5e-05,0.00017,0.000462,0.000376,0.012193,0.012564,0.012305,0.012268,0.012393,0.012981,0.01255,0.012717,0.012729,0.012888,0.012402,0.012458,0.012909,0.01279,0.038721,0.02647,0.026596,0.026664,0.02667,0.026849,0.02678,0.026201,0.026682,0.026223,0.026019,0.026585,0.026764,0.026615,0.026671,0.035801,0.035836,0.035515,0.036225,0.03622,0.0362,0.009627,0.009796,0.009506,0.009557,0.009863,0.009834,0.009431,0.009967,0.00987,0.010029,0.009759,0.009527,0.00987,0.009889,0.009809,0.009391,0.00946,0.009717,0.009391,0.000698,0.00087,0.000815,0.000688,0.000739,1.3e-05,0.000284,0.000399,0.000407,4.7e-05,0.000734,0.000681,0.00021,0.000251,0.000278,0.00011,3.1e-05,0.000443,9e-05,0.000578,2.3e-05,0.000281,0.000276,1.2e-05,0.000291,0.000505
SpA_ev6,1700432052.0,4,1.473,SpA,0.000349,1e-06,0.000447,0.000642,0.000102,7.2e-05,0.000114,0.000483,0.000393,0.018347,0.01832,0.018383,0.018296,0.018151,0.018153,0.018603,0.018156,0.018641,0.018639,0.025385,0.025638,0.025783,0.025303,0.025916,0.025564,0.042372,0.04228,0.042317,0.04207,0.017296,0.01677,0.017238,0.01678,0.01733,0.016916,0.016991,0.017189,0.017283,0.01683,0.03496,0.018234,0.017968,0.018119,0.018438,0.018308,0.018384,0.018035,0.018111,0.018274,0.018161,0.018399,0.018453,0.018014,0.018328,0.018476,0.000413,0.000172,0.000133,0.000435,0.000277,0.000548,0.00055,0.000162,0.000118,7.2e-05,0.000155,0.000582,0.000494,0.000302,4e-06,0.000531,0.000387,0.000455,0.000412,4.4e-05,0.000399,0.000201,0.000594,0.00058,0.000344,0.000131,6.8e-05,0.000512,0.00044,0.000629,0.000473,0.000497,4e-06,0.000196,0.000479
SpA_ev6,1700432056.0,2,0.55,SpA,0.001299,0.00122,0.000961,0.028536,0.02819,0.028052,0.027858,0.028294,0.028078,0.028891,0.028653,0.028157,0.028106,0.028241,0.027938,0.062283,0.061414,0.062166,0.062044,0.062186,0.061444,0.061652,0.061994,0.062122,0.028466,0.027978,0.000933,0.001297,0.000409,8.5e-05,0.000625,0.00105,0.001077,0.001312,0.00054,0.00129,0.001116,0.00116,0.000615,0.000445,0.000722,1.7e-05,0.000845,0.00023,0.000295,0.000512,0.00064,0.000952,0.00072,0.000985,0.000601,0.000396,0.000852,0.000245,0.000402,0.000927,0.000743,0.000169,0.000949,0.00079,0.001313,0.0004,0.000185,0.000636,0.00031,0.000925,0.001235,0.000634,0.000131,0.001035,0.000839,0.000384,0.000834,0.001077,0.000792,0.000192,0.00072,7.8e-05,0.000504,0.000741,0.000291,0.000887,0.000833,0.000841,0.000319,0.000405,0.000901,0.001174,4.1e-05,0.001173
SpA_ev6,1700432060.0,4,0.811,SpA,0.000611,0.000218,0.000669,2.6e-05,0.000523,0.000283,0.000271,0.000627,0.000425,5.6e-05,0.022477,0.022271,0.022184,0.021981,0.022386,0.022289,0.022286,0.022129,0.022181,0.022083,0.036371,0.036713,0.036693,0.043865,0.044316,0.0226,0.022584,0.022093,0.022621,0.021978,0.022279,0.02242,0.014437,0.01483,0.02953,0.029297,0.029776,0.029292,0.029786,0.029442,0.030027,0.015574,0.015525,0.015044,0.015326,0.015304,0.015774,0.01573,0.015137,0.01549,0.015765,0.015281,0.000687,9e-06,0.000179,0.000385,3.1e-05,8e-06,0.000691,0.000457,5.6e-05,0.000117,0.000263,0.00019,0.000139,0.000133,0.000415,0.000204,0.000446,0.000269,0.000118,0.000667,0.000389,0.000737,0.000102,0.00049,0.000517,0.000647,0.000324,0.000252,0.000566,0.00022,0.000304,0.000219,0.000473,0.00059,0.000457,0.000189,0.000576,0.000607
SpA_ev6,1700432064.0,1,1.262,SpA,4.7e-05,0.000621,0.001502,0.000175,0.000398,0.049679,0.049535,0.049562,0.049754,0.050803,0.049582,0.050155,0.04946,0.050089,0.049943,0.049954,0.049892,0.049426,0.050638,0.050575,0.04972,0.049709,0.050273,0.051005,2.6e-05,0.000585,0.000649,0.001352,0.000201,0.000725,0.001703,0.000142,0.001247,0.000422,0.001459,1.9e-05,0.001251,2e-05,0.000511,0.001151,0.000115,0.001022,2.7e-05,0.001725,0.001515,8.5e-05,0.000363,0.001225,0.001072,0.000537,0.000213,0.000973,0.001747,0.000138,0.000517,0.000281,0.000875,0.000505,0.001163,0.001681,0.001349,6.5e-05,0.000494,0.000506,0.001264,0.000341,0.000787,0.000196,7.9e-05,0.000786,0.00086,0.000479,0.000171,0.000869,0.000318,0.000799,9.4e-05,0.001059,0.00148,0.000592,0.000517,0.00088,0.001043,7.4e-05,0.000567,0.000986,0.001359,0.000556,0.000109,0.001583
SpA_ev6,1700432068.0,3,0.712,SpA,0.000393,0.000202,3e-06,3.8e-05,0.013334,0.013531,0.013486,0.013543,0.013757,0.013934,0.013536,0.013385,0.013685,0.013497,0.013392,0.013538,0.01405,0.0136,0.013375,0.013641,0.000848,0.000817,0.000724,0.016272,0.016147,0.016051,0.016265,0.016113,0.015506,0.015425,0.015712,0.015531,0.040709,0.040705,0.041007,0.040516,0.040176,0.040712,0.040578,0.040412,0.0403,0.040324,0.040243,0.040672,0.040579,0.040156,0.025469,0.02556,0.000395,0.000845,0.000347,0.0001,0.000307,0.000588,0.000153,8.2e-05,0.000413,0.000226,8.6e-05,8.2e-05,0.000331,0.000369,0.000321,0.000644,0.000545,0.000616,0.000733,0.000804,0.000406,0.000371,0.000584,0.000535,0.000358,0.000844,0.000644,0.000446,0.000308,0.000651,0.000687,0.000227,0.000766,0.000751,0.000878,1.9e-05,0.000325,2.8e-05,0.000696,0.000469,0.000405,0.000165
SpA_ev6,1700432072.0,4,1.172,SpA,0.000421,0.00015,0.000352,6.5e-05,0.000499,0.000124,0.000138,0.000349,0.000464,0.013411,0.013388,0.013486,0.013401,0.01345,0.013766,0.026462,0.026923,0.026752,0.026394,0.026516,0.026675,0.026515,0.026434,0.026947,0.026557,0.02685,0.026388,0.040922,0.041348,0.027846,0.037431,0.037652,0.037747,0.024305,0.024425,0.024367,0.024456,0.024444,0.024469,0.024011,0.024274,0.024459,0.024065,0.024469,0.024187,0.024357,0.015008,0.015053,0.014818,0.000113,0.0001,0.000101,0.000162,0.000125,0.000494,0.000324,0.00015,0.000202,0.000187,0.000287,0.000361,0.000541,0.000336,0.000121,0.000251,0.000121,0.000592,0.00051,0.00045,0.000447,0.000524,0.000487,7.6e-05,0.000484,0.000578,0.000438,0.000275,0.000256,0.000266,6.4e-05,0.00036,0.000566,0.000236,0.000473,0.000491,0.000535,0.000215,0.000278,0.000394,4.3e-05
SpA_ev6,1700432076.0,1,0.132,SpA,0.003011,0.002494,0.000289,0.001771,0.000697,0.000424,0.002607,0.000396,0.001625,0.003327,0.00158,0.000432,0.00062,0.000427,0.001941,0.001944,0.061909,0.062459,0.061038,0.063334,0.062005,0.063321,0.063956,0.061528,0.061205,0.063366,0.06181,0.062601,0.062023,0.061382,0.002416,0.00021,0.001045,0.002717,0.001821,0.001877,0.002301,0.000709,0.002284,0.003254,0.003218,0.001277,0.002092,0.002071,0.000139,0.002026,0.00015,0.00017,0.003337,0.002944,0.003136,0.002897,0.00206,0.00071,0.002028,0.00286,0.003256,0.001304,0.000103,0.002283,0.001952,7.5e-05,0.001233,0.0028,0.00333,0.002079,0.00155,0.002378,0.001097,0.001187,0.003412,8e-06,0.002862,0.002324,0.001995,0.001724,0.002139,0.00012,0.003408,0.002288,0.000121,0.000501,0.002221,0.000354,0.001474,0.002592,0.001202,0.000527,2.6e-05,0.0008
SpA_ev6,1700432080.0,2,1.083,SpA,0.000652,0.001067,0.000925,0.000995,0.000625,0.000514,0.000944,0.000251,0.000191,0.000175,0.0008,0.000551,0.000565,0.000789,0.000592,0.001044,0.001208,0.000449,0.00101,0.001052,0.000546,0.000497,0.00026,0.00122,0.000922,0.000269,0.000415,0.000754,0.00122,0.03243,0.032209,0.052977,0.053143,0.053395,0.052646,0.052597,0.053212,0.053361,0.052878,0.053375,0.052754,0.052904,0.052994,0.052543,0.052546,0.053385,0.053038,0.021167,0.020653,0.000704,0.000718,0.000358,0.000755,1.5e-05,0.000905,0.000535,0.0008,0.000504,0.00015,0.000323,0.000402,0.001131,0.001166,0.000789,0.000323,0.000705,0.00029,0.001104,0.00025,0.000413,0.000168,0.000135,0.001226,0.000258,0.00058,0.00079,0.000913,0.000109,0.000955,0.000136,0.001001,2.3e-05,0.000439,0.000798,0.001176,0.000504,0.001091,0.000759,0.000694,0.001199
SpA_ev6,1700432084.0,1,0.412,SpA,0.001932,0.000926,0.00149,0.000601,0.043856,0.044397,0.044393,0.043507,0.045041,0.045002,0.04404,0.044884,0.044122,0.044736,0.044188,0.045537,0.043491,0.044854,0.044211,0.044325,0.043509,0.045262,0.045308,0.045395,0.044387,0.001634,0.000619,0.000683,0.001103,0.001485,0.001811,0.001557,0.001174,0.001886,0.000268,0.000482,0.000119,0.001366,0.000839,0.000453,0.001735,0.000853,0.000419,0.001182,0.000527,0.000402,0.001435,0.002054,0.000856,0.000329,6e-06,0.001572,0.002052,0.000719,0.000389,0.000168,0.000822,0.000783,0.001026,0.000542,0.001455,0.000389,0.001369,0.000168,8e-05,7.5e-05,0.000891,0.000801,0.001549,0.000182,0.001884,0.001024,0.00139,0.000195,0.00134,0.000784,0.001046,0.00094,0.001873,0.000494,0.001611,0.000308,0.000234,1.2e-05,0.000803,0.000234,0.001869,0.00189,0.001486,0.000882
SpA_ev6,1700432088.0,1,0.904,SpA,0.001652,0.00108,4.2e-05,0.000424,0.001107,0.001153,0.033971,0.033507,0.034447,0.033186,0.033098,0.034532,0.034652,0.033941,0.033635,0.033178,0.033496,0.034335,0.034111,0.034639,0.034155,0.033217,0.033143,0.034688,0.034355,0.033406,0.034108,0.033098,0.034661,0.033227,0.033446,0.033767,0.034252,0.034694,0.00041,0.0004,0.00085,0.001067,0.001194,0.001576,0.000718,0.000571,0.00024,0.000392,0.000217,0.00021,0.001167,0.000126,0.001306,0.001588,0.000539,0.001062,3.4e-05,0.001562,0.000434,0.000829,0.001031,0.000963,0.000155,0.000466,0.001445,0.001438,0.001238,0.001268,0.001476,1.6e-05,0.00146,0.000446,0.001554,0.001213,0.001366,0.000254,0.001333,0.000307,9.2e-05,0.000583,0.0003,0.000144,0.001237,0.000208,0.001297,0.000445,0.001107,0.000442,0.001492,0.000486,0.000238,0.001253,0.000843,0.001507
SpA_ev6,1700432092.0,4,0.671,SpA,0.000132,0.000304,0.000533,0.000195,0.000213,0.000232,0.000305,0.000457,0.000463,7.8e-05,0.000515,0.000129,0.000566,0.000502,0.000469,0.00034,0.000498,0.00011,0.00052,0.000544,0.000219,0.000394,7.9e-05,0.000447,0.000143,0.00056,0.025903,0.026087,0.026031,0.042633,0.042696,0.042517,0.042764,0.042374,0.042434,0.042652,0.042519,0.042611,0.042391,0.042703,0.04285,0.042297,0.028573,0.028639,0.028588,0.028849,0.028878,0.016732,0.000448,0.000474,0.000382,0.000533,0.015752,0.015737,0.016042,0.015626,0.016063,0.016174,0.015652,0.015871,0.016042,0.015904,0.01597,0.015683,6.8e-05,0.000213,0.000175,0.00021,8.5e-05,2e-06,0.000182,0.000438,0.000445,0.000529,0.000282,0.000122,0.000552,0.000443,0.000186,6.8e-05,0.000245,0.00044,6.5e-05,0.000165,0.00046,0.000254,0.000431,0.000401,0.000412,0.00011
SpA_ev6,1700432096.0,1,0.513,SpA,0.001055,0.002253,0.001836,0.001658,0.000358,0.000669,0.002476,0.001359,0.002637,0.002044,0.002821,0.000865,0.001704,0.001975,0.00321,0.001423,0.001264,0.001631,0.000109,0.000534,0.001272,0.002018,0.002781,0.002144,0.000571,0.001928,0.003217,0.002072,0.080067,0.080485,0.081266,0.079861,0.07947,0.078903,0.081117,0.080333,0.079007,0.078713,0.081489,0.002447,0.00204,0.001349,0.000405,0.001118,9.2e-05,0.000315,0.002405,0.001072,0.000128,0.000405,0.000851,0.002651,0.001434,0.001358,0.001343,0.000935,0.001792,0.002382,6.7e-05,0.000692,0.000216,0.001111,0.001941,0.001239,0.002286,0.00127,0.002005,0.002671,0.00188,0.000161,0.000204,0.000613,0.000527,0.002139,3e-05,0.001436,0.000976,0.00125,0.001695,0.002018,0.000802,0.002845,0.001856,0.000931,0.001179,0.002698,0.002974,0.00188,0.002954,0.002342
SpB_ev1,1700518400.0,1,1.417,SpB,0.000333,0.000248,0.000998,0.000941,4.7e-05,9.2e-05,0.001175,0.0007,0.001246,0.000795,0.000291,0.000714,0.000634,0.000135,0.000131,0.000739,0.038111,0.038055,0.038351,0.038046,0.038511,0.038434,0.03789,0.038606,0.037966,0.039057,0.03847,0.037984,0.03785,0.037898,0.037937,0.038708,0.038144,0.038374,0.03822,0.037792,0.038549,0.038618,0.038389,0.038952,0.038647,0.000913,0.000479,0.000326,6.5e-05,0.000566,0.001236,0.000727,0.000105,0.001106,0.000393,0.001351,0.000753,0.000899,0.000133,0.00063,0.000461,0.000432,0.001091,0.0012,0.000124,0.001153,0.000717,0.00083,0.000914,0.001031,0.000614,2.9e-05,0.000379,9.2e-05,7.7e-05,0.000739,0.000978,7.7e-05,0.000798,0.001,0.000406,0.001331,7.1e-05,0.000819,0.000555,0.000997,0.000837,0.001348,0.001267,2.1e-05,0.000929,0.000722,0.000866,0.000634
SpB_ev1,1700518404.0,2,1.197,SpB,0.000383,0.000466,5.4e-05,0.000339,8e-05,0.000305,0.001113,0.000113,0.001131,0.00068,0.000805,0.000239,0.000344,0.000379,0.000605,0.000597,0.000669,0.001004,8.6e-05,0.000926,0.000926,0.00105,0.000131,6.1e-05,6.5e-05,0.000228,0.000778,0.000332,0.000275,0.029664,0.02882,0.029291,0.028786,0.02923,0.02962,0.029245,0.029468,0.029003,0.029407,0.052941,0.053047,0.05275,0.052692,0.053037,0.024188,0.024379,0.023918,0.024042,0.023999,0.023786,0.024524,0.023789,0.023908,0.024384,0.024622,0.023933,0.024489,0.024511,0.024306,0.024149,0.024798,0.000684,0.000453,0.000221,0.000474,0.000983,0.000158,0.000721,0.000713,0.001095,0.000729,0.000246,0.000362,0.000467,0.000835,0.000972,0.000488,0.000884,0.000651,0.000254,0.000974,0.00056,0.000173,0.000323,0.000544,0.000934,0.000358,0.001078,0.000532,0.000242
SpB_ev1,1700518408.0,1,1.272,SpB,0.001831,0.001357,0.001493,0.000394,0.001155,0.002067,0.00097,0.000593,0.002034,0.001251,0.001238,0.001445,0.002033,0.000991,0.001704,0.001839,0.002094,0.001629,0.00096,0.001508,0.000514,0.001099,0.001638,0.000682,0.000265,0.001951,0.001702,0.000553,0.001377,0.001999,0.001524,0.000893,0.001305,0.000604,0.000939,0.001398,0.001951,0.001908,0.054173,0.054063,0.05348,0.053307,0.054576,0.052565,0.053157,0.053405,0.053597,0.053208,0.054106,0.053177,0.054462,0.05471,0.054169,0.053078,0.054395,0.000704,0.001683,0.000975,0.001108,0.000652,0.002128,6.6e-05,0.000784,0.00149,0.002129,0.000408,0.002106,0.001303,0.00133,0.001572,0.00046,0.001199,0.000603,0.000191,0.001349,0.002106,0.000409,0.000825,0.001617,0.000357,0.001974,0.00085,7.8e-05,0.000138,0.001512,0.000142,0.00029,0.001033,4e-06,0.001912
SpB_ev1,1700518412.0,3,1.376,SpB,5.4e-05,9.5e-05,6.4e-05,0.000285,0.000154,0.000453,9.1e-05,0.000494,0.000592,9.1e-05,0.000209,0.000514,0.000202,0.0005,0.000429,0.011013,0.010855,0.010873,0.010922,0.010746,0.010985,0.010639,0.010947,0.010948,0.010895,0.011079,0.011096,0.010734,0.010961,0.011205,0.014847,0.014352,0.014286,0.014327,0.014723,0.014586,0.014758,0.01463,0.014442,0.014727,0.014499,0.014799,0.014844,0.014648,0.01487,0.014608,0.014461,0.014852,0.014518,0.014351,0.014692,0.014624,0.03005,0.029898,0.029931,0.02978,0.029803,0.029839,0.030045,0.015404,0.015609,0.015502,0.015821,0.015394,0.015808,0.0158,0.015757,0.015507,0.015666,0.015504,0.015504,0.015733,0.015431,0.015859,0.015742,0.015573,0.015511,0.015437,0.000406,0.000555,0.000581,0.000159,0.000208,1.1e-05,0.000519,0.000213,0.000606,0.000183,0.000477,0.000601
SpB_ev1,1700518416.0,1,1.141,SpB,0.004438,0.003157,0.003891,0.000197,0.002878,0.001217,0.001001,0.001232,0.000662,0.003702,0.00145,0.00145,2.4e-05,0.003144,0.003856,0.001353,0.004149,0.003738,0.004252,0.001734,0.000317,0.002573,0.004432,0.00188,0.068322,0.068747,0.067096,0.069089,0.068019,0.069132,0.064824,0.068957,0.066791,0.06679,0.068868,0.068264,0.003811,0.0004,0.004131,0.002416,0.002168,0.000457,0.001795,0.003214,0.003642,0.003189,0.002225,0.00392,0.001799,0.000189,0.002542,0.002179,0.000579,0.003585,0.002508,0.003624,0.000635,0.00412,0.002785,0.003594,0.003025,0.004242,0.002319,0.003292,0.000358,0.001954,0.001921,0.001575,0.003112,0.000606,0.001587,0.001688,0.002344,0.001674,0.000634,0.003202,0.004292,0.000582,0.000717,0.004009,0.002977,0.001104,0.001946,0.000576,0.002885,0.0042,0.001467,0.003438,0.004277,0.002862
SpB_ev1,1700518420.0,4,0.914,SpB,0.000401,0.00015,0.00035,0.000183,7.9e-05,5.2e-05,0.000354,0.000588,0.000141,0.000584,0.000263,0.000256,0.000279,0.000335,0.00018,0.000377,0.000316,0.000577,0.000555,0.000235,0.000583,0.000412,0.000475,0.0003,0.00043,0.00019,0.000277,0.000273,0.000377,0.00013,0.000251,0.000406,0.000536,4e-06,0.000482,0.01092,0.011017,0.010993,0.011134,0.011011,0.010878,0.01083,0.026966,0.02643,0.026509,0.026667,0.026516,0.026716,0.026849,0.026568,0.026443,0.026715,0.026888,0.026622,0.026526,0.026606,0.026846,0.015627,0.015822,0.015826,0.015837,1e-06,0.000233,0.000494,0.015962,0.029621,0.029943,0.029685,0.029764,0.029539,0.029648,0.029894,0.029462,0.029723,0.029464,0.029929,0.029587,0.029867,0.014472,0.014015,0.014108,0.000607,0.000131,0.000298,0.000409,0.000591,0.0,0.000509,0.00059,0.000314
SpB_ev1,1700518424.0,3,0.171,SpB,0.0009,0.001001,0.000701,0.000909,0.000228,0.0001,0.000951,0.000858,0.000993,0.020355,0.019787,0.019628,0.02017,0.019624,0.020097,0.02028,0.035628,0.036107,0.052529,0.053179,0.053205,0.053093,0.053017,0.053086,0.052301,0.052984,0.053055,0.053099,0.052201,0.036172,0.035573,0.020257,0.020198,0.019957,0.019638,0.020172,0.000435,0.000949,0.000278,0.001015,0.000519,0.000718,0.000273,0.000285,0.000305,0.000116,0.000932,0.000646,0.000575,0.000766,0.000618,0.0004,0.000879,0.000597,0.000825,0.000755,0.000385,8e-05,0.000164,0.000445,0.000891,0.000987,0.000496,0.000763,0.000439,0.000162,0.000478,0.000298,0.000302,1.8e-05,0.000946,0.000203,0.00045,0.000805,0.00072,8.4e-05,0.000187,0.000787,0.000747,0.000136,0.000688,0.000324,0.000495,0.001053,0.000894,0.000498,0.000504,0.000105,0.000338,0.000206
SpB_ev1,1700518428.0,3,0.438,SpB,1e-05,0.000364,0.000311,6.1e-05,0.000488,0.000904,0.000334,0.00045,0.000874,2.1e-05,0.000319,0.000893,0.000934,0.000202,9.8e-05,0.000747,0.000233,0.000759,9.5e-05,0.000213,0.000913,0.000169,0.000737,8.4e-05,0.000852,0.000667,0.000211,0.000822,8.8e-05,0.000162,0.000662,0.000432,7.1e-05,0.000615,0.000282,0.000312,0.000244,0.021344,0.039877,0.040165,0.039982,0.050571,0.051166,0.050457,0.050539,0.051164,0.051129,0.050363,0.050627,0.050618,0.051128,0.050366,0.050358,0.050817,0.050804,0.029747,0.010931,0.010873,0.010783,0.011274,0.011258,0.010922,0.011463,0.010874,0.000688,0.000308,0.000811,0.000608,0.000777,0.000535,0.00044,0.000605,0.000244,1.3e-05,0.000859,0.000922,0.000363,0.000637,0.000322,0.000837,0.000917,0.000518,0.00082,0.00074,0.00032,0.000914,0.00025,0.000967,0.000122,0.000226
SpB_ev1,1700518432.0,4,0.889,SpB,0.000196,0.000193,0.000192,0.000154,0.000208,0.000344,1e-05,0.00014,0.000415,1.3e-05,0.000325,0.000529,0.000214,0.000453,0.000256,0.00046,0.000528,3.7e-05,0.000207,0.000588,4.3e-05,0.000334,0.000552,6e-05,0.000511,0.00033,0.000626,0.000125,9.6e-05,0.000175,3e-05,0.000332,0.006825,0.006928,0.024289,0.023843,0.02402,0.02426,0.024204,0.024002,0.024129,0.024262,0.024329,0.023834,0.023853,0.023975,0.036127,0.03645,0.036333,0.036415,0.035973,0.049481,0.042473,0.042521,0.025367,0.025425,0.025621,0.025358,0.025401,0.025396,0.025692,0.025253,0.025706,0.025279,0.025454,0.025871,0.025632,0.012155,0.012424,0.012456,0.000286,0.000191,0.00027,0.000243,0.000154,9.9e-05,0.000108,0.000337,0.000366,0.000568,0.000293,5.8e-05,7.9e-05,0.000327,9e-06,0.000111,6.8e-05,0.000226,0.000432,8.2e-05
SpB_ev1,1700518436.0,1,0.563,SpB,0.00049,0.002729,0.001345,0.000693,0.002705,0.000965,0.002432,0.002562,0.001611,0.002542,0.001928,0.003082,0.003186,0.000478,0.002717,0.002529,0.0016,0.000568,0.002847,0.001056,0.002235,0.003576,0.001617,0.000763,0.003204,0.001833,0.002129,0.002977,0.002534,0.003549,0.04213,0.042234,0.044756,0.044224,0.043872,0.044599,0.042159,0.044558,0.044315,0.042401,0.042407,0.042126,0.043023,0.042662,0.044303,0.043541,0.043709,0.044136,0.043278,0.043,0.002786,0.000744,0.001574,0.001157,0.001164,0.000227,0.000849,0.00106,0.00026,0.000116,0.00317,0.003572,0.003525,0.0023,0.000704,0.002485,0.001153,0.00127,0.001555,0.001716,2.6e-05,0.002257,0.003398,0.002117,0.002225,0.002606,0.002867,0.002152,0.002916,0.0023,0.000712,0.002168,0.00123,0.00132,0.00064,0.003583,0.002197,0.00085,0.000137,0.002992
SpB_ev1,1700518440.0,1,0.449,SpB,0.003475,0.001269,0.00341,0.002173,0.001651,0.001368,6.8e-05,0.001105,0.000562,0.003666,0.003081,0.000737,0.003034,0.003414,0.002562,0.000335,0.003241,0.001067,0.000285,0.08638,0.088861,0.086478,0.087234,0.087591,0.088015,0.088399,0.088417,0.087426,0.085382,0.003463,0.002793,0.002229,0.001296,0.001393,0.001903,0.000466,0.002342,0.001181,0.000191,0.000817,0.00063,0.000189,0.000357,0.003448,0.001259,0.002772,0.001674,0.000139,0.003575,0.000171,0.000532,0.001577,0.000451,0.000615,0.002591,0.002493,0.00145,0.002061,0.002774,0.000866,0.000514,0.000708,0.002435,0.001586,0.00278,0.000206,0.002013,0.0009,0.001308,0.001057,0.001889,0.001581,0.002905,0.000543,0.000687,0.002932,0.000556,0.003572,0.001541,0.000263,0.002068,2.9e-05,0.000844,0.001128,0.001079,0.002203,0.00236,0.000374,0.000624,0.000931
SpB_ev1,1700518444.0,2,0.856,SpB,0.000747,0.000258,0.00113,0.000547,0.001165,0.000898,0.001228,0.001307,0.000144,0.001347,0.000652,0.001018,0.00109,0.001039,0.000763,0.001292,0.000389,0.000754,5e-06,0.00043,0.001129,0.001171,0.000506,0.026499,0.027267,0.027427,0.027066,0.053971,0.053777,0.053434,0.053552,0.05446,0.054086,0.054582,0.027779,0.027409,0.02729,0.028351,0.028281,0.027353,0.027229,0.028008,0.028085,0.028116,0.027706,0.027501,0.027181,0.027661,0.027182,0.027272,0.027417,0.000655,0.001265,0.000827,0.000236,0.001014,0.000893,0.001322,0.000489,0.000704,8.8e-05,0.001022,0.000543,0.001311,0.000599,0.000196,0.000289,4.2e-05,0.000962,0.000897,0.001174,0.000401,0.000194,0.001038,0.000411,0.000787,0.001333,0.000835,0.000652,9e-06,0.000577,0.001184,0.000576,0.000219,0.000159,0.00108,0.000131,0.000268,0.000483,0.000184
SpB_ev1,1700518448.0,2,0.71,SpB,0.000178,0.001248,0.001327,0.000992,0.000561,0.000672,0.001483,0.000477,0.000959,8.1e-05,0.00146,0.001414,0.001448,0.001147,0.001031,0.00136,0.000721,0.001072,0.001087,0.000389,0.000714,0.000693,5.8e-05,0.001485,0.000981,0.001025,0.001136,0.000595,9e-05,0.001037,0.00041,0.000241,0.000123,0.000554,0.000928,0.001181,0.000583,7.1e-05,0.001227,0.00016,0.001299,0.000171,0.000523,8.1e-05,0.031471,0.031639,0.03064,0.030763,0.047645,0.048178,0.047314,0.047616,0.047938,0.048248,0.047835,0.048015,0.048123,0.047996,0.04769,0.048376,0.048707,0.047574,0.047549,0.047886,0.017907,0.017181,0.017508,0.000348,0.000872,0.001415,0.000223,0.000691,0.001106,0.000867,0.000592,0.001164,0.00033,0.000238,0.001471,0.00125,0.001484,0.001381,0.00067,0.001236,0.001238,0.001302,0.001379,0.000886,0.00084,0.000746
SpB_ev1,1700518452.0,4,0.101,SpB,1.8e-05,0.000158,0.000363,2.5e-05,0.000215,2.1e-05,0.000178,0.000297,7.1e-05,0.000103,6e-05,0.007829,0.007808,0.007816,0.007784,0.007769,0.007803,0.008137,0.008079,0.00802,0.007822,0.008122,0.008045,0.008009,0.008041,0.008108,0.000145,0.013808,0.013447,0.025986,0.025971,0.0261,0.02608,0.026217,0.026071,0.026122,0.026037,0.026218,0.026194,0.026014,0.026341,0.026278,0.037965,0.038053,0.038235,0.03837,0.038014,0.038064,0.038109,0.037941,0.038337,0.038087,0.025671,0.025557,0.012382,0.012357,0.012374,0.012182,0.012181,0.012485,2.4e-05,0.000154,0.000442,2.1e-05,0.000347,9.9e-05,0.000217,9e-06,0.000182,2.1e-05,0.000298,4.9e-05,0.000271,0.00029,0.000451,0.000237,0.000301,0.000268,7.9e-05,0.000284,0.000143,0.000107,0.00022,0.000346,0.000323,0.000438,3.4e-05,0.000101,7.7e-05,6.9e-05
SpB_ev1,1700518456.0,1,0.741,SpB,0.001931,0.002797,0.000572,0.001591,0.003003,0.002704,0.003077,0.002967,0.000449,0.003142,0.001215,0.002125,0.000739,0.000852,0.000677,0.001964,0.001239,0.001224,0.002913,0.047496,0.046369,0.047846,0.045218,0.045683,0.047136,0.04622,0.047949,0.046945,0.045941,0.047288,0.047742,0.04528,0.046812,0.046134,0.045229,0.045335,0.04678,0.046487,0.001347,0.000562,0.001335,0.001193,0.001189,0.000864,0.001636,0.003099,0.000904,0.002215,0.000272,0.001454,0.000961,0.001819,0.001104,0.001259,0.000791,0.002981,3.7e-05,0.003152,0.001573,1.1e-05,0.001261,0.000716,0.000926,0.002191,0.001905,0.00133,0.001023,0.001792,0.003003,0.000352,0.002934,0.000901,0.002783,7e-05,0.001938,0.001848,0.002714,0.000944,0.000681,0.002041,0.001019,0.001762,0.001124,0.002317,0.001027,0.003124,0.003002,0.00081,0.002861,0.002771
SpB_ev1,1700518460.0,1,1.483,SpB,0.001155,0.00237,0.001834,0.003193,0.002913,0.000185,0.002764,0.002157,0.001112,0.001145,0.001876,0.002292,0.001387,0.002324,0.002836,0.000995,0.002694,0.001048,0.002846,0.002708,0.002048,0.003257,0.00249,3.2e-05,0.000505,0.002542,0.00241,0.001266,0.001798,0.002717,0.000727,0.001923,0.002642,0.000884,0.000839,0.002094,0.000891,0.003189,0.000474,0.001437,0.040347,0.039549,0.038052,0.040213,0.041019,0.040552,0.040128,0.041045,0.038559,0.039122,0.039004,0.039147,0.040204,0.038971,0.040982,0.038652,0.03924,0.040803,0.038299,0.041194,0.039343,0.039755,0.002586,0.000999,0.001681,0.002629,0.002292,0.00251,0.000678,0.001431,0.001223,0.00189,0.001382,0.002094,6.2e-05,0.002271,0.001255,0.003057,0.002948,0.001699,0.002957,0.002044,0.001066,0.001367,0.001925,0.003319,0.000235,0.002351,0.001471,0.002396
SpB_ev1,1700518464.0,3,0.053,SpB,0.00037,0.000214,0.00055,0.00039,0.000212,0.00087,0.000835,0.000316,7e-06,0.000518,0.000323,0.000917,0.000715,0.000512,0.000814,0.02845,0.029323,0.029133,0.028711,0.028978,0.028406,0.028368,0.028637,0.029082,0.028985,0.029004,0.029185,0.02899,0.029058,0.028867,0.02848,0.000464,0.000187,5.8e-05,0.000287,0.000123,0.023819,0.02378,0.023534,0.023517,0.023247,0.023623,0.023017,0.02329,0.036578,0.037057,0.036776,0.036649,0.013604,0.013944,0.013821,0.013797,0.013743,0.014003,0.013749,0.0137,0.013736,0.014239,0.01364,0.014178,0.013788,0.000369,0.000652,0.000909,0.000138,0.000981,0.000196,0.00038,0.000718,5.9e-05,0.000514,0.000124,0.000376,0.000362,0.000894,0.000609,0.000206,0.000319,0.000728,0.000971,0.00054,0.000947,0.00036,9.3e-05,0.000174,0.000128,0.000814,0.000672,0.000626,0.000976
SpB_ev1,1700518468.0,3,0.935,SpB,0.000825,0.000439,0.00088,0.000534,0.000471,0.000543,0.000112,2.8e-05,0.000647,0.000717,0.000415,0.000542,0.000455,0.000563,0.000666,0.00096,0.000857,0.000708,0.000733,0.000501,0.000215,0.000915,5.2e-05,4.5e-05,0.000652,7.5e-05,0.00028,0.000798,0.000771,0.000794,0.000526,0.001005,0.000792,0.000724,0.000934,0.000149,0.000931,0.00066,0.000797,0.000624,0.000276,0.000647,0.00029,0.000968,0.00091,0.000248,0.000624,0.000589,0.000356,0.000583,0.000133,0.001027,0.000861,0.00078,0.000173,0.000246,0.000838,0.000336,0.000883,0.000723,0.00075,0.010748,0.011045,0.010919,0.010768,0.01119,0.039845,0.040775,0.039921,0.040717,0.04025,0.02971,0.030042,0.029445,0.029919,0.030094,0.029364,0.029712,0.030276,0.059057,0.058466,0.058789,0.059218,0.058374,0.02937,0.029285,0.029718,0.02898,0.029073,0.029353
SpB_ev1,1700518472.0,3,0.968,SpB,0.000213,0.000605,0.000813,0.00103,0.000161,0.001185,0.000594,2.4e-05,0.000932,0.001031,0.000426,0.000204,0.001015,0.00058,0.000371,0.000465,0.00077,0.000353,0.000166,0.000108,0.001106,0.000995,0.000545,0.000367,0.00096,0.000923,0.000754,0.000768,9.2e-05,0.000438,0.000448,0.00023,0.000156,9.2e-05,0.000523,0.000369,0.000686,0.000916,0.016484,0.017376,0.029418,0.029435,0.030132,0.029433,0.029276,0.029452,0.029988,0.02966,0.029352,0.029415,0.029735,0.029579,0.013261,0.034715,0.034711,0.034262,0.034806,0.034046,0.034201,0.034163,0.034731,0.034008,0.021314,0.0215,0.021849,0.022021,0.02104,0.021877,0.021254,0.021538,0.021612,0.021267,0.022077,0.021194,0.000792,0.000686,0.001104,0.000472,0.00039,0.000661,0.000106,0.00065,3e-06,0.000874,0.000227,0.001023,4.4e-05,0.000217,0.001101,5.2e-05
SpB_ev1,1700518476.0,1,1.188,SpB,0.000635,0.000811,0.003299,0.003124,0.00223,0.000978,0.003339,0.000962,0.001145,0.000602,0.000361,0.001628,0.003032,0.002136,0.001374,0.000342,0.001661,0.000878,0.002376,0.000414,0.002265,0.001679,0.002813,0.001656,0.001215,0.001356,0.001537,0.001775,0.002177,0.001893,0.001909,0.002648,0.000819,0.002987,0.001885,0.001298,0.001879,0.001481,0.000999,0.001158,0.000257,0.002752,0.001172,0.002139,0.002129,0.001058,0.002665,0.000609,0.044732,0.043497,0.045286,0.042902,0.043206,0.045116,0.045314,0.043062,0.045747,0.044041,0.044442,0.04423,0.044065,0.045917,0.044646,0.045594,0.043978,0.043165,0.043456,0.045085,0.002364,0.001303,0.002053,0.001272,0.001071,0.001152,0.00237,0.002202,0.000291,0.003085,0.001723,0.000599,0.002232,0.000418,0.000374,0.002722,1.1e-05,0.002219,0.00075,0.000741,0.001997,0.002033
SpB_ev1,1700518480.0,4,0.725,SpB,0.00027,0.000606,0.000171,0.000618,0.000687,0.00067,0.000203,0.000154,8.9e-05,0.000392,0.0004,3e-05,0.000413,0.000593,0.000584,0.000365,0.000158,0.000508,0.016862,0.017187,0.027302,0.027056,0.027346,0.027126,0.027561,0.027589,0.026902,0.027286,0.027319,0.027149,0.027559,0.026876,0.027395,0.027274,0.027445,0.027344,0.027404,0.026967,0.017059,0.017269,0.000212,0.000138,0.000271,0.000361,0.000205,0.000334,0.000726,0.000722,0.000156,0.000791,0.000199,0.000444,0.000667,0.013746,0.013594,0.013928,0.013938,0.01324,0.013433,0.013259,0.013832,0.013256,0.013864,0.013675,0.013266,0.013358,0.013382,0.013745,0.013316,0.013173,0.013812,0.013195,0.000736,0.000377,0.000413,0.000162,0.00048,0.012752,0.012779,0.012833,0.01325,0.013342,0.012818,0.013196,0.013223,0.013116,0.012779,0.013044,0.013066,0.013209
SpB_ev1,1700518484.0,4,0.741,SpB,8.5e-05,0.000329,0.00046,0.000173,0.000418,0.000154,0.000432,0.000339,0.000573,0.000505,0.000671,0.000335,0.000134,0.000423,0.000261,0.000499,0.000317,9e-05,0.000344,0.000361,0.00016,0.000276,0.000451,0.000147,4.6e-05,0.000122,0.000143,3.1e-05,0.00051,0.000633,0.000435,0.000364,0.000414,0.000103,2.4e-05,0.011939,0.012038,0.011594,0.012202,0.011858,0.011734,0.011908,0.011926,0.011594,0.000101,0.022146,0.022013,0.022236,0.022282,0.022241,0.02191,0.022201,0.035755,0.036178,0.035792,0.035873,0.036408,0.036019,0.036303,0.035897,0.021973,0.02152,0.021816,0.021782,0.022045,0.021906,0.021355,0.021563,0.022082,0.022015,0.021882,0.021979,0.021526,0.021924,0.021733,0.021568,0.021419,0.021489,0.02198,0.021346,0.000474,0.00045,0.000739,0.000556,0.000275,0.000209,0.00038,0.000535,0.000268,0.000304
SpB_ev1,1700518488.0,4,0.588,SpB,0.000704,0.00086,0.000373,0.000236,0.000786,0.020883,0.020505,0.020878,0.020528,0.020169,0.019922,0.020971,0.020516,0.020598,0.020039,0.020917,0.020472,0.020833,0.020849,0.020106,0.020965,0.020176,0.019926,0.020531,0.020221,0.020155,0.020303,9.3e-05,0.000682,0.000728,0.000225,0.000593,0.000649,0.000591,0.000491,0.001002,0.000534,0.000905,0.000934,0.000561,0.000177,0.000441,0.000679,0.012797,0.031872,0.031577,0.032005,0.031367,0.0316,0.031681,0.031484,0.031707,0.031292,0.031225,0.031565,0.031103,0.012661,0.012905,0.013008,0.012602,0.012776,0.012374,0.012423,0.012942,0.012309,0.000532,0.000724,0.000403,0.000519,0.000403,0.00017,0.000736,0.000867,0.001009,0.00057,0.00026,1.4e-05,0.00027,0.000214,7.2e-05,0.000458,0.000897,0.000388,0.000242,0.000983,0.000573,0.000816,0.000524,0.001059,0.019316
SpB_ev1,1700518492.0,2,0.972,SpB,0.000787,0.001068,0.000728,0.000743,0.001144,0.001235,0.000683,0.000867,0.001314,0.00054,0.00109,0.000721,0.00124,6.1e-05,0.000745,0.000952,0.000789,0.000676,0.001332,0.000559,0.000207,0.000801,0.026974,0.027667,0.026801,0.026725,0.026998,0.027588,0.027381,0.027085,0.027437,0.027033,0.02734,0.027852,0.027766,0.000471,0.000804,0.000469,0.000334,0.000493,0.000111,0.000208,0.000115,0.001163,0.000754,0.000866,0.000763,0.000484,0.001318,0.000356,0.001045,0.001214,0.000511,0.001247,0.000387,0.021241,0.022103,0.022152,0.021831,0.021814,0.022293,0.021205,0.021663,0.021594,0.022008,0.02225,0.022148,0.021366,0.022309,0.022308,0.022312,0.021554,0.02152,0.021681,0.021758,0.021065,0.021304,0.021536,0.021872,0.021608,0.021273,0.021404,0.021197,0.000582,5.6e-05,0.00117,0.001252,0.000648,0.00083,0.001052
SpB_ev1,1700518496.0,4,1.208,SpB,0.000219,0.000259,0.000166,0.000234,0.000442,0.000512,0.000242,0.000305,0.000402,0.000342,0.000393,0.000527,0.000485,0.000414,0.000442,0.000531,0.00046,0.011745,0.011712,0.011257,0.011527,0.011472,0.011327,0.011474,0.011753,0.011531,0.011747,0.023774,0.023984,0.023837,0.023712,0.023605,0.023903,0.023843,0.023836,0.012348,0.012409,0.012621,0.012824,0.012674,0.012664,0.012544,0.012439,0.01231,0.012555,0.012292,0.012596,0.012515,0.012557,0.012275,0.012338,0.012527,0.01269,0.012368,0.012365,0.012564,0.023642,0.023903,0.023998,0.023908,0.023931,0.023846,0.023878,0.023899,0.023881,0.023828,0.023829,0.023962,0.011585,0.011419,0.011234,0.011555,0.011162,0.011298,0.011178,0.011349,0.011561,0.011172,0.011132,0.01112,0.000396,0.000233,0.000265,0.000392,0.000568,0.000138,2.9e-05,0.000284,0.000297,0.000237
SpB_ev1,1700518500.0,3,0.318,SpB,0.00086,0.000813,0.001166,0.001338,0.000516,0.000343,0.000824,0.000913,0.000602,0.000741,0.0013,0.0004,0.00108,0.000228,0.001352,0.001013,3.8e-05,0.000896,0.00134,0.000464,0.000716,0.000769,0.000514,0.001225,0.000701,0.001257,0.000639,0.024806,0.024553,0.025236,0.024566,0.024648,0.02456,0.024975,0.024613,0.025184,0.024839,0.02464,0.025654,0.024991,0.025354,0.025061,0.00136,0.000879,0.000778,0.000159,0.00056,0.001392,0.000791,0.00078,0.000678,0.000947,0.000855,0.001197,2.6e-05,0.001317,0.000441,8.7e-05,0.000427,0.017676,0.017469,0.016829,0.017145,0.017073,0.041054,0.040226,0.040023,0.03995,0.040834,0.039697,0.040553,0.041058,0.040108,0.040504,0.039935,0.017678,0.017061,0.017552,0.000429,0.001303,0.00026,0.000688,0.001365,0.001036,0.001034,0.000245,0.001262,0.001019,0.000184,0.000349
SpB_ev1,1700518504.0,4,0.408,SpB,0.000431,4.9e-05,0.000244,0.000476,6.8e-05,0.00036,0.000219,0.000253,0.000553,0.000135,0.000377,6.3e-05,0.000141,0.0005,0.000377,0.000226,0.00018,0.000373,0.000388,4e-05,0.000307,0.000337,0.000465,0.000209,0.000273,0.000542,0.000611,0.000589,0.000163,0.000517,3.4e-05,0.000333,0.000443,0.000192,0.000289,0.000459,0.000434,0.000425,0.000287,1.6e-05,0.000458,0.01079,0.0112,0.028466,0.028831,0.028945,0.028428,0.028893,0.02855,0.028536,0.028902,0.02859,0.028484,0.028739,0.028688,0.028427,0.028592,0.028727,0.043476,0.05216,0.041165,0.023959,0.023978,0.023679,0.023593,0.023416,0.023398,0.023864,0.023547,0.023431,0.023686,0.023429,0.023571,0.023799,0.023533,0.009442,0.009206,0.00948,0.009047,0.009444,0.009145,0.009085,0.000587,0.000393,0.000508,0.000527,0.000166,6e-05,0.000427,0.000171
SpB_ev1,1700518508.0,2,0.842,SpB,0.000332,0.001076,0.002069,0.00014,0.001785,0.000892,0.001626,0.001821,0.001285,0.001237,0.001942,0.000363,0.000915,0.001248,0.000313,0.000248,5.9e-05,0.002091,0.000944,0.000325,0.001546,0.000584,0.000241,0.001426,9.9e-05,0.000286,0.000594,0.000671,0.00163,0.002088,0.000709,0.001797,0.001449,0.000859,0.001702,0.001494,0.001775,0.002051,0.000174,0.000215,0.000501,0.002054,0.000516,0.000277,0.000213,0.002028,0.001696,0.000508,0.001439,0.001494,0.001377,0.000747,0.045768,0.045701,0.047126,0.047569,0.078781,0.079038,0.078705,0.077475,0.077838,0.078155,0.077429,0.031704,0.031944,0.032264,0.033606,0.032943,0.031676,0.000709,0.002082,0.000587,0.002089,0.000148,0.000817,0.002141,0.002055,4.9e-05,0.000195,0.000168,0.00049,0.00096,0.00051,0.000811,0.00094,0.000841,3.1e-05,0.000791,0.000426,0.000486
SpB_ev1,1700518512.0,1,1.019,SpB,0.00179,0.00109,0.001572,0.001861,2.6e-05,0.001272,0.002008,0.001578,0.000646,0.000978,6.6e-05,0.001871,0.000543,4.1e-05,0.001689,0.001,0.000417,0.001579,0.00028,0.001513,0.000122,0.001048,0.001506,0.001235,0.000354,0.001737,0.000973,0.001302,0.000975,0.001453,0.000223,0.001605,0.001222,0.000514,6.4e-05,0.000529,0.000215,0.001553,0.000173,0.000974,0.057407,0.058479,0.059219,0.058476,0.058348,0.057682,0.058161,0.059219,0.057657,0.057746,0.057529,0.0577,0.057738,0.058779,0.058672,0.058446,0.001323,0.00077,0.000564,0.00045,0.000857,0.000222,0.000384,0.000539,0.001473,8.8e-05,0.000684,3.5e-05,0.00133,0.001752,0.000899,0.001184,0.000152,0.001078,0.000693,0.000231,0.000523,0.000574,0.001781,0.001256,0.001301,0.000452,0.001914,0.000592,0.000573,0.001397,8.3e-05,0.001927,0.000538,0.001534
SpB_ev1,1700518516.0,1,1.143,SpB,0.000777,0.000793,0.001374,0.001612,0.002185,0.000674,0.001182,0.000798,0.001438,0.000683,0.001056,0.000713,0.002319,8.3e-05,0.001449,0.00043,0.002277,0.00227,0.001136,0.001126,0.000448,0.002258,0.002185,0.001629,0.000447,0.000475,0.001321,0.000811,0.000396,0.001342,0.000408,0.001817,0.000121,0.001167,0.000912,0.002016,0.001468,0.000921,0.000528,0.001252,0.001909,0.001231,0.000884,0.001793,0.00043,0.001169,0.001617,0.001911,0.00156,0.000568,0.001321,0.002022,0.001459,0.001917,0.001228,4.5e-05,0.002018,0.001233,0.000991,0.000184,0.000856,0.000247,0.001954,0.001505,0.04195,0.041937,0.041696,0.040811,0.042735,0.042199,0.042292,0.041843,0.040904,0.041222,0.042835,0.041103,0.041368,0.041933,0.041939,0.04306,0.041058,0.042573,0.042067,0.041755,0.042528,0.041006,0.001493,0.000898,9.6e-05,0.000349
SpB_ev1,1700518520.0,4,0.57,SpB,0.000654,0.000255,0.000188,0.000198,0.000313,0.000339,0.000588,0.000114,0.000165,0.000401,0.000546,0.000158,0.000154,0.000438,0.000118,0.00055,0.000314,0.000471,8.5e-05,0.000475,0.000345,0.000364,7.3e-05,0.000379,0.000317,6.5e-05,0.000412,0.000247,0.000166,0.000197,0.000543,0.000692,6.7e-05,0.000559,1.1e-05,1.3e-05,1.6e-05,0.000437,0.00054,0.000429,0.00066,0.01386,0.013939,0.03124,0.031459,0.031626,0.031183,0.031375,0.031135,0.045466,0.058292,0.058804,0.058349,0.0587,0.05858,0.058735,0.058497,0.0587,0.030796,0.031119,0.031119,0.031132,0.031397,0.031437,0.030857,0.031164,0.00035,0.000353,7.2e-05,0.000288,0.000466,0.000655,0.000161,0.000158,0.000253,8e-06,0.000608,0.000317,0.000102,0.000226,0.000118,0.00061,0.000448,0.000197,0.000395,0.000164,0.000693,0.000355,0.000534,0.000446
SpB_ev1,1700518524.0,4,1.002,SpB,0.00028,0.000371,2.4e-05,0.000259,4.2e-05,0.000442,0.000376,4e-05,0.000227,0.000121,0.000374,0.000419,0.0003,0.000251,0.000233,0.009168,0.008909,0.008963,0.009139,0.008756,0.00895,0.009136,0.008912,0.009073,0.008847,0.008845,0.008881,0.009176,0.008966,0.008852,0.008977,0.009197,0.000202,0.000423,0.000218,0.014426,0.01431,0.014371,0.014546,0.014233,0.014226,0.014205,0.014533,0.014463,0.014504,0.014428,0.014464,0.014416,0.014641,0.014459,0.025413,0.025646,0.025459,0.025762,0.025825,0.025668,0.025498,0.025846,0.039052,0.039182,0.039462,0.039464,0.025209,0.013973,0.013927,0.013942,0.013755,0.014026,0.013864,0.014055,0.013978,0.013802,0.013819,0.014041,0.013883,0.013877,0.013925,0.013903,0.014018,0.014097,0.000359,0.000187,0.000195,0.000358,0.000149,0.000136,3.4e-05,0.000129,0.00043,7.9e-05
SpB_ev1,1700518528.0,1,0.297,SpB,0.000333,0.000522,0.000967,0.002396,0.002522,0.001731,0.001634,0.001678,9.9e-05,0.001893,0.00036,0.002309,0.002581,0.001381,0.002562,0.002536,0.001976,0.002007,0.002541,0.000553,0.002119,0.002526,0.002207,0.001549,0.002193,0.00181,0.000281,0.001424,0.000888,0.000761,0.001931,0.001804,5.3e-05,0.000275,0.002253,0.000735,0.000393,0.000883,0.00239,0.00199,0.000174,0.046685,0.047964,0.047157,0.047254,0.048421,0.047391,0.04655,0.047391,0.046821,0.047206,0.047346,0.046233,0.046317,0.048381,0.046864,0.048317,0.048387,0.048649,0.04801,0.000167,0.00065,0.000849,0.001624,0.002266,0.000568,0.001035,0.001478,0.001152,0.001883,0.002622,0.000749,0.001896,0.000684,0.000386,0.002119,0.000889,0.000438,0.00187,0.000506,0.000902,0.000639,0.001659,0.002573,0.000758,0.001553,0.002149,0.000967,0.002332,7.2e-05
SpB_ev1,1700518532.0,1,0.378,SpB,0.001201,0.000963,0.000772,0.000604,0.001322,0.001289,0.000653,0.001765,0.001505,0.000376,0.001725,0.001199,0.001337,0.000164,0.000711,4.2e-05,0.000425,0.00174,0.00147,0.001,0.001033,0.000803,0.000703,0.001453,0.000802,0.001309,0.000977,0.001207,0.001215,0.001282,0.00111,0.001096,0.001418,0.000982,4.7e-05,0.000375,0.000748,0.001485,0.001472,0.000521,0.000275,0.001324,0.001483,0.001522,0.001493,0.001199,0.001675,0.001188,0.000924,0.000721,0.000851,0.001115,0.001192,0.000706,0.000226,0.001341,0.000385,0.000418,0.000141,0.001073,1.1e-05,0.000439,0.000508,0.000572,0.000691,0.000434,0.000609,0.001208,0.001075,0.000744,0.001362,0.048766,0.049409,0.049519,0.048994,0.049192,0.049265,0.049871,0.048663,0.049052,0.049182,0.048436,0.048687,0.049303,0.048524,0.048872,0.049712,0.049558,0.048323,0.049465
SpB_ev1,1700518536.0,2,0.464,SpB,0.000491,0.000502,0.000302,0.00067,0.001336,0.000909,3.7e-05,0.000237,0.000949,4.1e-05,0.000582,0.000632,0.001193,0.000891,0.000527,9e-05,0.001334,0.00086,0.001108,0.000488,0.000212,0.000521,0.00037,0.000316,0.001162,0.000608,0.000461,0.000797,0.001424,0.000269,0.001305,0.023491,0.023315,0.02325,0.023067,0.023925,0.023753,0.022692,0.023015,0.023208,0.023297,0.022705,0.024001,0.023679,0.023241,0.023103,0.023937,0.024077,0.023864,0.022769,0.053052,0.052773,0.052749,0.053172,0.030113,0.029878,0.029903,0.029788,0.030364,0.030289,0.030862,0.03101,0.03014,0.030018,0.001076,0.00128,0.001001,0.001288,0.000691,0.001393,0.000265,0.000709,0.000439,0.000225,0.001092,0.001031,0.001008,0.000829,0.001217,0.000141,0.000101,0.000246,0.001165,0.00108,0.00125,0.00069,0.00064,0.000697,0.001244,8e-05
SpB_ev2,1700604800.0,1,1.191,SpB,0.003858,0.004477,0.002914,0.00499,0.002663,0.002695,0.003928,0.003443,0.003746,0.004007,0.001326,0.003856,0.002722,0.003097,0.001867,0.000945,0.004054,0.000988,0.003258,0.004753,0.003256,0.000121,0.000266,0.003692,0.001898,0.004051,0.000963,0.002198,0.00357,0.000267,0.000243,0.002871,0.000306,0.002532,0.002476,0.003862,0.078465,0.077743,0.081739,0.077677,0.079406,0.077629,0.08127,0.078933,0.079098,0.079413,0.004856,0.00329,0.004858,0.00301,0.003362,0.002697,2.7e-05,0.000847,0.003413,1.6e-05,0.003338,0.001857,0.003367,0.00399,0.00365,0.001312,0.000951,0.002659,0.004515,0.002595,0.003867,0.001282,0.001544,0.002155,0.004613,0.002737,0.002479,0.004814,0.001282,0.001389,0.003106,0.001367,0.002874,0.001157,0.00496,0.000261,0.001228,5e-06,0.003602,0.005058,0.001156,0.001366,0.00341,0.002143
SpB_ev2,1700604804.0,3,0.245,SpB,0.000644,0.000986,0.000228,0.000392,9.9e-05,0.000592,0.0003,0.000708,0.000387,0.000828,0.000468,0.000125,6.7e-05,0.000622,0.000767,0.000697,0.000715,0.000419,0.000309,0.000277,0.000657,7.5e-05,0.00022,0.000288,0.000553,0.027743,0.027283,0.027123,0.02737,0.027195,0.026981,0.026803,0.027538,0.027028,0.027756,0.02703,0.027747,0.026926,0.027113,0.027056,0.026879,0.026919,0.027324,0.027799,0.000851,0.00066,0.00036,0.00056,0.021599,0.021923,0.039618,0.038808,0.039682,0.039638,0.03937,0.039291,0.039263,0.039806,0.039721,0.018436,0.018545,0.017813,0.000273,0.000672,0.000621,0.000451,0.000275,0.00076,0.000192,0.001036,0.001064,0.000337,0.000432,0.001035,0.000165,0.000152,0.000882,0.000156,0.000885,1.4e-05,0.000336,0.000189,0.000466,0.000376,0.000826,0.000993,0.000613,0.000853,0.000526,0.000437
SpB_ev2,1700604808.0,4,0.468,SpB,0.000617,4.6e-05,0.000585,0.000207,0.000151,0.000241,0.000476,0.000555,0.00014,0.000307,0.000341,0.000222,5.2e-05,8.9e-05,0.000385,9e-06,0.000214,0.000401,0.000528,0.000335,0.000437,0.000312,0.000548,0.00012,0.000329,0.000201,0.000602,0.000198,0.000231,0.000138,0.000192,0.000338,0.000338,7.5e-05,9.3e-05,6e-05,0.000571,0.018512,0.0185,0.018268,0.018316,0.018271,0.018304,0.018326,0.018751,0.018661,0.018513,0.018635,0.018753,0.000363,0.000332,0.000192,0.000598,0.000108,3.8e-05,0.016883,0.017165,0.027015,0.026847,0.038547,0.03894,0.038845,0.038805,0.038868,0.038612,0.038822,0.038412,0.038853,0.038479,0.038733,0.038543,0.03881,0.038626,0.038739,0.022038,0.022121,0.009983,0.010107,0.009964,0.010432,0.010357,0.00023,5.9e-05,0.000251,3.5e-05,0.000468,6.2e-05,0.000563,3e-05,0.00063
SpB_ev2,1700604812.0,4,0.741,SpB,0.000365,0.001041,0.000804,0.001017,0.000876,0.000265,0.00017,0.000365,0.000678,0.000839,0.001034,0.000202,0.000136,0.000136,0.000753,0.000398,0.000632,0.000654,0.000141,0.000732,0.00053,0.000304,0.000571,0.000556,0.000847,0.000753,0.000879,0.025636,0.025739,0.02617,0.025485,0.025225,0.025615,0.026129,0.0256,0.026234,0.000366,0.000751,0.000152,0.000524,0.016963,0.01709,0.017419,0.017082,0.016929,0.016663,0.017043,0.032811,0.033318,0.032765,0.032982,0.033452,0.059782,0.059724,0.059282,0.058701,0.059047,0.058737,0.042155,0.026817,0.027037,0.000205,0.000703,0.000902,0.000551,0.000422,0.000175,0.000333,0.000422,0.000632,0.000783,0.001074,0.000129,0.000744,0.00072,0.000899,5e-06,0.00037,0.000301,0.000695,0.000335,0.000349,0.000734,0.000475,0.00035,0.000285,0.000422,0.001046,1.5e-05,0.000819
SpB_ev2,1700604816.0,2,1.193,SpB,0.000752,0.000558,0.000937,0.000131,0.000763,0.000364,0.001338,0.000811,0.000979,0.000999,0.000463,0.001331,0.001137,0.000533,0.001359,0.000224,0.000548,0.000739,0.000198,0.001386,0.000421,0.000875,0.001074,0.001485,0.000546,0.00043,0.00059,2.8e-05,0.000918,7.7e-05,0.000984,0.00037,0.000352,0.000457,0.001012,0.047327,0.048204,0.047447,0.046879,0.04757,0.047792,0.047121,0.046851,0.048025,0.048087,0.046867,0.048228,0.047753,0.046982,0.046885,0.048166,0.047721,0.024478,0.023463,0.023485,0.023393,0.023604,0.023961,0.001354,0.000219,0.000954,0.000294,0.000149,0.001018,6.2e-05,0.000306,0.000171,0.000721,0.000282,0.000901,0.000498,0.001292,0.000936,0.001469,0.001311,0.001332,0.000834,0.001384,0.000322,0.000615,0.000527,0.000134,0.000859,0.001346,0.000855,0.000558,0.000985,0.000299,0.001378,0.001178
SpB_ev2,1700604820.0,4,1.487,SpB,4.8e-05,2.4e-05,0.000441,0.000204,0.000512,0.000556,0.000163,0.000303,0.000197,0.000164,0.000527,9.7e-05,0.000316,0.000572,4.8e-05,0.000351,0.000202,0.000166,0.000556,0.000506,0.000337,0.000616,4.6e-05,6.4e-05,0.000355,0.000438,0.000185,0.000493,0.000386,0.016513,0.016723,0.016287,0.016387,0.035284,0.05128,0.050988,0.050675,0.050893,0.064953,0.048831,0.049033,0.048825,0.049217,0.033247,0.033312,0.033475,0.033463,0.033145,0.033385,0.033188,0.033191,0.033006,0.019251,0.018766,0.01882,0.019183,0.018912,0.018961,0.00041,0.000459,0.000427,0.000326,0.000508,0.000235,0.000569,0.000513,0.000351,0.000145,0.000605,0.000341,0.000452,0.000448,0.000287,0.000618,8.1e-05,0.000598,0.000605,0.000417,0.000431,3.1e-05,2.2e-05,0.000213,0.000397,0.000362,0.000549,0.000557,0.000472,0.000158,0.000176,0.000172
SpB_ev2,1700604824.0,4,0.636,SpB,0.000389,0.001013,0.000407,0.000105,0.000308,0.000751,0.00068,8.3e-05,8e-05,5e-06,0.000161,0.00025,0.000536,0.000164,0.00056,0.000971,0.000108,0.000717,0.000417,0.000115,0.000105,0.023631,0.024278,0.024007,0.023956,0.023475,0.023835,0.023285,0.023898,0.023828,0.023913,0.023842,0.000454,0.000457,0.000136,0.000473,0.000343,0.000829,0.000322,0.000769,0.000523,0.000623,0.000512,0.017641,0.017354,0.016746,0.016871,0.016801,0.017383,0.017385,0.01674,0.041276,0.040885,0.041338,0.040794,0.041583,0.041394,0.040716,0.040838,0.00053,0.000498,0.000284,0.000648,0.000163,0.00088,0.001045,0.000112,0.000784,7.1e-05,0.000885,0.000927,0.000287,0.000954,0.000473,0.0155,0.015277,0.015238,0.016159,0.015822,0.016165,0.015522,0.016081,0.015305,0.015644,0.015209,0.015601,0.01588,0.016163,0.015568,0.015267
SpB_ev2,1700604828.0,3,0.348,SpB,0.000682,0.000621,0.000179,0.000175,0.000539,0.000389,0.000588,0.000459,0.000667,0.000683,0.000156,0.000581,0.000251,0.000558,0.000221,0.000422,0.000817,0.000623,0.000636,6.1e-05,0.000405,0.000331,0.000661,0.000662,1.2e-05,0.000309,0.000478,0.000502,0.000283,0.0001,0.000539,0.000715,0.000337,0.000282,4.3e-05,0.00034,5e-06,0.000731,0.000756,0.000121,0.000665,0.000101,0.000251,0.000455,0.000457,0.000208,0.023288,0.02329,0.02312,0.022798,0.033583,0.03359,0.054302,0.054052,0.054354,0.05403,0.054086,0.054122,0.054428,0.053822,0.053933,0.054209,0.053878,0.053817,0.053896,0.033708,0.033009,0.01075,0.010909,0.010354,0.010595,0.000324,0.000243,0.000414,0.000208,0.000737,0.000223,0.000782,0.000812,0.00038,0.000252,0.000514,1.6e-05,0.000715,0.00078,0.000541,0.000466,0.000364,0.000576,0.000672
SpB_ev2,1700604832.0,3,0.811,SpB,0.000102,0.000512,8.5e-05,0.00055,7.5e-05,6.2e-05,0.000469,0.000441,0.000583,5e-05,0.000194,0.000214,2.4e-05,0.00031,0.00041,0.000507,0.000353,0.00047,0.000318,0.016975,0.017093,0.016982,0.017068,0.016989,0.017424,0.017352,0.017024,0.017044,0.017452,0.017482,0.017328,0.017376,0.017486,0.031145,0.041232,0.041477,0.041559,0.041737,0.041537,0.041731,0.024901,0.024394,0.024468,0.024501,0.024732,0.02479,0.024706,0.024301,0.024331,0.024764,0.024677,0.024764,0.024504,0.024627,0.024685,0.024429,0.014383,0.014028,0.014176,0.014363,0.014018,0.000112,0.000238,5.5e-05,0.000352,3e-05,0.000391,0.000388,1.1e-05,0.000522,0.000255,0.000163,0.000426,0.000205,0.000138,0.000112,3.1e-05,0.00039,0.000427,0.000361,0.000498,0.000535,0.000527,0.000599,0.000251,0.000497,0.000395,0.000129,4.4e-05,0.000151
SpB_ev2,1700604836.0,3,1.407,SpB,0.000686,0.000376,6.7e-05,0.000386,0.00068,0.000129,5.2e-05,0.000268,0.000806,0.000707,0.000579,0.000605,0.000433,0.000395,0.000426,0.000738,0.000812,0.00013,0.00022,0.000243,0.000526,0.000471,0.000157,0.000201,0.01409,0.013807,0.014223,0.014166,0.013915,0.013567,0.013939,0.013888,0.014016,0.013983,0.013714,0.013634,0.013711,0.046207,0.046059,0.032415,0.03247,0.032125,0.032537,0.032324,0.032062,0.032449,0.032103,0.032002,0.03229,0.032326,0.032139,0.032727,0.032513,0.032177,0.022164,0.021977,0.022377,0.021675,0.022101,0.022092,0.02214,0.021576,0.022328,0.021907,0.00038,0.000188,0.000777,0.00047,0.000196,0.000134,0.000685,0.000759,0.00019,0.000763,0.000591,0.00013,0.000402,0.000269,0.000406,0.000444,0.000709,4.7e-05,0.000393,0.000787,0.000679,0.000769,0.000341,0.000433,0.000476,0.000577
SpB_ev2,1700604840.0,2,1.021,SpB,0.000223,0.000627,0.001373,0.001321,0.000141,0.000812,0.000865,0.000974,0.000151,0.000487,0.000671,0.001012,0.000331,0.000714,0.001075,0.000628,0.00014,0.00109,0.000674,0.000792,0.001008,0.001341,3e-06,0.000302,0.000327,0.000618,0.031052,0.030632,0.030245,0.031055,0.030585,0.029899,0.02998,0.056332,0.057288,0.057562,0.057108,0.056833,0.056396,0.056751,0.057622,0.057621,0.057187,0.027476,0.02779,0.027666,0.027405,0.027087,0.026878,1.7e-05,0.000546,0.000885,0.000727,0.000143,0.00085,8.4e-05,0.000384,0.000424,0.000172,0.000774,0.001377,0.001105,0.001327,0.001137,0.000426,0.00014,0.000914,0.001414,0.001392,0.001515,0.0011,0.001472,0.000961,1.8e-05,0.001107,2.1e-05,0.00026,0.001338,0.001535,0.000492,0.000797,0.001123,0.001261,0.001177,0.001011,0.000676,0.000873,0.000346,0.001323,0.001204
SpB_ev2,1700604844.0,1,0.526,SpB,0.004533,0.000564,0.000431,0.004285,0.004687,0.000981,0.003814,0.004777,0.002821,0.003209,0.001519,0.002506,0.004054,0.002203,0.003326,0.00417,8.6e-05,0.000904,4.2e-05,0.000709,0.002885,0.001326,1.9e-05,0.00164,0.003169,0.004255,0.00076,0.002708,0.002921,0.002184,0.003846,0.000399,0.000138,0.002324,0.001138,0.132475,0.13147,0.131526,0.13335,0.129913,0.12918,0.004425,0.002914,0.00049,0.003666,0.003853,0.004374,0.004081,0.004155,0.003278,0.001229,0.00086,0.004204,0.002165,0.002795,0.003756,0.000609,0.004466,0.003969,0.003923,0.001797,0.0015,0.001911,0.001728,0.002047,0.001891,0.003922,8e-06,0.003567,0.001664,0.004873,0.003595,0.00139,0.003879,0.001866,0.000175,0.001803,0.001265,0.002528,0.001753,0.004275,0.002357,0.001818,0.003878,0.003383,0.001557,0.001427,0.003711,0.003154,0.004814
SpB_ev2,1700604848.0,4,0.869,SpB,0.000458,0.000302,0.000192,0.000502,0.000346,0.000266,0.000576,6.2e-05,0.000303,0.000163,0.000237,0.000605,0.000111,0.000358,0.00037,0.000149,9.2e-05,0.000113,0.00023,7e-05,0.000576,0.016085,0.016497,0.016514,0.016366,0.015858,0.015922,0.01617,0.016004,0.016237,0.016023,0.031876,0.031603,0.032131,0.031942,0.031829,0.031862,0.032159,0.03205,0.031648,0.031997,0.031971,0.016227,0.015969,0.015658,0.025967,0.02594,0.02587,0.026273,0.025766,0.026211,0.010265,0.000439,1.2e-05,0.00031,0.000423,0.000203,0.000616,0.000469,0.000349,6.7e-05,0.00016,0.00066,0.000469,0.020071,0.01992,0.019575,0.01948,0.019784,0.019935,0.019695,0.020029,0.020012,0.019828,0.019812,0.020092,0.019739,0.000143,0.000435,0.000459,0.000316,5.5e-05,0.000453,0.000596,0.000649,0.000367,1.2e-05,0.000326,0.000503,0.000564
SpB_ev2,1700604852.0,3,1.389,SpB,0.00053,0.000229,0.000251,0.000438,0.00054,0.00044,0.000287,0.000445,0.000426,0.000386,0.000572,9.2e-05,0.000584,0.000687,0.000319,0.000699,0.00046,0.000481,0.000589,0.000417,0.000162,0.000473,0.000196,0.000326,0.000405,0.000796,0.000347,0.000586,0.000467,0.013003,0.012707,0.012629,0.013051,0.012817,0.012482,0.012631,0.012412,0.013027,0.013146,0.012566,0.012645,0.012418,0.025795,0.026256,0.025731,0.025988,0.025715,0.026059,0.013763,0.013679,0.013409,0.013695,0.013483,0.013782,0.013378,0.01376,0.013632,0.013172,0.013279,0.013608,0.013418,0.013718,0.02846,0.028901,0.028478,0.015499,0.015678,0.015729,0.015945,0.015823,0.01547,0.015836,0.015308,0.015916,0.015462,0.015594,0.015933,0.015686,0.015812,0.015713,0.015317,0.015498,0.015482,0.015245,0.015811,0.015509,0.015922,0.015783,0.015498,0.01521
SpB_ev2,1700604856.0,4,0.948,SpB,0.000265,0.000765,0.000161,0.000331,0.000408,0.000514,0.000649,0.000264,0.000457,7.7e-05,0.000262,0.000302,0.000298,0.00053,0.000651,0.000519,0.000578,4.3e-05,0.000521,9.3e-05,0.000645,0.000186,0.009641,0.009953,0.009859,0.009671,0.009516,0.009517,0.009856,0.009757,0.009528,0.010221,0.009579,0.009721,0.018687,0.018588,0.031703,0.031814,0.031661,0.050949,0.051413,0.05067,0.042188,0.042843,0.042399,0.042598,0.04232,0.042421,0.042494,0.04287,0.042661,0.0427,0.042827,0.042206,0.042139,0.023168,0.000807,7e-06,0.000735,0.000212,0.000253,0.000428,0.000281,0.000339,0.000177,0.000493,0.000337,0.000704,0.000701,0.000264,0.000512,0.000623,0.000322,0.000728,0.000565,0.000721,3e-06,4.2e-05,0.000475,0.000222,0.000775,0.000247,5.2e-05,1.8e-05,0.000582,0.00043,0.00014,9.2e-05,0.000321,0.000733
SpB_ev2,1700604860.0,1,0.846,SpB,0.000413,0.001366,0.000436,0.001195,0.000233,0.000998,0.001314,3.5e-05,0.001269,0.000746,0.001524,0.001245,0.000735,0.001268,0.001736,0.001416,0.001115,0.001452,0.000962,0.00147,0.000825,0.001217,2.6e-05,0.001021,0.001084,0.000522,0.046834,0.046441,0.046358,0.04719,0.04771,0.047403,0.046823,0.047735,0.047762,0.047091,0.047276,0.046351,0.047001,0.046382,0.047081,0.046363,0.046929,0.047099,0.046114,0.046652,0.000225,0.000804,0.000735,0.000491,0.001132,0.001745,0.000475,0.000585,0.001707,0.000396,0.000789,0.000787,0.000818,0.000872,0.000861,0.000303,0.001475,0.0001,0.001004,0.001162,8.9e-05,0.000299,0.001203,0.000604,0.001512,0.000112,0.000968,0.001727,0.000714,0.000199,0.001404,0.000186,3.8e-05,0.000496,0.001435,0.001716,0.001569,0.0006,0.0009,0.000487,0.000219,0.000293,0.001311,0.001238
SpB_ev2,1700604864.0,3,1.457,SpB,0.000657,0.000599,0.000609,0.000288,0.000295,0.000576,0.000632,0.000288,0.000594,0.000344,0.000783,0.000748,0.000284,0.000174,0.000542,0.000496,0.00014,1.2e-05,0.000298,0.000469,0.000674,0.000328,0.000237,0.014237,0.014462,0.014835,0.014865,0.014581,0.014451,0.014906,0.014208,0.014639,0.014287,0.014576,0.014814,0.014722,0.014633,0.030001,0.02992,0.029924,0.030169,0.030003,0.043647,0.043844,0.044283,0.030204,0.029891,0.029763,0.030009,0.029502,0.029488,0.029473,0.030252,0.030001,0.02949,0.029876,0.030238,0.029492,0.030161,0.029839,0.015892,0.015802,0.015563,0.000261,0.000162,5.3e-05,0.000441,3e-05,0.000275,0.000123,0.000783,0.000485,0.000163,6e-06,0.000274,0.000373,0.000415,0.000336,0.000477,0.000589,0.000313,0.000162,0.000513,0.000489,0.000337,0.000292,0.000243,0.000523,0.000238,0.000637
SpB_ev2,1700604868.0,3,0.132,SpB,0.000458,5.3e-05,0.00024,0.00026,0.000179,0.000506,0.000935,0.001102,0.000629,0.000992,0.00049,0.000856,0.000322,0.000631,0.000795,0.000286,0.000511,0.000408,0.000268,0.001125,0.000381,0.034871,0.035609,0.035066,0.035093,0.035926,0.035381,0.034936,0.035465,0.036036,0.035976,0.035165,0.035539,0.035256,0.056892,0.056722,0.02142,0.021318,0.022322,0.021555,0.0219,0.022241,0.021462,0.021899,0.021556,0.02193,0.021628,0.000435,0.019267,0.018681,0.018978,0.018514,0.018543,0.019313,0.018984,0.019048,0.00081,0.000968,0.000811,0.001019,0.000674,0.000943,0.000714,0.000944,0.000724,0.000368,0.001168,0.00017,0.000759,0.00044,0.000319,0.001198,0.001196,0.001277,0.000678,0.000766,0.000506,0.000614,0.000531,0.000817,0.000652,0.000165,0.000213,9.3e-05,0.000648,0.000302,0.000626,0.000401,0.001029,0.001105
SpB_ev2,1700604872.0,4,1.452,SpB,0.000304,0.000274,0.000723,0.000552,0.000231,0.000686,0.000587,5.7e-05,0.000719,0.000551,0.000653,0.000747,0.000342,0.000624,0.00028,0.000465,0.000749,0.000702,0.000275,0.000232,0.000674,0.015593,0.015127,0.014991,0.015098,0.015253,0.01497,0.015497,0.015476,0.015214,0.015305,0.015402,0.014933,0.015118,0.015246,0.014925,0.014968,0.000695,0.00074,0.019854,0.019924,0.019505,0.019937,0.019413,0.055956,0.055777,0.056192,0.056151,0.055882,0.055856,0.055952,0.036091,0.035764,0.035712,0.036097,0.016519,0.016739,0.016689,0.016418,0.016638,0.016938,3.7e-05,0.00058,0.000221,0.000581,0.000287,0.000423,0.000217,0.000673,8.2e-05,0.000339,0.000404,0.000212,0.000293,0.000713,0.000384,0.000611,0.000674,0.000365,0.000611,3.4e-05,0.000712,0.000333,0.00016,7.3e-05,0.000284,0.000398,0.000629,0.000481,0.000206
SpB_ev2,1700604876.0,4,1.401,SpB,0.000773,0.000882,1.4e-05,0.000249,6.8e-05,0.000795,0.000844,0.000386,0.000109,0.000845,0.000927,0.000783,0.000544,0.000849,0.000845,0.000692,0.0007,0.012126,0.022406,0.021666,0.022145,0.021666,0.022272,0.021853,0.022191,0.021976,0.022117,0.022058,0.022262,0.022236,0.02247,0.022312,0.021923,0.021701,0.02234,0.02204,0.022309,0.021791,0.021955,0.022046,0.022136,0.021984,0.022271,0.021815,0.000821,0.000549,0.000294,0.000636,0.000802,0.000247,0.000107,0.000681,0.000566,0.000308,0.000325,0.011247,0.010888,0.010879,0.011082,0.011087,0.010882,0.011481,0.011001,0.011492,0.011346,0.011331,0.011409,0.021355,0.021203,0.021367,0.022011,0.021513,0.011292,0.010981,0.011408,0.011012,0.010549,0.010576,0.010644,0.011113,0.011093,0.011279,0.010803,0.011224,0.011345,0.010718,0.000804,0.000794,0.000382,0.000696
SpB_ev2,1700604880.0,2,0.995,SpB,0.000228,5e-05,0.000494,0.000557,0.000389,0.000232,8.8e-05,0.000312,0.000732,0.000169,0.000262,0.000288,2e-06,0.000306,0.000836,3.9e-05,0.000819,0.000482,0.000239,0.000451,0.000452,0.000612,0.000519,0.000364,0.000714,0.00064,0.000792,0.000528,0.000877,0.000463,0.023782,0.023444,0.023908,0.023465,0.023868,0.024167,0.023804,0.023924,0.02401,0.023535,0.023455,0.02367,0.049391,0.049395,0.049841,0.050184,0.049613,0.050071,0.049306,0.025903,0.026342,0.026017,0.026379,0.026146,0.026402,0.025932,0.025927,0.025901,0.026554,0.026319,0.02654,0.026716,0.000691,0.000501,0.000347,0.000742,0.000653,0.000823,0.000171,0.000766,0.000811,0.000598,7.8e-05,0.000655,0.000286,0.000374,0.000726,0.000153,0.000425,0.000857,0.000678,0.00023,0.000546,9e-05,1.4e-05,5.7e-05,0.000351,0.000225,0.00054,0.000769
SpB_ev3,1700691200.0,4,0.204,SpB,0.000213,0.000288,3.9e-05,0.000483,7.7e-05,0.000207,0.000523,8.7e-05,0.000263,0.012218,0.012764,0.012773,0.012668,0.012302,0.01271,0.012381,0.012832,0.012513,0.012428,0.012799,0.012722,0.012296,0.012217,0.012558,0.012506,0.012219,0.012219,0.01236,0.012717,0.012558,0.012339,0.012572,0.012648,0.012672,0.012227,0.012302,0.000309,0.00028,0.000498,0.00062,9.5e-05,0.000411,0.000172,0.015258,0.023688,0.023432,0.023509,0.023761,0.023647,0.023836,0.03487,0.034664,0.035119,0.035131,0.035087,0.03508,0.034838,0.034641,0.034752,0.034763,0.020318,0.020048,0.011814,0.011474,0.011572,0.011745,0.011907,0.011796,0.011567,0.011409,0.011712,0.000356,0.000395,0.000272,0.000265,0.000134,0.000536,0.000513,4.7e-05,0.000351,0.000492,0.000418,0.000382,0.000509,0.0004,0.000238,0.000283,0.000197,0.00047,0.000217
SpB_ev3,1700691204.0,4,0.466,SpB,0.000796,0.00018,0.000748,0.000229,0.000644,0.000664,0.00058,0.000431,0.000158,0.000742,0.000129,0.000643,0.000835,0.000768,0.000463,0.00089,0.000377,0.000613,0.000311,0.000584,0.000884,0.000691,0.000572,0.000326,0.000246,0.000862,0.000234,0.000414,7.5e-05,0.000214,0.000385,0.000547,0.000462,0.000754,0.000259,0.000889,0.000629,7.5e-05,0.000485,0.017429,0.038573,0.038542,0.038805,0.038226,0.038512,0.038408,0.038407,0.038172,0.038652,0.038055,0.017868,0.017954,0.01766,0.01737,0.017791,0.025423,0.02488,0.025259,0.025342,0.025436,0.050298,0.050264,0.025627,0.02552,0.026112,0.025403,0.025525,0.025282,0.026088,0.025788,0.025339,0.025645,0.000258,0.00031,0.000268,0.000356,0.000184,0.000717,0.000511,0.000942,0.000141,1.2e-05,0.000653,1.1e-05,0.000303,0.00023,0.000328,0.0008,0.000348,0.000189
SpB_ev3,1700691208.0,3,1.0,SpB,0.000139,0.000179,4.4e-05,0.00023,0.001124,0.000669,0.00072,0.000469,0.000992,0.001143,0.00115,0.000276,0.001068,0.000134,0.000669,0.001176,0.000255,2.7e-05,0.000106,0.000701,0.001012,0.00108,0.000184,0.000711,0.001027,0.020091,0.020201,0.020102,0.019704,0.0199,0.020279,0.020747,0.019925,0.020264,0.020502,0.019951,0.020456,0.050846,0.051331,0.050621,0.051285,0.050678,0.031825,0.031655,0.031672,0.031134,0.00118,3.1e-05,3e-05,0.00049,0.000199,0.000113,0.018801,0.018952,0.01876,0.019526,0.019456,0.019527,0.019034,0.01963,0.019814,0.018834,0.019213,0.019654,0.019261,0.019217,0.018715,0.019805,0.019598,0.019652,0.000888,0.000437,8.6e-05,0.000845,0.001076,5.1e-05,0.000287,0.000673,0.001017,0.001102,0.001147,0.000651,0.000109,0.000557,0.000113,0.001038,2e-06,0.000296,0.001152,0.000529
SpB_ev3,1700691212.0,1,0.251,SpB,0.000303,0.001042,0.001482,0.000516,2.4e-05,0.000905,0.000354,0.00112,0.000691,0.001633,0.000346,0.000538,0.00086,0.001716,0.000513,0.00074,0.001533,0.001166,0.001135,0.000127,0.001268,0.001042,0.000435,0.000499,0.000545,0.000512,0.000282,0.000745,0.000964,0.00117,0.000638,0.000585,0.001678,0.001502,0.001532,0.000371,0.048906,0.048948,0.04896,0.048454,0.049142,0.049318,0.049236,0.049257,0.048449,0.049448,0.048747,0.049822,0.048881,0.049288,0.048886,0.049547,0.048756,0.049856,0.048595,0.001138,0.00152,0.001043,0.001742,0.001519,0.001598,0.001219,0.00054,0.000207,0.000916,0.001062,0.000214,0.001585,0.001288,0.000708,0.000462,0.001127,0.001153,0.00154,0.000319,0.001507,0.001592,0.001327,0.000716,0.001311,0.000958,0.00141,0.00084,0.000402,0.001723,0.000109,0.000146,0.001561,0.000837,0.00165
SpB_ev3,1700691216.0,2,0.309,SpB,0.000481,0.000848,0.000867,0.000118,0.000636,0.000972,0.001058,0.000207,0.000999,0.000407,0.001307,0.001187,0.000189,0.001015,0.000748,0.000979,0.001133,0.000199,0.000321,0.000651,0.000679,0.001191,0.001258,0.001145,0.000475,0.000342,0.000681,0.000461,0.001304,0.001091,0.000118,0.00097,0.001034,0.000919,0.000535,0.001249,1e-06,0.000561,0.000959,0.000102,0.001173,0.000859,0.000279,0.000367,0.000983,0.040827,0.040963,0.040429,0.040112,0.040795,0.039843,0.040367,0.040191,0.040756,0.039998,0.040054,0.057548,0.057629,0.057974,0.057405,0.017678,0.01815,0.017172,0.018328,0.018181,0.017413,0.017717,0.017572,0.018198,0.017469,0.017504,0.017612,0.017945,0.017275,0.01718,0.017854,0.000403,0.000973,0.000581,0.000311,0.0005,0.000328,0.000782,0.001017,0.000639,0.001048,0.00095,3.9e-05,6e-06,0.001226
SpB_ev3,1700691220.0,2,0.531,SpB,0.000963,0.001038,0.000523,0.000268,0.000962,4e-06,0.000831,0.000626,0.000926,0.000781,0.001086,0.000267,0.000669,0.000152,0.000563,0.000785,0.000748,0.00081,0.000427,0.000647,0.001123,0.000574,0.000262,0.000384,0.000137,0.000192,0.000382,0.028522,0.02852,0.028787,0.028226,0.027983,0.028324,0.02841,0.02813,0.000402,0.001118,0.000741,0.001054,0.00058,0.000415,0.032438,0.032415,0.031651,0.032295,0.032263,0.031708,0.032085,0.031948,0.032373,0.031692,0.031504,0.031846,0.031721,0.032237,0.032184,0.032106,0.032063,0.031704,0.032617,0.032311,0.031998,0.03205,0.032218,0.000457,0.000954,0.000781,0.000691,6.1e-05,0.000676,0.00039,8.7e-05,0.000468,0.000419,0.0,0.001126,0.00108,0.000931,0.000677,0.000941,0.000435,2.3e-05,0.000965,0.0005,0.000691,0.001117,0.000243,0.000517,0.000567,0.000433
SpB_ev3,1700691224.0,2,0.62,SpB,0.000272,0.000252,0.000246,0.000992,0.000603,0.000642,0.000689,0.00059,0.000868,0.000274,0.000245,0.000129,0.018822,0.018617,0.018807,0.01845,0.018757,0.018208,0.018431,0.018531,0.018698,0.042353,0.042938,0.042711,0.042813,0.042163,0.042884,0.042475,0.042866,0.042248,0.042432,0.042397,0.042513,0.042336,0.042291,0.042464,0.043042,0.024683,0.024832,0.024926,0.024645,0.024626,0.000264,0.000547,0.000348,0.000764,0.000733,3.4e-05,0.00059,0.000185,2.5e-05,0.000517,0.000443,0.000727,0.000632,3e-05,0.000115,0.000332,0.000493,0.000984,5.5e-05,1.3e-05,0.000764,0.000987,0.000155,0.000257,0.000216,0.000416,0.000244,0.000921,0.000339,0.000747,0.000769,0.000948,0.000197,0.000205,0.000235,0.000413,0.000684,0.000869,0.000364,0.000653,7.7e-05,8.6e-05,0.000615,0.000419,0.000625,0.000589,0.000774,0.000839
SpB_ev3,1700691228.0,2,0.07,SpB,0.000101,0.000615,0.000479,0.000937,0.001101,4.2e-05,0.000191,0.000876,0.000369,0.000465,0.00076,0.001073,0.001034,9.3e-05,0.000101,0.00082,0.000831,0.000879,0.001051,0.001058,0.000221,0.00094,0.000769,0.001021,0.000477,0.027413,0.028145,0.027364,0.028125,0.027635,0.028064,0.028345,0.027585,0.028285,0.028071,0.027334,0.027527,0.027726,0.027396,0.028144,0.028101,0.027437,0.027667,0.028374,0.02811,0.028173,0.028291,0.000844,0.000403,0.000178,0.000971,0.000597,0.000629,0.001011,0.016606,0.017257,0.016971,0.017635,0.017039,0.017374,0.017545,0.016771,0.016753,0.017501,0.016942,0.016803,0.017095,0.016659,0.017201,0.017073,0.01685,0.016889,0.016934,0.017327,0.017136,0.000272,0.000207,0.001046,0.000253,0.000984,2e-06,0.000262,0.000861,0.000581,0.000136,0.000624,0.000393,5.6e-05,0.000949,0.000764
SpB_ev3,1700691232.0,1,0.83,SpB,0.000988,0.000863,0.000333,0.000748,0.001494,5.2e-05,0.001134,0.000213,0.002139,0.00097,0.000826,0.000915,6.4e-05,0.001798,0.000837,0.04865,0.048342,0.049521,0.049405,0.048666,0.049299,0.049792,0.048249,0.048435,0.049079,0.048513,0.049615,0.04876,0.04777,0.049692,0.04814,0.047883,0.049039,0.049679,0.000254,0.001688,0.000333,0.001104,0.000368,0.001265,0.002128,0.000985,0.000247,0.001819,0.000303,3.2e-05,0.001076,0.000244,0.001669,0.00118,0.000322,0.00213,0.001869,0.000513,0.002156,0.000259,0.000314,0.000303,0.001615,0.000168,0.001497,0.001417,0.00196,0.001338,0.001779,0.000274,0.00041,0.001601,1.4e-05,0.001993,0.001836,0.001793,0.001488,0.0014,0.00025,3.4e-05,0.00083,0.000458,0.000254,0.00131,0.001708,0.000688,0.001513,0.001826,0.001844,0.000232,0.001564,0.001975,0.000231,0.000237
SpB_ev3,1700691236.0,1,0.809,SpB,0.003967,0.002724,0.000461,0.000201,0.00367,0.001922,0.000977,0.00168,0.003177,0.001843,0.002546,0.00134,0.002312,0.002312,0.003879,2.1e-05,0.000245,0.002216,0.002974,0.003629,0.003567,0.002906,0.001859,0.001275,0.001459,0.001449,0.001303,0.000444,0.002127,0.000578,0.048523,0.048698,0.052154,0.051861,0.052029,0.050349,0.048502,0.049266,0.050848,0.050774,0.049015,0.049119,0.049082,0.051292,0.049777,0.048985,0.051838,0.001857,0.00047,0.004054,0.003539,0.004053,0.00085,0.003019,0.003901,0.00272,8e-06,0.000304,0.001446,0.003275,0.000768,0.000633,0.002383,0.003274,0.003373,0.003913,0.000503,0.000402,0.000351,0.000237,0.003877,0.000988,0.002182,0.002579,0.003643,0.000304,0.00329,0.000905,0.002794,0.003324,0.002446,0.003183,0.001133,0.002812,0.003213,0.002638,0.000159,0.001139,0.00244,0.000444
SpB_ev3,1700691240.0,3,0.351,SpB,0.000222,0.000417,0.000777,0.000358,0.000623,9.8e-05,0.000941,0.022798,0.023537,0.022726,0.023361,0.022931,0.023011,0.02338,0.023414,0.023003,0.02274,0.022934,0.023147,0.03718,0.050902,0.051107,0.051246,0.051124,0.051091,0.050703,0.027971,0.028288,0.027884,0.0285,0.028211,0.028496,0.028128,0.02871,0.028767,0.028126,0.014587,0.014064,0.014522,0.014452,0.013922,0.000702,0.000705,0.000416,0.000706,0.000961,5.1e-05,0.000669,0.000127,0.000151,0.000632,3.2e-05,0.00022,0.0001,8.6e-05,0.000101,0.000384,2.4e-05,0.000828,0.000243,0.000408,9.4e-05,0.000221,0.000419,0.000437,0.000515,0.000106,0.000488,0.000507,9.9e-05,8e-06,0.000837,0.000599,0.000826,0.000165,0.000258,0.000485,0.000592,0.000239,0.000621,0.000634,0.000676,0.00073,0.000801,0.000106,0.000882,0.000557,0.000757,0.000565,0.000831
SpB_ev3,1700691244.0,1,0.709,SpB,0.001688,0.00178,0.000682,0.000395,9.6e-05,0.001939,0.000755,0.001183,0.000669,0.000704,0.000697,0.00065,0.001318,0.002363,0.001234,0.001951,0.000458,0.002692,0.000673,0.000833,0.001442,0.001649,0.000696,0.00078,0.001651,0.001206,0.001479,0.001934,0.001265,0.001863,0.00189,0.001624,0.00025,0.002465,0.001705,0.002386,0.002181,0.001632,0.001847,0.002425,0.00251,0.001889,0.000812,0.001875,0.000909,0.002134,0.000899,0.002695,0.002175,0.002491,0.001416,0.073827,0.073972,0.073291,0.07421,0.073652,0.074374,0.074126,0.073099,0.072769,0.07241,0.073987,0.072046,8.3e-05,0.002712,0.002028,0.002478,0.002381,0.000989,0.002434,0.002073,0.000465,0.000728,0.000904,0.001358,0.000554,0.000367,0.002486,0.001964,0.002666,0.000677,0.00219,0.001085,0.00159,0.002154,0.002547,0.001715,7.8e-05,0.002473,0.002128
SpB_ev3,1700691248.0,2,1.258,SpB,0.000377,0.001041,0.001034,0.001847,0.000506,0.000451,0.000379,0.001004,0.000998,2.1e-05,0.001423,0.000892,0.000211,0.001082,0.001745,0.000868,0.001934,0.000139,0.001562,0.00106,0.001251,0.001336,0.000151,0.000587,6.2e-05,0.001654,0.001172,0.00116,0.001087,3.2e-05,0.000559,0.000973,0.000304,0.000648,0.001348,0.000436,0.001289,0.000173,0.000419,0.000319,0.000166,0.033709,0.033775,0.034764,0.034471,0.034048,0.034171,0.035269,0.033817,0.034242,0.034437,0.000265,0.035499,0.034882,0.034951,0.035375,0.034771,0.03492,0.035554,0.035909,0.034876,0.035842,0.034967,0.036593,0.035983,0.035372,0.036014,0.035396,0.035087,0.00185,0.001547,0.000989,0.00155,0.001669,0.000222,0.000645,0.00082,0.000719,0.00059,0.001622,0.001653,0.001942,9.2e-05,0.000624,0.000631,0.001078,1.5e-05,0.001482,0.001568,3.9e-05
SpB_ev3,1700691252.0,2,0.643,SpB,0.001213,0.000892,0.001439,0.00159,0.000777,0.001,9.9e-05,0.001104,0.000891,0.000372,0.001403,1e-05,0.000674,0.000117,0.001295,0.001176,0.000478,0.000459,0.000267,0.000924,0.000832,0.001309,0.000108,0.000432,0.000454,0.00156,0.000221,0.000633,5e-05,0.001441,0.001544,0.00027,0.00127,0.001006,0.000497,0.001018,0.001194,0.000433,0.000542,0.000302,5.5e-05,0.000151,0.001718,0.001445,0.000616,0.000965,0.000395,0.000432,0.000928,0.001155,0.036246,0.036628,0.036418,0.037149,0.071394,0.071482,0.071897,0.07187,0.072425,0.072404,0.036939,0.036613,0.035781,0.037257,0.037458,0.03587,0.037324,0.036378,0.036376,0.036527,0.000978,0.001699,0.000101,0.000339,0.001248,0.0012,0.000952,0.001014,0.001013,0.001677,0.000448,0.000144,0.001247,0.001687,0.000159,0.000395,0.000324,0.000861,0.000609,0.000314
SpB_ev3,1700691256.0,2,0.416,SpB,5.5e-05,0.00108,0.000424,0.000747,4.9e-05,0.000725,0.000263,0.000342,0.000502,0.000701,0.000732,0.000922,0.000129,0.000381,0.000757,0.000428,0.001033,0.001087,0.00102,0.000902,0.000774,0.000765,9.1e-05,0.000217,0.001051,0.000619,0.000802,0.000413,6.2e-05,0.000256,0.000578,0.03146,0.032382,0.031391,0.03183,0.032031,0.032414,0.032239,0.031461,0.031968,0.032107,0.031358,0.032385,0.058747,0.058767,0.027715,0.027531,0.027681,0.02707,0.027836,0.027874,0.02728,0.027012,0.027394,0.027838,0.027733,0.027863,0.026787,0.027241,0.027103,0.027084,0.027053,0.000389,0.000776,0.000882,0.000204,0.000747,0.000764,0.001079,0.000341,0.000886,0.000331,0.000113,0.000174,0.000104,0.000307,0.000838,0.000747,0.001085,0.000182,2.7e-05,3.6e-05,0.000769,0.000223,0.000173,0.000868,0.000712,0.000645,0.000933,0.001117
SpB_ev3,1700691260.0,1,0.462,SpB,0.00018,0.000126,0.001213,0.000606,0.000382,0.00128,0.000651,0.000328,0.000833,0.001548,0.000992,0.000255,0.001232,0.000127,0.000205,0.000369,0.00074,0.000753,0.001059,0.001606,0.001641,0.000806,0.000686,0.00044,0.001398,0.001763,0.001746,0.000537,0.001438,0.000253,0.052483,0.0509,0.051165,0.051051,0.052053,0.052287,0.052156,0.050946,0.052342,0.051883,0.052391,0.050821,0.052294,0.052509,0.051691,0.051528,0.051515,0.052189,0.001946,0.001047,0.000661,0.001222,0.001431,0.001531,0.001359,0.001806,0.001475,0.001518,0.001104,0.000147,0.000809,0.001035,0.000587,0.001747,0.000435,8.1e-05,0.001935,0.000961,0.001719,0.001429,0.001503,0.000356,0.000529,0.001219,0.000251,0.000521,0.000524,0.001267,0.000196,3.6e-05,0.001582,0.000604,0.001493,0.000992,0.000473,0.000907,0.001191,0.000811,0.000689,0.001479
SpB_ev3,1700691264.0,1,0.517,SpB,0.001671,0.002133,0.000763,0.001931,0.000414,0.000477,0.001571,0.001683,0.00147,0.001949,0.000619,0.000933,0.001414,0.00111,0.002152,0.000522,0.001168,0.000767,0.000874,0.002341,0.001523,0.001481,0.00147,0.002376,0.000523,0.000347,0.001978,0.002057,0.001644,0.002305,0.002305,0.036468,0.035531,0.035856,0.035753,0.03618,0.037707,0.037882,0.037699,0.036365,0.035507,0.037537,0.036503,0.037845,0.03658,0.036872,0.035989,0.035567,0.036781,0.037568,0.035663,0.03578,0.037458,0.037284,0.035827,0.037559,0.000862,4.7e-05,0.000977,0.000126,0.002115,0.002273,0.001508,0.000993,0.000785,0.00207,5.7e-05,0.001059,0.000781,0.000833,0.001373,9.8e-05,0.002525,0.000229,0.002396,0.002305,0.00091,8.5e-05,0.002474,0.000136,0.001977,0.000772,0.002026,0.000717,0.002296,0.000254,0.002139,0.000777,0.000774,0.001514
SpB_ev3,1700691268.0,1,0.363,SpB,0.001813,0.000761,0.001239,0.001889,0.001357,0.001156,0.001645,3.7e-05,0.001731,5.6e-05,0.000499,0.000171,0.001443,0.0008,0.000642,0.00147,0.001055,0.001055,0.000857,0.000489,0.000303,0.001077,0.001007,0.000694,0.001774,0.000364,0.001821,0.001767,0.000246,0.000751,3.1e-05,0.001003,0.000713,0.000843,0.001557,0.001286,0.001036,0.00133,0.001249,0.00106,0.000811,0.035522,0.036848,0.036031,0.036192,0.035883,0.035081,0.03506,0.03638,0.036114,0.03678,0.036142,0.036804,0.036869,0.036121,0.03631,0.036317,0.036253,0.035672,0.036263,0.035648,0.036437,0.035436,0.036494,0.035071,0.035093,0.036563,0.000309,0.00024,0.001793,0.000816,0.001897,0.000784,0.000132,0.001148,0.001169,0.00082,0.000585,0.00089,0.000193,0.001845,0.00158,0.001817,2.2e-05,0.000873,0.000252,0.000659,0.001389,0.001266,0.001249
SpB_ev3,1700691272.0,2,0.461,SpB,0.000746,0.000494,0.001101,0.000272,0.001509,0.001753,0.000946,0.001477,0.000849,0.00161,0.00181,0.000937,0.001079,0.001494,0.000261,1.6e-05,0.001611,0.001775,0.000922,0.000997,0.000602,0.001332,0.001685,0.000186,0.000807,0.000446,0.000907,0.000166,0.000645,0.039644,0.039833,0.0395,0.040705,0.039595,0.04024,0.039654,0.040766,0.040137,0.040195,0.040069,0.039631,0.039363,0.039476,0.040928,0.039418,0.039901,0.039714,0.039865,0.039218,0.039289,0.04072,0.040838,0.019814,0.000697,0.000134,0.000165,0.000897,0.001432,0.001684,0.000783,0.00017,0.000564,0.001713,3.9e-05,0.000979,0.001378,0.001681,0.001503,0.001036,0.000652,0.00124,0.000847,0.000695,0.001225,0.000149,0.001268,0.000737,0.00037,0.001011,0.001678,0.000297,0.001522,0.000802,0.001257,0.000157,0.001608,0.000298,0.000877,0.000973,0.000534
SpB_ev3,1700691276.0,4,1.075,SpB,0.00032,0.000633,0.000198,0.00032,0.000604,0.000144,0.00035,0.000274,2.6e-05,1.9e-05,0.000669,0.000521,0.000508,0.000671,0.000606,0.000299,5.2e-05,0.000585,0.000627,5.3e-05,0.000158,0.000526,0.000281,0.000714,8e-06,0.000256,0.014363,0.014553,0.014389,0.014281,0.014374,0.014324,0.014777,0.014611,0.014437,0.014736,0.014894,0.014277,0.014977,0.014267,0.014248,0.014461,5e-05,2.3e-05,1.6e-05,0.000669,0.000274,0.000538,0.000336,0.020373,0.020531,0.020905,0.02036,0.03901,0.039084,0.03926,0.050663,0.050768,0.050582,0.050742,0.05067,0.050871,0.050624,0.050576,0.050474,0.038898,0.018722,0.018675,0.019092,8e-05,0.000425,0.000471,0.000741,3.3e-05,0.000245,1.4e-05,0.000368,0.000567,0.000748,0.000291,0.000243,0.00028,0.000134,0.000105,0.000145,8e-05,1.8e-05,0.000537,0.000146,0.000152
SpB_ev3,1700691280.0,4,0.46,SpB,0.000235,0.00031,0.00026,3.8e-05,0.000188,3.2e-05,0.000452,5.4e-05,0.00034,0.008882,0.008565,0.008905,0.00862,0.008791,0.008955,0.00896,0.008964,0.00853,0.008648,0.008823,0.008755,0.009016,0.019559,0.019488,0.019402,0.019355,0.019334,0.019436,0.019324,0.019656,0.019643,0.019406,0.019164,0.019388,0.010846,0.010727,0.011107,0.010762,0.011108,0.011001,0.01069,0.010839,0.010828,0.010847,0.011114,0.010857,0.022286,0.02185,0.011565,0.011328,0.011631,0.011247,0.011511,0.01163,0.011228,0.011386,0.011605,0.011592,0.011463,0.011296,0.011604,0.026904,0.026861,0.026969,0.026996,0.02698,0.015569,0.015944,0.015722,0.015566,0.015825,0.015577,0.015882,0.015481,0.015813,0.015537,0.015631,0.01569,7e-06,0.000393,0.000484,0.000223,0.000352,0.00032,0.000505,0.000218,0.000309,0.000347,0.000165,0.000303
SpB_ev3,1700691284.0,4,0.91,SpB,0.000517,0.00068,0.000182,0.00027,5.1e-05,7e-06,0.000533,0.000242,0.000576,0.000356,0.000399,0.00066,0.000614,0.000446,0.000636,0.000593,0.000463,0.000505,8.1e-05,0.018416,0.018814,0.018776,0.018271,0.018477,0.03592,0.036039,0.036034,0.035962,0.035831,0.035903,0.035767,0.03608,0.036204,0.035914,0.035881,0.036209,0.036115,0.018248,0.018405,0.01829,0.000248,0.000417,0.000394,0.00038,2.3e-05,0.000111,0.007297,0.007342,0.016637,0.016841,0.016983,0.016858,0.016815,0.016437,0.016614,0.016709,0.016613,0.016573,0.016565,0.017019,0.016421,0.016776,0.016468,0.016691,0.016428,0.016968,0.016904,0.016714,0.00975,0.009367,0.000217,0.000388,0.000616,6.8e-05,0.000225,5.1e-05,0.000527,0.000545,0.000323,0.000538,0.000561,0.000258,9.3e-05,0.000134,0.000671,0.000353,0.000504,0.000206,0.000645,0.000341
SpB_ev3,1700691288.0,2,0.392,SpB,0.000956,0.00139,0.001619,0.000786,3.4e-05,0.001134,0.000767,0.001003,0.000772,3.8e-05,0.00027,0.001248,0.001643,0.001644,0.001451,0.001241,0.035134,0.034968,0.034617,0.034076,0.033647,0.034274,0.034691,0.033604,0.033715,0.034846,0.034946,0.034429,0.034546,0.03469,0.033748,0.035089,0.001379,0.000707,9.4e-05,0.001553,0.001519,4.1e-05,0.000231,0.000407,0.000333,0.000926,0.000908,0.000401,0.001147,0.001549,0.001119,0.001479,0.00107,0.000857,0.000156,0.00023,0.000745,0.000218,0.000455,0.00074,0.000904,0.000506,0.019762,0.018941,0.019114,0.019986,0.020072,0.019435,0.018637,0.019578,0.018764,0.01954,0.01908,0.019131,0.019316,0.019166,0.019937,0.019218,0.019859,0.018923,0.01957,0.019319,0.018677,0.000652,0.000716,0.000648,0.001196,0.000187,0.000257,0.000183,0.001574,0.000612,0.000794,0.000468
SpB_ev3,1700691292.0,2,0.471,SpB,6.8e-05,0.000515,0.001177,0.000721,0.000889,0.001385,0.000239,0.002358,0.000537,0.000892,0.001814,0.000123,0.002129,0.002365,6.4e-05,0.000698,0.002096,0.001947,0.001157,0.001622,0.000709,0.000659,0.002006,0.000878,0.001763,0.001199,0.001762,5.3e-05,0.000224,0.000731,0.00235,0.001492,0.000235,0.001637,0.04608,0.046141,0.044775,0.046529,0.04627,0.045646,0.044631,0.045553,0.045156,0.046069,0.04613,0.000902,7e-06,0.000172,0.002023,0.000409,0.000148,0.001056,0.001641,0.001511,0.00102,0.001715,0.001633,0.001331,0.02871,0.02744,0.028169,0.028806,0.027778,0.029127,0.029186,0.02778,0.029058,0.028307,0.028545,0.028315,0.027313,0.02728,0.029207,0.002311,0.001586,0.001237,0.000941,0.001416,0.001486,0.000536,0.001077,0.000176,0.000188,0.001874,0.00181,0.001529,0.000842,0.000209,0.001485,0.001236
SpB_ev3,1700691296.0,1,1.231,SpB,0.000928,0.000488,0.001595,0.001137,0.001592,0.000739,0.001332,0.000508,0.000516,0.000861,0.001334,0.001508,0.000452,0.000457,0.001459,0.000882,0.000635,0.000394,0.001476,0.000178,0.001414,0.000781,0.001521,0.001327,4e-05,0.00057,0.00021,0.000815,0.00054,0.000215,0.001071,0.001,0.04688,0.047304,0.047163,0.04697,0.047289,0.046529,0.046197,0.047063,0.047433,0.047371,0.046046,0.047013,0.046548,0.046369,0.047159,0.046549,0.0469,0.046036,0.046243,0.04711,0.001276,0.000982,0.001241,0.001553,0.001621,0.001504,0.001012,0.000216,0.00153,0.001401,0.000123,0.001397,0.000524,0.00145,0.000671,0.001287,0.00012,0.00055,0.00042,0.000701,0.001565,0.001369,0.001196,0.000567,0.001068,0.000462,0.000534,0.000725,0.001534,0.001023,0.000292,0.001589,0.00151,0.000113,0.000502,0.001311,0.000913,2e-06
SpB_ev3,1700691300.0,4,0.854,SpB,8e-05,0.000682,0.000592,0.000287,0.000696,0.000678,0.000479,0.000372,0.000318,0.000199,0.000414,0.000214,0.000572,0.000364,5.4e-05,5e-05,7.6e-05,0.000598,0.00013,0.00035,0.000319,0.000304,0.011349,0.011684,0.022717,0.023269,0.023198,0.023256,0.023306,0.023107,0.040944,0.041009,0.040653,0.040483,0.040691,0.041047,0.040623,0.040672,0.041106,0.040869,0.041146,0.040864,0.041066,0.040466,0.02988,0.012186,0.012226,0.011768,0.012438,0.012391,0.01224,0.012088,0.012163,0.000108,0.000558,0.000499,0.000567,0.000639,0.000606,0.000112,7.4e-05,0.000523,0.000111,0.000359,5.7e-05,0.000694,0.000212,0.000511,0.000291,0.000536,0.000608,0.015227,0.014698,0.01522,0.014912,0.015224,0.014614,0.014931,0.015053,0.000272,0.000392,0.000721,0.000465,8.8e-05,6.8e-05,0.000751,0.000666,0.000114,0.00068,0.000101
SpB_ev3,1700691304.0,3,0.409,SpB,0.000482,0.000931,0.000504,0.000461,0.001033,0.000659,0.000808,0.000943,0.000248,0.000145,0.000338,0.00079,0.000401,0.001093,0.000472,0.000881,0.000698,0.000918,0.000248,0.000447,2.5e-05,3.8e-05,0.000605,0.000689,0.000875,6.4e-05,0.000885,0.000415,0.00106,0.000164,0.00094,0.000161,0.000908,0.000818,0.000361,0.00022,0.000803,0.001015,0.000436,0.000484,0.000449,0.000829,0.000133,2.9e-05,0.000483,0.000695,0.018175,0.018998,0.018545,0.018024,0.018387,0.018336,0.018929,0.018008,0.018169,0.018943,0.018445,0.03295,0.033268,0.032716,0.06079,0.061145,0.061104,0.060905,0.060325,0.060872,0.06101,0.060873,0.060368,0.043072,0.042827,0.014665,0.015173,0.00018,0.00062,0.000437,0.000837,0.000561,0.000651,0.000444,0.00013,0.000189,0.000196,0.000534,0.000984,0.001051,0.000143,0.000655,0.000694,0.000587
SpB_ev3,1700691308.0,3,1.306,SpB,0.000162,0.000719,0.001044,0.000908,0.000691,0.000719,0.000976,0.000413,0.000339,0.000745,0.000572,0.00098,0.000524,0.000887,0.000416,0.000306,0.000152,0.00017,0.000569,0.000475,0.000222,0.000842,0.001084,0.000393,0.001061,0.000525,0.001059,0.000757,5.4e-05,0.00014,0.000775,0.033203,0.034006,0.033695,0.033592,0.052897,0.052438,0.052706,0.05202,0.019279,0.019375,0.019356,0.01918,0.018979,0.019713,0.019182,0.019379,0.019118,0.020173,0.020927,0.020768,0.020597,0.02062,0.021016,0.021007,0.020503,0.020636,0.020945,0.020695,0.020063,0.020001,0.020432,0.019994,0.020156,0.020295,0.021046,0.020003,0.020937,0.020283,0.020384,0.000135,0.000905,0.000685,0.000921,0.00039,0.00081,0.001093,0.000261,0.000673,0.000265,0.000707,0.000614,9.5e-05,0.000721,0.0011,0.000214,0.000952,0.000568,0.000381,0.000233
SpB_ev3,1700691312.0,3,1.41,SpB,0.000811,0.000265,0.000288,0.000177,0.000823,0.000447,0.00057,0.000451,0.000399,1e-05,0.000325,0.000802,0.000648,0.000298,0.000202,0.000684,0.000233,0.000813,0.000609,0.000596,0.011806,0.01246,0.01188,0.012201,0.012529,0.012344,0.012385,0.01179,0.012391,0.011782,0.011726,0.011823,0.012482,0.011858,0.000854,0.000456,0.000394,0.000774,0.000448,0.000352,9.9e-05,0.000178,3.4e-05,0.000545,0.000305,0.000108,0.000381,0.020937,0.020485,0.020635,0.021066,0.021138,0.033429,0.033395,0.033664,0.033509,0.033755,0.0334,0.033875,0.033645,0.033303,0.034051,0.033288,0.033726,0.03401,0.033678,0.033332,0.0337,0.033996,0.033572,0.033919,0.013232,0.012852,0.013213,0.012851,0.013305,0.000742,0.000735,0.000451,0.000207,0.000838,1.8e-05,0.00049,0.000626,0.000761,0.000201,0.000512,0.000795,0.00075,8e-05
SpB_ev3,1700691316.0,2,1.358,SpB,0.002263,0.0014,0.002607,0.002011,0.002095,0.002376,0.000822,0.001555,0.00087,0.001416,0.00157,0.002656,0.002677,0.002114,0.002674,0.000768,0.001251,0.002459,0.000493,0.001879,0.0005,0.00044,0.002628,0.000391,0.00094,0.001269,0.002662,0.001163,0.002337,0.000419,0.000936,0.001715,0.00097,0.001576,0.000138,0.001602,0.001334,0.001793,0.000477,0.002155,0.052041,0.05307,0.052819,0.053863,0.053803,0.052181,0.051394,0.052288,0.052818,0.051772,0.052788,0.028309,0.028821,0.029786,0.028579,0.029219,0.02841,0.028694,0.0283,0.029921,0.029777,0.02911,0.001298,0.002444,0.001299,0.002409,0.002536,0.001237,0.001736,0.00265,0.00138,0.001587,0.001674,0.000853,0.001444,0.000677,0.000234,0.002108,0.001889,0.000223,0.000451,4.3e-05,0.002287,0.002473,0.001321,0.002074,0.000279,0.001849,0.001555,0.000829
SpB_ev3,1700691320.0,1,1.333,SpB,0.000629,0.000796,0.001504,0.000487,0.001561,0.00016,0.000711,0.000955,0.000923,0.00013,0.001508,0.000748,0.000821,0.000372,0.001128,0.000211,0.000164,0.002134,0.000783,0.000508,0.001715,0.00206,0.000777,0.001338,0.002174,0.000286,0.001069,5.5e-05,0.001913,0.0551,0.054383,0.053593,0.055146,0.054025,0.055006,0.053805,0.053707,0.05408,0.054276,0.054805,0.054312,0.055671,0.055235,0.054751,0.054043,0.055164,0.000381,0.001894,0.000404,0.001831,5.4e-05,0.001067,0.001068,0.001903,0.001722,2.8e-05,0.000468,0.001289,0.000215,0.001298,0.001071,0.002022,0.002139,0.000549,0.000859,0.000743,8.1e-05,0.000927,0.001131,0.001374,0.000152,0.001457,0.000214,0.000713,0.000371,0.001204,0.00019,0.001577,0.000596,0.001204,0.000797,0.000954,0.000301,0.001587,0.000206,0.001485,0.001983,0.002004,0.00216,0.001609
SpB_ev3,1700691324.0,4,0.452,SpB,0.000573,9.6e-05,0.000273,0.000393,0.00062,0.000467,0.000552,7.8e-05,6.7e-05,0.000178,2.6e-05,0.00026,0.000467,0.000483,0.00052,0.000373,0.000534,0.00046,0.000645,0.000129,0.000106,0.000281,0.000394,0.000209,0.000483,0.000448,0.000336,0.000389,0.000368,0.000324,0.000215,0.000502,0.017364,0.017093,0.01735,0.017465,0.016973,0.017421,0.017149,3.9e-05,0.000453,0.015641,0.015476,0.030063,0.030447,0.030478,0.030402,0.030482,0.030319,0.03033,0.048891,0.048925,0.048929,0.048625,0.048575,0.048619,0.049037,0.049069,0.048518,0.048797,0.04856,0.048802,0.015226,0.015312,0.000219,0.00021,0.000338,0.000338,0.000626,0.000602,1.9e-05,0.000206,0.000355,0.000355,7.6e-05,0.000643,0.000262,2.1e-05,0.000329,0.000155,6.5e-05,0.000601,0.00048,6e-06,0.00021,0.000525,0.00015,0.000247,0.000343,0.000538
SpB_ev3,1700691328.0,4,0.124,SpB,0.000747,0.000431,0.000667,0.000872,0.00018,0.000753,0.000625,0.000444,0.000146,0.024112,0.024342,0.024462,0.024126,0.024136,0.024438,0.024589,0.024139,0.02429,0.02488,0.024634,0.024881,0.024442,0.024813,0.024963,0.024963,0.024495,0.024485,0.000618,0.000254,0.000373,0.014719,0.014188,0.014076,0.014267,0.014614,0.014228,0.014483,0.032577,0.032873,0.04787,0.047783,0.047654,0.04796,0.03408,0.034285,0.015744,0.015913,0.015668,0.015827,0.01617,0.016127,0.016119,0.000256,0.000258,0.000806,0.000163,0.000845,0.000131,0.000434,8.2e-05,0.000124,0.000597,0.000865,0.000137,6e-06,0.00019,0.000318,0.000463,0.000846,0.000471,0.000294,0.000717,0.000711,0.000447,0.000614,0.000615,0.000375,6e-06,0.00061,0.000708,0.000197,0.000198,0.000395,0.000906,0.00061,7e-06,0.00012,0.000398,0.000306,0.00025
SpB_ev3,1700691332.0,1,0.753,SpB,0.002084,2.6e-05,0.002132,0.003532,0.001287,0.002916,0.001695,0.000652,0.000446,0.001897,0.000194,0.002468,0.002292,0.003298,0.00293,0.001519,0.002548,0.001475,0.001774,0.001487,0.001989,0.000978,0.001638,0.002677,0.003603,0.002353,0.000288,0.00128,0.000255,0.003445,0.002032,0.002549,0.001474,0.002788,0.000834,0.000824,0.001955,0.002109,0.003272,0.001206,0.000363,0.003037,0.087254,0.087715,0.085055,0.084877,0.085431,0.085636,0.085894,0.086616,0.086793,0.085316,0.003161,0.002323,0.002708,0.001476,0.000108,0.001108,0.003322,0.000575,0.000483,0.00022,0.002845,0.002416,0.002553,0.001902,0.002249,0.002492,0.002557,0.000863,0.0005,0.000101,0.000122,4.4e-05,0.002957,0.000414,0.002946,0.001436,0.000973,0.000653,0.001892,0.003025,0.002896,0.000999,1.4e-05,0.000314,0.002274,0.00173,0.003171,0.00199
SpB_ev3,1700691336.0,3,1.328,SpB,0.000132,0.000248,0.000668,0.000515,0.000817,0.000609,0.000789,0.000588,0.000733,0.000578,0.00048,0.000575,0.000719,0.000251,0.000838,0.000409,0.000223,0.000409,0.000397,0.000806,0.000593,7.1e-05,0.000621,0.000568,0.011366,0.012022,0.01136,0.011964,0.011392,0.011834,0.011567,0.01185,0.011313,0.011271,0.011492,0.026475,0.026975,0.026881,0.026816,0.026803,0.027032,0.041331,0.041551,0.041018,0.040969,0.030359,0.030339,0.030197,0.029807,0.029777,0.029836,0.029951,0.030092,0.029841,0.029828,0.03024,0.014742,0.014811,0.014744,0.014733,0.015398,0.015189,0.015018,0.015535,0.015451,0.015572,0.015299,0.015453,0.014732,0.000125,0.000854,0.000336,0.000705,0.000696,0.000246,0.000287,1.7e-05,0.000277,0.000171,5.6e-05,0.000508,0.000444,0.000527,0.000297,0.000169,0.000447,0.00022,0.000327,4.3e-05,0.000388
SpB_ev3,1700691340.0,2,0.546,SpB,0.00051,0.002484,0.001909,0.00064,0.001831,0.002013,0.002122,0.000789,0.000335,0.000285,0.002207,0.001077,0.001032,0.00126,0.001171,0.002565,0.000278,0.001675,0.000407,0.001272,0.001174,0.000757,0.000858,0.002176,0.002114,0.001606,0.002208,0.001267,0.000752,0.000882,0.001238,0.000482,0.000374,0.002434,0.028424,0.028989,0.028694,0.028532,0.028703,0.027645,0.029441,0.029085,0.027702,0.002559,0.001711,0.059352,0.059227,0.060219,0.059114,0.058778,0.05933,0.060286,0.059522,0.05983,0.059615,0.060206,0.000429,0.000514,0.000284,0.000112,0.000297,0.00248,3.2e-05,0.002323,0.000394,0.002495,0.000973,0.000317,0.000956,0.001502,0.001255,1.6e-05,0.00234,0.002266,0.0003,1.6e-05,0.001432,1.2e-05,0.000473,0.001078,0.000388,0.002202,0.001582,0.001622,0.002005,9.3e-05,0.002015,0.002593,0.002288,0.001766
SpB_ev3,1700691344.0,2,0.993,SpB,0.000473,0.001889,6.8e-05,0.001931,0.001498,0.001023,0.001744,0.000902,0.000389,0.001577,0.000895,0.000266,0.001064,0.000273,0.000124,0.000919,0.001703,0.001712,0.000419,0.000343,0.001426,0.001086,0.000386,0.002136,0.000488,0.000483,0.001247,0.001977,3.8e-05,9.2e-05,0.001308,0.001336,0.000425,0.000396,0.001412,0.000139,0.00069,0.002136,0.000816,0.000705,0.001361,0.000142,0.001682,0.043409,0.043218,0.04224,0.043489,0.044283,0.042665,0.042536,0.043021,0.043183,0.043476,0.067052,0.067096,0.024208,0.024699,0.025852,0.025813,0.025083,0.025831,0.024092,0.025524,0.025944,0.024261,0.024072,0.025191,0.02419,0.024017,0.025954,6.2e-05,0.001284,0.000496,0.000916,0.001513,0.001018,0.001098,0.000766,0.00152,0.000861,0.000224,0.000479,0.001074,0.000582,0.000955,0.001857,0.001899,0.00077,0.000536,0.000569
SpB_ev3,1700691348.0,1,0.578,SpB,0.002104,0.002658,0.002708,0.002559,0.001765,0.000823,0.000394,0.000859,0.002039,0.002787,0.00131,0.000238,0.001241,0.002784,0.002443,0.002961,0.002642,0.001345,0.002412,0.000903,7.2e-05,0.002613,0.002294,0.001969,0.001107,0.001246,0.002966,0.000547,0.002278,0.003544,0.001108,0.00074,0.002457,0.000827,0.001696,0.001708,0.000431,0.053984,0.054454,0.053187,0.053046,0.055341,0.052868,0.053703,0.055156,0.053859,0.054938,0.053319,0.054966,0.056176,0.053412,0.055198,0.055826,0.000836,0.002996,0.001089,0.00237,0.000823,0.000371,0.000658,0.002864,0.002696,0.002337,0.0031,0.002416,0.003402,0.002277,0.000733,0.001141,0.003432,0.001011,0.002818,0.000326,0.000237,0.001008,0.001562,0.003372,0.003018,0.000368,0.000762,0.001316,0.003496,0.003258,0.003424,0.002757,0.0002,0.000144,0.001638,0.001421,0.000314
SpB_ev3,1700691352.0,1,0.328,SpB,0.002885,0.002972,2.5e-05,0.001512,0.001283,0.003336,0.001779,0.002992,0.001768,0.001345,0.002256,0.000649,0.000328,0.002592,0.000204,0.001529,0.002234,0.000595,0.002066,0.001238,0.001024,0.002522,0.000772,0.002778,0.002936,0.0018,0.003303,0.000995,0.00225,0.002776,0.000481,0.001106,0.000353,0.003181,0.000623,0.002309,0.000216,0.001594,0.002586,0.002016,0.002681,0.003073,0.00013,0.001638,0.001367,0.001992,0.000962,0.077339,0.079776,0.077141,0.077248,0.077603,0.079806,0.077385,0.078383,0.079384,0.078596,0.079663,0.001475,0.001295,0.000309,0.002464,0.00045,0.001828,0.002294,0.002017,0.002833,0.000788,0.000943,0.002932,0.002336,0.000573,0.001937,0.000651,0.002694,0.00235,0.002265,0.003105,0.00098,0.001866,0.003374,0.003189,0.001872,0.001671,0.000738,0.002581,0.00039,0.001971,0.002359,9.8e-05
SpB_ev4,1700777600.0,4,0.555,SpB,0.000235,0.000516,8.4e-05,0.000341,0.000414,0.000567,0.000455,0.000457,0.000277,0.017575,0.017177,0.017474,0.017223,0.017263,0.017143,0.01735,0.017136,0.017422,0.017397,0.01717,0.017103,0.017135,0.017556,0.017228,0.017379,0.017629,0.017521,0.028301,0.027828,0.028331,0.027884,0.027988,0.027855,0.028268,0.011179,0.000374,0.00046,0.012064,0.01194,0.011734,0.011746,0.012175,0.011866,0.01204,0.011974,0.026871,0.0272,0.027297,0.027236,0.027102,0.026889,0.026967,0.027397,0.027193,0.026954,0.027064,0.026891,0.015683,0.015284,0.015503,0.000509,0.000394,0.000495,0.000555,0.000491,0.000519,0.00041,0.000432,9.8e-05,5.1e-05,0.000314,0.00028,0.000409,0.000475,0.000256,6e-06,7e-05,1.3e-05,0.000261,0.000229,0.000343,0.000579,3e-05,0.000341,0.000284,0.000113,0.000539,3.5e-05,0.000141,0.000562
SpB_ev4,1700777604.0,3,0.405,SpB,0.000385,0.000646,0.000238,0.000243,0.000301,0.000275,4.4e-05,4e-06,0.000556,4.5e-05,0.000351,0.000526,0.000176,0.000394,0.000244,0.000217,0.000326,0.000277,0.000711,0.000521,0.000762,0.000245,0.000452,4e-06,5e-06,0.000714,0.000387,0.000622,0.000132,0.000747,0.000603,0.000377,0.000257,0.000494,0.000387,7.4e-05,0.000713,0.000545,0.000705,0.000675,0.000482,0.00074,0.000326,0.00013,0.00034,0.000452,0.000472,0.000361,0.019734,0.020326,0.0201,0.020243,0.019837,0.020186,0.039778,0.060622,0.060414,0.060172,0.060497,0.06047,0.041231,0.040828,0.041293,0.040645,0.041269,0.040879,0.041005,0.041282,0.040894,0.040686,0.020559,0.020684,0.020631,0.021119,0.021201,0.000164,0.000285,0.000118,0.000396,0.000498,0.000428,3e-06,0.000557,0.000186,4.4e-05,0.000495,7.5e-05,0.000396,0.000556,0.000531
SpB_ev4,1700777608.0,2,0.51,SpB,0.000533,0.000454,0.001414,0.000124,0.001091,0.001273,0.000895,0.00085,0.001552,0.001155,0.001334,0.000992,0.001125,0.000585,0.000603,0.000128,0.000626,0.000582,0.000167,0.022054,0.022172,0.023103,0.02337,0.023098,0.022922,0.023047,0.022979,0.022352,0.022646,0.022425,0.022265,0.023207,0.022383,0.02325,0.027154,0.026408,0.026634,0.026857,0.027624,0.027121,0.027897,0.027879,0.027677,0.027348,0.026998,0.026524,0.027804,0.027361,0.027219,0.026505,0.026587,0.027455,0.02721,0.026768,0.026441,0.026462,0.027583,0.000236,0.001162,0.00012,0.000774,0.000943,0.000736,0.000438,0.000475,0.001494,6.4e-05,0.000682,0.000923,0.00132,0.000133,0.000205,0.000568,0.001009,0.000722,0.000243,7e-06,0.000346,0.000252,0.001236,0.000801,0.0006,0.000919,0.000923,0.000465,8.4e-05,5.4e-05,0.000484,0.001143,0.000167
SpB_ev4,1700777612.0,1,0.11,SpB,0.001141,5.7e-05,0.001148,0.001088,0.0015,0.001599,0.003063,0.002995,0.002918,0.001522,0.000555,8.3e-05,0.000968,0.003183,0.000962,0.000661,0.002354,0.002523,0.003836,0.003032,0.002914,0.001588,0.001562,0.002674,0.002174,0.002423,0.001244,0.003486,0.003327,0.001042,0.000628,1.5e-05,0.002834,0.00067,0.003544,0.003197,0.002102,0.000351,0.000315,0.001016,0.002667,0.001566,0.001015,0.003553,0.050705,0.052262,0.053463,0.050449,0.052708,0.051738,0.052184,0.051461,0.050669,0.05245,0.050073,0.050317,0.050915,0.052877,0.05093,0.052576,0.051577,0.000305,0.000938,0.003563,0.002192,0.002431,0.001154,0.002221,0.00089,0.000392,0.000824,0.001461,0.001458,0.001807,0.001543,0.00078,0.001166,0.002426,0.002371,0.000778,0.001862,0.001108,0.000778,0.000622,0.001008,0.003091,0.000187,0.000186,0.001056,0.002957
SpB_ev4,1700777616.0,4,1.034,SpB,0.00054,0.000228,0.000205,0.000472,0.000332,0.000336,0.000504,0.000436,0.000114,0.000362,0.000481,0.000374,0.000434,0.000313,0.000194,0.000544,0.000184,4.1e-05,0.000445,0.000231,0.000158,0.00055,5.7e-05,8.9e-05,0.000365,0.000481,0.000492,0.000331,0.000497,0.000506,0.000571,0.000324,0.000513,0.000467,0.000323,0.000175,0.000577,0.000549,0.000152,0.000296,0.0005,7.1e-05,0.014629,0.014871,0.02483,0.024698,0.024496,0.024695,0.024656,0.040372,0.040811,0.047992,0.047925,0.048102,0.048159,0.047761,0.047786,0.047872,0.048003,0.047936,0.047712,0.047854,0.047886,0.017574,0.01773,0.017778,0.017779,0.017592,0.017372,0.017327,0.017396,0.007895,0.007817,0.007574,0.007671,0.00014,0.000457,0.000338,0.000303,0.000175,0.000362,0.00016,0.00031,0.000163,0.00026,0.000413,0.000396,0.000435,0.00035,0.000373
SpB_ev4,1700777620.0,3,0.748,SpB,0.000682,0.000294,8e-05,9.4e-05,0.000633,3.8e-05,9.3e-05,0.000368,0.000502,0.000765,5.5e-05,0.000716,0.000222,0.000466,0.000378,0.000314,0.000429,0.000388,0.00064,0.000202,8e-05,8.7e-05,0.010931,0.010891,0.011275,0.025292,0.025573,0.025362,0.025864,0.0473,0.047166,0.047423,0.047452,0.047288,0.047446,0.047739,0.047202,0.047147,0.047752,0.047098,0.047491,0.047292,0.047609,0.036907,0.036729,0.036613,0.037054,0.015294,0.015389,0.000623,0.000203,0.00031,0.000371,0.000128,5.5e-05,0.000723,0.00042,0.000227,0.000234,0.000259,0.000502,0.000381,3e-06,0.000643,0.000252,0.000142,0.000492,0.000183,0.000268,0.000123,0.000711,0.00016,0.000434,0.000219,0.00024,0.000738,0.000726,0.000534,0.000323,0.000455,0.000317,0.000453,0.000636,0.000734,0.000727,0.000688,0.000434,0.000263,0.000205,0.000352
SpB_ev4,1700777624.0,4,1.122,SpB,0.000173,0.000228,0.000261,0.000303,0.000409,0.000631,0.000226,0.00044,0.000521,0.000284,0.000433,0.000376,6.2e-05,0.000644,0.000644,0.000641,0.000486,0.000156,0.000621,0.000151,8e-05,0.000637,0.000408,0.000354,0.015527,0.01577,0.015736,0.015756,0.015827,0.0156,0.015443,0.015834,0.016092,0.000597,0.00025,0.000505,0.000153,0.000527,0.000287,9e-05,0.000271,0.000161,0.000282,0.020494,0.020592,0.020323,0.020345,0.020797,0.020861,0.020412,0.020485,0.020501,0.020496,0.033579,0.013103,0.013138,0.013156,0.031542,0.031575,0.031389,0.031852,0.0316,0.031973,0.031724,0.031556,0.031315,0.031647,0.031661,0.031649,0.018427,0.018571,0.018735,0.01872,0.01823,0.018314,0.01837,0.018722,0.018537,0.018629,0.000117,5.2e-05,0.000387,0.000278,0.000607,8.2e-05,0.000429,0.000203,0.000286,0.000533,0.000127
SpB_ev4,1700777628.0,1,0.278,SpB,0.00054,7.8e-05,0.002336,0.001127,0.000795,0.001249,0.001355,0.001148,0.001677,0.001857,0.001329,0.002577,0.000375,0.000852,0.002434,0.000386,0.001336,0.001413,0.001922,6.8e-05,7.3e-05,0.00165,0.001297,0.000748,0.001888,0.002472,0.001919,0.001888,9.1e-05,0.002533,0.001954,0.000127,0.001521,0.001902,0.002038,0.000719,0.002321,0.001119,0.002038,0.001755,0.000907,0.000386,0.00242,0.001458,0.000827,0.002099,0.000553,0.000614,0.00062,0.002532,0.002411,0.001834,0.001833,0.000421,0.001162,0.038682,0.038426,0.040028,0.037685,0.040181,0.039636,0.039058,0.038603,0.039097,0.040223,0.038012,0.039959,0.039883,0.039984,0.038238,0.040149,0.040138,0.03972,0.039314,0.039716,0.039302,0.039448,0.039639,5.9e-05,0.000763,0.001521,0.002295,0.00245,0.001907,0.002488,0.001416,0.002055,0.000316,0.002397,0.002226
SpB_ev4,1700777632.0,4,0.813,SpB,0.000242,0.000129,0.000331,0.000653,0.00034,0.000184,0.000523,0.000694,0.000372,0.000344,5e-06,0.0003,0.000545,0.000533,0.000141,0.000668,0.000498,0.000152,0.000618,4.8e-05,0.000191,1.8e-05,0.000426,7.7e-05,0.000363,0.000254,0.000513,0.000421,0.000517,0.000349,0.008586,0.008484,0.008494,0.008721,0.009091,0.026757,0.026652,0.02645,0.026565,0.027063,0.026704,0.026677,0.026802,0.026963,0.027166,0.027175,0.026901,0.026728,0.026895,0.018456,0.01869,0.041515,0.041418,0.02317,0.022942,0.023371,0.023328,0.023288,0.023089,0.023337,0.023153,0.023357,0.022944,0.023305,0.000417,0.000284,0.000423,0.00058,2.5e-05,0.021067,0.021276,0.02084,0.020974,0.020777,0.020971,0.021087,0.021215,0.02098,0.000716,0.000562,2e-06,0.000428,0.00053,0.000458,0.000303,0.000131,0.000646,0.000498,4.6e-05,7.8e-05
SpB_ev4,1700777636.0,1,1.025,SpB,0.000137,0.000134,0.001375,3.7e-05,0.000121,0.001203,0.001442,0.001361,0.00039,0.001146,0.000861,0.001283,0.001196,0.000101,0.000525,0.001083,0.000314,0.001232,0.000523,0.000852,0.000588,3.9e-05,0.000232,0.001027,0.000135,0.000584,0.000982,0.000711,0.000712,0.000668,0.000687,2.2e-05,0.000498,0.00084,0.000194,0.000362,0.037379,0.03749,0.036284,0.036348,0.036305,0.037281,0.0363,0.036829,0.037135,0.036341,0.036511,0.036236,0.036942,0.036226,0.037151,0.037332,0.036932,0.036752,0.036793,0.037312,0.037003,0.036168,0.036269,0.03667,0.036091,0.037123,0.000118,0.000618,0.000406,0.000204,0.000449,0.000543,0.001461,0.001009,0.000702,0.000324,0.001117,0.001046,0.001367,4.3e-05,5e-05,0.001205,0.000689,0.000361,0.001439,0.00137,0.000259,7.7e-05,0.001132,0.001125,0.001305,0.001318,0.000372,0.001091
SpB_ev4,1700777640.0,3,0.53,SpB,0.000763,0.000327,0.000335,0.000782,0.000674,0.000202,0.000514,0.000641,0.000797,0.000819,0.001012,0.000895,0.000172,0.000877,0.00102,0.00053,0.000546,2.4e-05,0.000101,9.5e-05,0.000355,0.001027,0.000376,0.000292,0.000513,0.000603,0.000696,0.000584,9.4e-05,3e-06,0.000358,0.000116,0.000969,0.001071,0.00089,0.001098,0.000372,0.01429,0.014088,0.014505,0.014494,0.014853,0.014633,0.014848,0.014158,0.014369,0.015092,0.014377,0.030584,0.030546,0.030799,0.030832,0.030018,0.030957,0.030217,0.03025,0.016167,0.01601,0.041311,0.041363,0.040667,0.040503,0.041039,0.041244,0.041493,0.040457,0.040964,0.041307,0.025058,0.024712,0.025126,0.024682,0.024444,0.000402,0.000633,0.000698,0.001058,0.000105,0.000194,0.000955,0.000183,0.000376,0.000257,0.001068,0.000815,0.000288,0.000296,5e-06,0.001063,0.000605
SpB_ev4,1700777644.0,4,1.066,SpB,0.000704,0.000126,0.000808,0.000741,0.000324,0.000874,0.000211,0.000457,0.00073,0.000256,5e-06,0.00033,0.000616,0.000516,0.000463,0.000165,0.000866,0.000492,0.000547,0.000436,0.000623,0.000636,1.6e-05,0.000534,0.000458,0.000297,0.000134,0.000144,0.028703,0.029094,0.029107,0.029247,0.028437,0.029079,0.028537,0.028628,0.028623,0.028783,0.02865,0.029145,0.028669,0.02918,0.02861,0.010698,0.010583,0.010241,0.01004,0.01061,0.010249,0.029317,0.029856,0.029469,0.029591,0.019854,0.020195,0.019879,0.01949,0.019375,0.019876,7.6e-05,0.00066,0.000836,0.000372,0.014844,0.01459,0.014684,0.015106,0.014554,0.014878,0.014938,0.014738,0.014439,0.014665,0.014581,0.01459,0.014823,0.014568,0.014777,0.015155,0.014531,0.000388,0.00022,0.000386,0.0,0.000709,0.000551,0.00024,0.000238,0.000311,0.000233
SpB_ev4,1700777648.0,1,0.989,SpB,3e-05,0.000414,0.001463,0.000791,0.001853,0.001564,8.2e-05,0.000662,0.000243,0.000547,0.001706,0.00157,0.000447,0.000464,0.042582,0.043762,0.043193,0.042781,0.042095,0.042017,0.042398,0.042007,0.042941,0.04302,0.042994,0.043142,0.043729,0.04328,0.041977,0.043086,0.043511,0.042621,0.043114,0.042246,0.043503,0.042281,0.000655,0.001056,8.8e-05,0.000467,0.001745,0.001591,0.000957,0.000596,0.001203,0.000448,0.000398,0.000927,0.000417,0.001271,4.6e-05,0.000239,0.000809,0.00088,0.001686,0.000325,0.001591,0.00185,0.000962,0.001219,0.001193,0.001473,0.000337,2.8e-05,0.001674,0.001661,0.000969,0.00027,0.00026,0.001411,3.5e-05,0.000746,0.00084,0.001582,6.1e-05,0.001484,4.1e-05,0.000719,0.000781,0.000295,0.001414,0.001781,0.000662,0.000385,0.001774,0.000349,0.00062,0.000435,0.001088,8.9e-05
SpB_ev4,1700777652.0,1,1.066,SpB,0.00011,0.002637,0.001732,0.00068,0.001625,0.000984,0.000102,0.000568,0.002915,0.000346,0.002999,0.001574,0.000464,0.001841,0.002029,0.002956,0.002078,0.000808,0.000456,0.000594,0.000749,0.002869,0.000196,0.000895,0.001336,0.000971,0.00146,0.001095,0.003,0.000936,0.002993,0.073821,0.073899,0.075534,0.074679,0.074109,0.0747,0.074696,0.073945,0.074611,0.073637,0.074875,0.075271,0.001321,0.000144,0.001075,0.002026,0.000868,0.001589,0.001734,0.002359,0.00027,0.001432,0.001304,0.000325,0.000711,0.002574,0.001012,0.002104,0.001778,0.000315,0.000625,0.000769,0.001263,0.000796,0.001549,0.002375,0.001788,0.00021,0.001173,0.002741,0.001406,0.001884,6.9e-05,0.001755,0.001342,0.002937,0.000256,0.002075,0.000138,0.001772,0.000154,0.002746,0.002127,0.000746,0.001785,0.000931,0.001995,0.001688,0.000188
SpB_ev4,1700777656.0,4,0.469,SpB,0.000622,0.000125,0.00011,0.000197,8.7e-05,0.000314,0.000445,0.000175,0.000205,0.000117,0.000282,0.000399,0.00024,0.000441,0.000588,0.000701,0.000147,0.000247,0.000502,0.000355,0.000273,0.000679,0.00052,0.000337,0.000669,0.000718,0.000354,0.000443,0.000564,0.000455,0.00049,0.000257,0.000289,0.018731,0.018468,0.018663,0.01879,0.018368,0.018671,0.018986,0.032523,0.032553,0.032762,0.032755,0.032704,0.032574,0.032397,0.032862,0.042414,0.042013,0.023772,0.024303,0.023848,0.024132,0.023957,0.010124,0.031341,0.03175,0.031276,0.021947,0.021644,0.021417,0.021783,0.021498,0.021398,0.022071,0.021739,0.021475,0.021428,0.021681,0.021456,0.021512,4.4e-05,7.1e-05,0.000195,0.000149,0.000146,7.3e-05,0.000423,0.000511,1.9e-05,0.000446,0.000581,0.000661,0.000187,0.000645,0.00019,0.000531,0.000633,0.000365
SpB_ev4,1700777660.0,2,0.692,SpB,0.000972,0.000937,0.001479,0.000356,0.000419,0.001839,8.2e-05,0.000755,0.000717,0.000388,0.000655,0.00142,0.001616,0.000637,0.000427,0.001053,0.001765,0.00024,0.000716,0.000102,0.001754,0.001799,0.001546,0.001052,0.000377,0.00167,0.001964,0.001098,0.001261,0.000702,0.001031,0.001207,0.039205,0.040167,0.039398,0.039849,0.040534,0.040521,0.040003,0.039212,0.039516,0.040038,0.039592,0.040357,0.039088,0.040407,0.040536,0.040786,0.040062,0.039348,0.040031,0.038977,0.039385,0.00098,0.001305,0.00055,0.00152,0.00163,0.00166,0.001475,0.000463,0.001528,0.001361,0.001216,0.001034,0.001178,0.000417,0.00052,0.001121,0.001682,0.001955,0.000868,0.000601,0.001913,0.000502,0.001342,0.000346,0.001445,0.00023,0.001553,0.001706,0.001275,0.000221,0.000653,0.000487,0.001302,0.024249,0.023889,0.023103,0.023668
SpB_ev4,1700777664.0,3,0.46,SpB,6.7e-05,0.000923,0.000156,1e-06,0.000927,0.000932,1.9e-05,0.000401,0.000786,2.2e-05,0.000935,6.8e-05,0.000477,0.00032,1.9e-05,0.000945,9.7e-05,0.000581,0.000579,0.000416,0.000728,0.000199,0.000329,0.000523,0.000483,0.000282,0.001034,0.000294,7e-06,0.000347,0.000356,0.00098,0.000192,0.000614,4.2e-05,0.000325,0.000388,5.7e-05,0.000207,0.000813,0.000644,3.3e-05,4e-06,0.000463,0.000266,0.031164,0.030674,0.044034,0.044256,0.043774,0.044178,0.044608,0.044419,0.065395,0.064595,0.06476,0.064899,0.064937,0.064699,0.035078,0.034521,0.03468,0.020961,0.021137,0.021911,0.02099,0.021745,0.0218,0.021638,0.000679,0.000257,0.001007,0.00091,0.000654,0.000209,0.000268,0.000543,0.000107,0.00062,0.00055,0.000188,0.000325,0.000784,0.000276,0.000688,0.000196,0.000851,6.1e-05,0.000706,0.000989
SpB_ev4,1700777668.0,3,0.837,SpB,0.000866,0.000437,0.000971,0.000327,0.00082,0.000703,0.000711,0.00026,0.028915,0.028869,0.029456,0.029417,0.056175,0.056263,0.056749,0.0569,0.056443,0.028051,0.027542,0.027721,0.028239,0.027312,0.027517,0.02782,0.000889,0.000402,0.000835,0.00091,0.000431,0.000631,0.00083,0.000894,0.001014,0.000216,0.000766,0.000118,0.000477,0.000546,0.000453,0.000407,0.000945,0.000492,7.5e-05,0.000725,0.000763,0.000735,3.7e-05,0.000283,0.000656,0.023291,0.023281,0.024124,0.023294,0.023702,0.023386,0.023265,0.02372,0.023391,0.023442,0.023613,0.023538,0.023279,0.024006,0.023631,0.023342,0.000449,0.000426,1.6e-05,0.000355,0.000385,5.8e-05,1.8e-05,0.000446,0.000763,0.000403,0.000676,0.000477,0.000842,0.000398,0.000409,0.00059,0.000121,0.000948,0.000432,0.00031,8.8e-05,0.000378,0.000608,0.000924,0.000162
SpB_ev4,1700777672.0,3,1.181,SpB,0.000793,0.000103,6.8e-05,0.000388,0.000521,0.00013,0.000338,0.000314,0.000474,0.000407,0.000794,0.000775,0.000815,0.000792,0.019035,0.018825,0.019338,0.019536,0.019383,0.018863,0.019336,0.018906,0.019258,0.019121,0.019589,0.018848,0.019063,0.019376,0.018911,0.000518,0.000599,0.00035,0.000771,7e-05,4.1e-05,0.000522,0.000483,0.000623,0.000226,2.9e-05,0.010134,0.009931,0.009909,0.00989,0.01039,0.00987,0.009967,0.010419,0.010431,0.010126,0.010508,0.009733,0.010266,0.009961,0.009866,0.020688,0.020264,0.020535,0.0203,0.020564,0.020551,0.02071,0.020155,0.020549,0.020281,0.020294,0.019987,0.02054,0.020267,0.01992,0.020237,0.020188,0.020547,0.020064,0.020489,0.020169,0.01999,0.020235,0.020018,0.019997,0.020056,0.020202,0.000487,0.000267,0.000181,2.8e-05,0.000568,0.000203,0.00062,0.000114
SpB_ev4,1700777676.0,2,0.111,SpB,0.00045,3.8e-05,0.000744,0.000264,0.000633,0.000311,0.000608,0.000155,0.000207,0.000378,0.000255,0.000487,0.000231,0.000573,0.000255,0.000588,0.000233,0.000576,0.000661,0.00058,0.0006,0.000419,0.000599,0.000664,0.000181,0.000207,0.00033,0.000483,0.000665,0.000719,0.00055,0.000688,0.00046,0.000492,0.000629,0.000437,0.000365,0.000566,0.000357,0.01836,0.017869,0.018213,0.018411,0.041473,0.041498,0.041161,0.041635,0.041422,0.041508,0.041127,0.041129,0.041595,0.041305,0.041221,0.041649,0.041402,0.041395,0.041441,0.040953,0.023461,0.023639,0.024,0.023862,0.023946,0.023635,0.024012,0.02381,0.023968,0.023495,0.000358,0.000413,0.000357,0.00067,0.000188,0.000202,0.000309,0.000755,0.000687,0.000624,0.000641,0.000364,0.000631,0.000529,0.000234,0.000389,0.000661,8.9e-05,0.00045,0.000768,0.000447
SpB_ev4,1700777680.0,2,0.168,SpB,0.000234,0.000327,0.000533,0.000486,0.000427,0.000266,4.8e-05,0.000163,0.000518,0.000269,0.000677,0.000211,0.000177,0.000539,4.5e-05,0.000311,0.000243,0.000204,0.000678,0.00011,0.000592,1.3e-05,0.000137,0.000664,2.6e-05,0.000167,7.3e-05,0.000292,0.000541,0.000228,0.000468,0.000121,0.000129,0.00026,0.000471,0.000158,0.000174,0.000577,0.018785,0.019015,0.019099,0.038661,0.038595,0.038061,0.038257,0.038498,0.038114,0.038317,0.038683,0.038345,0.03834,0.038066,0.03843,0.038674,0.038169,0.038028,0.03809,0.038302,0.038342,0.03838,0.038144,0.038482,0.038451,0.038394,0.019937,0.020203,0.000404,0.000301,0.000296,0.000458,0.000381,0.000658,0.00064,0.000364,0.000523,0.000218,0.000614,0.000717,0.000703,0.000437,8.4e-05,0.000221,0.000182,0.000234,0.000482,0.000296,0.000701,9.5e-05,0.000527,3.9e-05
SpB_ev4,1700777684.0,1,1.225,SpB,0.001835,0.001626,0.000413,0.001906,0.000722,0.000559,0.001324,0.000166,0.000555,0.002023,0.001376,0.000366,0.001919,9e-05,0.001126,0.00144,0.001827,0.001935,0.000952,0.000163,0.000246,0.000134,0.001683,0.001142,0.002188,0.000509,0.002001,0.000508,0.000491,0.001175,0.000179,0.002109,0.00202,0.000406,0.000342,0.001237,5e-05,0.000578,0.000835,0.00086,0.001269,0.000979,0.001888,0.000887,0.001096,0.001976,0.001208,0.000617,0.000773,8.5e-05,0.000585,0.001255,0.049456,0.047793,0.048227,0.048062,0.04953,0.047957,0.04899,0.048668,0.048111,0.049417,0.047573,0.049394,0.048867,0.048648,0.048145,0.049631,0.048076,0.048671,0.048635,0.000978,0.00217,0.001713,0.000657,0.001153,0.000835,0.001455,0.00175,0.001698,0.001727,1.5e-05,0.000641,0.000772,0.000256,0.000352,0.000159,0.001972,0.002193,0.002017
SpB_ev5,1700864000.0,3,0.39,SpB,0.000816,0.000993,0.000905,0.000941,0.001023,0.000256,0.000501,0.000265,0.000561,3.8e-05,0.000296,0.000789,0.001028,0.000273,5e-06,0.000739,0.001032,0.000733,0.000862,0.000471,0.000437,0.000316,0.000223,0.000852,0.017558,0.017296,0.017435,0.017359,0.017283,0.017144,0.016765,0.034602,0.035005,0.034436,0.034538,0.034828,0.034343,0.034801,0.034366,0.034446,0.035053,0.034691,0.032984,0.032462,0.032808,0.033284,0.032674,0.032483,0.032508,0.032711,0.03282,0.032436,0.015716,0.015942,0.015676,0.015946,0.015209,0.015538,0.01545,0.015961,0.015586,0.000463,0.000147,0.000156,0.00102,0.000638,0.000117,0.000333,0.000584,0.00018,0.000535,0.000482,0.000286,0.000493,0.000955,3.8e-05,0.00083,0.000948,0.000744,0.001022,0.000499,0.000584,0.000953,6.9e-05,0.000732,0.000771,0.000515,0.000736,0.000561,0.000113
SpB_ev5,1700864004.0,3,1.41,SpB,0.000261,0.00057,0.000338,0.000446,0.000602,0.0005,0.000452,0.000573,0.000252,0.000443,0.000197,0.000192,6.8e-05,0.000101,0.000457,0.000649,1.4e-05,0.000337,0.000563,0.000116,0.000685,0.00031,0.000572,8.9e-05,0.020214,0.020218,0.020253,0.020557,0.020142,0.020709,0.0208,0.02057,0.020628,0.020124,0.020266,0.020801,0.02075,0.020659,0.020467,0.020541,0.020217,0.020432,0.000491,0.000509,0.000374,0.000176,0.000379,0.000457,0.00022,0.000393,0.000264,0.000681,0.000187,0.000159,0.000148,0.000602,0.000684,0.017822,0.017991,0.017916,0.017896,0.034784,0.035063,0.03525,0.035163,0.035325,0.035045,0.035283,0.034911,0.035127,0.017613,0.017573,0.017611,0.017507,0.017415,0.017662,0.017449,0.017314,0.017138,0.017148,0.017317,0.017567,0.017501,0.000558,0.000312,0.000606,5.4e-05,0.000441,0.000411,0.000369
SpB_ev5,1700864008.0,1,1.472,SpB,0.000659,0.000581,0.001486,0.000688,0.001389,8.7e-05,0.000438,0.000903,0.000599,0.001142,0.001347,0.001336,0.000155,0.000129,0.0006,0.000657,0.000221,0.000693,0.000366,0.000517,0.000998,0.000501,0.000859,0.001009,0.000168,0.001068,0.001001,0.000937,0.000497,0.000138,0.000777,3e-06,0.000609,0.000574,0.000176,0.001506,0.000239,0.00152,0.000249,0.000191,0.000345,0.042019,0.041854,0.041112,0.040982,0.041692,0.041806,0.040991,0.041741,0.042171,0.04167,0.04083,0.041174,0.042186,0.04117,0.041434,0.041872,0.041178,0.042238,0.041612,0.041759,0.041381,0.041212,0.041464,0.000807,0.001348,0.001425,0.000292,4.7e-05,0.000416,0.000408,0.000243,4.1e-05,0.000225,0.000873,0.000947,0.000523,0.001278,0.000677,0.000735,0.000618,0.000957,0.000565,0.000576,0.000414,0.000182,0.000974,0.000701,0.000318,0.001501
SpB_ev5,1700864012.0,1,0.402,SpB,0.001061,0.001112,0.000704,0.001821,0.001692,0.00047,0.001531,0.001216,0.000704,0.000269,0.000657,0.001552,0.001302,0.00019,0.000163,0.001004,0.000228,0.000757,0.000346,0.000412,0.001943,0.001172,0.001591,0.000591,0.000234,0.00047,0.000387,0.001697,0.001451,0.00083,0.000908,0.001484,0.001281,0.00112,0.00201,1.4e-05,0.000348,0.001269,0.002032,0.001918,0.001856,0.000963,0.001509,0.000522,0.000499,0.001487,0.000486,0.000771,0.00158,0.000526,0.002042,0.051291,0.05119,0.0512,0.052036,0.05261,0.052172,0.051139,0.051253,0.052374,0.050755,0.052183,0.051279,0.051171,0.052592,0.051084,0.052373,0.051869,0.050757,0.001575,0.001255,0.00074,0.00024,0.000209,0.00155,0.001139,0.000127,0.001833,8.5e-05,0.001793,0.001824,0.001358,0.000494,0.000159,0.000512,0.000222,0.000735,0.000513,0.00088,0.001251
SpB_ev5,1700864016.0,2,0.641,SpB,0.00084,0.000116,0.001373,0.001066,0.001198,0.001163,0.001083,0.000259,0.001435,0.000461,0.001035,0.001141,8e-05,0.001356,0.001433,0.001518,0.001548,3.2e-05,0.001318,0.001479,0.001488,0.0015,0.000925,0.00157,0.000973,0.00109,5.7e-05,0.001278,0.000381,8.3e-05,0.001261,0.000186,0.000509,0.000559,0.029703,0.029119,0.028523,0.029981,0.02884,0.029037,0.029198,0.029314,0.029427,0.028546,0.028877,0.028622,0.029934,0.029115,0.029186,0.05234,0.023143,0.02358,0.023428,0.023707,0.022681,0.023688,0.022721,0.023451,0.022606,0.023216,0.022911,0.023513,0.023385,0.023943,0.02362,0.023434,0.023859,0.022479,0.023775,0.022445,0.000636,0.000808,0.00146,0.000421,0.000532,0.001133,0.000771,0.00018,0.000972,0.000925,0.000104,8.9e-05,0.000148,0.000192,0.000201,0.001463,0.000303,0.001256,0.000587,0.000671
SpB_ev5,1700864020.0,4,0.348,SpB,0.000192,0.000315,0.000457,0.000608,9.6e-05,2.3e-05,0.008876,0.00856,0.008681,0.008788,0.008975,0.009081,0.008517,0.009094,0.008613,0.008747,0.008783,0.008611,0.00891,0.008796,0.009161,0.008876,0.008654,0.025625,0.026175,0.026059,0.02592,0.025935,0.025704,0.017161,0.017333,0.017701,0.033956,0.033894,0.033915,0.033769,0.033845,0.045536,0.046033,0.028678,0.029086,0.028772,0.028842,0.028647,0.028652,0.028555,0.028831,0.028524,0.029213,0.028868,0.012167,0.012306,0.012507,0.012052,0.000386,8e-05,0.000305,0.000406,0.00072,0.000246,4.8e-05,0.000338,0.000643,0.00042,0.000433,0.000471,0.000622,0.000659,0.000136,0.000588,0.000303,0.000675,2.8e-05,0.000158,0.00066,0.000437,0.000317,0.000251,0.000254,0.000507,0.000441,0.000471,5.9e-05,0.000371,0.000459,0.000449,0.000549,0.000522,0.000555,0.00036
SpB_ev5,1700864024.0,3,0.838,SpB,0.00012,0.000986,0.001101,0.000964,0.000367,0.000366,5.5e-05,0.000988,0.000293,0.000652,0.000104,0.001014,0.000117,0.001091,0.000187,0.001033,0.027809,0.04705,0.04765,0.046662,0.046636,0.046709,0.047346,0.047554,0.047467,0.065229,0.065323,0.064971,0.044957,0.045545,0.045315,0.045296,0.018486,0.018472,0.018652,0.018292,0.018152,0.018743,0.018161,0.017965,0.018374,0.018042,0.000327,0.000691,0.000749,0.000974,0.000697,0.000527,0.001041,0.000352,0.000721,0.000972,0.000589,0.00019,2.4e-05,0.000556,0.000127,0.000195,5.5e-05,0.000436,0.000628,0.001068,0.000186,0.000727,0.000352,0.000471,0.000832,0.000221,0.000267,0.00058,0.000782,0.000428,0.000552,0.000504,0.000219,0.000125,0.000495,0.000595,0.00033,0.000769,0.000974,0.000118,0.000635,0.00111,0.000406,0.000729,0.000423,0.000113,0.000714,0.001123
SpB_ev5,1700864028.0,1,0.687,SpB,0.001121,0.000173,0.000995,0.001377,0.000512,0.001543,0.000304,0.00201,0.000372,0.001753,0.001709,0.001892,0.001829,0.001667,0.00191,0.000272,0.000708,0.001875,0.000606,0.000837,0.000481,0.001648,0.001604,0.000821,0.00051,0.000477,0.000799,0.000118,0.000197,0.000974,0.000802,0.001935,0.00197,0.000772,0.001007,0.001415,0.000389,0.060985,0.061385,0.062669,0.062212,0.060909,0.060752,0.061704,0.061787,0.061106,0.061065,0.060981,0.062673,0.061409,0.062427,0.06191,0.001052,0.000421,0.001552,0.000971,0.001019,0.000139,0.001397,0.000475,0.000164,0.00104,0.002003,0.000264,0.000122,0.00188,0.002028,0.000945,0.00019,0.00142,0.000448,0.001301,0.001971,0.001157,0.001564,0.000567,0.000818,0.00129,0.001697,0.000658,0.000307,6.9e-05,0.000579,0.002009,0.001773,3.4e-05,0.001344,0.000152,0.001055,0.000769
SpB_ev5,1700864032.0,4,1.275,SpB,5.8e-05,0.000256,5.4e-05,0.000567,0.000624,0.000388,0.000749,0.000846,0.000342,0.000811,0.000411,0.000299,0.000695,0.000647,0.000231,0.02187,0.022347,0.022463,0.022452,0.021987,0.021908,0.022475,0.021877,0.021946,0.022117,0.02188,0.021927,0.000802,0.000723,0.000778,0.000869,0.000123,7.4e-05,0.000662,0.00062,0.00014,0.000706,0.0003,4.6e-05,7.9e-05,0.000671,0.000184,0.000511,2.4e-05,0.000756,0.000721,0.000365,0.000381,0.000667,0.000766,0.00036,9.2e-05,0.021082,0.020676,0.021019,0.021101,0.020634,0.021271,0.021179,0.02143,0.020845,0.021273,0.02137,0.020964,0.02093,0.000267,0.000827,0.000655,0.02536,0.025612,0.025935,0.025922,0.03829,0.038733,0.038278,0.038166,0.013238,0.013436,0.013384,0.012871,0.013501,0.012801,0.013246,0.012905,0.013575,0.013321,0.01283,0.013289,0.012935,0.013199
SpB_ev5,1700864036.0,4,0.657,SpB,0.000516,0.000682,0.000794,0.000696,0.00075,0.000149,0.000176,0.00011,0.000696,6.3e-05,0.000399,0.000683,0.000649,0.000794,0.000448,0.000122,0.000582,0.000661,0.00041,0.000326,0.000472,0.000567,9.4e-05,0.000189,0.000667,0.015163,0.014926,0.015309,0.014684,0.015241,0.014787,0.031674,0.031538,0.031435,0.031166,0.031545,0.016784,0.017257,0.017241,0.017029,0.016978,0.030648,0.030347,0.03084,0.030526,0.031036,0.014591,0.014561,0.014144,0.014195,0.014499,0.014287,0.014019,0.013891,0.014577,0.014334,0.01438,0.014044,0.014481,0.014529,0.000788,0.000574,4.4e-05,0.020764,0.021241,0.021123,0.02111,0.020976,0.021214,0.020744,0.020831,0.021201,0.021008,0.020705,0.021261,0.021043,0.021247,0.000407,0.000199,0.00068,0.000682,0.00031,4.3e-05,0.000581,0.000488,4.5e-05,9.7e-05,0.00078,0.000737,0.000697
SpB_ev5,1700864040.0,2,0.758,SpB,0.001182,0.000467,0.000317,0.000459,0.000593,0.000999,0.000255,0.001209,0.001218,0.000774,0.000687,0.001241,0.000308,0.000878,0.000352,0.000892,0.00011,0.001038,0.000537,0.000194,0.001011,0.001094,0.00049,0.000465,0.000222,5e-06,0.001108,0.031802,0.031489,0.031124,0.032235,0.031818,0.031213,0.032109,0.03118,0.032166,0.032038,0.031734,0.031332,0.031524,0.031338,0.032049,0.032064,0.000986,0.028118,0.028435,0.027904,0.028694,0.028448,0.02795,0.0284,0.028713,0.02807,0.028573,0.028409,0.028762,0.027906,0.02904,0.028331,0.028272,0.000623,0.000947,0.000591,0.00055,0.000679,0.000294,0.000103,0.001153,0.000845,0.00042,0.000369,0.001125,0.001154,0.000251,6.2e-05,0.00106,8.2e-05,0.000915,0.000381,0.00072,0.000216,0.001173,0.000447,0.001126,0.000686,0.000813,0.000566,0.000538,0.000991,0.000788
SpB_ev5,1700864044.0,1,0.133,SpB,0.002133,0.002965,0.000149,0.000451,0.000218,0.003819,0.004331,0.00443,0.005016,0.003226,0.000159,0.00203,0.004586,0.000123,0.004297,0.00506,0.002263,0.002922,0.00062,0.002447,0.003362,0.005141,0.000146,0.003669,0.002259,0.000833,0.004097,0.001375,0.004586,0.001506,0.001131,0.00373,5e-05,0.003355,0.005045,0.001745,0.002345,0.001525,0.004585,0.003309,0.005105,0.063187,0.062268,0.060062,0.062733,0.062317,0.060613,0.060799,0.059408,0.063978,0.062631,0.063772,0.059579,0.059332,0.002564,0.001481,0.0001,0.000702,0.000971,0.003129,0.001848,0.004014,0.004615,0.000853,0.003012,0.000677,0.001868,0.002874,0.004,0.0015,0.003345,0.003902,0.00521,0.002685,0.002004,0.004963,0.003822,0.001116,0.000104,0.00197,0.003901,0.001264,0.000291,0.001849,0.005002,0.005018,0.004413,0.000402,0.002696,0.001016
SpB_ev5,1700864048.0,4,1.16,SpB,0.000355,0.000189,0.000508,5.6e-05,0.000404,0.00025,0.00042,0.00045,0.000356,0.000481,0.000136,4e-05,0.000111,0.006963,0.006798,0.006616,0.006705,0.006718,0.006773,0.006407,0.006741,0.006959,0.02141,0.021375,0.021312,0.021806,0.021351,0.015284,0.015359,0.015198,0.014919,0.014962,0.015037,0.015322,0.0154,0.01533,0.015271,0.015283,0.015402,0.031627,0.03123,0.044083,0.043827,0.043692,0.04416,0.04376,0.043867,0.029259,0.028966,0.028881,0.029082,0.029033,0.029198,0.029024,0.029286,0.029019,0.016504,0.016551,0.016631,0.000379,0.0005,0.00025,0.000247,0.000349,8e-06,0.00014,3.1e-05,0.000196,5.2e-05,0.000124,0.000304,0.000259,0.000294,0.000332,6e-06,2.2e-05,0.000529,0.000418,8.8e-05,0.000224,0.000408,0.000526,0.000218,7.3e-05,0.000485,0.000477,0.000425,0.000324,8.5e-05,8.6e-05
SpB_ev5,1700864052.0,3,0.427,SpB,0.000128,0.000836,0.000107,0.000821,0.000198,0.000232,0.00076,0.000403,0.000401,0.000716,0.000819,0.000472,0.000675,0.000891,0.000892,0.000355,0.000152,0.021382,0.02171,0.021259,0.021638,0.021591,0.02158,0.021851,0.02127,0.02173,0.021666,0.021911,0.021599,0.021493,0.021909,0.021471,0.021857,0.02162,0.021552,0.021762,0.021486,0.021133,5.9e-05,0.000705,0.000829,3.6e-05,0.000254,0.000671,6.9e-05,5.5e-05,0.034452,0.03469,0.034458,0.035049,0.034831,0.034645,0.034483,0.034482,0.035239,0.034472,0.035277,0.016168,0.015817,0.016463,0.016167,0.015598,0.015736,0.016226,0.015802,0.015665,0.000669,0.000253,0.000179,0.000717,2.8e-05,0.000288,0.000664,0.000888,0.000432,0.000742,0.000118,0.000459,0.000644,2.3e-05,0.000864,0.000133,0.000571,0.000129,0.00028,0.00023,0.000587,0.000126,0.000215,3.4e-05
SpB_ev5,1700864056.0,2,1.031,SpB,0.000291,0.000907,0.000103,0.000229,0.000471,0.001008,0.000362,0.001094,0.001016,0.000293,0.000408,0.031711,0.032237,0.031607,0.032202,0.032082,0.031302,0.031411,0.031478,0.032323,0.031401,0.031352,0.032341,0.032118,0.032049,0.032066,0.03214,0.03149,0.031906,0.031671,0.032332,0.000654,0.000156,0.000814,0.000402,0.000863,0.000114,0.000641,0.000652,0.000248,0.000835,0.000917,0.000307,0.000278,0.00036,0.000158,0.00065,0.00041,0.000205,0.000924,0.026002,0.024978,0.025994,0.025889,0.025015,0.025385,0.025695,0.025108,0.025463,0.025953,0.025438,0.025623,0.025457,5.2e-05,0.001154,3.2e-05,5.3e-05,4.2e-05,0.00029,0.000733,0.000768,0.000649,0.000408,0.000556,0.000363,0.000158,0.001155,0.001154,0.001008,0.001099,0.000335,1.1e-05,0.000301,0.0009,0.001092,0.000426,0.000824,5.6e-05,0.000806,0.000588
SpB_ev5,1700864060.0,2,0.115,SpB,0.000915,0.000711,0.000564,0.00047,0.00067,0.00023,0.000142,0.000609,0.000444,0.000436,0.000148,0.000494,0.000925,0.000449,0.000703,3.1e-05,0.000272,0.000114,0.000428,0.000706,0.00037,0.000267,0.027239,0.027156,0.027261,0.026753,0.027361,0.027241,0.027054,0.026777,0.027285,0.027263,0.027281,0.026587,0.026937,0.027078,0.027115,0.027292,0.026538,0.0271,0.027097,0.02737,0.026691,0.026753,0.000932,0.000631,0.000974,0.000435,0.000644,0.00074,0.000662,0.000107,0.000459,0.000368,5.8e-05,7.6e-05,0.000871,0.000992,0.000407,0.00045,0.000661,0.000925,0.000216,0.000301,0.022811,0.022092,0.022407,0.02218,0.022156,0.021966,0.022828,0.022255,0.022181,0.02192,0.021942,0.022639,0.022228,0.022524,0.022834,0.022304,0.02212,0.000934,0.000954,0.000972,0.000314,6e-06,0.000464,0.00014,9.5e-05,0.000504
SpB_ev5,1700864064.0,3,0.162,SpB,0.000482,7.2e-05,0.000773,4.2e-05,0.000676,0.000411,0.00055,0.00043,0.000526,0.000124,2.5e-05,5.1e-05,0.000722,0.000646,0.000398,0.000142,0.000271,0.000293,0.000114,0.021847,0.022448,0.022435,0.021693,0.022151,0.041569,0.04132,0.041249,0.04158,0.041136,0.041496,0.041175,0.041295,0.04118,0.021999,0.021764,0.022443,0.022177,0.021764,0.022143,0.021844,0.022434,0.000643,0.000195,0.014251,0.014003,0.013723,0.014342,0.013795,0.014173,0.013649,0.013646,0.013774,0.014107,0.013903,0.013624,0.014311,0.014359,0.014271,0.013906,0.014364,0.014024,0.013955,0.014284,0.014328,0.014361,0.013635,0.000379,8.4e-05,0.000382,0.000767,0.000399,0.000368,0.000714,0.000384,0.000676,0.00043,0.000583,0.000211,0.00027,0.000709,0.000669,0.000522,0.000466,3.9e-05,0.000631,0.000332,0.00044,0.000249,0.000545,0.000235
SpB_ev5,1700864068.0,2,0.712,SpB,0.000751,0.000265,0.000234,0.000307,0.000934,0.000394,0.000185,0.000568,0.000569,0.000481,0.000539,0.00077,0.000209,0.000551,0.001194,0.000362,0.026858,0.027358,0.026534,0.027443,0.027085,0.02635,0.026509,0.026438,0.026967,0.027016,0.027186,0.053105,0.052904,0.053634,0.052873,0.05293,0.053632,0.02736,0.027157,0.026715,0.027199,0.026162,0.026743,0.026944,0.026474,0.026211,0.026731,0.026648,0.027122,0.027301,0.001002,0.000222,0.001208,0.000455,0.000471,0.000409,0.000192,0.000981,0.000223,0.00044,0.000511,0.000269,0.00119,0.001274,0.00099,0.000515,0.000804,3.3e-05,0.001142,3.6e-05,0.000353,0.000531,6.1e-05,0.001297,0.00061,0.000456,5.3e-05,0.000919,0.000682,0.001034,0.000616,0.001068,0.001234,8.9e-05,0.000756,0.000308,0.000892,0.000321,0.000581,0.000649,0.001287,0.000765,0.000356,0.000809
SpB_ev5,1700864072.0,3,1.051,SpB,0.000163,0.00031,0.000446,0.000145,0.000433,0.000208,0.000186,6e-06,6.3e-05,4.6e-05,0.000635,0.000339,0.000208,0.000194,5.2e-05,0.000435,0.00072,1.2e-05,1.5e-05,0.000244,0.000126,0.000247,0.000678,0.000669,0.000509,0.000714,0.000425,0.000454,0.000383,0.000218,0.037731,0.037422,0.037459,0.037383,0.037705,0.037805,0.037717,0.038044,0.0376,0.037358,0.037451,0.037858,0.037658,0.020716,0.020454,0.000626,0.000594,0.017603,0.017392,0.017443,0.017417,0.017873,0.01723,0.01732,0.017146,0.017635,0.017285,0.017789,0.017303,0.017433,0.017596,0.017257,0.017236,0.01731,0.017534,0.017186,0.017851,0.017508,0.017613,0.017677,0.017258,0.017213,0.017248,0.000213,0.000507,5.1e-05,6e-06,0.000198,0.000595,0.000329,0.000678,0.000476,0.000218,0.000258,0.000676,7.2e-05,0.000124,0.000216,0.000667,0.000494
SpB_ev5,1700864076.0,3,0.48,SpB,0.000654,0.00105,0.000104,0.00064,2e-05,2.2e-05,0.000611,0.000208,0.000623,0.000993,0.000945,0.000979,0.001139,0.00081,0.001081,0.000845,0.000935,0.00017,0.000645,0.00064,0.000444,0.000711,0.000162,0.000232,0.000256,0.00098,0.000571,0.00068,0.000261,0.000393,0.000729,0.001114,0.029533,0.029764,0.030053,0.029899,0.029614,0.029616,0.029337,0.029971,0.029219,0.000622,0.018964,0.018145,0.018574,0.018252,0.018984,0.018462,0.018791,0.018826,0.018583,0.018959,0.018319,0.019008,0.019195,0.018218,0.019009,0.018975,0.018481,0.018539,0.019076,0.000796,9.3e-05,0.00032,0.021724,0.021381,0.021855,0.021466,0.022385,0.022186,0.0223,0.022228,0.021643,0.022112,0.022362,0.021306,0.022303,0.02186,0.021759,0.021418,0.000235,0.000362,0.000523,0.000544,0.000361,0.000536,0.000936,0.000633,0.001026,0.000708
SpB_ev5,1700864080.0,4,0.465,SpB,0.000426,0.00013,0.000147,0.00027,0.000407,0.000344,0.000163,1.1e-05,0.000458,0.000328,0.000369,0.000351,0.000296,0.000331,0.000287,0.000105,0.000103,0.000216,0.000305,0.000487,0.000388,0.014161,0.014351,0.014371,0.020984,0.020976,0.020845,0.020989,0.020735,0.021048,0.021148,0.03735,0.037322,0.037065,0.036979,0.037204,0.037227,0.037094,0.023323,0.023401,0.023101,0.02322,0.023094,0.023186,0.023324,0.037771,0.037744,0.031128,0.030691,0.030645,0.030979,0.014405,0.014393,0.014811,0.014576,0.014657,0.014345,0.014726,0.014842,0.014589,0.01441,0.014586,0.014484,0.000186,0.000237,0.000473,0.000433,0.000341,0.000266,0.000152,0.000384,0.00052,6.4e-05,5.9e-05,2.7e-05,0.000355,0.000378,5.8e-05,0.000523,0.000481,9.6e-05,0.000428,8.7e-05,0.000147,0.000503,6.1e-05,0.000299,0.000238,0.000488,0.000512
SpB_ev5,1700864084.0,1,1.236,SpB,0.000986,0.001098,0.000459,5.5e-05,0.000159,0.002066,0.00071,0.001194,0.000164,0.001258,0.002198,0.001424,0.001474,0.001202,0.000812,0.002046,0.002335,0.000796,0.00258,0.001129,0.00258,0.002409,0.000976,0.000297,0.000769,0.002685,0.000579,0.000754,0.000646,0.000159,0.002138,0.000535,0.048087,0.049003,0.046694,0.047259,0.048229,0.046941,0.047969,0.047916,0.04749,0.046825,0.04792,0.049327,0.04748,0.048416,0.048678,0.047262,0.047485,0.046939,0.049078,0.001758,0.000977,0.001329,0.000393,0.001394,0.001139,0.002518,0.00058,0.002296,0.001062,0.000717,0.00071,0.001162,0.000993,0.001812,0.000826,0.000315,0.001954,0.000687,0.001116,0.002612,0.002294,0.001089,5.1e-05,0.000416,0.001409,0.001465,0.002152,0.002032,0.001552,0.001855,0.002466,0.000826,0.001982,0.000785,0.002496,0.000131,0.001821,0.00116
SpB_ev5,1700864088.0,4,0.922,SpB,0.000622,0.000362,0.000602,0.000409,0.000574,4.9e-05,4.6e-05,0.000481,5e-06,0.000521,5.2e-05,0.000598,0.0202,0.019961,0.020263,0.019698,0.02015,0.019692,0.01996,0.020311,0.020328,0.020269,0.020095,0.020257,0.02021,0.019806,0.020227,0.000363,0.000605,0.000619,0.000418,0.00024,2e-06,0.0001,0.000676,2.7e-05,0.000312,0.000478,0.000406,0.000396,0.000507,0.000465,0.000587,0.000195,0.000135,0.000224,0.010529,0.010476,0.010635,0.010577,0.010613,0.010564,0.010394,0.010401,0.019214,0.019303,0.019171,0.01872,0.018844,0.019134,0.018721,0.019249,0.01916,0.01921,0.008681,0.008604,0.008743,0.00905,0.029196,0.029093,0.029095,0.020755,0.020663,0.020795,0.020574,0.020364,0.020774,0.02039,0.020316,0.020682,0.020478,0.020527,0.020538,0.020701,0.020582,0.000403,0.000214,0.00038,0.000605,0.000378
SpB_ev5,1700864092.0,3,1.288,SpB,0.000746,1.1e-05,0.000769,0.000512,0.000365,5.4e-05,0.000311,5.3e-05,0.000825,0.000316,0.000402,0.000532,0.000403,0.000623,0.000693,0.000349,0.000406,0.000192,8.2e-05,0.000631,0.000291,0.000474,0.000421,0.000615,0.00038,0.000224,0.000668,0.00045,0.000208,0.000554,0.00025,0.000673,0.000471,0.000218,6.2e-05,0.000179,0.000504,0.00039,0.018781,0.018682,0.019122,0.019181,0.019243,0.018887,0.018625,0.033247,0.032702,0.033099,0.033161,0.03324,0.033364,0.033426,0.032842,0.032842,0.032733,0.033288,0.032983,0.033205,0.032851,0.014388,0.014263,0.014302,0.014812,0.014523,0.014889,0.014224,0.000692,0.016988,0.016607,0.016522,0.016683,0.016816,0.016833,0.016309,0.016782,0.016992,0.016322,0.016598,0.016573,0.016722,0.01674,0.016973,0.016427,0.0171,0.000548,0.000739,0.000436,0.000416,0.00041,0.000559
SpB_ev5,1700864096.0,1,0.316,SpB,0.001487,0.000501,0.002176,0.002408,0.000786,0.001989,0.002088,0.001485,0.002164,0.00164,0.001612,0.002046,0.002609,0.000875,0.002084,0.001298,0.002627,5.5e-05,0.001014,0.000265,0.00217,0.001772,0.002091,0.000862,0.002486,0.002155,0.002307,0.000287,0.001371,0.000792,0.000922,0.001551,0.000658,0.002273,0.000848,0.001554,0.000276,0.000782,0.001004,2.7e-05,0.001581,0.002056,0.001765,0.001252,0.000807,0.002169,0.002386,0.001877,0.002638,0.001169,0.000822,0.002002,0.000844,0.002048,0.000944,0.000856,0.000847,0.001571,0.000157,0.056847,0.056852,0.056601,0.054789,0.056986,0.056115,0.054481,0.055908,0.056144,0.054612,0.056044,0.054754,0.056,0.056095,0.056267,0.05492,0.000799,0.000247,0.002426,0.002435,4.8e-05,0.001703,0.001886,0.00208,0.00238,0.000201,0.002133,0.001502,0.000324,0.001191,0.002043
SpB_ev5,1700864100.0,1,1.167,SpB,0.001307,0.000323,0.002521,0.001601,0.001834,0.001608,0.001116,0.000187,0.002154,0.002099,0.001704,0.002674,0.002629,0.001473,0.001472,0.001151,0.001058,0.00061,0.00112,0.00074,0.051094,0.052823,0.052189,0.052836,0.052293,0.052788,0.053567,0.050989,0.052324,0.050844,0.053458,0.051323,0.052751,0.053557,0.051796,0.051554,0.051961,0.001442,0.002146,0.001762,0.001854,0.000988,0.000593,0.001145,0.001204,0.001154,0.000319,6.1e-05,0.002772,0.000776,0.001405,0.002795,0.00187,0.001831,0.000571,0.002609,0.002346,0.002263,0.002469,0.001709,0.00188,0.001325,0.002565,0.000793,0.001711,0.001706,0.00204,0.000502,0.002085,0.000622,0.000971,0.000582,0.00083,0.000638,0.002502,0.001135,0.000168,0.000341,0.002804,0.001012,0.001473,0.002639,0.001435,0.002348,0.002366,0.002529,0.001683,0.00128,0.002176,0.002245
SpB_ev5,1700864104.0,1,0.555,SpB,0.002514,0.0019,0.002298,0.002315,0.001067,0.002229,0.002007,0.000699,7.6e-05,0.000426,0.001186,0.000978,0.002339,0.00096,0.000583,0.002247,0.000107,0.001743,0.000426,0.001303,0.000599,0.001205,0.000534,0.002011,0.001069,0.001536,0.001938,0.001441,0.000574,0.000165,0.000404,0.000371,0.001901,0.000541,0.002594,0.001784,0.000773,0.002602,0.001564,0.000254,0.002096,1.9e-05,0.000701,0.001379,0.001589,0.001057,0.050529,0.049556,0.05152,0.049161,0.050378,0.050244,0.051649,0.050435,0.049596,0.051134,0.050359,0.050704,0.050892,0.051603,0.050983,0.049561,0.049593,0.050003,0.001918,0.000532,0.002419,0.002314,0.001532,0.002258,0.002184,0.00255,0.001246,0.000236,0.001982,0.000541,0.001845,0.000864,0.001169,0.00122,0.000664,0.000711,0.00029,0.001471,0.002389,0.001112,0.000918,0.000738,0.000889,3e-06
SpB_ev5,1700864108.0,3,0.323,SpB,0.00058,0.000266,0.000476,0.000569,0.019927,0.019724,0.019582,0.020062,0.036982,0.036897,0.037001,0.036796,0.036824,0.036768,0.036928,0.037223,0.036926,0.03695,0.036691,0.036801,0.037131,0.037262,0.037223,0.037208,0.037054,0.036757,0.019613,0.019682,0.019844,0.000497,0.000508,0.000386,0.000295,0.000339,0.000578,0.00043,0.000568,0.000487,0.000315,0.000197,0.000293,0.000208,0.000421,0.000275,0.00017,0.000129,0.000124,0.000337,0.000295,8e-06,0.000194,0.000659,0.000622,0.000202,0.000221,0.00058,0.000434,0.0006,0.000196,0.000478,8.5e-05,8.6e-05,0.000553,0.000301,0.000573,0.012042,0.011862,0.011914,0.011937,0.012205,0.012177,0.011703,0.011777,0.011724,0.012217,0.012002,0.011635,0.012119,0.011651,0.011675,0.000447,0.00057,9.7e-05,0.000336,0.00021,0.000304,0.000156,0.000581,5e-05,0.000219
SpB_ev5,1700864112.0,4,0.321,SpB,0.000289,0.000702,0.000717,9.5e-05,0.000456,0.000841,0.000245,0.000853,0.000279,0.000588,0.00071,0.000273,0.000686,0.000646,0.000462,0.000712,0.000472,0.00015,8e-06,3.5e-05,0.000829,0.00028,0.000703,0.000569,0.00068,0.000534,0.000251,0.01655,0.016647,0.016164,0.016628,0.016356,0.016182,0.016124,0.01641,0.01654,0.016462,0.015957,0.027725,0.02772,0.048577,0.033104,0.059022,0.058773,0.058909,0.058506,0.058471,0.058652,0.05916,0.05897,0.058824,0.05852,0.033369,0.011343,0.011521,0.011887,2.6e-05,0.000135,0.000832,0.000489,0.000682,0.000244,0.000462,0.000548,0.000227,0.00022,0.000317,0.000405,0.000377,0.000636,3.2e-05,0.0008,0.000749,0.000467,0.000673,0.000223,0.000576,0.000252,0.000147,0.000631,0.00059,0.000148,0.000282,0.000593,0.000277,0.000646,4.9e-05,0.000277,0.000208,0.000641
SpB_ev5,1700864116.0,1,1.174,SpB,0.001539,0.002278,0.00096,0.000298,0.001742,0.000273,0.001778,0.001757,0.001389,3.1e-05,0.001083,0.001118,0.000631,0.002386,0.002107,0.000459,0.001617,0.002369,8e-06,0.001925,0.000104,6.4e-05,0.002296,0.001374,0.000206,0.002695,0.001663,0.002024,0.00069,0.002596,0.00285,0.002005,0.000175,0.0011,0.001634,7.3e-05,0.001371,0.002706,0.001278,0.001354,0.001061,0.001002,0.001094,0.001983,7.4e-05,0.001572,0.001347,0.000282,0.002875,0.001457,0.002448,0.002851,0.064099,0.065166,0.064532,0.06538,0.063521,0.06612,0.06368,0.063313,0.066108,0.063843,0.06471,0.06533,0.063995,0.064668,0.000435,0.000873,0.001142,0.001691,0.001409,0.000436,0.00111,0.000132,0.001771,0.000416,0.001021,0.001147,0.001869,7.3e-05,0.001111,0.000147,7.5e-05,0.000689,0.001539,0.001412,0.001157,0.001254,0.000633,0.001938
SpB_ev5,1700864120.0,1,1.392,SpB,0.000103,0.000105,0.00041,0.000119,0.000792,0.000536,0.000126,0.001356,0.000352,0.039565,0.039841,0.039768,0.039363,0.04027,0.039395,0.040206,0.039827,0.039308,0.039544,0.040051,0.040388,0.039749,0.039787,0.039208,0.040227,0.039994,0.039743,0.039137,0.039692,0.039583,0.039825,0.039573,0.039556,0.00068,0.001259,0.000646,0.000564,0.000312,0.000873,0.001244,0.00017,0.000923,0.00028,2.8e-05,0.000554,0.00126,0.001272,0.000516,0.000687,0.001005,0.000194,3.2e-05,0.000118,0.001155,2.8e-05,0.000363,0.001154,0.001094,0.001034,0.00069,0.001035,0.000641,0.001031,0.001233,0.001226,0.000583,0.001229,0.000443,0.000249,0.001177,0.000864,0.000851,0.000853,0.001355,0.000339,0.000204,0.000816,0.001072,0.000626,0.00093,0.000333,0.000887,0.001387,0.001244,0.001249,0.000267,0.001024,0.000872,7.7e-05,0.000266
SpB_ev6,1700950400.0,3,0.82,SpB,0.000911,0.000916,0.000167,0.001048,0.000535,0.000378,0.000244,0.000241,0.000623,0.000821,0.000187,0.000518,0.000758,0.000507,0.00086,0.000124,4.8e-05,0.001036,0.022938,0.023271,0.023202,0.022889,0.023207,0.023166,0.023451,0.023384,0.023603,0.023462,0.023714,0.040642,0.04024,0.040372,0.040638,0.040252,0.040614,0.040324,0.018321,0.017592,0.018119,0.018246,0.018368,0.017648,0.018384,0.017986,0.017388,0.000416,0.000234,0.000907,0.000435,3.7e-05,0.000115,1.2e-05,0.000843,0.030715,0.030525,0.030095,0.03032,0.029949,0.030096,0.030549,0.030207,0.029991,0.0006,0.000539,8.2e-05,0.00034,0.000561,0.000337,0.000764,0.001012,0.000494,0.0002,0.000439,0.000262,0.000544,9.6e-05,8.9e-05,9.8e-05,0.001018,0.00097,0.000841,0.000171,0.000397,2.3e-05,6.2e-05,0.000288,0.000837,0.000867,0.000478,0.000802
SpB_ev6,1700950404.0,3,0.679,SpB,0.000523,0.000783,0.000375,0.000801,0.000322,0.00022,0.000468,0.000691,0.000853,0.000504,0.000468,0.000712,0.024655,0.024647,0.024733,0.024781,0.025186,0.025176,0.025149,0.025386,0.024979,0.039077,0.038261,0.03885,0.038584,0.038632,0.038628,0.048523,0.048897,0.048895,0.048235,0.048369,0.048424,0.048626,0.035072,0.034783,0.034744,0.010298,0.009983,0.010849,0.01023,0.010206,0.009968,0.010646,0.0002,4.6e-05,0.000217,0.000666,0.000319,0.000203,0.000459,0.000776,0.000579,0.000382,0.000902,0.000641,0.0002,0.000157,0.000413,0.000723,4.2e-05,0.000406,5.4e-05,0.000412,0.000784,0.000763,0.000247,0.000866,0.000128,0.000719,0.000753,0.000536,0.000445,0.000564,0.000455,0.000553,0.000266,0.000483,0.000557,0.000583,0.00049,0.00039,0.000497,0.000344,3.1e-05,0.000561,0.000124,3.2e-05,0.000828,1e-05
SpB_ev6,1700950408.0,3,0.921,SpB,0.045646,0.045224,0.00083,0.001926,0.00139,0.001082,0.001609,0.00099,0.000608,0.001811,0.000746,0.000543,0.001223,0.000111,0.000232,0.001149,0.00135,0.001303,0.001345,0.001142,0.000531,0.001286,0.00068,0.001386,0.000303,0.034444,0.035728,0.036069,0.035278,0.035558,0.035277,0.035275,0.03543,0.035289,0.03572,0.035979,0.035686,0.05829,0.058529,0.023522,0.024209,0.023993,0.023959,0.022991,0.022756,0.023976,0.024107,0.023802,0.022775,0.024196,0.02412,0.022712,0.001383,0.000948,0.001729,0.00028,0.001665,0.000699,0.000238,0.001461,0.000337,0.00172,0.001811,0.000588,0.00175,0.000575,2.8e-05,0.001765,0.001311,0.001809,0.000411,0.000731,0.000764,0.000268,0.000564,0.000502,0.000705,0.001309,0.001917,0.000782,0.00025,0.001884,5.7e-05,0.001231,0.001525,0.000592,5.9e-05,0.001033,0.000444,0.000758
SpB_ev6,1700950412.0,3,0.827,SpB,0.000581,0.000728,0.000773,0.000405,0.000617,0.000377,0.000424,0.000519,0.000434,0.023548,0.023474,0.023272,0.023075,0.023129,0.023297,0.023391,0.02368,0.023176,0.023751,0.023317,0.023194,0.023417,0.023158,0.023424,0.023743,0.023044,0.023317,0.023546,0.032895,0.032864,0.033048,0.032978,0.033486,0.033253,0.010377,0.01025,0.01013,0.010061,0.010351,0.00984,0.010516,0.021187,0.020777,0.021476,0.01163,0.011655,0.011348,0.011093,0.01137,0.011292,0.011571,0.011686,0.011098,0.011461,0.011681,0.011657,0.011633,0.011482,0.011305,0.011674,0.011112,0.011442,0.000356,0.000261,0.000186,0.000484,0.000246,0.000743,0.000777,0.000145,8.8e-05,0.000177,0.000218,0.000334,0.00053,0.000347,0.000545,1.4e-05,0.000494,0.000636,0.000509,0.000592,0.000604,0.000506,0.000246,0.000423,0.000668,0.000731,0.000478,0.00018
SpB_ev6,1700950416.0,2,0.653,SpB,0.000966,0.000984,0.000766,0.000332,0.000728,0.001706,0.001813,0.00077,0.002347,0.002219,0.001939,0.001958,0.000628,0.002304,0.00158,0.001268,0.000587,0.001927,0.000387,0.002059,0.00069,0.000375,0.001402,0.000931,0.00218,0.002563,0.000167,0.00032,0.00043,0.002561,0.002702,0.002157,0.002612,7.7e-05,0.00228,0.00263,0.000345,0.001116,0.001319,0.00153,0.051156,0.049801,0.050434,0.049668,0.048841,0.049018,0.000854,0.056526,0.054391,0.055773,0.055682,0.054343,0.054626,0.05443,0.054117,0.054331,0.054294,0.054166,0.001628,0.000969,0.001186,0.002804,5.6e-05,0.000959,0.001505,0.002508,0.00208,0.001337,0.001981,0.000175,0.000842,0.001558,0.001132,0.002493,0.000884,0.000671,0.002191,0.001637,0.000321,0.000816,0.001359,0.000996,0.001803,0.000137,0.002173,0.000918,0.000102,0.001298,0.002776,0.000594
SpB_ev6,1700950420.0,2,1.441,SpB,0.001661,2.7e-05,0.001452,0.000446,0.001307,0.000136,0.000682,0.001483,0.000174,0.001089,0.001135,0.000172,0.001715,0.000282,0.001255,0.000118,0.000515,0.00143,0.00026,0.0003,0.001333,0.000491,0.030443,0.029862,0.03038,0.066718,0.066563,0.066616,0.066603,0.066671,0.066159,0.066652,0.065962,0.065393,0.066835,0.065543,0.036557,0.03599,0.037407,0.000584,0.000195,0.001182,9.7e-05,0.001078,0.001487,0.000741,0.001887,3.2e-05,0.000639,0.000408,0.000509,0.001838,0.000589,0.001475,0.000716,0.001497,0.002051,7.2e-05,0.000736,0.001083,0.000946,0.001576,0.000299,0.001731,0.00036,0.000275,0.000371,0.000954,0.001186,0.001709,7.4e-05,0.001425,0.001839,0.000252,0.002081,0.001312,0.00194,0.001691,0.001787,0.00059,0.000611,0.001731,0.001697,0.000504,0.001291,0.000721,0.000949,0.001385,0.001318,0.000679
SpB_ev6,1700950424.0,2,1.268,SpB,0.000307,0.000682,0.000533,8e-06,0.000936,0.000206,0.000298,0.000221,0.00106,0.000209,0.000676,0.001188,0.001131,0.000383,0.000617,0.000979,0.001222,0.000295,0.001069,4.4e-05,0.000878,0.000438,0.000763,0.000866,0.000173,0.000315,0.035224,0.035135,0.035937,0.035576,0.035479,0.035661,0.035904,0.03551,0.035495,0.03626,0.035934,0.056448,0.056372,0.057144,0.05622,0.056691,0.056634,0.057235,0.020953,0.021032,0.021066,0.021472,0.022035,0.021805,0.021975,0.021507,0.001108,0.000241,5.5e-05,0.000305,0.000815,0.000547,0.001186,0.000519,0.000605,0.000876,0.000446,0.000697,0.000728,0.000285,0.001012,0.000823,0.000903,0.00109,0.000369,0.000737,0.001196,0.00051,0.000435,0.000531,0.000177,0.001084,0.000828,0.001129,0.000941,0.00058,5.5e-05,0.000849,0.000321,2e-05,0.000987,0.000132,0.000597,7.8e-05
SpB_ev6,1700950428.0,3,0.287,SpB,0.000379,0.000611,0.000266,0.000473,0.000598,0.000406,0.000597,3.7e-05,0.000457,8.5e-05,7.1e-05,0.000617,0.000187,1.5e-05,0.000455,0.000328,7.5e-05,0.010099,0.01,0.010011,0.009723,0.009609,0.009669,0.00994,0.009647,0.010116,0.009887,0.009802,0.010039,0.010027,0.010029,0.010031,0.010061,0.010124,0.009745,0.009674,0.009929,0.026766,0.026829,0.01724,0.017618,0.017728,0.017447,0.01774,0.017571,0.017588,0.017325,0.017267,0.030233,0.030359,0.030636,0.030605,0.030619,0.030614,0.030499,0.030116,0.030645,0.030638,0.030532,0.030374,0.030666,0.030599,0.030226,0.0306,0.013036,0.013201,0.013007,0.013051,0.013487,0.013245,0.013296,0.00012,0.000195,0.000601,0.000127,0.000501,5e-06,0.000425,0.000175,0.0001,0.00041,1.8e-05,8e-06,0.000575,0.000159,0.00053,5.1e-05,1.9e-05,0.000324,0.000438
SpB_ev6,1700950432.0,1,0.92,SpB,0.001984,0.000466,0.001708,0.002615,0.052512,0.051392,0.051437,0.052711,0.051585,0.052401,0.053788,0.053632,0.05396,0.051758,0.052306,0.051756,0.053323,0.051727,0.053665,0.051668,0.053038,0.001544,0.001232,0.000318,0.00189,0.000559,0.002644,0.000725,0.002499,0.000894,0.001297,0.000296,0.002344,0.002304,0.001642,0.002642,0.000621,0.001019,0.002741,0.00044,0.002914,0.001752,0.00253,0.00192,0.002508,6.8e-05,0.001301,0.00148,0.000777,0.000503,0.002521,0.002259,7.6e-05,0.00054,0.003013,0.001517,0.000187,0.000321,0.000127,0.001671,0.000173,0.002274,0.000693,0.001052,0.000985,0.002084,0.001063,0.002485,0.000573,0.000207,0.003153,0.002414,0.001429,0.00265,0.000439,0.001952,0.001244,0.00169,0.000199,0.001313,8.9e-05,0.001294,0.001116,0.003102,0.002619,0.002944,0.000603,0.001506,0.001179,0.002409
SpB_ev6,1700950436.0,4,0.681,SpB,2.2e-05,0.000325,0.000536,0.000449,0.000449,0.000501,0.000123,0.000334,1.7e-05,0.000398,0.000146,0.000102,9.5e-05,0.000272,0.000161,0.000215,0.00048,0.000187,0.000462,9.4e-05,0.000542,0.000535,1e-05,0.000442,0.000295,0.000538,0.000571,0.000208,0.00054,0.000486,0.007279,0.014953,0.01533,0.015344,0.015483,0.03284,0.033075,0.033226,0.033318,0.032999,0.032908,0.03321,0.033263,0.033011,0.032839,0.03279,0.032805,0.024558,0.024594,0.024794,0.024852,0.024582,0.006967,0.007013,0.000577,7.8e-05,0.000379,0.000152,0.00055,0.000599,0.000202,0.000316,0.014952,0.014961,0.014928,0.014748,0.014619,0.014599,0.014768,0.014963,0.014921,0.014644,0.014971,0.014866,0.014845,0.014746,0.014972,0.014754,0.014492,0.014591,0.014898,0.014846,0.014552,0.014967,0.014755,0.014725,0.014779,0.015008,0.000589,0.000113
SpB_ev6,1700950440.0,2,0.306,SpB,0.001162,0.001126,0.00082,0.001494,0.001425,4.1e-05,0.000921,0.00162,7.3e-05,0.000899,0.000812,0.000305,0.001859,0.001378,0.00199,0.000146,0.001717,0.00015,0.029687,0.031159,0.029361,0.029725,0.030621,0.030432,0.029432,0.030713,0.031164,0.030726,0.029487,0.05114,0.051184,0.051438,0.051548,0.052089,0.051345,0.050422,0.051524,0.05145,0.050834,0.051073,0.030562,0.001706,0.00102,2.1e-05,0.001744,0.000515,0.001971,0.001771,0.001975,0.000964,0.000967,0.001188,0.001092,0.001646,0.000143,0.001952,0.000274,0.000117,0.00109,0.001683,0.001461,0.000138,0.000488,0.000324,0.000437,0.001677,0.000113,0.001929,0.001861,0.001004,0.000726,0.000401,0.000505,0.001762,0.001718,0.001489,0.000744,0.000924,0.002031,0.000276,0.001171,0.001124,0.000842,0.001643,0.001077,0.001968,0.00208,0.001969,0.000267,0.000955
SpB_ev6,1700950444.0,1,0.256,SpB,0.001037,0.001557,0.001078,0.001098,0.001113,0.001794,0.001812,0.000854,0.001872,0.000136,0.001983,0.001517,0.000576,0.001896,0.00187,0.000319,0.000273,0.000323,0.000438,0.00139,0.001947,0.001971,0.00161,0.001492,0.001444,0.000923,0.000761,0.000872,0.000927,0.001846,0.002035,0.001897,0.00209,0.00182,0.001327,0.000122,1e-05,0.001764,0.000693,0.001144,6.9e-05,0.000736,0.04214,0.041624,0.042338,0.042193,0.041686,0.041625,0.041892,0.042062,0.042585,0.042531,0.041219,0.041634,0.041234,0.041014,0.041178,0.041472,0.041073,0.042111,0.04279,0.040957,0.042738,0.042123,0.002027,0.002064,0.00166,0.001534,0.000217,0.001383,0.001161,0.000484,0.000892,0.001888,0.001355,0.001463,0.000444,0.000573,0.001453,0.00074,0.000704,0.000409,0.001451,0.000183,0.000157,0.001018,0.00087,0.001997,0.002036,0.001181
SpB_ev6,1700950448.0,2,0.162,SpB,0.000123,0.00074,0.000465,0.000784,0.000619,0.000501,6.7e-05,0.0007,0.000279,9.8e-05,0.000707,0.000281,0.000582,0.000643,0.000331,0.000642,0.000562,0.000234,0.000374,0.000428,0.000572,1.7e-05,0.000807,1.4e-05,0.023084,0.023348,0.023161,0.023189,0.023026,0.023135,0.0235,0.02341,0.023148,0.023387,0.023507,0.023555,0.023218,0.023332,0.042722,0.043319,0.043109,0.042893,0.042977,0.042845,0.042659,0.042785,0.043021,0.043275,0.020332,0.019858,0.019738,0.020234,0.019993,0.020492,0.019844,0.020407,0.020284,0.020485,0.020201,0.000629,0.000719,9.3e-05,0.000655,0.000378,0.000411,0.00021,0.000117,0.000261,0.000229,0.000153,0.00055,0.000407,0.000627,0.000158,0.000771,0.00049,0.000726,7e-05,0.000632,0.000344,0.000224,0.000423,0.00067,0.000118,0.00026,0.000146,0.00035,0.000805,0.000273,5.9e-05
SpB_ev6,1700950452.0,1,1.464,SpB,0.000316,0.001345,0.001318,0.000879,0.001205,0.001279,0.001428,0.001174,0.001622,0.000798,0.001395,0.000143,0.001345,2.9e-05,0.00135,0.00036,0.000292,8.3e-05,0.000548,0.001354,2.4e-05,0.001154,0.000173,0.000497,8.4e-05,0.001496,0.000237,0.000607,0.000129,0.001563,0.001321,0.000747,0.000954,0.001009,0.001478,3.7e-05,0.000257,0.001225,0.000231,0.000479,2.8e-05,0.000303,0.001361,0.000643,0.00084,0.001259,0.000267,4.5e-05,0.001083,4.8e-05,0.00127,0.047542,0.047304,0.047701,0.047291,0.048114,0.047979,0.047405,0.04664,0.047362,0.046626,0.046955,0.046558,0.046913,0.046796,0.047765,0.047669,0.046607,0.047314,0.046597,0.047272,0.00013,0.000588,0.000686,0.00035,0.000531,0.00104,0.000323,0.000503,0.00157,0.001469,0.000931,0.001111,0.001307,0.000101,0.001249,7.6e-05,0.001551,0.001443,0.00152
SpB_ev6,1700950456.0,1,0.249,SpB,0.002221,0.00132,0.00163,0.003347,0.001991,0.00017,0.003536,0.002944,0.000128,0.001968,0.000779,0.002338,0.001246,0.003391,0.00012,0.002166,0.003571,0.002576,0.000237,0.00092,0.003065,0.001985,0.003136,0.001428,0.002391,0.002372,0.001789,0.001965,0.002502,0.000563,0.00069,0.000226,0.000454,0.001169,0.002057,0.000418,0.000472,0.002321,0.001769,0.002291,0.002707,0.000137,0.00038,0.002372,0.003207,0.002742,0.003272,0.003135,0.001663,0.002826,0.002982,0.00237,0.001548,0.001787,0.046796,0.048134,0.047639,0.046501,0.047921,0.047295,0.049558,0.048624,0.046759,0.048478,0.049021,0.049838,0.047311,0.047439,0.048324,0.047234,0.048897,0.047137,0.003434,0.000724,0.00053,0.001389,0.001709,0.001577,0.002616,0.001982,0.002639,0.001972,0.002519,0.002484,0.002338,0.003003,0.002175,0.002517,0.001508,0.001186
SpB_ev6,1700950460.0,4,0.944,SpB,0.012882,0.013241,0.025853,0.026069,0.025587,0.025572,0.025465,0.025532,0.025498,0.025698,0.025667,0.013136,0.013305,0.013336,0.012887,0.013717,0.012891,0.013724,0.012921,0.013653,0.013716,0.013389,0.013433,0.012868,0.000333,0.000467,3.9e-05,0.011235,0.010476,0.010727,0.010602,0.010407,0.01066,0.010846,0.011013,0.010739,0.010399,0.010975,0.010928,0.01078,0.011002,0.011276,0.010444,0.011155,0.01052,0.010785,0.010975,0.010448,0.010387,0.010515,0.010917,0.015975,0.016343,0.015919,0.016015,0.015738,0.01603,0.015981,0.016215,0.01614,0.015596,0.016363,0.016268,0.016032,0.016113,0.015567,0.015719,0.016385,0.015726,0.015985,0.000817,0.000192,0.000918,2.3e-05,0.000732,0.000167,0.000215,2.3e-05,0.000354,0.00029,0.000295,0.000548,0.000325,0.000347,0.000186,0.000119,0.000712,0.000193,0.000325,1.9e-05
SpB_ev6,1700950464.0,4,0.666,SpB,0.000674,0.000101,0.00011,0.00054,0.00049,0.00071,0.000598,0.000144,0.000199,0.000532,0.000321,0.000124,0.000248,0.00034,0.0,0.00049,0.000313,4.7e-05,0.000581,0.000747,0.011524,0.011796,0.012058,0.011591,0.011547,0.012156,0.011988,0.011664,0.011837,0.011982,0.0116,0.028666,0.028558,0.028664,0.028744,0.028309,0.028257,0.048526,0.048403,0.048041,0.031718,0.031186,0.031712,0.031294,0.01978,0.020263,0.020434,0.020514,0.020303,0.020282,0.020103,0.019978,0.020165,0.030674,0.03045,0.010888,0.010883,0.0111,0.010754,0.010658,0.010746,0.011075,0.011126,0.011076,0.0107,0.010383,0.010398,0.010501,0.01041,0.011174,0.011001,8.3e-05,0.000497,0.000159,0.000254,7.4e-05,0.000464,0.000214,4.1e-05,0.000263,0.00019,9e-06,2.7e-05,0.000758,0.000572,0.000571,1.5e-05,0.000376,0.000391,9e-05
SpB_ev6,1700950468.0,1,0.696,SpB,0.00077,0.000176,0.000925,7.4e-05,0.001213,0.001224,0.002198,0.001856,0.000353,0.001144,0.001892,0.000191,0.001514,0.002044,0.000367,0.002004,0.063309,0.063931,0.063758,0.064402,0.064136,0.06338,0.064149,0.064529,0.063302,0.064058,0.063671,0.062795,0.064604,0.063398,0.001908,0.002511,0.000616,0.002806,0.002311,0.001208,0.000303,0.001442,0.001464,0.001194,0.001787,0.000587,0.002432,0.001326,0.002163,0.002346,0.000844,0.001193,0.001818,0.000787,0.00044,0.001782,0.001119,0.002069,0.001382,0.00135,0.001344,0.000909,0.000874,0.002127,0.001521,0.000996,0.001022,0.001647,0.001161,0.000473,0.001422,3.7e-05,0.001458,0.000399,0.002547,0.000268,0.002764,0.001748,0.002317,0.00221,0.00277,0.001357,0.002288,0.000549,0.000366,0.002735,0.002779,0.002105,0.002025,0.000419,0.001229,0.001109,0.001328,0.001136
SpB_ev6,1700950472.0,4,1.187,SpB,0.000188,0.000155,0.00025,0.000389,0.000317,0.000112,0.000178,6.3e-05,0.000428,0.000383,0.000233,4e-05,0.000483,0.000282,2e-06,7.7e-05,0.000476,0.000379,0.000144,0.000263,0.000282,0.000292,0.011279,0.011598,0.011613,0.011229,0.011253,0.01142,0.011152,0.01144,0.011298,0.011464,0.011485,0.021763,0.02191,0.021842,0.030274,0.03004,0.030183,0.030116,0.030432,0.03042,0.030228,0.030175,0.030305,0.030147,0.030225,0.030164,0.030167,0.03027,0.030367,0.033086,0.032923,0.032735,0.02252,0.022216,0.022454,0.022123,0.02207,0.022075,0.022413,0.022264,0.022297,0.022385,0.022504,0.000255,0.000353,0.000168,0.000168,0.00047,0.000427,0.000452,0.000252,0.000109,0.000338,0.000246,6e-05,0.000186,4.9e-05,0.000283,0.000364,7.5e-05,9.9e-05,0.000101,0.000121,0.000418,0.000141,0.000234,0.000455,0.000434
SpB_ev6,1700950476.0,4,0.626,SpB,8.7e-05,0.000154,0.000301,0.000581,0.000579,1e-06,6.5e-05,0.000253,0.000518,0.000284,0.000183,0.000485,0.000364,0.014425,0.01447,0.014728,0.014607,0.014737,0.014302,0.014263,0.014811,0.014747,0.014462,0.014772,0.014337,0.014417,0.014761,0.014718,0.000427,0.000408,0.000111,0.000229,0.000597,0.012593,0.028454,0.028745,0.028585,0.028938,0.028664,0.028769,0.028875,0.028557,0.02894,0.028617,0.016531,0.016432,0.016472,0.018498,0.018453,0.018469,0.01844,0.018156,0.018245,0.017994,0.018089,0.018362,0.018244,0.018546,0.018102,0.018114,0.018235,0.018303,0.018222,0.018084,0.017967,0.018371,0.018237,0.01839,0.018266,0.018348,0.000378,0.000353,0.0005,0.00059,0.000451,8.8e-05,0.000424,0.000358,0.000159,0.000171,0.000428,0.000492,0.000426,0.000553,0.000171,3.4e-05,9.6e-05,0.000465,0.000144,0.000224
SpB_ev6,1700950480.0,3,0.557,SpB,0.000103,6.6e-05,0.00037,0.000423,0.000645,0.000752,0.000682,0.00014,0.000538,0.028049,0.028151,0.027906,0.028584,0.028372,0.027955,0.028086,0.027925,0.028628,0.028294,0.027892,0.028334,0.02811,0.02804,0.000441,0.020397,0.020399,0.020676,0.020338,0.021031,0.02129,0.020951,0.020916,0.020453,0.020415,0.020366,0.020907,0.020372,0.020692,0.020748,0.021092,0.020402,0.020741,0.020559,0.021127,0.020816,0.021151,0.020609,0.02072,0.020712,4.6e-05,6e-06,0.000408,0.000919,0.000295,2.6e-05,0.000285,0.011158,0.01106,0.011832,0.011316,0.011401,0.010996,0.000626,0.00037,0.000709,2.1e-05,0.000637,0.000669,0.000722,0.00069,0.000569,0.000706,0.000446,0.000259,3.4e-05,0.000197,0.00078,0.000665,0.000161,0.000768,0.00014,0.000174,0.000576,0.000937,0.000879,0.000141,0.00084,1.5e-05,0.000675,0.000477
SpB_ev6,1700950484.0,1,0.244,SpB,0.001735,0.002162,0.002428,0.00154,0.002796,0.001931,0.000156,0.001116,0.0015,0.000831,0.001933,0.000719,0.000133,0.00322,0.000401,0.001795,0.037689,0.037079,0.036704,0.038576,0.037218,0.038867,0.036712,0.03863,0.039631,0.037935,0.03965,0.038779,0.038618,0.036516,0.036589,0.036642,0.038591,0.037695,0.039378,0.037633,0.038964,0.038963,0.039817,0.00094,0.001608,0.00307,0.000907,0.000366,0.000669,0.003452,0.000858,0.003264,0.002503,0.000616,0.000743,0.00126,0.002998,0.00267,0.002791,0.000523,0.001413,0.002065,0.002205,0.001752,0.00348,0.001152,0.003448,0.003133,0.002643,0.002967,0.003345,0.000725,0.002037,0.001181,8.3e-05,0.002118,0.000425,0.000789,0.001609,0.001886,0.003076,0.003514,0.003386,0.000214,0.001946,0.00038,0.000779,0.001808,0.003211,0.003467,0.002158,0.002316,0.001416,0.003363
SpB_ev6,1700950488.0,4,1.287,SpB,0.000444,0.000459,0.000287,0.000691,0.000441,0.000243,0.000402,0.000651,6.9e-05,0.000263,3.3e-05,0.000687,0.000192,0.000348,0.000375,0.000285,0.000511,0.000637,0.000472,0.000321,9.9e-05,0.000286,0.000194,0.011758,0.012356,0.01196,0.012009,0.011725,0.012247,0.012312,0.011747,0.011986,0.011891,0.011967,0.01183,0.011897,0.013044,0.013095,0.012549,0.033854,0.033561,0.033745,0.033595,0.05259,0.052891,0.052393,0.052748,0.052447,0.052477,0.052828,0.052805,0.052598,0.052424,0.052961,0.031835,0.019185,0.019516,0.000216,0.000651,0.000429,0.000283,0.000169,0.000518,6.2e-05,0.000491,3.4e-05,0.000138,0.000283,0.000641,0.000431,0.000393,4.5e-05,0.000602,0.000408,0.000696,0.000217,0.000281,4.7e-05,0.000694,0.000643,0.000544,0.00072,6.7e-05,0.00044,0.000654,0.000603,0.000555,0.000106,0.000718,2e-06
SpB_ev6,1700950492.0,3,0.264,SpB,0.000171,0.000412,0.00015,4.2e-05,0.000547,5.4e-05,0.000268,0.000493,0.000763,0.000163,0.00034,0.000505,0.000206,0.000382,0.000327,0.000433,0.00043,0.000579,0.000515,0.000596,0.000839,0.000693,0.000382,0.000841,0.000446,0.00017,0.000489,3.8e-05,0.000925,0.000432,0.000405,0.013697,0.013855,0.014067,0.014221,0.014147,0.013744,0.01386,0.014051,0.013682,0.013646,0.014168,0.013483,0.014358,0.014385,0.014308,0.013699,0.039565,0.05431,0.053965,0.054066,0.053953,0.054304,0.054526,0.041181,0.040574,0.040821,0.041267,0.040765,0.041319,0.04069,0.040788,0.01509,0.014986,0.015035,0.015247,0.000176,9e-06,0.000306,0.000231,0.000326,0.000394,0.000637,0.000713,0.000371,0.000488,0.000846,0.000364,3.9e-05,0.000866,0.000349,0.000363,0.000466,0.000767,0.000381,0.000528,0.000924,0.000713,0.000451,0.000431
SpB_ev6,1700950496.0,2,1.352,SpB,0.000938,0.000501,0.000112,0.00011,0.000911,0.000545,0.00101,0.000144,0.001051,0.000679,0.000601,0.000123,0.000155,0.000202,0.001302,0.00046,8.4e-05,0.001306,0.001225,0.000961,0.030531,0.030957,0.029899,0.030124,0.030973,0.050386,0.051006,0.050999,0.050701,0.050603,0.050359,0.050347,0.050958,0.050569,0.050253,0.051163,0.021004,0.021063,0.020461,0.021582,0.02159,0.020771,0.020892,0.02072,0.020752,0.021377,0.020613,0.020942,0.000423,0.000642,0.001092,0.000513,0.001125,0.00112,0.000334,0.000137,6e-06,0.000402,0.001343,0.000813,0.000214,0.00087,0.000294,0.001239,0.001063,0.000364,0.000797,0.000212,0.000407,0.000495,0.000973,0.000726,8.3e-05,0.000482,0.000179,0.000288,0.000836,0.000165,0.000903,0.001019,0.000308,0.001251,0.00083,0.000187,0.000345,0.001253,0.000129,0.000639,0.001207,0.000278
SpB_ev6,1700950500.0,4,1.224,SpB,0.000544,0.00089,0.000177,0.000585,0.000799,0.000301,5.4e-05,0.000788,0.000409,4.4e-05,0.000826,0.000781,0.000491,1.7e-05,4.5e-05,0.000791,0.02468,0.024004,0.024122,0.024498,0.024357,0.024587,0.024717,0.024581,0.049374,0.049386,0.049216,0.049869,0.049151,0.062436,0.062631,0.062912,0.037754,0.0376,0.013742,0.013543,0.013591,0.013581,0.014177,0.014226,0.013941,0.014,0.000639,0.000351,0.012485,0.012677,0.012687,0.012229,0.012587,0.012845,0.012387,0.012489,0.012169,0.012365,0.012108,0.012194,0.01228,0.000547,4.3e-05,0.000341,0.000113,0.000375,0.000511,9.7e-05,0.000251,0.000138,0.000117,0.000719,0.000809,0.000871,0.000496,0.000222,0.000839,0.000761,0.000401,9.7e-05,0.000313,0.000331,0.000251,0.000885,0.000176,0.00019,0.000303,0.000426,0.000622,1e-06,5.1e-05,0.000864,0.000554,0.000577
SpB_ev6,1700950504.0,2,0.903,SpB,0.028973,0.028817,0.029448,0.028437,0.029,0.02924,0.028507,0.028572,0.028464,0.029198,0.029233,0.028444,0.028438,0.000977,0.000953,0.000468,0.001039,0.000185,0.000322,0.000783,0.000464,0.000953,0.000798,0.000274,0.000254,0.029731,0.02952,0.030068,0.029524,0.029142,0.030165,0.029472,0.029285,0.029784,0.029218,0.029197,0.029768,0.030173,0.0302,0.030137,0.03002,0.029652,0.029823,0.029226,0.029582,3.2e-05,0.000682,0.000905,0.000236,0.000581,0.000165,0.000984,0.00018,0.000586,1.5e-05,0.000438,0.00037,0.000738,0.000254,0.0009,9.8e-05,0.000849,0.000432,0.000169,0.000915,0.000784,1.5e-05,0.000517,0.000542,0.000821,0.00015,0.000564,0.000734,0.000277,0.000824,0.000858,0.000382,0.000271,0.000546,0.001044,3.2e-05,0.000873,0.000716,0.00077,0.000953,0.001015,0.000465,0.000179,0.00027,0.000943
SpB_ev6,1700950508.0,4,0.547,SpB,0.000592,0.000111,0.000502,0.000643,0.000118,0.000115,0.000206,0.000372,0.000374,8.3e-05,0.000139,0.000102,0.000333,0.000349,0.000277,0.000135,0.000352,0.000439,0.000124,6.9e-05,0.000349,0.000398,0.000529,0.018213,0.017936,0.018201,0.017954,0.018073,0.017745,0.018312,0.018101,0.018269,0.017943,0.01784,0.018192,0.017931,0.018178,0.018266,0.01816,0.017713,0.018021,0.018075,0.017769,0.00015,0.000346,0.000342,0.000576,6.2e-05,0.000365,0.02504,0.025078,0.024883,0.025052,0.024994,0.025357,0.025274,0.02496,0.025192,0.025194,0.024853,0.025109,0.025173,0.025348,0.025383,0.025122,0.025361,0.025205,0.035084,0.035494,0.010696,0.010412,0.010415,0.010135,0.010711,0.010215,0.010198,0.010495,0.010702,0.01063,0.000164,5.6e-05,0.000411,0.000223,2e-06,0.000411,0.000491,0.000397,0.000354,0.000247,3.5e-05
SpC_ev1,1701036800.0,1,0.384,SpC,0.001183,0.000237,0.00137,0.00026,0.000639,6.8e-05,0.000194,0.000181,0.001367,0.001209,0.001382,0.00057,0.000111,0.00069,0.001293,1.6e-05,0.000943,0.000299,0.000486,0.000297,0.00046,0.001145,0.000602,0.000236,0.000643,0.000707,0.001053,0.000593,0.000717,0.000626,0.000744,0.000283,0.000474,0.000793,0.001119,0.000153,0.000796,0.000345,0.000954,0.000679,0.001187,0.000413,0.000506,0.035039,0.035041,0.035503,0.035551,0.036003,0.035498,0.036112,0.036044,0.035896,0.035027,0.035192,0.036126,0.035083,0.035046,0.035698,0.03548,0.035245,0.036079,0.035283,0.035421,0.035115,0.035102,0.035357,0.035542,0.035764,0.035659,0.035686,0.000525,0.001293,0.00057,0.000377,0.00064,0.000597,0.001136,1.7e-05,0.000696,2e-06,0.001225,0.001129,0.000143,0.000623,0.001093,0.00042,0.000685,0.001062,0.000671,0.000483
SpC_ev1,1701036804.0,3,0.651,SpC,0.000635,0.000791,0.000449,1.4e-05,0.000551,1e-05,6e-05,0.000985,0.000612,0.000871,0.000255,0.000887,0.000577,4.2e-05,0.000626,0.000511,0.000359,0.000173,0.000382,0.000259,0.000724,0.00021,0.000683,0.000613,8.1e-05,0.000222,0.000414,3.7e-05,0.00058,0.000523,0.00074,0.000521,0.000653,0.000411,0.000442,0.00054,0.000163,0.000646,0.000936,0.000837,0.000517,0.000301,2e-06,0.000374,0.000918,0.000614,0.000783,0.013983,0.014448,0.032744,0.033047,0.032414,0.032161,0.032226,0.032545,0.032471,0.032748,0.032668,0.03224,0.032768,0.032883,0.032254,0.032798,0.033105,0.032304,0.032898,0.018878,0.033289,0.033104,0.033128,0.033432,0.032836,0.033355,0.033293,0.032971,0.014968,0.015068,0.015186,0.014514,0.014828,0.015298,0.014897,0.000913,0.000811,0.000425,0.000955,0.000823,0.000895,0.000283,0.000612
SpC_ev1,1701036808.0,3,0.916,SpC,8.8e-05,0.000502,0.000277,0.000364,0.000244,0.000674,9.1e-05,4e-05,6.1e-05,0.00054,0.00052,0.000267,0.000497,0.000148,0.000353,0.000502,0.000409,0.000476,0.000428,0.00011,0.000365,0.000501,0.000349,0.000226,0.000578,0.000177,0.000498,0.000694,0.000138,0.000566,0.000112,0.000289,0.000189,0.000353,0.000648,0.000586,0.000504,0.014826,0.015241,0.014652,0.014654,0.014786,0.014894,0.014782,0.014917,0.014725,0.015186,0.015194,0.01503,0.014764,0.015134,0.036383,0.036383,0.036439,0.036654,0.036463,0.036658,0.036363,0.036109,0.036487,0.021905,0.021597,0.021977,0.021662,0.021774,0.02225,0.021872,0.021627,0.021985,0.022131,0.022238,0.021876,0.022259,0.01183,0.011506,0.011778,0.011953,0.011923,0.011769,0.011694,0.011648,0.011332,0.011738,0.012029,0.01136,0.01166,0.011678,0.000466,6.4e-05,0.00033
SpC_ev1,1701036812.0,4,0.979,SpC,0.000112,3.9e-05,0.000129,0.000395,0.000465,5.8e-05,0.000275,0.000623,0.000554,0.000489,0.000377,0.000266,0.000412,0.000548,9.9e-05,0.000299,0.000636,0.000467,0.000126,0.000333,2.6e-05,0.000635,0.000413,0.000244,0.000445,0.000136,0.000449,0.000199,0.000341,0.033824,0.03383,0.0339,0.033661,0.033598,0.033476,0.033485,0.033838,0.033647,0.033452,0.033735,0.033487,0.033766,0.035345,0.035384,0.035403,0.035647,0.018467,0.018811,0.018486,0.028856,0.028989,0.028629,0.028556,0.028395,0.028977,0.029022,0.028877,0.02845,0.028553,0.028447,0.01024,0.010317,0.010355,0.000286,0.000342,0.000214,0.00054,1.9e-05,0.00042,6.5e-05,0.000135,0.000246,0.000412,0.000596,0.000391,6.1e-05,3.7e-05,0.00063,0.000594,0.000366,0.000489,0.000156,0.000201,0.000135,0.000246,0.000279,0.000586,0.000471,0.000405,0.000181
SpC_ev1,1701036816.0,3,1.199,SpC,0.001071,0.000438,2.5e-05,0.00079,0.00099,0.000525,0.00043,0.001043,0.000373,0.000567,0.00051,0.000236,0.001019,0.000584,4e-05,0.000458,0.000207,0.000364,0.000875,0.00044,0.000711,0.001051,0.000391,0.000519,0.000188,0.00081,2e-05,0.000739,7.2e-05,0.013444,0.014018,0.014492,0.014207,0.01344,0.01449,0.013984,0.013859,0.014213,0.014314,0.014202,0.013776,0.013596,0.013525,0.014465,0.014444,0.014054,0.013612,0.000341,0.00016,0.000457,0.014615,0.014816,0.015364,0.015128,0.01472,0.01534,0.015517,0.035133,0.035991,0.035074,0.035495,0.036125,0.021141,0.021567,0.020903,0.021371,0.021476,0.0211,0.021572,0.021581,0.021138,0.020834,0.02162,0.021419,0.020827,0.020544,0.021529,0.020614,0.021325,0.021397,0.020683,0.021376,0.021009,1.2e-05,0.000527,0.000553,0.001001,0.00079,0.000193,2e-06
SpC_ev1,1701036820.0,3,0.942,SpC,0.000465,0.000846,0.000929,0.000929,0.000307,0.000281,0.000619,0.000252,0.000937,0.000202,0.000906,0.000371,2e-06,0.00099,0.000818,3.6e-05,0.000958,0.00057,0.000265,0.000828,0.00027,0.000693,0.000991,0.000771,0.000835,0.000928,0.000647,0.000251,0.000671,9.4e-05,7.9e-05,0.000782,0.00014,0.000177,0.00079,0.00099,0.000755,0.000662,0.000102,0.000644,0.000932,9.8e-05,0.000317,0.000451,0.025465,0.026031,0.025724,0.025835,0.02521,0.025152,0.025135,0.036501,0.03654,0.036878,0.036668,0.036502,0.036873,0.052919,0.053113,0.053741,0.053397,0.053211,0.053459,0.053134,0.05289,0.041653,0.016591,0.017092,0.016988,0.016438,0.01672,0.016923,0.000793,0.000697,0.000496,0.000445,0.00049,0.000395,0.000176,0.000214,0.000685,3.7e-05,0.00088,0.000556,0.000245,0.000327,0.000637,0.000549,8.1e-05,0.000936
SpC_ev1,1701036824.0,1,0.593,SpC,0.001991,0.001431,0.000242,0.000635,0.00206,0.001279,0.00184,0.002201,0.00275,0.002188,0.002647,0.000849,0.00079,0.002802,0.000403,3.6e-05,0.002713,0.002864,0.001364,0.000826,0.000323,0.000935,0.000851,0.001328,0.001492,0.002181,0.002603,0.001204,0.002401,0.001836,0.002953,0.001894,0.000527,0.000546,0.000459,7.9e-05,0.00075,0.000424,0.001597,0.00249,0.001401,0.001516,0.002298,0.002747,0.000808,0.000158,0.002502,0.002393,0.00168,0.001576,0.002897,0.000294,0.002023,0.00042,1.8e-05,0.002525,0.001134,0.001186,0.00038,0.002741,0.001225,0.001295,0.002989,0.000897,0.000595,0.000405,0.037934,0.040597,0.039286,0.03998,0.037654,0.039088,0.040223,0.039627,0.040348,0.04022,0.037704,0.038105,0.038764,0.040141,0.038334,0.039922,0.039412,0.040207,0.03798,0.038119,0.039995,0.039096,0.040152,0.000222
SpC_ev1,1701036828.0,2,0.961,SpC,0.000308,0.001035,0.000886,0.000506,0.00023,0.00019,0.000214,0.000116,6.5e-05,0.000208,0.000161,0.001424,0.000328,0.000112,0.001261,0.001219,0.001214,0.00115,0.000624,0.000309,0.000867,0.000667,0.00099,0.001345,0.000536,0.000203,0.001085,0.000415,0.000517,0.001031,0.001309,0.001378,0.00141,0.000879,0.000209,0.000303,0.000938,0.000283,0.001088,0.000926,0.000338,2.7e-05,0.000487,0.000616,0.001089,0.00117,0.043139,0.067072,0.066505,0.066359,0.066412,0.066368,0.066294,0.065864,0.067011,0.06569,0.066367,0.06705,0.044055,0.044137,0.043428,0.043402,0.000434,0.000244,0.000555,0.000568,4e-06,0.0007,0.000608,0.000206,5.4e-05,0.001416,0.001082,0.000118,0.000578,0.00087,0.001107,0.001051,0.001356,5.2e-05,0.000847,0.000489,0.000551,0.000373,0.000488,0.001469,0.000634,0.001308,0.001127,0.000893
SpC_ev1,1701036832.0,3,0.577,SpC,0.000143,0.000282,0.000602,2e-06,0.000412,0.000207,0.000511,0.000389,0.000443,0.000129,0.000355,0.000521,0.000759,0.000294,0.000589,0.000322,0.00043,0.000516,0.000705,0.000716,4.4e-05,0.000184,0.000123,0.000316,3.7e-05,0.000767,0.000318,0.000406,9e-05,0.000326,6.3e-05,0.000159,0.000212,0.000318,0.000297,3.2e-05,0.000232,0.000435,0.000731,0.000129,0.000421,0.000787,0.000404,9.7e-05,0.000698,0.000655,0.000638,9e-06,0.00054,0.000399,0.018284,0.018678,0.018108,0.036221,0.036237,0.056466,0.056156,0.055879,0.056109,0.056074,0.05592,0.056178,0.056125,0.056407,0.05643,0.056328,0.036032,0.036061,0.035513,0.035546,0.035576,0.035487,0.017509,4.6e-05,0.000236,8.3e-05,0.000353,0.000268,0.000543,0.000259,0.000212,0.00045,0.000268,0.00015,1e-06,0.000121,0.000667,0.000104,0.000341,0.000376
SpC_ev1,1701036836.0,1,1.22,SpC,0.000626,0.001132,0.001957,0.002629,0.001474,0.002143,0.000278,0.00261,0.000498,0.001065,0.001318,0.000859,0.002582,0.00201,0.001023,0.001533,0.001187,0.000594,3.1e-05,0.00188,0.001755,0.001747,0.002285,0.000544,0.000588,0.002251,0.001514,0.000264,0.000182,0.000372,0.001759,0.000167,0.000747,0.001292,0.002596,0.000196,0.000692,0.002328,0.002496,0.002423,0.000505,0.001861,0.000959,0.002111,0.002359,0.000438,0.001365,0.0004,0.002539,0.001704,0.00127,0.001133,0.063563,0.06308,0.063225,0.06409,0.064955,0.064914,0.06379,0.063645,0.065142,0.063335,0.063032,0.063368,0.063381,0.065392,0.002075,0.000362,0.000367,0.000589,0.001393,0.001975,0.000578,0.001028,8.4e-05,0.001843,0.002054,0.002074,0.002366,0.000857,0.001494,0.001821,0.001678,0.002214,0.001378,0.002375,0.002462,4.4e-05,0.002154,0.001552
SpC_ev1,1701036840.0,4,0.676,SpC,0.000422,0.000543,0.000553,0.000172,0.000482,0.000484,0.000221,0.000361,0.000692,0.000309,0.000353,0.000264,0.000248,4.2e-05,0.000352,0.00029,0.000701,0.000141,0.000165,0.000287,0.000149,1.9e-05,0.000487,0.000348,0.000185,0.000621,0.000206,0.000514,5.4e-05,0.000134,9e-05,0.000326,0.000467,0.0207,0.020227,0.020455,0.020187,0.020558,0.020493,0.020287,0.02035,0.020745,0.020699,0.02074,0.040528,0.040844,0.059427,0.058903,0.067197,0.067345,0.047373,0.047074,0.047325,0.046905,0.047268,0.047409,0.028398,0.008711,0.008256,0.008557,0.008404,0.008758,0.008295,0.008532,0.008374,0.008431,0.008743,0.00853,0.008299,0.008522,0.000459,5.1e-05,8.3e-05,0.000331,0.000486,0.000556,0.000546,0.000334,0.000336,0.000439,0.000365,0.000318,0.000459,0.000637,0.000688,0.000252,0.000435,0.000406,4.1e-05,0.000246
SpC_ev1,1701036844.0,1,1.494,SpC,0.002525,0.003166,0.001766,0.000747,0.004379,0.004676,0.000503,0.0049,0.001287,0.004149,0.002815,0.001336,0.001964,0.002882,0.005207,0.004785,0.004973,0.001907,0.004996,0.003164,6.1e-05,0.005021,0.004203,0.003659,0.0033,0.001364,0.004637,0.002144,0.00244,0.004359,0.002774,0.002514,0.003894,0.000907,0.003314,0.001453,0.000844,0.000376,0.004323,0.000653,0.002583,0.001732,0.004436,0.000555,0.002264,0.000449,0.004855,0.000397,0.003359,0.00051,0.002305,2.2e-05,0.004246,8.6e-05,0.003753,0.000841,0.004063,0.004258,0.0039,0.004374,0.002552,0.001168,0.002289,0.002415,0.003524,0.002103,0.002167,0.003692,0.00309,0.002608,0.000639,0.099578,0.098203,0.098911,0.100387,0.096061,0.100242,0.10042,0.100885,4.3e-05,0.000171,0.000425,0.002549,0.002647,0.003681,0.004562,0.000443,0.000932,0.0,0.00026
SpC_ev1,1701036848.0,3,0.748,SpC,2.1e-05,0.000658,0.000521,0.00073,0.000304,0.000654,0.000114,0.000469,0.000168,0.000741,0.000792,0.000719,0.000307,8.7e-05,9e-05,0.000314,0.000809,0.00043,0.000365,0.000344,0.000947,4.1e-05,0.000859,0.000395,5.6e-05,0.00059,0.000483,0.000848,0.00094,9.1e-05,0.000562,0.000501,7e-06,0.00093,0.00073,0.000515,0.000326,0.000773,1.1e-05,0.000206,0.000931,0.018496,0.017953,0.018354,0.01804,0.018301,0.018273,0.017867,0.018055,0.018467,0.028445,0.028241,0.028643,0.028225,0.057093,0.05696,0.057479,0.057305,0.05704,0.039498,0.039777,0.039058,0.028549,0.028604,0.028676,0.029107,0.028613,0.029228,0.028971,0.029047,0.028933,0.028919,0.000432,0.000883,0.00095,0.00066,0.000574,0.000485,0.000358,0.000582,0.000559,0.000377,0.000777,0.000802,0.000679,7.1e-05,0.000388,0.000685,0.00046,0.000682
SpC_ev1,1701036852.0,1,1.245,SpC,0.00095,0.000487,0.001877,0.001195,0.000653,0.000607,0.00103,0.000602,0.002829,0.001548,0.00055,0.001012,0.002432,0.001714,0.00079,0.000436,0.001224,0.002358,0.002658,0.000174,0.00282,0.000123,0.000398,0.00251,0.002264,0.002567,0.000976,0.002477,0.001008,0.001792,5e-06,0.001183,0.000325,0.000338,0.001308,0.000627,0.0007,0.002597,0.001738,0.002778,0.001541,0.002789,0.001034,0.001427,0.002716,0.001765,0.001477,0.058315,0.059812,0.060978,0.059149,0.060026,0.059641,0.05974,0.059904,0.060588,0.059298,0.060116,0.058611,0.058439,0.058453,0.059637,0.002445,0.002457,0.000437,0.001036,0.000873,0.000814,0.002007,0.001668,0.000592,0.002492,0.000801,0.001005,0.002188,0.001187,0.002197,0.002292,0.000205,0.001455,0.001321,0.002121,0.001481,0.000169,0.001852,0.001482,0.00091,0.002595,0.001907,0.000896
SpC_ev1,1701036856.0,3,0.244,SpC,0.000648,0.000554,0.000275,0.00057,0.000196,0.000732,0.000518,0.000176,4.8e-05,0.000516,0.000233,0.000591,0.000212,0.000595,8.3e-05,0.00021,0.000494,0.000307,0.000158,5.3e-05,8.4e-05,0.000143,0.000303,6.8e-05,0.000431,0.000525,0.000447,0.000707,0.000474,0.000528,0.000167,0.000521,8.3e-05,0.000765,0.000724,0.00035,0.000333,0.018707,0.018684,0.019128,0.018728,0.019001,0.018695,0.031399,0.03152,0.031433,0.031414,0.031549,0.031229,0.046509,0.046314,0.046899,0.046196,0.046838,0.046854,0.046632,0.046603,0.046623,0.027736,0.028358,0.02794,0.02792,0.028262,0.028453,0.027748,0.02782,0.016089,0.015706,0.000624,0.000106,0.000337,2.1e-05,0.000224,0.000751,0.000687,0.000481,0.000431,0.000317,0.000302,0.000413,0.000734,0.000361,0.000679,5e-06,0.000552,0.000446,0.000225,0.000595,0.000314,0.000589
SpC_ev1,1701036860.0,4,0.346,SpC,0.000443,8.9e-05,6.4e-05,8.4e-05,0.000178,0.000375,0.000213,0.00036,0.000359,0.000189,0.000417,0.00023,0.000129,0.000513,7e-06,0.000359,0.000111,0.000306,0.000225,0.000249,0.000163,0.000392,0.000532,3.4e-05,9.2e-05,0.000206,0.000294,0.000434,0.000182,2.2e-05,0.00032,0.000157,0.000268,0.000302,0.000528,1.2e-05,0.000429,0.007028,0.006668,0.006653,0.006898,0.021917,0.021737,0.021965,0.021766,0.021871,0.043058,0.042954,0.042949,0.043057,0.042919,0.043206,0.043273,0.042901,0.043077,0.043068,0.042913,0.043247,0.042908,0.042985,0.04293,0.042859,0.043173,0.04312,0.029155,0.029189,0.014931,0.000187,6.4e-05,0.000316,0.000503,0.000108,0.000271,0.000355,0.000282,0.000107,0.000517,0.000248,0.000519,0.000472,0.000483,0.00011,0.000313,0.000237,0.000321,0.000378,0.000189,3.7e-05,0.000127,0.000215
SpC_ev1,1701036864.0,1,0.274,SpC,0.003713,0.002125,0.002421,0.001587,0.002603,0.003574,0.000959,0.001776,0.000477,0.003437,0.000266,0.002432,0.000826,0.003261,0.002533,0.00357,0.002837,0.003517,0.003303,0.003096,0.000786,0.002436,0.003629,0.003135,0.002483,0.002027,0.002503,0.002029,0.003455,0.003285,0.00249,0.00186,0.000302,0.001352,0.003687,0.003188,0.002607,0.002404,0.003722,0.000868,0.000861,0.002654,0.002997,0.003274,0.002062,0.000376,0.001659,0.002251,0.002107,0.002605,0.000615,0.00296,0.002215,0.003352,0.002478,0.000338,0.000551,0.001656,0.00318,0.002906,0.003362,0.00171,0.003786,0.000887,0.002501,0.003581,0.042891,0.040577,0.040805,0.040865,0.040675,0.041462,0.043118,0.043042,0.04351,0.042646,0.040375,0.043854,0.040319,0.040244,0.042699,0.040286,0.043663,0.041266,0.043647,0.041307,0.001972,0.001771,0.003603,0.001919
SpC_ev2,1701123200.0,4,1.438,SpC,0.000528,0.000164,0.0006,0.000232,6.8e-05,4e-05,0.000207,2e-06,0.000543,9.5e-05,7.2e-05,0.000548,0.000227,0.000433,8.6e-05,0.000105,0.000249,0.0001,0.000214,0.000398,0.000309,0.000577,0.000181,4.7e-05,0.000438,4.8e-05,0.000453,0.000425,0.000169,0.000428,0.000243,0.000125,0.000391,0.000227,0.000599,0.0002,0.000577,0.000501,7e-05,0.00056,0.000579,0.00026,0.000189,0.000122,0.000455,0.000557,0.00035,5.4e-05,0.013971,0.014186,0.021421,0.021519,0.021384,0.021784,0.021432,0.021599,0.021453,0.02158,0.021324,0.036245,0.036037,0.053309,0.053512,0.053279,0.053379,0.052995,0.053317,0.053146,0.045716,0.045385,0.031981,0.031774,0.032161,0.032141,0.031859,0.032204,0.031774,0.000214,0.000602,0.000435,0.000405,0.000427,0.000507,0.00029,0.000355,0.000125,0.000299,0.000207,0.000154,6.6e-05
SpC_ev2,1701123204.0,4,1.082,SpC,0.000627,0.000266,0.000771,0.000503,0.000533,6.9e-05,6.4e-05,0.000234,0.000525,0.000111,0.000439,0.000433,0.000275,0.000341,0.000513,0.000629,0.000592,5.3e-05,0.000694,0.000264,0.000212,0.000728,3e-06,0.000661,0.000188,0.000585,0.000577,9e-06,0.000645,0.000545,0.000595,0.000466,0.000515,0.000794,0.000732,0.000599,0.000609,0.000438,0.000779,0.013496,0.013018,0.013317,0.012853,0.013508,0.01305,0.013134,0.012823,0.013057,0.013263,0.013122,0.012928,0.012778,0.030499,0.031178,0.046965,0.047368,0.047114,0.067143,0.053929,0.054402,0.054092,0.054038,0.054564,0.038045,0.038078,0.038122,0.037537,0.037814,0.038036,0.017812,0.017731,0.000596,0.000135,9.8e-05,0.000784,0.00021,0.000341,0.000749,0.000696,8.5e-05,5e-05,0.00046,0.000648,0.000251,0.000495,0.000456,1.7e-05,0.000744,0.000713,4e-05
SpC_ev2,1701123208.0,2,0.371,SpC,0.00059,0.000591,0.000126,0.000291,1.3e-05,0.000224,0.000785,0.000314,0.000287,0.000205,0.000899,0.000837,0.00064,8.2e-05,0.0004,0.000531,0.000886,0.000132,0.000513,0.000388,0.000596,0.000827,0.000852,0.000677,0.000845,0.000221,4.1e-05,0.000542,0.000183,0.000854,0.000858,0.000479,3.5e-05,0.00065,0.000258,0.000654,0.000939,0.000915,0.000846,0.000647,5.6e-05,0.000123,0.000277,0.000718,0.000537,7.4e-05,0.000253,0.000513,0.000123,0.000905,0.000898,0.000864,0.019409,0.019071,0.019815,0.018953,0.019149,0.019092,0.019205,0.044536,0.044903,0.044673,0.044513,0.044256,0.045036,0.044394,0.044518,0.044965,0.04509,0.045005,0.04495,0.044953,0.044879,0.025382,0.026141,0.02602,0.025867,0.026114,0.025702,0.025694,0.025776,0.000695,0.000694,0.000778,0.000453,0.000335,0.000939,0.000777,0.000773,0.000505
SpC_ev2,1701123212.0,4,0.94,SpC,0.000278,0.000281,0.000649,0.000104,0.000286,0.000292,0.000227,0.000289,7.7e-05,0.000647,0.000286,0.00056,0.000415,0.000518,5.6e-05,0.000638,9e-06,0.000468,0.000124,0.000148,0.000424,0.000593,0.000366,0.000237,0.000203,0.00059,0.000119,0.000224,0.000535,0.000524,0.000303,0.000457,0.000635,0.000484,0.000316,9.7e-05,4.4e-05,0.000113,0.000283,0.000116,0.000547,4.2e-05,0.00015,0.000389,0.000612,7.2e-05,0.019027,0.019163,0.019214,0.018856,0.018955,0.019234,0.033452,0.04107,0.041259,0.04104,0.040963,0.041036,0.041313,0.040999,0.041053,0.041433,0.033593,0.033582,0.03342,0.033706,0.015255,0.015021,0.000515,0.018681,0.018721,0.018979,0.018574,0.018675,0.019018,0.018966,0.018602,0.018895,0.018566,0.018796,0.018542,0.018483,0.018778,0.018729,0.018983,0.000527,0.000517,0.000559,3.7e-05,0.000387
SpC_ev2,1701123216.0,1,1.279,SpC,0.002751,0.001383,0.000584,0.002867,0.001214,0.003343,0.00294,0.000256,0.000834,0.00267,0.001705,0.0025,0.000865,0.001349,0.002748,0.000574,0.0005,0.002248,0.00183,0.001153,0.000437,0.001628,0.003436,0.001383,0.001232,0.002136,0.003337,0.003436,0.001346,0.000564,0.001498,0.001783,0.000215,0.00341,0.002543,0.002918,0.002306,0.000496,0.0029,4.2e-05,0.054681,0.053846,0.055001,0.055721,0.054073,0.053723,0.052365,0.053198,0.053831,0.053042,0.054526,0.055414,0.053606,0.054567,0.05494,0.05445,0.002966,0.00203,0.002567,0.002896,0.001787,0.002024,0.001965,0.000538,0.003018,0.002138,0.002434,0.001551,0.001355,0.00313,0.00188,0.000456,0.00098,0.001157,0.003217,0.001357,0.000387,0.001895,0.002603,0.001219,0.001931,0.001724,0.003566,0.00077,0.001356,0.000369,0.001237,0.00067,0.001749,0.002733
SpC_ev2,1701123220.0,3,0.722,SpC,3.9e-05,0.000367,0.000281,0.000143,0.000695,0.000183,8.6e-05,0.000204,0.000334,0.000441,0.000548,0.000729,0.000208,3e-06,0.000529,0.000707,0.000429,0.000344,1.6e-05,0.000355,3e-06,0.000558,0.000598,0.000399,5.4e-05,0.000583,0.000691,0.000314,5.6e-05,0.000394,0.000206,0.00063,3.7e-05,0.00051,0.00054,0.000516,0.000232,0.000734,0.000496,0.000218,1.3e-05,3.2e-05,0.011935,0.012196,0.012409,0.012462,0.01231,0.012389,0.030853,0.030782,0.031159,0.031046,0.031035,0.030985,0.03083,0.031292,0.030823,0.031185,0.030884,0.030809,0.031067,0.030804,0.03096,0.030674,0.03118,0.044696,0.044764,0.044847,0.026261,0.026142,0.025876,0.026325,0.014064,0.013973,0.014073,0.014493,0.014643,0.014218,0.014109,0.014596,0.014284,0.014359,0.000444,0.000583,0.000227,0.000535,0.000147,0.000683,0.000664,0.000472
SpC_ev2,1701123224.0,1,0.56,SpC,0.002539,0.001555,0.000934,0.001376,8e-06,0.002416,0.001434,0.001064,0.000782,0.001827,2.2e-05,0.000764,0.002352,0.000636,0.002004,0.001472,0.00116,0.000569,0.000219,0.002516,0.000591,0.000116,0.001747,0.001811,3.3e-05,0.001033,0.000824,0.002527,0.001619,0.001812,0.001158,0.002389,0.00248,0.002349,0.001577,0.000371,0.000232,0.002348,0.000907,6.2e-05,0.002308,0.001461,0.002475,0.002123,0.001895,0.000238,0.001662,0.002321,0.001883,0.000271,0.001915,0.002434,0.055635,0.05538,0.056757,0.056179,0.05484,0.056892,0.055387,0.054603,0.055588,0.055031,0.056747,0.056239,0.057012,0.055087,0.055584,0.055749,0.001524,0.000608,0.002336,0.001444,0.002306,0.001171,0.000464,0.002543,0.001743,0.002141,0.000593,0.002408,0.00239,0.001942,0.002363,0.001079,0.001412,0.00144,0.001925,0.000852,0.000829,0.001158
SpC_ev2,1701123228.0,3,0.428,SpC,0.000196,0.000459,0.000364,0.000666,0.000182,0.00067,0.000747,9.7e-05,0.00028,0.00072,0.000216,0.000106,0.000521,0.000357,0.000732,0.00014,0.000222,0.000488,0.000137,0.000312,0.000236,0.000459,1.4e-05,0.00048,0.000178,0.000196,0.000709,0.000338,0.000406,2.8e-05,0.000246,0.000213,0.000472,0.000685,0.000561,0.000616,0.0003,0.000428,0.000349,0.000408,0.000318,0.000707,0.000394,0.000246,0.000131,0.000392,0.000298,0.019593,0.019709,0.020233,0.019852,0.019926,0.019773,0.019609,0.019861,0.020214,0.019612,0.019818,0.020049,0.019923,0.000436,0.024284,0.024814,0.024178,0.024797,0.024715,0.049054,0.049166,0.049737,0.049248,0.049452,0.049559,0.049729,0.04924,0.049615,0.024967,0.025382,0.025644,0.025162,0.024961,0.025562,0.000342,0.00024,0.000415,0.000758,0.000473,0.000359,0.000782,0.0006,0.000737
SpC_ev2,1701123232.0,1,1.181,SpC,0.000221,0.001162,0.001086,0.000954,0.00053,0.000724,0.000314,0.000592,0.000607,0.000957,0.000342,0.000627,0.001171,0.001244,0.00112,0.00091,0.000777,0.001447,0.001184,0.001371,8.1e-05,0.000523,0.001079,0.001349,0.000772,0.000596,0.00074,0.000272,0.000941,0.000897,0.001644,0.000307,0.001537,0.001156,0.001639,0.000859,0.000617,0.001182,0.0001,0.000966,0.001425,0.00044,0.000814,0.001199,0.001582,0.00124,7.9e-05,0.001392,0.001,0.000897,0.000174,0.000157,0.000625,0.001004,0.049968,0.049455,0.048806,0.049728,0.049087,0.049911,0.049699,0.048798,0.049687,0.049875,0.048591,0.049443,0.048952,0.049728,0.049882,0.048785,0.048984,0.049281,0.049821,0.001526,0.000975,0.000187,0.000332,0.000369,0.001367,0.001497,0.000242,0.001551,0.000801,0.00146,0.001552,0.000589,0.000111,0.000223,0.000698,0.001419
SpC_ev2,1701123236.0,2,0.283,SpC,0.000705,0.000852,0.000698,0.000212,0.000119,0.000644,0.000696,0.00013,0.000218,4e-05,4.3e-05,0.000868,0.000913,1e-06,0.000857,0.00073,0.0002,0.000425,0.000775,0.000489,0.000228,5.3e-05,0.000201,0.000782,0.000566,0.000731,0.000778,5.7e-05,3.6e-05,0.000737,0.000592,0.000763,0.0006,0.000947,0.000324,0.024657,0.025082,0.024762,0.025257,0.024963,0.025311,0.024823,0.025295,0.024847,0.024569,0.024716,0.025246,0.024807,0.024851,0.02523,0.02457,0.024693,0.024722,0.025097,0.024847,0.024467,0.02488,0.024811,0.025105,0.024924,0.049231,0.04936,0.049246,0.025043,0.025697,0.025642,0.025572,0.02525,0.025593,0.025185,0.025646,0.000801,0.000633,0.000254,0.000647,0.000691,0.000218,0.00084,0.000545,0.000566,7.7e-05,0.000646,0.000672,0.000522,0.000248,0.00019,0.000905,3.8e-05,0.000146,0.000355
SpC_ev2,1701123240.0,2,1.313,SpC,0.000741,0.001133,0.001223,0.001764,0.000807,0.001677,0.000785,7.7e-05,0.000697,0.000436,0.000423,0.001707,0.001401,0.001242,0.000679,0.001348,0.0008,0.000705,0.001705,0.001639,0.001464,0.000202,0.001728,0.001563,0.001353,0.001017,0.001037,0.000298,0.001756,0.001082,0.001173,0.000852,0.000347,0.001584,0.000165,0.001351,0.001332,0.000594,0.000309,0.000456,0.000217,0.000171,0.000727,0.00138,4e-06,0.044029,0.042231,0.04241,0.043208,0.042457,0.043174,0.043188,0.043011,0.042909,0.043717,0.042412,0.043253,0.043799,0.042661,0.000367,0.001813,0.001596,0.001677,0.000954,0.000968,0.000495,0.001373,0.000518,0.000219,0.001062,0.000856,0.000161,0.042371,0.041427,0.041448,0.040986,0.041273,0.040776,0.042235,0.041905,0.001363,0.000749,0.000789,0.001248,0.001106,0.00056,0.0015,0.000896,0.00056,0.00114
SpC_ev2,1701123244.0,2,1.431,SpC,7e-06,0.001157,0.001469,0.001408,0.000878,0.00022,0.000631,0.001266,0.001051,0.000336,0.001442,0.001363,0.000465,0.001164,0.000497,0.001455,0.001099,0.001714,0.001344,0.001133,0.000426,0.001122,0.000287,0.001216,0.000429,0.000713,0.00144,0.001262,0.000368,0.001312,0.001468,0.00173,0.001327,0.00134,0.000245,0.000627,0.000772,0.000376,0.000619,0.023112,0.023176,0.024299,0.024743,0.023785,0.024113,0.024416,0.023401,0.023587,0.024005,0.023958,0.023333,0.023251,0.023628,0.024055,0.023021,0.023295,0.024383,0.024412,0.023776,0.024686,0.022996,0.023203,0.023617,0.024223,0.001207,0.00147,0.001465,0.000309,0.044288,0.044779,0.044247,0.044092,0.0446,0.04494,0.044853,0.044236,0.000678,4.6e-05,0.000451,0.000702,0.001431,0.000102,0.00097,0.000781,0.000105,0.000518,0.000731,0.000896,0.000295,0.000158
SpC_ev2,1701123248.0,3,1.313,SpC,0.000487,1.5e-05,0.000329,0.000352,0.000139,0.000513,0.000502,0.00045,0.000144,0.000637,0.000594,0.000118,0.000402,0.000535,0.000103,0.000267,4.8e-05,0.0005,7e-05,0.000404,0.000337,0.000247,0.000633,0.000114,0.000481,0.000305,0.000236,0.000627,2.4e-05,1.9e-05,1.3e-05,0.000334,0.000373,0.000572,0.000506,0.000398,0.000603,2.8e-05,0.000215,0.000426,0.000152,3.5e-05,4.5e-05,0.000123,0.000369,0.01608,0.016272,0.030036,0.030394,0.030071,0.030358,0.030159,0.030377,0.030398,0.029918,0.030007,0.030206,0.02984,0.029882,0.030078,0.030381,0.029985,0.030268,0.030425,0.044915,0.04437,0.028883,0.028817,0.028513,0.028881,0.014499,0.014717,0.014584,0.014919,0.014694,0.014809,0.014932,0.014739,0.015118,0.014603,0.01488,0.014569,0.014767,0.014591,0.014535,0.014748,4.9e-05,5.1e-05,0.000476,0.000385
SpC_ev2,1701123252.0,1,0.799,SpC,0.001736,0.00121,0.000631,0.000229,0.000567,0.001258,0.001316,0.003044,0.005037,0.003277,0.000964,0.005032,0.005175,0.001106,0.004964,0.002373,0.001812,0.001309,0.005194,0.002735,0.000484,0.002733,0.003979,0.004681,0.005082,0.004457,0.002229,0.003768,0.00382,0.002792,0.002049,0.001425,0.002132,0.002994,0.003283,0.0013,0.000461,0.001859,0.005243,0.001124,0.002613,0.001558,0.000927,0.002542,0.000553,0.004966,0.001519,0.004911,0.002562,0.005332,0.003832,0.001546,0.075495,0.074151,0.078554,0.07853,0.07906,0.076206,0.077839,0.076192,0.078489,0.074322,0.004976,0.002624,0.004151,0.005141,0.005116,0.003808,7.7e-05,0.003782,0.004499,0.003768,0.001064,0.002454,0.001784,0.003186,0.002294,0.002534,0.003479,0.005148,0.001723,0.0053,0.000836,0.00452,0.002143,0.002445,0.002881,0.004714,0.003699,0.005295
SpC_ev2,1701123256.0,3,0.964,SpC,0.000619,0.000304,0.000674,0.000466,0.000706,0.000452,0.000321,0.000671,0.000401,0.000352,0.000617,0.000267,0.000283,1.9e-05,0.000188,0.000312,0.000296,5.3e-05,0.000181,0.000381,0.000562,0.00012,0.000211,0.000744,8.9e-05,0.000701,0.000626,5.3e-05,0.000459,0.000632,0.000249,0.000589,0.000249,0.00048,0.000139,0.000168,0.000586,2e-06,0.000184,0.000716,0.000258,0.022856,0.022247,0.022872,0.022946,0.022464,0.022569,0.022418,0.022934,0.022389,0.022773,0.022471,0.022219,0.02228,0.022679,0.031026,0.031415,0.031218,0.031424,0.030887,0.031091,0.031241,0.030776,0.030971,0.05097,0.02877,0.028712,0.028839,0.02911,0.028923,0.029062,0.028973,0.029309,0.028725,0.028844,0.008964,0.008607,0.008992,0.009151,0.008622,0.000747,0.000343,0.0006,0.000355,0.000248,0.00039,0.000258,0.000366,0.000201,0.000369
SpC_ev2,1701123260.0,4,1.046,SpC,7e-05,0.000252,0.000346,0.000216,0.000121,0.000378,0.000283,9.3e-05,0.000346,9.2e-05,0.000285,0.000176,0.000445,0.000442,1.3e-05,0.000105,0.000469,0.000119,7e-06,1.7e-05,0.000494,0.000337,0.000443,0.000169,0.000177,0.000157,0.000161,0.000412,0.000475,0.000544,6.6e-05,0.000507,0.000389,0.000161,0.000472,0.000473,2.7e-05,0.000171,9.8e-05,0.000277,0.016036,0.015659,0.016053,0.015603,0.015708,0.015983,0.016023,0.015715,0.016043,0.027995,0.02808,0.028247,0.027874,0.044436,0.044306,0.060986,0.061041,0.060864,0.045479,0.045103,0.045359,0.045445,0.045129,0.045072,0.028963,0.028764,0.029,0.012372,0.012715,0.01261,0.012329,0.012728,0.012549,0.012779,0.012649,1.1e-05,0.000515,0.000286,0.000203,0.000148,0.00013,6.2e-05,0.000287,0.000329,0.00055,0.000349,0.000372,0.000418,0.000124,0.000234
SpC_ev2,1701123264.0,3,1.34,SpC,0.000278,0.000781,0.000441,0.000624,0.000516,0.000719,0.000529,0.000766,0.000179,0.000408,0.000296,0.000304,1.2e-05,0.000427,0.000146,0.00033,0.000282,2e-05,0.000331,0.000755,0.000243,0.000686,0.000306,0.00035,0.000456,0.000376,0.000821,0.000193,0.000349,1.1e-05,0.000384,0.00028,0.0007,0.00059,0.022572,0.022834,0.022379,0.022302,0.022973,0.022455,0.022843,0.023054,0.022493,0.022613,0.023072,0.022367,0.022784,0.022514,0.046689,0.024398,0.02431,0.024414,0.024516,0.039833,0.039883,0.039486,0.039261,0.039906,0.039775,0.039485,0.039362,0.039214,0.039332,0.023803,0.023928,0.024579,0.0241,0.024045,0.000495,0.000149,0.000142,0.000165,0.000819,0.000241,0.000568,8.8e-05,0.000316,0.000479,5e-06,0.000515,0.000643,0.000113,0.000441,0.000698,0.000723,8.1e-05,0.00065,0.000333,9.6e-05,0.000781
SpC_ev2,1701123268.0,4,0.615,SpC,0.000377,0.000459,0.000476,0.000344,9.8e-05,0.000329,1.5e-05,0.000386,0.000239,0.000596,0.00015,0.000414,2.7e-05,0.000221,0.000415,0.00048,0.000592,0.000379,0.000448,8.1e-05,0.000265,0.000476,0.000265,0.000539,5.9e-05,6.7e-05,5.8e-05,0.000199,2e-05,0.000432,0.000117,0.000377,0.000517,7.6e-05,0.0005,3.6e-05,0.000389,0.000518,0.000411,0.000373,0.00014,0.008632,0.008716,0.028155,0.028048,0.028546,0.028154,0.028117,0.028297,0.028484,0.028451,0.028451,0.028213,0.018489,0.018171,0.017901,0.018495,0.018217,0.018404,0.036666,0.036713,0.03645,0.036481,0.036484,0.028464,0.028552,0.028093,0.028414,0.018322,0.018444,0.018636,0.018697,0.018406,0.018356,0.018783,0.01851,0.01883,0.018723,0.018846,0.018533,0.01869,0.018528,0.01881,0.000327,0.000577,0.000151,0.00052,0.000233,0.000318,0.000139
SpC_ev2,1701123272.0,2,1.432,SpC,0.000452,0.000787,0.001067,0.000944,0.00094,0.000169,0.001255,9.1e-05,0.000687,0.000314,0.000769,0.001181,0.000144,0.000585,0.000383,0.001105,0.000463,0.000417,0.001093,0.000563,0.000934,0.000993,0.000222,0.000488,0.001182,0.000154,0.001226,0.001099,0.000956,0.000723,0.001089,0.000626,0.000525,0.000889,0.001051,0.000478,0.001278,2.6e-05,9.8e-05,0.000341,0.00036,0.000919,0.001231,0.000701,0.000962,0.000159,0.000957,0.000737,0.000222,0.000822,0.000215,0.000786,0.001063,0.000838,0.019307,0.019578,0.020203,0.019584,0.020134,0.020072,0.01995,0.020156,0.019434,0.019868,0.020229,0.020199,0.020292,0.019623,0.019233,0.019838,0.000415,0.00065,0.000682,0.000183,0.040429,0.04012,0.039727,0.040171,0.039625,0.040491,0.040403,0.040295,0.03959,0.040341,0.040629,0.039764,0.040782,0.039657,0.040607,0.039978
SpC_ev2,1701123276.0,2,1.423,SpC,0.000914,0.000532,0.000223,0.001022,7.3e-05,0.000938,0.001094,0.000104,0.000356,0.000824,0.000876,0.000102,8.9e-05,0.00064,0.000451,0.000724,0.000464,0.000346,0.000864,6.8e-05,0.001153,0.000608,0.000642,0.000414,0.000722,0.000212,0.000569,0.000463,0.000702,0.000522,0.018395,0.043892,0.043973,0.044236,0.043974,0.044212,0.043359,0.044001,0.044143,0.043754,0.043683,0.043312,0.043836,0.044007,0.04343,0.043924,0.044118,0.043639,0.044041,0.043439,0.044036,0.044313,0.02535,1.4e-05,0.000906,0.000896,0.000547,0.000263,0.000528,0.000659,1.7e-05,0.00047,0.000514,0.000366,0.000289,0.001142,0.001001,0.00017,0.000926,0.000308,0.001041,0.000367,0.000666,0.000362,0.000145,0.000116,0.000459,0.001021,4e-06,0.000425,0.000426,6.6e-05,0.00077,8.4e-05,0.000725,0.000853,0.000145,3.8e-05,0.000815,0.000676
SpC_ev3,1701209600.0,4,0.977,SpC,0.000302,0.000473,0.0006,0.000408,3.6e-05,0.000623,0.000276,0.00043,0.000662,0.000546,4.5e-05,0.000253,0.000221,0.000436,1.4e-05,0.000437,4e-06,0.000415,0.000212,0.000396,0.000406,0.00014,0.000435,0.000405,0.000538,0.014475,0.014868,0.014787,0.014847,0.014965,0.014682,0.014691,0.014977,0.014729,0.014736,0.01458,0.015032,0.014669,0.014469,0.014726,0.000278,0.012262,0.012115,0.012004,0.011804,0.012112,0.031069,0.031142,0.031105,0.030612,0.030775,0.030716,0.031135,0.031224,0.030977,0.031042,0.018991,0.01905,0.018994,0.019313,0.019456,0.019019,0.019256,0.037141,0.037039,0.03751,0.037092,0.03704,0.018166,0.018477,0.018671,0.018686,0.000469,0.000357,0.000671,0.00029,0.000284,0.000118,0.000362,5.6e-05,0.000199,0.000199,0.000271,0.00045,0.000109,0.000397,0.000107,0.00021,0.000577,0.000656
SpC_ev3,1701209604.0,4,0.441,SpC,0.000312,0.000516,0.000618,0.00095,0.000631,0.0001,7.5e-05,0.00037,0.000508,0.000195,0.000407,0.000836,0.000206,0.000375,0.000598,0.000666,0.0007,0.000877,0.000819,0.000323,0.000769,0.000202,0.000682,0.00092,0.000544,0.000636,0.000666,0.000673,0.000671,0.000812,0.000537,0.000674,0.000181,0.000176,0.000668,0.000717,0.000348,0.000816,0.000525,0.000518,0.000233,0.000411,0.015001,0.01462,0.015056,0.014999,0.014857,0.014604,0.0151,0.014814,0.015043,0.014636,0.014559,0.052206,0.052229,0.051641,0.051755,0.037296,0.037488,0.037368,0.03745,0.037567,0.037493,0.044847,0.027852,0.027544,0.028007,0.027551,0.027559,0.027256,0.027932,0.027555,0.027611,0.02741,0.027426,0.027745,0.000398,0.000837,9.5e-05,0.000544,0.00052,0.000879,0.000184,0.000105,5.6e-05,0.000885,0.000106,0.000105,0.000111,0.000635
SpC_ev3,1701209608.0,1,1.303,SpC,0.000593,0.001613,0.001326,0.000207,0.001076,0.000924,0.000907,0.000164,0.001118,0.000371,0.000268,0.000779,0.00035,0.001279,0.00083,3.5e-05,0.00117,0.000686,0.00031,0.001085,0.000291,0.001726,0.001169,0.001245,0.000855,0.000307,0.001666,7.4e-05,0.001041,0.000468,0.001097,0.000265,0.000299,0.000121,1.4e-05,0.001717,0.00087,0.001526,0.000725,0.03879,0.039714,0.039973,0.040109,0.039687,0.039073,0.039256,0.038802,0.04002,0.040146,0.039973,0.038867,0.039943,0.040167,0.039069,0.038724,0.03949,0.039438,0.038442,0.039992,0.039283,0.039887,0.039218,0.038419,0.00119,0.00095,0.000413,0.000465,2.9e-05,0.000131,0.000528,0.00148,0.000531,0.001304,0.001512,0.001269,0.001292,0.001641,0.001548,0.001258,0.001376,0.000698,0.000553,5.5e-05,0.001316,0.001071,0.000101,0.000834,4e-06,2.5e-05,0.001381
SpC_ev3,1701209612.0,3,1.23,SpC,0.000252,0.000631,1.5e-05,0.000731,0.00061,0.001019,0.000483,0.000559,0.001078,0.00078,0.000382,0.0001,0.00085,0.000286,0.000173,0.000582,4.6e-05,0.00093,0.00048,0.000944,0.000493,0.000484,0.001021,0.0011,0.000319,3.4e-05,0.000656,5.2e-05,0.000175,0.000572,0.000947,0.014805,0.014308,0.014346,0.013792,0.014717,0.01389,0.014426,0.014135,0.013955,0.027961,0.048237,0.049074,0.048755,0.048081,0.048576,0.048714,0.048596,0.048496,0.048441,0.049195,0.049096,0.048627,0.048215,0.048966,0.014808,0.014517,0.015175,0.014698,0.015188,0.015196,0.014588,0.015243,0.014529,0.000566,9.4e-05,0.000974,0.000617,0.000693,0.000357,0.00075,0.000554,0.000934,0.000385,0.000409,0.000433,0.00024,0.000172,0.000972,0.000364,1.3e-05,4.6e-05,0.000411,0.000854,0.000363,0.000749,0.00058,4.4e-05,4.3e-05,0.000249
SpC_ev3,1701209616.0,3,0.063,SpC,0.000529,0.000728,0.000847,0.000288,0.000765,0.000483,8.9e-05,0.000923,0.000475,0.000785,3.6e-05,0.000808,0.00022,0.000799,0.000898,0.000354,0.000263,0.000851,0.000375,0.000275,0.000243,0.000173,0.000516,0.00048,0.000561,0.000328,0.000836,0.0005,0.000607,0.000777,0.000416,4.3e-05,7.8e-05,0.000225,0.00028,0.000522,0.000486,0.000857,1.5e-05,0.000652,0.000162,0.000177,0.000631,0.000247,0.000506,0.00077,0.000637,0.0007,0.000583,0.0001,0.000249,0.000916,0.046803,0.047239,0.047332,0.047024,0.047313,0.047212,0.046751,0.04704,0.046695,0.046702,0.046487,0.046993,0.04647,0.046989,0.047036,0.047272,0.046842,0.020899,0.021651,0.000236,0.00023,0.000137,0.000316,0.000701,0.000289,0.000727,0.000657,1.7e-05,2.2e-05,3.7e-05,0.016733,0.01605,0.015942,0.016733,0.016739,0.015988,0.016028,0.016601
SpC_ev3,1701209620.0,4,1.368,SpC,0.000392,0.00018,2.9e-05,0.000762,0.000102,9.4e-05,0.000251,0.000343,0.000442,0.000307,0.000779,0.000822,1.3e-05,0.000451,0.000894,0.00026,0.000304,0.000635,9e-06,0.000367,0.000571,0.000524,0.000856,0.000253,0.000623,0.000856,0.0002,0.000106,0.000303,0.000496,0.000429,0.00061,0.00011,0.000768,0.000366,0.011671,0.011302,0.011628,0.011297,0.011827,0.011316,0.011254,0.011176,0.034038,0.055424,0.054929,0.054637,0.055388,0.054859,0.054853,0.032371,0.032059,0.032226,0.031875,0.032035,0.031729,0.037609,0.03767,0.037974,0.038176,0.037541,0.017016,0.017461,0.017588,0.017033,0.017413,0.017417,0.017589,0.017431,0.000295,0.000163,0.000647,0.000179,1e-06,8.3e-05,0.000223,0.000885,0.00085,0.000735,0.000158,0.000181,0.000548,0.000495,0.000896,0.00055,0.000401,0.000761,0.000854,0.00071,6.8e-05
SpC_ev3,1701209624.0,2,1.116,SpC,0.000955,0.001269,0.000244,0.000108,0.001224,0.001039,0.000468,0.00066,0.001095,0.001313,6.5e-05,0.000342,0.00028,0.000299,0.000628,0.000711,0.001107,0.000917,0.000393,0.001232,0.00123,0.000863,0.001039,0.00021,0.00028,0.000273,0.001406,0.001078,0.001225,0.000745,0.000157,0.001255,0.000654,1.3e-05,5.7e-05,0.000848,0.069241,0.06969,0.069513,0.070142,0.069193,0.068904,0.069267,0.068767,0.069226,0.03601,0.036232,0.035862,0.03696,0.035864,0.036055,0.036392,0.03658,0.036069,0.001186,0.001027,0.0012,0.00141,0.001096,0.001411,0.000401,0.000661,0.000419,0.000156,0.000369,0.000823,0.000334,0.000945,6.3e-05,0.000106,0.001279,7.6e-05,0.000663,0.000597,2.6e-05,0.000532,0.000947,0.000644,0.001347,0.000688,0.000334,0.000272,0.001326,0.000477,0.001166,0.00053,0.000294,0.000606,0.000507,0.000433
SpC_ev3,1701209628.0,1,1.48,SpC,0.000296,0.001309,0.000664,0.000463,0.000592,0.000661,0.001303,0.000857,0.002697,0.000569,0.000773,0.002565,0.000339,0.002494,0.001377,0.002293,0.002565,0.002794,0.002649,0.002728,0.000102,0.001778,0.002034,0.002878,0.001961,0.002457,0.001978,0.002058,0.000326,2.2e-05,0.002248,6.4e-05,0.001387,0.002197,0.000856,0.001902,0.001165,0.001049,0.001988,0.002574,0.000874,0.00186,0.000101,0.002358,0.000379,0.001624,0.002504,0.002196,0.00144,0.002795,0.002203,0.0018,0.002349,0.000434,0.002188,0.071477,0.071229,0.073682,0.071412,0.073459,0.071512,0.071823,0.073513,0.071213,0.0729,0.073442,0.072583,0.001355,0.001562,0.002522,0.002778,0.001964,0.001243,0.000502,0.002255,0.002809,0.002016,0.002398,3.3e-05,0.002668,0.002774,0.002864,0.002811,0.002676,0.001658,0.002873,0.001172,0.0021,0.002391,0.000217
SpC_ev3,1701209632.0,1,0.963,SpC,0.002201,0.001187,0.000917,0.001182,0.001157,0.002496,0.002333,0.00032,0.000253,0.000761,0.000451,0.000747,0.002585,0.000805,0.000505,0.002561,0.000109,0.001365,0.001298,0.000651,5.3e-05,0.00079,0.002547,0.001668,0.0014,0.001743,0.002693,0.001115,0.000839,0.001238,0.002158,0.002077,0.00163,0.052596,0.054586,0.052061,0.052253,0.053465,0.052993,0.05387,0.052727,0.053324,0.052111,0.052946,0.052889,0.053894,0.052703,0.05206,0.052852,0.054748,0.000427,0.001574,0.001401,0.002665,0.000369,0.000856,2.8e-05,0.000314,0.002678,0.00186,0.001972,0.001752,0.000561,0.002117,0.001031,0.001048,0.001123,0.001465,0.002656,2e-05,0.000509,0.000247,0.002062,0.002112,0.002218,0.0021,0.002778,0.002112,0.000855,0.001102,0.00232,0.00229,0.000118,0.000124,0.001808,0.000184,0.002164,0.001206,0.001544,0.000313
SpC_ev3,1701209636.0,4,0.412,SpC,0.000232,0.000347,0.000457,0.000491,6e-05,0.000151,0.00068,0.00067,0.00018,4.5e-05,0.000347,0.000193,0.000588,0.000414,0.000494,4.7e-05,0.000323,0.000156,1e-05,0.000167,0.00034,0.000197,4.7e-05,0.000351,0.000385,0.00073,0.000352,0.0175,0.017219,0.017217,0.017757,0.017447,0.017606,0.017773,0.017658,0.017827,0.01776,0.034341,0.034309,0.034743,0.043351,0.043041,0.026156,0.025936,0.026372,0.026457,0.025955,0.025896,0.026496,0.026089,0.026125,0.026582,0.026062,0.026481,0.025944,0.02635,0.025923,0.026383,0.038956,0.038956,0.030062,0.012769,0.013134,0.013056,0.012905,0.013013,0.012813,0.013071,0.000349,0.000157,0.000134,0.000681,0.00025,0.000558,0.000508,0.000177,0.000202,0.00036,5.8e-05,0.000257,7.6e-05,0.000578,0.000312,0.000476,0.000507,0.000378,0.000513,0.000416,0.000356,0.000757
SpC_ev3,1701209640.0,3,0.237,SpC,0.00093,0.000532,0.000437,0.000109,0.000836,0.000653,0.000166,0.000258,0.00011,8.7e-05,0.000947,0.000395,0.000977,9.4e-05,0.000988,0.000101,0.00042,0.000777,0.000309,0.00086,0.000693,0.000108,0.000291,0.000501,0.001022,0.000168,0.00099,2.8e-05,0.000519,0.000376,0.00078,5.8e-05,0.000895,0.0008,0.000838,2.7e-05,0.000649,0.000653,0.000487,0.000403,0.000484,0.000302,6e-06,2.1e-05,0.000831,0.000422,0.000334,0.000591,0.001,0.000237,0.024137,0.024216,0.023871,0.024238,0.03585,0.035678,0.035601,0.035699,0.035284,0.035237,0.000783,0.000798,0.000738,0.026429,0.026086,0.026891,0.026208,0.026101,0.026516,0.026669,0.026252,0.026074,0.026443,0.026883,0.02643,0.02693,0.026192,0.026033,0.026961,0.02642,0.026993,0.026556,0.026437,0.026344,0.026662,0.026216,0.027013,0.026433,0.000846,0.000355
SpC_ev3,1701209644.0,2,1.453,SpC,0.00067,0.000216,0.001047,0.000106,0.000596,0.000489,0.000926,3.7e-05,0.000134,0.00094,0.00081,0.000391,0.000473,5.8e-05,0.001076,0.000265,0.000101,0.000613,0.000658,0.000859,0.000252,0.000267,0.000441,0.00022,0.000692,0.000302,0.000382,0.000854,0.000667,0.001039,0.001002,0.000899,0.000358,0.000766,8e-06,0.000782,9.1e-05,0.001106,0.000259,0.00111,0.000931,0.033988,0.034284,0.033828,0.033858,0.034297,0.034288,0.033221,0.033224,0.033927,0.034098,0.034105,0.057394,0.057277,0.023888,0.023749,0.023715,0.023742,0.023972,0.023652,0.024306,0.023817,0.024507,0.023856,0.023406,0.023995,0.024208,0.024169,0.024255,0.024183,0.024248,0.02436,0.023702,0.02353,0.00046,0.000827,0.000256,0.000581,0.00106,0.000539,0.000616,0.000638,0.000628,0.000582,0.001039,0.000459,0.000837,0.000687,4.8e-05,0.000803
SpC_ev3,1701209648.0,3,0.269,SpC,0.000599,0.00054,0.000745,0.000158,0.000147,0.000967,0.000454,0.000368,0.001018,0.000452,0.000144,0.000831,0.000169,0.000901,0.000416,0.000847,0.001078,0.000939,0.000257,8.3e-05,0.000446,0.000981,0.000512,0.000118,0.00055,0.000398,0.000661,0.000968,0.000452,0.000206,0.000695,0.001015,0.000285,0.000686,0.000742,0.000378,8.2e-05,0.030369,0.030601,0.030874,0.031069,0.031051,0.031369,0.031325,0.030659,0.031017,0.030779,0.048465,0.04804,0.048428,0.048498,0.048097,0.064752,0.034819,0.034272,0.035273,0.034674,0.034969,0.034737,0.034523,0.017629,0.01714,0.017277,0.017597,0.018056,0.018035,0.000134,0.00037,0.000675,0.00051,0.00078,0.001066,0.000764,0.000754,3.9e-05,0.000545,0.000521,0.000854,2.3e-05,0.000986,0.00097,0.000505,0.000239,0.00098,0.000924,0.000414,0.001121,0.00038,0.000709,0.001054
SpC_ev3,1701209652.0,1,0.78,SpC,0.005612,0.002255,0.000182,0.00358,0.00364,0.005511,0.005561,0.003317,0.003501,0.005693,0.000311,0.005015,0.004206,0.005554,0.003782,0.003991,0.003526,0.00314,0.001474,0.004149,0.004048,0.000837,0.001543,0.002376,0.003543,0.004429,0.002711,0.000695,0.004606,0.003191,0.001112,0.004117,0.001497,0.003448,0.004931,0.003479,0.004878,0.005196,0.001712,0.064335,0.064297,0.06428,0.066494,0.06218,0.066754,0.062752,0.061566,0.066574,0.062424,0.065383,0.064036,0.004042,9e-06,0.000638,0.000883,0.001262,0.000236,0.002931,0.004423,0.002909,0.00557,0.003765,0.005001,0.002943,0.003136,0.00168,0.005709,0.00214,0.000698,0.000897,0.003951,0.002589,0.00131,0.000207,0.004518,0.00197,0.005268,0.001374,0.00287,0.000815,0.00247,0.001081,0.000577,0.002574,0.001804,0.003422,0.000656,0.005678,0.000269,0.004302
SpC_ev3,1701209656.0,2,1.012,SpC,0.000713,0.000234,0.000422,0.000642,0.000214,0.00044,0.000266,0.000832,0.000192,0.000312,2.7e-05,0.00021,0.000868,0.000193,0.000905,0.000221,0.00019,0.000158,0.000606,0.000132,9.7e-05,0.000409,0.0002,0.000937,0.000774,0.00047,0.000399,0.000388,0.000604,0.000409,0.000556,0.000109,0.000685,0.000303,0.000519,0.000404,0.020623,0.020575,0.020867,0.020916,0.020778,0.021085,0.021407,0.021328,0.021019,0.020658,0.020945,0.020582,0.021137,0.021166,0.020999,0.020849,0.020715,0.02127,0.021266,0.020657,0.020703,0.020833,0.021161,0.021122,0.000188,0.000198,0.021911,0.021597,0.021471,0.021928,0.02218,0.021716,0.021677,0.022152,0.021376,0.022096,0.022066,0.021978,0.021897,0.021811,0.022087,0.021292,0.02168,0.021484,0.021724,0.02214,0.021576,0.021476,3.1e-05,0.000441,0.000673,0.000321,0.000453,0.000681
SpC_ev3,1701209660.0,2,0.224,SpC,0.000113,0.000681,0.000363,0.000188,0.000866,0.000643,0.00027,0.001304,0.001312,0.000595,0.001482,0.00106,0.000403,0.001457,0.000114,0.000488,0.000176,0.000346,0.000376,0.001099,0.00158,0.001004,0.001198,0.000339,0.000531,0.001063,0.000661,0.000142,0.02893,0.030057,0.029503,0.029316,0.02992,0.03009,0.029315,0.029833,0.029908,0.028903,0.028863,0.029392,0.02895,0.001008,0.000754,0.000758,0.000549,0.000581,0.000855,0.000151,0.000597,0.000965,0.000673,0.000407,4e-06,0.001467,0.000849,0.040822,0.040541,0.041316,0.040401,0.041471,0.040157,0.040868,0.040939,0.039918,0.040596,0.04005,0.04134,0.040476,0.040858,0.001217,0.000314,0.000614,0.000749,0.001538,0.001347,0.000467,0.001398,0.000211,0.001374,0.001182,0.000185,2.4e-05,0.000632,0.000956,0.000866,0.000896,0.001525,0.000393,0.000492,0.001414
SpC_ev3,1701209664.0,1,1.413,SpC,4e-06,0.001272,0.001603,0.000128,0.002048,2e-05,0.001819,2.4e-05,0.002005,0.001467,0.002042,0.002365,0.002278,0.002093,0.000516,0.000197,0.002117,0.00032,0.002054,0.002408,0.000608,0.001091,0.001281,0.000464,0.000555,0.000534,0.00047,0.002393,0.000157,0.001504,0.002401,0.000955,0.0024,0.001049,0.00172,0.000455,0.001621,0.000553,0.000836,0.075424,0.075618,0.074918,0.074812,0.075091,0.075656,0.075492,0.076587,0.075431,0.07663,0.076305,0.074395,0.002439,0.001728,0.00237,0.00011,0.00035,0.000708,0.001098,0.001021,0.002376,0.001669,0.000349,0.000119,0.000816,0.001008,0.001829,0.002283,1.4e-05,0.001883,0.000548,0.002428,0.001089,0.000309,0.000501,0.002424,0.000405,0.000686,0.00083,0.000333,0.000887,0.000919,0.001849,0.001257,0.001109,0.000723,0.0015,0.001199,0.001806,0.001098,0.001742
SpC_ev3,1701209668.0,1,0.984,SpC,0.000727,0.001298,0.00326,0.003219,0.000134,0.001008,0.00213,0.002505,0.001339,0.002444,0.001602,0.002835,8.3e-05,0.001328,0.001554,0.001126,0.002509,0.001441,0.001791,0.000593,0.00292,0.002254,0.00067,0.003037,0.003298,0.000103,0.001039,0.001299,0.002567,0.003211,0.002785,0.00208,0.002961,0.000394,0.001164,0.001895,0.000844,0.002365,0.000706,0.001888,0.000764,0.001483,0.001605,0.002117,0.095834,0.095051,0.095491,0.096291,0.095638,0.095137,0.095531,0.097394,0.097461,0.003322,5.3e-05,0.002629,0.002708,0.0029,0.000345,0.000605,0.002857,0.003279,0.000989,0.00311,0.00136,0.001605,0.000444,0.000658,0.002389,0.000211,0.000151,0.000396,0.000571,0.002971,0.002819,0.001671,0.002759,0.002054,0.001351,0.000576,0.001251,4.4e-05,0.001647,0.002451,0.002947,5.7e-05,0.002564,0.002155,0.001813,8.5e-05
SpC_ev3,1701209672.0,4,0.655,SpC,0.0005,0.000486,0.000398,0.000338,6.4e-05,0.000135,6.7e-05,0.000333,0.000118,0.000112,0.000322,0.000381,0.000506,0.000135,0.000248,0.000406,5.9e-05,0.00022,3e-06,6.6e-05,0.000386,0.000466,3.5e-05,0.000231,0.000461,0.000331,0.000224,0.000416,0.000122,2.9e-05,0.000457,0.000247,0.000176,5.1e-05,0.000108,3.3e-05,0.000248,0.000178,0.000518,0.017891,0.01779,0.017713,0.025662,0.026029,0.026109,0.025934,0.025664,0.041075,0.041342,0.041417,0.041212,0.041306,0.056858,0.057025,0.056852,0.039276,0.039245,0.03904,0.039058,0.031094,0.031387,0.031215,0.031576,0.03107,0.016255,0.016028,0.015988,0.016143,0.016108,0.015942,0.016126,0.000167,0.000376,6.7e-05,0.000179,6.2e-05,0.000408,0.000445,7e-05,0.000233,4.4e-05,0.000325,0.000172,0.000205,0.000556,4.8e-05,0.000405,0.000129,0.000596,0.000467
SpC_ev3,1701209676.0,3,1.465,SpC,0.000218,0.00051,0.00021,3.9e-05,0.000215,6.6e-05,0.000473,0.000144,0.00042,0.000347,0.000504,0.00028,0.000467,0.000334,9.2e-05,0.00055,0.000544,8.5e-05,0.000678,0.000564,0.000268,6.9e-05,0.000568,0.000581,0.000682,0.000417,0.000345,0.000371,0.000387,0.000271,0.000366,0.000315,0.000452,6.4e-05,0.000396,0.000529,0.000196,0.000359,0.000384,0.000624,3e-06,0.000247,0.020108,0.020487,0.030149,0.029697,0.030017,0.030031,0.029993,0.030208,0.030011,0.046515,0.047061,0.046421,0.047055,0.046744,0.046594,0.046624,0.046902,0.04689,0.046581,0.046821,0.037103,0.037181,0.036991,0.01694,0.017336,0.016916,0.01695,0.017209,0.016782,0.000609,0.000401,0.000138,0.000438,7.4e-05,0.000133,0.000381,0.000314,0.000489,0.000505,0.000208,0.000689,0.000311,0.000584,3.3e-05,0.000521,0.0001,0.000561,0.000564
SpC_ev3,1701209680.0,1,0.084,SpC,0.000782,0.000223,0.000753,0.001483,0.001236,5.2e-05,0.001212,0.000321,0.000763,0.000331,0.001019,0.0017,0.001317,0.000126,0.001807,0.000529,0.001784,0.000503,0.000952,0.001678,0.000962,5.1e-05,0.001707,0.00039,0.000628,0.001589,0.001302,0.000105,0.001657,0.000931,0.001328,0.001015,0.000955,0.000751,0.000668,0.000143,0.00138,0.000452,0.000316,0.000837,0.000643,0.000247,5.2e-05,0.000805,0.001089,0.001161,0.000554,0.000164,0.000764,0.001116,0.001785,0.000538,0.00054,0.036034,0.036091,0.036264,0.036676,0.036586,0.036575,0.036683,0.035664,0.036225,0.03627,0.036249,0.035777,0.037209,0.036569,0.036479,0.036067,0.036041,0.03612,0.03692,0.035874,0.035755,0.0372,0.035942,0.035982,0.035694,0.036196,0.000991,0.000952,0.001616,0.000709,0.00152,0.001463,0.000345,0.00062,0.001132,0.000542,0.001772
SpC_ev3,1701209684.0,2,1.392,SpC,0.00086,0.001069,0.000408,0.001298,0.000664,0.00083,0.001373,0.00026,0.000455,0.000117,0.000628,0.001535,0.000645,0.000642,0.000521,7.6e-05,0.000133,0.000978,0.000112,0.000682,0.000275,0.000579,0.001444,0.001489,0.000492,0.000956,8.2e-05,0.001052,0.000526,0.001213,0.000734,0.001428,0.001354,0.000675,0.000212,0.00026,0.001256,0.001475,0.001415,0.001581,8.9e-05,0.000906,0.000437,0.000488,0.033841,0.0346,0.034811,0.033925,0.033887,0.07877,0.078848,0.07732,0.045495,0.044846,0.045244,0.045583,0.045054,0.044102,0.045585,0.044228,0.044962,0.045509,0.045001,0.044502,0.000457,0.001359,0.000631,0.000685,0.000511,0.001274,0.00125,0.000452,0.001214,0.000714,0.000163,0.000757,0.001018,0.001425,0.000421,0.000709,0.000918,0.000557,0.001314,0.000317,0.001167,0.001284,0.001075,9e-05,6.2e-05,0.00036
SpC_ev3,1701209688.0,4,0.787,SpC,0.000489,0.000398,4.1e-05,0.000282,0.000469,0.000205,0.000445,0.000208,0.000618,9.8e-05,8.5e-05,0.000325,0.000499,0.000511,0.000456,0.000132,1e-05,0.00031,4.3e-05,0.000164,0.000254,0.000288,0.00036,0.000594,0.000118,0.000335,0.000651,0.000218,0.000175,0.000718,0.016512,0.01644,0.016218,0.016648,0.016365,0.016257,0.016413,0.016569,0.016503,0.016624,0.016461,0.016052,0.01641,0.01667,0.038681,0.038724,0.03828,0.057611,0.072583,0.056934,0.056502,0.05713,0.056794,0.034742,0.035026,0.034953,0.03492,0.034666,0.035115,0.034549,0.034837,0.000163,0.000733,0.000207,2.2e-05,7.7e-05,0.000195,0.000591,0.000154,0.000686,0.0005,0.000516,0.000262,0.000541,0.000612,6.5e-05,0.000377,0.000579,0.000128,0.000305,2.8e-05,0.000683,0.000105,6e-06,0.000174,5.8e-05,2.4e-05,8.4e-05,5.2e-05,0.000384
SpC_ev3,1701209692.0,2,1.003,SpC,0.001665,0.001718,0.001433,0.001439,0.000982,0.000777,0.001378,7.3e-05,0.001383,0.001425,0.00078,0.001576,0.001656,0.00162,0.000612,0.001046,0.000778,0.000175,0.000172,0.001652,0.001233,9.8e-05,0.000418,0.001224,0.001847,0.001048,0.000727,0.001312,0.00055,0.001579,0.001753,0.001388,0.001457,0.001008,0.001045,0.001787,0.001594,0.000499,0.001323,0.000333,0.028925,0.030687,0.028983,0.028934,0.02997,0.029888,0.029604,0.030368,0.03057,0.029739,0.029704,0.030546,0.030243,0.029438,0.029156,0.029738,0.029134,0.029263,0.02942,0.030454,0.030634,0.029178,0.001469,0.000951,0.000915,0.000661,0.001742,0.001352,0.000674,0.001386,0.001038,0.001391,0.001024,0.001134,0.038985,0.039897,0.040585,0.040104,0.040381,0.039561,0.039283,0.001777,0.000652,0.000242,0.001023,0.000211,0.000696,0.001033,0.001347,0.001348
SpC_ev3,1701209696.0,2,0.5,SpC,0.000822,0.000536,0.000175,0.000204,0.000741,0.0004,0.000868,2.5e-05,0.000716,6.9e-05,0.000774,0.000539,0.000464,0.000159,0.000929,0.000458,1.9e-05,0.000531,0.000536,0.00056,0.000845,0.000117,5.5e-05,0.000319,4.3e-05,0.000433,0.001027,4e-05,0.000377,0.000114,1.6e-05,0.000116,0.000689,0.000444,0.000406,0.000836,0.000189,0.000198,0.00056,0.00026,0.000111,0.000585,0.000821,0.00103,0.000969,0.001018,0.0002,2.4e-05,0.02877,0.028831,0.029099,0.028761,0.039847,0.039022,0.039602,0.03985,0.039013,0.039135,0.039181,0.039545,0.039678,0.038995,0.039201,0.039852,0.039879,0.039854,0.039179,0.039671,0.039344,0.039288,0.039018,0.039432,0.011197,0.010949,0.010844,0.011355,0.010911,0.011614,0.000207,0.000534,0.00065,0.001009,0.000586,0.000973,0.000126,0.000772,0.00058,0.000743,0.000966,0.000567
SpC_ev3,1701209700.0,1,0.994,SpC,0.000178,0.000124,0.001304,0.002979,0.002106,0.000382,0.000708,0.001347,0.002796,0.002889,0.00143,0.003141,0.000849,0.001199,0.003103,0.002288,0.003099,0.00273,0.00027,0.002212,0.000754,0.000452,0.002725,0.002326,0.001431,8.8e-05,0.00171,0.00259,0.003144,0.000334,0.002297,0.002647,0.002272,0.00154,2.7e-05,0.000124,0.047162,0.047669,0.045738,0.045937,0.047055,0.04743,0.047754,0.045449,0.045793,0.046376,0.046937,0.04585,0.045606,0.046138,0.047631,0.04573,0.047744,0.046785,0.048142,0.001294,0.001671,0.000993,0.000132,0.000481,0.001294,0.001223,0.003085,0.000195,0.002291,0.001972,0.002,0.001926,9e-06,5.1e-05,0.001834,0.00094,0.001524,0.001612,0.001911,0.002549,0.001027,0.001209,0.000643,0.001993,0.003048,0.002353,0.002192,0.002837,0.00023,0.001816,0.001639,0.001684,0.003008,0.000814
SpC_ev3,1701209704.0,1,0.684,SpC,0.003062,0.002656,0.00426,0.000876,0.001716,0.000883,0.002301,0.000973,0.001331,0.00465,0.00148,0.002517,0.001089,0.003807,0.000293,0.001269,0.001754,0.001031,0.003084,0.003039,0.001605,0.002757,0.000629,0.003105,0.002124,0.001752,0.003485,0.000866,0.002568,0.004162,0.003988,0.003973,0.00351,7.2e-05,0.002979,0.000303,0.004527,0.000534,0.001071,0.002151,0.004757,0.004309,0.004154,0.004639,0.001614,0.002123,0.004594,0.002229,8.4e-05,0.004321,0.003825,0.004295,0.00319,0.000514,0.003601,0.003921,0.114915,0.113182,0.115013,0.111671,0.113062,0.11455,0.111085,0.00391,0.004104,0.000163,0.002643,0.002601,0.000582,0.003191,0.003265,0.000452,0.001111,0.001536,0.001144,0.004423,0.002855,0.004586,0.004559,0.000351,0.003836,0.003398,0.001643,0.002126,0.000898,0.004571,0.00011,0.002477,0.003919,0.00166
SpC_ev3,1701209708.0,2,1.096,SpC,0.001507,0.000772,0.000114,0.000696,0.000178,0.000292,0.000792,0.001573,0.000833,0.000212,9.3e-05,0.001013,0.000591,0.00066,0.000323,0.000987,0.001059,0.001403,0.001517,1.6e-05,0.000362,1e-05,0.001672,0.000298,0.000238,0.000461,0.049059,0.049649,0.049788,0.050023,0.049092,0.050068,0.049659,0.049465,0.048636,0.048915,0.049398,0.049264,0.049646,0.048944,0.001412,0.000614,0.001005,0.00034,0.000902,0.00107,0.001173,0.000628,0.00081,0.001626,0.00021,0.000699,0.018538,0.018176,0.01901,0.018603,0.018014,0.018229,0.018025,0.018981,0.018031,0.018073,0.018514,0.018268,0.018313,0.01798,0.000666,0.001473,0.001465,0.001641,0.001523,0.001342,0.000893,0.00018,0.000365,0.000524,0.00128,0.001391,0.000201,0.001358,0.000152,0.000509,0.000699,0.001313,0.001449,0.000823,0.001547,0.000904,0.000285,0.001495
SpC_ev3,1701209712.0,2,0.3,SpC,0.000468,0.000498,0.000357,0.000522,0.000411,0.000446,0.000685,0.000366,0.000444,3.3e-05,0.000501,0.000276,0.000375,0.000245,0.000846,0.000378,0.000507,0.000235,0.000196,3e-06,0.000618,0.000634,0.000379,0.000892,0.000513,0.000662,0.000619,0.000874,0.000714,0.0004,0.000823,0.000634,0.000487,0.000604,0.000475,0.00081,0.000156,0.000567,0.000808,0.040804,0.04028,0.040345,0.040476,0.040074,0.040478,0.040747,0.040677,0.040772,0.040337,0.040025,0.040133,0.040289,0.040843,0.040668,0.04016,0.040492,0.040248,0.040846,0.040452,0.040043,0.040826,0.026393,0.027049,0.026372,0.00014,0.000614,3.3e-05,0.000875,0.000458,0.000225,0.000179,0.000275,0.00059,0.000509,0.000165,0.000403,0.000263,0.000229,0.000701,0.000178,0.000126,0.000673,0.000673,0.000834,0.00069,5.7e-05,0.000623,0.000545,0.00029,0.000363
SpC_ev3,1701209716.0,3,0.8,SpC,0.000513,0.000421,0.000669,0.000827,1.7e-05,0.000545,0.000727,4.2e-05,0.000587,0.000356,0.000519,0.000637,0.000655,0.000503,0.000839,0.000245,0.000535,3.4e-05,0.000192,0.000633,0.000813,0.000874,0.000258,0.000832,0.000753,2.3e-05,0.000278,0.00083,0.000456,3.6e-05,0.00015,0.000241,0.000252,0.000634,0.00045,0.000523,0.000737,5.8e-05,0.000781,0.000737,0.000188,0.000554,0.017167,0.016747,0.016688,0.016444,0.016804,0.017261,0.016528,0.017157,0.017274,0.017283,0.017202,0.016646,0.016531,0.017247,0.016425,0.040557,0.040527,0.039921,0.040589,0.040026,0.040584,0.039914,0.040621,0.040231,0.040175,0.034117,0.034645,0.034225,0.034327,0.034298,0.034252,0.034933,0.010868,0.011136,0.011445,0.011305,0.01094,0.011179,0.011204,0.000613,0.000412,0.000872,0.000275,0.000796,0.00067,3.4e-05,0.00016,0.00079
SpC_ev4,1701296000.0,3,0.26,SpC,0.000379,0.000613,0.000509,0.000394,0.000347,0.000478,0.000207,0.000964,2.1e-05,0.000638,0.000723,0.000911,0.000399,0.000724,0.000604,0.000393,6.3e-05,0.000416,0.001011,0.000927,0.000568,0.000822,0.000441,0.000862,0.000239,0.001079,3.9e-05,0.000872,0.000281,2e-05,0.000813,9.6e-05,0.000783,0.00042,3.1e-05,0.000475,0.000737,0.000823,0.000668,4e-06,0.000555,0.000602,0.000773,0.000898,0.000717,0.000214,0.000544,0.00037,0.000386,0.000797,0.000109,0.000167,0.027434,0.028154,0.028105,0.027383,0.028193,0.027547,0.028401,0.048568,0.049484,0.048454,0.048971,0.048511,0.048601,0.000171,0.001045,0.001092,0.000447,0.000252,0.000966,0.025121,0.025329,0.025318,0.024893,0.025065,0.024887,0.02568,0.025669,0.025352,0.025738,0.024953,0.025778,0.025561,0.025191,0.024884,0.025363,0.025684,0.025393,0.025438
SpC_ev4,1701296004.0,3,0.674,SpC,0.00069,0.000218,1.5e-05,9.4e-05,0.000668,5.8e-05,0.000135,0.000433,0.000566,0.000239,0.000721,0.000781,0.000116,0.000738,0.000735,0.000778,0.0005,0.000232,0.000723,4.7e-05,5.8e-05,0.000297,0.000546,0.000505,0.000398,0.000589,7.2e-05,0.000292,0.000641,0.00023,0.000231,0.000179,0.000363,7.4e-05,0.000201,0.00027,5e-05,0.000447,2.5e-05,0.014261,0.013806,0.014275,0.014145,0.033659,0.03346,0.033487,0.033347,0.033902,0.033613,0.033844,0.033524,0.033959,0.033751,0.033748,0.033993,0.034072,0.033674,0.033809,0.033505,0.033433,0.020331,0.036695,0.036506,0.036308,0.036393,0.016462,0.01663,0.016609,0.017161,0.01709,0.01706,0.016488,0.016465,0.01679,0.016537,0.017017,0.000546,0.000618,0.000154,0.000586,0.0004,0.000171,0.000288,0.000696,0.000519,0.000714,0.000559,0.000261,0.000393,0.000337
SpC_ev4,1701296008.0,4,0.154,SpC,8.4e-05,0.000216,0.000408,0.000209,0.000384,5.7e-05,0.000418,0.000161,0.000196,0.000529,1.6e-05,2.5e-05,0.000357,0.000252,0.000323,0.000402,0.000311,0.000178,0.000124,0.000372,0.000224,5.5e-05,0.000164,0.000125,0.000339,2.6e-05,0.000357,0.000296,0.000309,0.000509,0.000161,8.4e-05,0.009519,0.009428,0.009557,0.009081,0.009259,0.009476,0.009206,0.009612,0.009587,0.018679,0.035325,0.0451,0.04508,0.044797,0.044813,0.045008,0.044735,0.045168,0.045111,0.045094,0.044806,0.026398,0.026201,0.026005,0.026456,0.026409,0.026255,0.026003,0.026443,0.026073,0.02605,0.025976,0.026095,0.016715,0.016541,0.016901,0.016822,0.0169,0.000259,0.000267,0.000404,7.3e-05,0.000245,0.000509,0.000471,0.000357,0.000272,0.000236,0.000127,0.000169,0.000149,0.000401,0.000174,0.00047,0.00038,0.000124,0.00023,0.000328
SpC_ev4,1701296012.0,2,0.191,SpC,0.001151,0.001114,0.001202,0.001693,0.000598,0.000425,0.000501,0.000507,0.000249,0.001721,0.000995,0.001595,0.000566,0.001225,0.001567,0.000203,0.001135,0.001397,0.00131,0.001762,0.001475,0.000532,0.001725,0.000646,0.00048,0.000341,0.001576,0.00074,0.000741,0.000822,0.000632,0.000474,0.000488,0.000596,0.000606,0.001273,0.001227,0.000992,0.000134,0.001331,3.5e-05,0.000499,4.3e-05,0.000375,0.000355,0.000268,0.00169,0.001586,0.000603,0.000174,0.000223,6.3e-05,0.027905,0.027899,0.026887,0.026731,0.060469,0.060862,0.061944,0.06062,0.061471,0.060887,0.06105,0.060586,0.061992,0.034902,0.034822,0.034028,0.034899,0.035053,0.035379,0.033625,0.035197,0.001361,0.001526,0.001652,0.001751,0.000288,0.000559,0.0008,0.0,0.000819,0.001363,0.001474,0.001529,0.000222,0.001324,0.001541,0.001181,0.001742
SpC_ev4,1701296016.0,3,0.319,SpC,0.000119,0.00059,0.000101,0.000223,0.000189,0.000729,0.000216,0.000373,2.9e-05,0.000623,0.000658,7.7e-05,0.000483,0.000536,7.6e-05,0.000258,0.000498,0.000325,0.000664,0.000416,0.000282,0.000369,0.00013,0.000677,0.000673,9.2e-05,0.000316,5.4e-05,0.000175,0.000581,0.00041,0.000329,1.4e-05,0.021051,0.020673,0.020832,0.020919,0.021156,0.020803,0.021122,0.020703,0.021205,0.020602,0.020535,0.020996,0.020947,0.020766,0.020873,0.02069,0.020878,0.038617,0.038375,0.038048,0.038207,0.038159,0.017871,0.017746,0.034141,0.03391,0.03425,0.034237,0.034248,0.034295,0.034592,0.017494,0.018109,0.017535,0.017763,0.017456,0.017418,0.018134,0.018122,0.017884,0.000455,4.2e-05,0.000415,0.000639,0.000594,0.000305,0.000205,0.000685,0.000503,0.000455,0.00068,0.000658,0.000535,0.000216,0.000387,0.000297,0.000277
SpC_ev4,1701296020.0,2,0.452,SpC,0.000103,0.000725,0.000341,0.000733,0.00031,0.00058,0.000428,0.000499,0.000482,5.9e-05,0.00105,0.001241,0.000474,0.00028,0.000416,0.00153,0.000979,0.000438,0.000237,0.001491,0.000616,0.000657,0.00093,0.001144,0.001176,0.00041,0.000479,0.001316,0.000191,2.1e-05,0.000861,0.000624,0.001449,3.4e-05,0.000351,0.001052,0.00137,0.022953,0.023899,0.023007,0.022616,0.022975,0.050244,0.05064,0.050157,0.049329,0.050247,0.049446,0.050023,0.050221,0.049297,0.049643,0.049356,0.050444,0.049701,0.049724,0.023923,0.023738,0.023506,0.024044,0.023847,0.02386,0.000229,0.001384,0.000691,0.000426,0.000411,0.000572,0.000364,7e-05,0.001105,0.000959,0.000617,0.000574,5.1e-05,0.001232,0.000109,0.00033,9.2e-05,0.000291,0.001099,0.000594,0.000944,0.001011,0.000522,0.00059,0.001534,0.000881,0.000408,0.000995
SpC_ev4,1701296024.0,1,1.155,SpC,0.000148,0.001188,0.000938,0.00023,0.001294,0.001801,0.000367,0.001858,0.001622,0.001674,0.001293,0.001412,0.001119,0.001633,0.00141,0.001323,0.001216,0.001031,1.3e-05,0.000871,0.00145,0.001075,0.00018,0.001829,0.001082,0.000679,0.000123,0.000132,0.00107,0.001738,0.001293,0.037572,0.037928,0.037174,0.037513,0.037764,0.036968,0.03816,0.036816,0.037205,0.037722,0.036845,0.037038,0.037088,0.037209,0.036417,0.03771,0.038252,0.037701,0.037214,0.036572,0.037007,0.036466,0.037198,0.038005,0.036753,0.000272,0.00077,0.001158,0.000835,0.001239,0.00075,0.000407,0.001396,0.000179,0.001116,6e-06,0.001792,0.000901,0.000746,0.000775,0.001843,0.001391,0.001231,0.00092,0.001259,0.001822,0.001515,7.3e-05,0.001834,0.001397,0.0016,0.000166,0.001159,0.000629,0.000968,0.001131,0.000149,0.001727,0.001459
SpC_ev4,1701296028.0,4,1.137,SpC,0.000709,0.000198,4.5e-05,0.000506,0.000228,0.000351,0.000253,0.000275,0.000673,0.000674,0.000517,0.000104,0.00046,0.000296,0.000708,5e-05,5.9e-05,3.3e-05,0.000152,0.000157,0.000121,0.000298,0.000276,0.000672,0.000619,0.000362,0.000684,0.000284,4e-06,0.000178,7.6e-05,0.000715,8e-05,6.6e-05,0.000313,0.000408,0.000458,0.000268,0.000499,0.000599,0.00045,0.000475,0.031408,0.03123,0.031073,0.031332,0.031342,0.031528,0.030892,0.0313,0.064002,0.06416,0.063955,0.043158,0.042976,0.043168,0.043081,0.042827,0.042802,0.043301,0.043296,0.042804,0.023216,0.022874,0.02324,0.013539,0.013039,0.013002,0.013264,0.013362,0.013388,0.00012,0.000459,0.000141,0.00011,0.000157,0.000148,0.00021,0.000491,0.000595,0.000255,0.000618,0.000689,0.00044,0.000608,0.000287,0.000585,0.000359,0.000613,0.000203
SpC_ev4,1701296032.0,3,0.474,SpC,0.000452,0.000296,0.000146,0.000336,4e-06,8e-06,4.9e-05,0.000112,0.000735,0.000722,0.000333,5.7e-05,0.000153,0.000259,0.00076,0.000243,0.000277,0.000576,0.000345,0.000381,8.5e-05,0.00026,0.000573,0.000492,0.000557,0.000239,0.000264,0.000207,0.00071,0.000563,0.000752,0.000513,0.017327,0.017389,0.016864,0.016804,0.017204,0.016635,0.017368,0.017024,0.01736,0.017059,0.017343,0.017077,0.017258,0.016704,0.035387,0.035454,0.035628,0.035505,0.03587,0.035587,0.054777,0.054444,0.054803,0.03784,0.038008,0.037608,0.038154,0.019235,0.019495,0.01932,0.019478,0.019091,0.019436,0.019602,0.019356,0.019657,0.019198,0.019143,0.000458,0.000303,0.000337,0.000592,0.000639,8.9e-05,0.000277,1e-05,0.000398,2.4e-05,0.000686,0.000508,0.000208,0.000288,0.000377,0.000184,0.000125,0.000655,0.000249,0.000644
SpC_ev4,1701296036.0,2,0.635,SpC,0.000162,0.001357,0.000963,0.000109,0.000371,0.001348,0.00115,7.3e-05,0.000709,0.000988,0.001019,0.000476,0.000184,0.000604,0.000566,0.000794,0.001111,0.000873,0.000207,0.000914,0.001458,0.000603,0.000282,0.000983,0.000964,0.000173,2.1e-05,0.000923,0.000449,0.001197,0.000759,0.000437,0.01617,0.016027,0.01608,0.016175,0.01631,0.015879,0.015898,0.016554,0.016244,0.016041,0.016743,0.0164,0.043903,0.04453,0.044532,0.044259,0.043762,0.029205,0.02885,0.028856,0.02879,0.028358,0.029371,0.028341,0.02815,0.028222,0.029121,0.028497,0.029135,0.028155,0.0288,0.028093,0.02872,0.029235,0.028844,0.028781,0.000221,0.000569,0.000706,0.000757,0.001218,0.000119,0.001279,0.000592,0.001379,0.000984,0.000188,0.00048,0.000458,0.001332,0.000107,0.000667,0.000899,0.001387,0.000338,0.001209,0.001295,0.000557
SpC_ev4,1701296040.0,3,1.293,SpC,0.000428,0.00072,0.000498,0.000483,0.000511,0.000525,0.000292,0.000155,0.000484,0.000457,0.000305,0.000706,0.000364,0.000155,0.000233,0.000211,0.00011,0.000197,0.000633,9.3e-05,0.000356,1e-06,0.000145,0.000337,0.000825,0.000793,0.000813,0.000354,0.000845,0.000572,0.000624,0.000451,0.000391,0.000692,0.00011,0.000194,0.010166,0.010812,0.010547,0.010656,0.01053,0.01084,0.010661,0.030346,0.030218,0.030182,0.03039,0.030538,0.030301,0.030654,0.030262,0.030188,0.030736,0.030683,0.030012,0.030297,0.050413,0.050479,0.040081,0.040361,0.040154,0.040732,0.040122,0.040797,0.040192,0.020567,0.02076,0.020426,0.020054,0.020861,0.020238,4.4e-05,0.000593,0.000784,0.000414,0.000602,0.000831,0.000188,0.000522,0.00078,0.000637,0.000683,0.000589,0.000803,4.8e-05,0.000871,0.000242,0.000128,0.000421,0.000499
SpC_ev4,1701296044.0,1,0.123,SpC,8e-06,0.000992,0.001474,0.002075,0.000519,1.8e-05,0.000487,0.002162,0.001961,0.001775,0.000151,0.000202,0.002098,0.000939,0.001223,0.000587,0.000715,0.001468,0.000963,0.001286,0.000414,0.000752,0.002048,0.000359,0.001793,0.000356,0.000433,0.000359,0.001272,0.001361,1e-06,0.001233,0.000321,0.000741,0.001812,0.002238,0.000748,0.00229,0.000148,0.000376,0.000115,0.001443,0.000111,0.001164,0.001579,0.001062,0.001068,0.002273,0.000639,0.001931,0.000173,0.001203,0.000417,0.001495,0.000464,0.001283,0.000532,0.000715,0.06637,0.065758,0.065525,0.065974,0.06617,0.06591,0.064835,0.06549,0.065865,0.064544,0.066587,0.065579,0.06479,0.064459,0.000638,0.00227,0.001862,0.000673,0.002205,0.001821,0.000371,0.001285,0.001291,0.001475,0.001314,0.002085,0.001998,0.001875,0.000889,0.000139,0.001581,0.000548
SpC_ev4,1701296048.0,3,1.164,SpC,0.000882,0.001118,0.001004,4.5e-05,0.000783,9.3e-05,5e-05,0.000929,0.000175,0.001081,0.000511,0.000526,0.000996,0.000945,0.000494,0.000201,0.000803,0.000866,0.000625,1.7e-05,0.000522,0.00096,0.001133,0.00074,6.8e-05,0.000669,0.001067,0.000629,0.000437,0.000551,9e-05,0.000953,0.000902,0.000164,0.000641,0.001131,0.000212,7.4e-05,0.001052,0.000256,0.001143,0.000118,3.5e-05,0.000211,0.000271,0.000458,3.1e-05,8.8e-05,0.000326,0.000909,0.000984,0.000981,6e-06,0.021802,0.021893,0.022165,0.022056,0.022171,0.022022,0.022047,0.043203,0.021962,0.021783,0.022158,0.021789,0.021458,0.022478,0.021735,0.022238,0.021993,0.022018,0.022071,0.022297,0.043719,0.043798,0.044057,0.043608,0.044286,0.043372,0.043918,0.043396,0.022946,0.022636,0.023016,0.022771,0.021954,0.02188,0.022807,0.000217,0.000321
SpC_ev4,1701296052.0,1,0.153,SpC,0.002166,0.002365,0.002219,0.000544,0.001065,0.001298,0.001885,0.001307,0.000456,0.00058,3.7e-05,0.002029,0.002082,0.000215,0.001813,0.000494,0.000666,0.001033,0.001622,0.002501,0.000826,0.001381,0.000888,0.00091,0.000123,0.000273,0.001639,0.000141,2.9e-05,5.3e-05,0.00098,0.000107,0.001512,0.000805,0.001778,0.001837,0.001974,0.001694,0.001687,0.000737,0.001661,2.5e-05,0.001941,0.001669,0.001334,0.00177,0.001195,0.000928,0.000954,0.002227,0.002187,0.001313,0.002007,0.001113,0.000734,0.002616,0.00178,0.000387,0.040544,0.042427,0.041464,0.042454,0.041717,0.041288,0.041399,0.042465,0.042354,0.041533,0.042138,0.040298,0.042161,0.042073,0.041462,0.040132,0.04158,0.040868,0.041337,0.040403,0.04107,0.041085,0.002061,0.000914,0.001554,0.001773,0.001317,0.000257,0.001985,0.001451,0.002565,0.002279
SpC_ev4,1701296056.0,3,1.166,SpC,0.00045,0.00074,0.000701,0.000623,0.000935,0.000638,0.00025,0.000275,0.000602,0.000824,9.4e-05,0.000761,0.00042,0.000527,0.000228,0.000451,0.000556,0.000382,0.00076,0.022387,0.022439,0.022656,0.022032,0.02229,0.02265,0.022562,0.021826,0.022407,0.022249,0.022163,0.022064,0.022194,0.02241,0.022718,0.022309,0.00093,4.4e-05,0.000537,0.000811,0.000809,0.000219,0.000852,0.000351,0.000653,0.000613,0.000161,0.00033,0.000929,0.000143,0.000259,0.000461,0.000376,0.00062,0.000591,0.000539,0.000143,0.000467,0.016186,0.016549,0.016582,0.016173,0.04355,0.043151,0.043555,0.043357,0.043711,0.043787,0.043636,0.043649,0.043566,0.043674,0.043264,0.043011,0.027377,0.00027,0.000844,0.000333,7.5e-05,0.00079,0.0004,5.8e-05,5.1e-05,0.000641,0.000161,0.000253,0.000132,0.000842,0.000463,0.000596,0.000906
SpC_ev4,1701296060.0,3,1.252,SpC,0.000915,0.000294,0.000164,0.00056,0.000373,0.000888,0.000758,0.000355,0.000443,6.1e-05,0.000785,0.00069,0.000133,0.00078,0.000641,0.000278,0.000818,0.000631,5.5e-05,0.00071,0.00026,0.000451,0.000772,0.000518,0.00016,0.000225,4.8e-05,0.000115,0.001026,0.001019,0.000533,0.000264,0.000863,0.000341,4.2e-05,0.000269,0.00066,0.000641,0.028093,0.050248,0.049442,0.05017,0.04932,0.050268,0.049843,0.04969,0.049807,0.021954,0.022597,0.021958,0.022331,0.022381,0.022094,0.022617,0.022074,0.022179,0.022018,0.022181,0.022653,0.021969,0.042677,0.041941,0.042034,0.042975,0.042382,0.020829,0.020195,0.000527,0.000753,0.000628,0.000169,0.000549,0.00097,0.000889,0.000252,0.000258,0.001034,0.000971,0.000268,0.000156,0.000458,0.000974,7.9e-05,4e-06,0.001017,5.8e-05,0.000955,0.000494,0.000141,0.000935
SpC_ev4,1701296064.0,1,0.734,SpC,0.001109,0.000976,0.000388,0.00173,0.000206,0.001959,9.1e-05,0.001829,0.000672,0.000584,0.001659,0.00164,0.000306,0.001465,0.001103,0.001411,0.00038,0.001876,0.001849,0.000895,0.00106,0.001863,0.000186,0.000663,0.001674,0.001027,0.001516,0.00052,0.000731,0.001735,0.000206,0.001921,0.001576,0.000228,0.001905,0.001741,0.000742,0.001642,0.000112,0.000745,0.00042,0.001328,0.001453,0.001274,0.001738,0.000651,0.001421,0.001112,0.000643,0.000511,0.000468,0.047883,0.049057,0.049083,0.048855,0.047465,0.047468,0.049067,0.049066,0.048958,0.047575,0.047892,0.049062,0.048877,0.04867,0.049115,0.049181,0.049365,0.04824,0.048868,0.001047,0.001818,0.000446,0.000267,0.001222,0.001118,0.001911,0.001855,0.000927,7.5e-05,0.001771,0.001797,0.001835,0.00129,0.000146,0.00126,0.000552,3.6e-05,0.000379,0.001558
SpC_ev4,1701296068.0,4,0.777,SpC,0.000316,0.000462,0.000395,0.000498,0.000231,0.000615,0.000672,0.000294,0.000208,0.00019,5.5e-05,0.000628,0.000279,0.000653,0.000561,0.000492,0.0004,0.000677,0.000143,0.000262,0.000159,0.00022,0.000192,1.4e-05,0.000199,0.000297,0.000153,0.000113,0.000444,0.000543,0.000308,0.000543,0.000671,0.000354,0.00059,0.000279,0.000438,0.014839,0.015083,0.015117,0.01519,0.015214,0.015384,0.014816,0.014761,0.014761,0.015307,0.014768,0.014979,0.014737,0.015048,0.043152,0.043231,0.060876,0.046332,0.046148,0.046139,0.046101,0.045805,0.046335,0.027283,0.027236,0.027583,0.027475,0.027603,0.027265,0.027301,0.027423,0.027663,0.027331,0.027008,0.027658,0.009205,0.009787,0.000315,0.000532,0.000488,0.000132,0.000412,6.3e-05,0.000317,0.000288,2.9e-05,0.000289,2.4e-05,0.000121,9e-05,0.000662,0.000599,0.000149
SpC_ev4,1701296072.0,4,0.524,SpC,0.000223,0.000581,0.000173,0.000139,6.6e-05,7.3e-05,6.1e-05,0.000235,0.000593,0.000486,0.000359,0.000129,0.000213,0.000385,0.000141,0.000321,0.000527,0.000389,0.000311,0.000677,0.000563,0.000453,0.000527,0.000626,0.000603,7.3e-05,0.000422,0.000514,1.4e-05,0.000162,0.00045,0.000341,5.9e-05,0.000529,0.000249,0.000706,0.000678,0.000682,0.000593,0.00043,0.000127,0.000716,0.00069,0.000242,0.037981,0.038355,0.03782,0.051232,0.051236,0.051205,0.051312,0.051661,0.051228,0.05124,0.05126,0.051767,0.071537,0.04947,0.050156,0.050011,0.033434,0.033791,0.033955,0.033986,0.013876,0.014025,0.013784,0.000561,0.000555,0.000668,0.000374,0.000205,0.000393,3.5e-05,0.00029,0.000209,0.000563,0.000172,0.000476,0.000438,0.000303,0.000296,0.000139,0.000512,0.000711,0.000116,0.000582,0.000673,0.000535,0.000342
SpC_ev4,1701296076.0,3,1.221,SpC,0.000562,0.000279,0.000725,0.000569,0.000195,0.00057,0.00064,0.000728,0.000586,0.000298,0.000741,0.000462,0.000314,0.000171,0.000348,0.000141,0.000477,0.000662,0.000565,0.000301,0.000267,0.000256,5.8e-05,0.000716,0.000635,0.000507,0.00017,0.000383,0.000397,0.000206,9.3e-05,0.000205,0.00076,0.000277,6e-06,0.020713,0.020223,0.020304,0.020723,0.020561,0.02069,0.020635,0.020595,0.020152,0.020683,0.020607,0.020879,0.020612,0.020189,0.020221,0.036869,0.037163,0.036611,0.036977,0.055911,0.056587,0.056567,0.056182,0.05662,0.036072,0.036268,0.036486,0.036518,0.036347,0.036543,0.019763,0.000382,0.000731,0.000505,0.000293,0.000444,0.000371,0.000749,0.000419,0.000746,0.000632,0.000607,0.000662,0.000341,0.000428,2.7e-05,0.000647,0.000365,5.7e-05,0.000401,0.000179,0.000447,0.000236,0.000716,7.2e-05
SpC_ev5,1701382400.0,4,0.166,SpC,0.000654,0.000136,0.000184,0.000748,0.000353,0.00024,0.000265,0.000621,0.000768,0.000232,0.000238,0.000499,0.000171,8.8e-05,0.000547,0.000615,0.000585,0.000655,0.000319,0.000271,0.000495,0.000438,0.000663,0.000273,0.000372,0.00049,0.000131,0.00037,0.000768,0.000383,6.1e-05,0.000709,0.000563,0.000156,0.000596,0.000389,0.000448,0.000698,0.000214,0.000131,0.0,0.000622,1.9e-05,0.000136,0.00027,0.000726,0.000406,0.021466,0.021075,0.021029,0.021517,0.021048,0.03635,0.035735,0.036192,0.036217,0.036256,0.036044,0.036312,0.015399,0.015217,0.014677,0.014835,0.015051,0.015191,0.015253,0.015002,0.015395,0.036641,0.037228,0.036965,0.036737,0.037376,0.022016,0.037893,0.015818,0.016362,0.016239,0.016281,0.015826,0.015954,0.016191,0.016013,0.015992,0.016207,0.015812,0.01599,0.01617,0.016378,0.015933
SpC_ev5,1701382404.0,3,1.289,SpC,2.9e-05,0.000622,0.000439,0.000204,9.7e-05,0.000825,0.000637,1.7e-05,0.000288,0.000378,0.000293,0.000497,0.000503,0.000375,0.000124,0.000528,0.000499,0.000605,0.000516,0.000729,0.000502,0.000438,0.000801,0.000462,0.00081,0.00037,5.7e-05,0.000422,0.000376,0.00056,0.000818,0.00016,0.000726,0.00053,0.0005,0.020812,0.020599,0.020544,0.020928,0.02048,0.020404,0.020672,0.020891,0.020504,0.020866,0.020593,0.041691,0.041614,0.04183,0.041868,0.041926,0.041837,0.041252,0.041261,0.041665,0.041822,0.041645,0.041475,0.021564,0.030168,0.029854,0.030304,0.030222,0.029949,0.030087,0.009463,0.009415,0.009377,0.008819,0.009102,0.000647,0.000169,0.000747,0.000281,0.000486,6e-06,0.000284,0.00064,0.000429,0.000425,0.000829,0.000826,0.000136,0.000219,0.000379,0.000562,0.000259,0.000212,0.000832,0.00039
SpC_ev5,1701382408.0,1,0.161,SpC,0.000509,0.001838,0.0006,0.000833,0.001843,0.001634,0.000761,0.001239,0.000324,0.001388,2.8e-05,0.001738,0.000337,0.001371,0.002081,0.000335,0.000538,5.9e-05,0.000787,0.001448,0.002262,3.8e-05,0.000497,0.001131,0.001662,0.000332,0.00157,0.000774,0.002062,0.002164,0.000123,7.6e-05,0.000277,0.002219,0.002206,0.000877,0.00225,0.000121,0.00241,0.002104,0.000212,0.001352,0.000456,0.001779,0.001882,0.002431,0.002242,0.001652,0.000269,0.00121,0.001429,0.001412,0.069628,0.069903,0.070482,0.068909,0.070636,0.069359,0.069546,0.070387,0.069833,0.068697,0.070814,0.069834,0.070319,0.001978,0.000128,0.002036,0.000463,0.001103,0.001937,0.001286,0.000896,0.001947,0.001355,0.001209,0.000234,0.001404,0.000524,0.002045,0.002024,0.001077,0.001135,0.000143,0.000236,0.002029,0.001065,0.001378,0.002057,0.00079
SpC_ev5,1701382412.0,4,0.236,SpC,0.000365,0.000492,0.000684,0.00013,0.000189,0.000365,0.000417,0.000567,0.000209,0.00041,1.1e-05,0.00067,0.000194,0.000494,0.000344,0.000695,0.000223,3.7e-05,0.000612,0.000276,0.000624,0.000665,1.5e-05,0.00025,0.000261,0.00058,0.000547,0.000143,0.000246,8e-05,0.000247,0.000628,0.000333,0.000588,0.000222,0.000493,0.000568,0.008657,0.008733,0.008621,0.026392,0.025857,0.025932,0.026092,0.026382,0.026229,0.026044,0.026277,0.042672,0.042392,0.042326,0.050668,0.050661,0.05125,0.050794,0.05102,0.050972,0.051323,0.051117,0.042929,0.042965,0.025474,0.025003,0.00881,0.008537,0.008717,0.008595,0.00877,0.008789,0.008613,0.009256,0.000603,0.000536,0.00042,0.000525,0.000594,0.000486,0.000592,0.000724,0.000611,0.000399,2.2e-05,0.000694,5.5e-05,0.000222,0.000742,0.000657,0.000525,0.000455,0.000398
SpC_ev5,1701382416.0,3,0.377,SpC,0.000811,0.000695,0.000192,0.000378,0.000658,0.000578,0.0004,0.000453,0.000873,0.000277,0.000688,0.000545,4.6e-05,0.000386,0.000585,0.000873,0.000138,0.000333,0.000484,0.000324,0.000572,0.000742,0.000576,0.000546,0.000476,0.000501,0.000147,0.000341,0.000218,0.000457,0.000836,0.00082,9.2e-05,0.000746,0.000652,0.000991,0.000668,0.000136,0.00062,6.9e-05,0.000608,0.023098,0.022796,0.023237,0.023065,0.022792,0.023388,0.023386,0.023453,0.023673,0.046009,0.045952,0.045486,0.045837,0.046372,0.022922,0.023332,0.036509,0.036664,0.036095,0.036326,0.036252,0.035999,0.036761,0.036045,0.036469,0.036429,0.03611,0.036376,0.036037,0.013249,0.000834,0.000952,2.6e-05,4.3e-05,0.000953,8e-05,5.6e-05,0.000593,8.2e-05,0.001011,0.000329,0.000683,0.000549,0.000325,0.000676,7.4e-05,0.000719,0.000896,0.000467
SpC_ev5,1701382420.0,1,0.835,SpC,0.002156,0.002197,0.001853,0.002271,0.002094,0.000158,0.001219,0.00056,4e-05,0.001455,0.002394,0.001307,0.00208,0.003235,0.00167,0.002207,0.002188,0.002504,0.001581,0.001554,0.003044,0.000772,0.000577,0.001686,0.000387,0.002865,0.001476,0.003089,0.00169,0.002762,0.000118,0.001222,0.000589,0.001767,0.001911,0.000972,0.002421,0.001574,0.001963,0.000307,0.00017,0.003043,0.002418,0.001926,0.000841,8.4e-05,0.00201,0.001372,0.001345,0.000669,0.00264,0.002191,0.001182,9.9e-05,0.001117,0.002439,0.001167,0.000968,0.001641,0.001587,0.003265,0.038352,0.037419,0.038775,0.037511,0.039299,0.040054,0.03827,0.037309,0.038319,0.037799,0.038375,0.039414,0.03951,0.039304,0.038572,0.037682,0.039022,0.040067,0.038116,0.037597,0.039597,0.039072,0.04033,0.000194,0.003085,0.003042,0.001505,0.001614,0.002702
SpC_ev5,1701382424.0,3,0.126,SpC,0.000452,0.00086,0.00026,0.000234,0.00046,5.3e-05,3e-05,0.000829,0.00064,0.000469,0.000263,0.000813,0.000619,0.000178,0.000546,0.000728,0.000156,0.000216,0.000549,0.000119,0.000498,0.000668,0.000305,0.000111,0.000204,0.000544,0.000318,0.000452,0.000506,0.000106,0.000621,0.010912,0.011208,0.010714,0.011061,0.010816,0.011272,0.010746,0.033316,0.033602,0.033513,0.033494,0.032833,0.033417,0.033228,0.033356,0.033326,0.033142,0.022752,0.022741,0.022515,0.022823,0.022867,0.02306,0.022447,0.022375,0.022731,0.022353,0.022618,0.022612,0.022423,0.000808,0.000151,0.000443,7.1e-05,0.000352,0.000827,0.015427,0.015756,0.01512,0.015636,0.015662,0.01542,0.015806,0.015043,0.015023,0.015894,0.015224,0.015844,0.015352,0.015149,0.015511,0.015334,0.015516,0.015269,0.000344,0.000381,0.000253,0.000755,0.000548
SpC_ev5,1701382428.0,4,0.901,SpC,0.000329,0.000206,0.000281,0.000291,1.7e-05,0.000292,7.8e-05,0.000763,0.000327,0.000543,0.000665,0.000443,0.000614,0.000425,0.000707,0.000147,0.000128,3.8e-05,0.000274,0.000789,0.000788,3e-05,0.000304,0.000624,0.000617,0.000413,0.000115,0.000108,0.000641,0.000657,0.000602,0.000128,2.9e-05,0.000531,0.000586,0.000145,0.000575,0.000405,0.000471,0.000204,0.00027,0.000474,0.000753,2.7e-05,0.000124,0.018467,0.019217,0.018614,0.018682,0.019065,0.018775,0.041055,0.050888,0.051035,0.050781,0.050567,0.050662,0.032407,0.032415,0.032263,0.032275,0.032659,0.032154,0.010033,0.010037,0.009798,0.009779,0.01047,0.01038,0.010418,0.010388,0.010501,0.024658,0.024453,0.014949,0.015064,0.015259,0.014814,0.015412,0.014983,0.015162,0.014947,0.015071,0.014786,0.014701,0.015018,0.015114,0.014704,0.015023,0.015121
SpC_ev5,1701382432.0,1,0.51,SpC,0.001317,0.003483,0.002527,0.003322,0.004006,0.001146,0.001951,2e-06,0.001019,0.002348,0.000707,0.001488,0.003305,0.003159,0.003945,0.000925,0.004044,0.001369,0.001543,0.002489,0.002215,0.003165,0.001964,0.002855,0.002502,0.00158,0.002118,0.003365,0.001005,0.003577,0.00114,0.000979,0.001322,0.00048,0.00232,0.004054,0.002822,0.000306,0.002069,0.000659,8e-05,0.002839,0.001743,0.002386,0.001866,0.004014,0.00165,0.003494,0.000276,0.003066,0.002545,0.060825,0.059187,0.059219,0.061112,0.060022,0.059964,0.059207,0.060387,0.060097,0.05863,0.058885,0.059811,0.061727,0.059435,0.003299,0.0029,0.003534,0.004105,0.003324,0.002007,0.001852,0.001858,0.000478,0.003538,0.001299,0.001175,0.001291,0.001608,0.00065,0.003334,0.003222,0.002777,0.002038,5.9e-05,0.002574,0.00159,0.000395,0.003699,0.000335
SpC_ev5,1701382436.0,1,0.318,SpC,0.001449,0.001686,0.002787,0.002076,0.000964,0.002232,0.00075,0.002747,0.001861,0.001402,0.002288,0.002102,0.001175,0.001951,0.001618,0.000914,0.002928,0.003161,0.002335,0.000374,0.002673,0.000199,0.002512,0.002205,0.002885,0.001881,0.002079,0.002959,0.001234,0.000483,0.003471,0.003318,0.001249,0.000833,0.003002,0.002313,0.002457,0.001714,0.002067,0.002669,0.001524,0.001411,0.000777,0.002733,0.001006,0.000224,0.003528,0.002369,0.000255,0.00011,4.1e-05,0.00219,0.001087,0.002839,0.003529,6.9e-05,3.9e-05,0.000359,0.000524,0.001113,0.000309,0.001117,0.00049,0.002273,0.001708,0.003007,0.002843,0.001024,0.00048,0.002437,4.2e-05,0.000159,0.002038,0.000394,0.001339,0.003356,0.067143,0.068623,0.065847,0.067297,0.066766,0.06761,0.066896,0.067232,0.065969,0.065744,0.068084,0.066529,0.067246,0.001264
SpC_ev5,1701382440.0,1,0.43,SpC,0.001221,0.000953,0.000126,0.003152,0.000315,0.001257,0.000138,0.00114,0.000306,0.000736,0.003217,0.000705,0.00241,0.001828,0.000864,0.00218,0.002333,0.003044,0.002952,0.002742,0.003113,0.001892,0.000758,0.000694,0.001149,0.000831,0.002004,0.000478,0.002604,9.6e-05,0.000838,0.003147,0.001317,0.001149,0.002337,0.000697,9.6e-05,0.000125,0.002256,0.003007,0.001478,0.001415,0.002794,0.001289,0.001196,0.003068,0.037892,0.037323,0.040063,0.038444,0.039719,0.038997,0.038838,0.040062,0.039248,0.039875,0.039314,0.039433,0.038622,0.03977,0.038646,0.037837,0.039965,0.03727,0.039943,0.038225,0.037228,0.039946,0.03966,0.002479,0.003037,0.00081,0.002762,0.001607,0.003212,0.003102,0.00168,0.000306,0.001543,0.001717,0.001306,0.001524,0.001716,0.000275,0.001608,0.000576,0.00012,0.000157,0.001669,0.001032
SpC_ev5,1701382444.0,1,1.29,SpC,0.000949,0.001632,0.001684,0.000568,0.000126,0.003016,0.001882,0.001897,0.0026,0.002531,0.001198,0.002242,0.001802,0.000326,0.000523,0.000352,0.002749,0.000586,0.000294,0.002898,0.001542,0.002919,0.002352,0.00015,0.001753,0.001935,0.002109,0.001125,0.002893,0.003109,0.002247,0.000696,0.000981,0.001876,0.001017,0.001601,0.001324,0.000872,0.000415,0.002776,0.001266,0.000124,0.001481,0.001059,0.002719,5.1e-05,0.002251,0.000633,0.034962,0.033771,0.035469,0.035567,0.035661,0.035543,0.033708,0.035263,0.033807,0.036039,0.035335,0.033439,0.03539,0.035481,0.033155,0.035466,0.033204,0.035573,0.034585,0.035677,0.033303,0.034685,0.03364,0.035487,0.03593,0.035872,0.001009,0.002757,0.000122,0.001324,0.000195,0.00064,0.001897,0.000958,0.001508,0.001541,0.000444,0.001153,0.002681,0.002284,4.3e-05,0.002305
SpC_ev5,1701382448.0,2,0.486,SpC,0.001433,0.001379,0.001292,0.001308,0.000227,0.00043,0.001484,0.000396,0.000823,8e-05,0.001444,0.000884,0.001325,0.001539,0.000539,0.001596,0.000271,0.000676,0.000303,0.000888,0.00078,0.00159,0.000399,0.001208,0.001408,0.000918,0.000941,0.000239,0.001466,0.000348,0.000118,0.000759,0.000864,0.001047,0.000863,0.0012,0.03564,0.034502,0.035718,0.034283,0.035722,0.034729,0.034528,0.034271,0.034818,0.034895,0.03516,0.035783,0.035097,0.035109,0.034892,0.035278,0.03513,0.00035,0.001021,8.1e-05,0.001387,0.000199,6.9e-05,0.001218,0.000194,0.000433,0.000941,0.001584,0.000638,0.019078,0.018212,0.018253,0.019291,0.018261,0.0188,0.01954,0.019004,0.018366,0.019104,0.019096,0.018597,0.019005,0.018847,0.019235,0.018813,0.019505,0.018506,0.019058,0.000143,0.001634,0.000665,0.000821,0.000515,0.001514
SpC_ev5,1701382452.0,3,1.117,SpC,0.001126,0.00044,0.000215,0.000481,0.001452,0.001198,0.000702,0.000995,0.001534,0.000346,0.000466,0.000446,0.000867,0.001229,0.000873,4.8e-05,0.001099,0.000704,0.001552,0.000692,0.001187,0.001342,0.001086,0.001217,0.000819,0.001178,0.000977,0.000812,0.001267,0.001486,0.00091,0.00168,0.000148,0.000107,0.000719,0.000436,0.001202,0.001031,0.000904,0.00085,0.000707,0.00162,0.018447,0.019538,0.019119,0.019276,0.01933,0.018387,0.038155,0.038571,0.038621,0.037813,0.038985,0.038598,0.03755,0.038814,0.038304,0.072035,0.072681,0.054648,0.054854,0.055228,0.05475,0.055194,0.020183,0.019627,0.021062,0.001301,0.001383,0.000953,0.00115,0.000169,0.00106,0.00148,0.001554,0.001309,0.00016,0.000606,0.001592,0.000288,0.000293,0.000567,0.00055,0.000332,0.000833,0.001677,0.001257,0.001321,0.001312,0.00093
SpC_ev5,1701382456.0,3,1.468,SpC,0.000248,3.9e-05,0.000588,0.000421,0.000248,0.000536,0.000392,5.5e-05,0.000579,4.7e-05,3.1e-05,0.000177,0.00036,0.000399,0.000331,0.000416,0.00027,0.000587,5.7e-05,0.000158,0.000235,0.00051,0.000338,3.8e-05,0.000163,0.000134,4.9e-05,7.6e-05,0.000572,0.000357,0.000261,0.000441,0.000518,0.01475,0.014521,0.01425,0.014644,0.014275,0.014231,0.014248,0.014718,0.01464,0.014658,0.014788,0.014786,0.014344,0.014195,0.014449,0.014699,0.014286,0.014356,0.01445,0.031939,0.044663,0.044885,0.030792,0.030532,0.030648,0.03054,0.030266,0.030821,0.030848,0.030452,0.030857,0.030389,0.03033,0.030682,0.030651,0.030658,0.018225,0.0181,0.017947,0.017794,0.018075,0.018039,0.017829,0.017991,0.018219,3.9e-05,0.000527,0.00023,0.000557,9.7e-05,0.000237,0.00045,1.8e-05,0.000275,0.000106,0.000145,0.000226
SpC_ev5,1701382460.0,1,0.707,SpC,3.7e-05,0.000416,0.000597,0.001855,0.001097,0.002032,0.000119,1.5e-05,0.001781,0.000261,0.001105,0.002062,0.000718,0.001117,0.000948,0.001373,0.000873,0.001647,0.00162,0.00177,0.000576,0.00127,0.001639,0.001549,7.6e-05,0.001087,0.000824,0.001724,0.001508,0.000226,0.001408,0.001667,0.001139,0.00051,0.000618,0.001814,0.001129,0.000861,0.000539,8.7e-05,0.001446,0.001341,0.001121,0.050858,0.051099,0.050947,0.050897,0.050828,0.050795,0.052303,0.052001,0.052235,0.051809,0.051957,0.051516,0.051993,0.050634,0.050786,0.05129,0.050574,0.052222,0.000432,0.001471,0.000742,0.000766,0.002075,0.001935,0.000394,0.001845,0.002121,0.0016,0.000102,0.000248,0.00132,0.001487,0.001443,0.000205,0.001934,0.001469,0.00061,0.000342,0.00036,5.8e-05,0.000683,0.000913,0.002039,0.000576,0.001466,0.000383,0.000632
SpC_ev5,1701382464.0,1,1.16,SpC,0.001248,0.000551,0.000586,0.000156,0.001433,0.001016,0.000789,0.000762,0.000857,0.000839,0.000723,0.000225,0.000542,0.000523,0.001136,0.000642,0.000146,0.001409,4e-05,0.000432,0.000655,0.001293,0.000252,0.000617,0.000516,0.001265,0.000389,0.001313,0.000763,0.000279,0.001291,0.001175,0.000813,0.001374,5.8e-05,0.000683,7.2e-05,0.000154,0.000525,0.000954,0.000445,0.000131,0.001199,0.001074,0.00025,0.001367,0.000841,0.000474,3.8e-05,0.000895,0.000171,0.001375,0.039666,0.03932,0.03905,0.039382,0.039679,0.040329,0.03946,0.040136,0.040339,0.039607,0.040286,0.039174,0.039227,0.03926,0.040257,0.04032,0.039936,0.040296,0.039052,0.04017,0.039394,0.03953,0.03996,0.040231,0.000336,7.2e-05,0.000681,0.00042,0.000229,0.000826,0.001255,0.000977,0.000337,0.000897,0.00112,0.00083,0.000599,0.000605
SpC_ev5,1701382468.0,1,0.993,SpC,0.001458,0.000522,0.000469,0.000452,0.000287,0.001137,0.000145,0.000527,0.001037,0.001197,0.000742,0.000914,0.00094,0.001543,0.000585,0.000198,2.1e-05,0.000656,0.001095,0.000443,0.000773,0.001078,0.000602,0.001361,0.000495,0.001477,0.000758,0.000969,0.000961,0.049223,0.049711,0.050456,0.04906,0.048971,0.050471,0.050044,0.050539,0.049489,0.049673,0.05015,0.048992,0.050545,0.049928,0.050414,0.049237,0.049025,0.049408,0.05032,0.001405,0.000444,0.000725,0.000616,0.000872,0.000286,0.000786,0.001558,0.000479,2e-06,0.001389,7.1e-05,0.000499,0.001172,0.000321,0.000771,0.001224,0.000369,0.001415,0.000457,0.001373,0.000787,0.000987,0.001388,0.001097,7.1e-05,0.001076,0.000304,0.00085,8.8e-05,0.000116,0.001225,5.3e-05,0.001223,0.001204,0.001152,0.000287,0.001284,0.000298,5.1e-05,0.000563,0.00117
SpC_ev5,1701382472.0,2,0.344,SpC,0.001272,0.002453,0.001535,0.002047,0.001952,0.002187,3.7e-05,0.001603,0.00104,0.002484,0.001255,0.000318,0.000856,0.002667,0.001774,0.001893,0.001389,0.000867,0.000657,0.001664,0.002094,0.001149,0.000489,0.000176,0.000741,0.000279,0.000106,0.000512,0.00203,0.001908,0.001944,0.001935,0.001445,0.000892,0.002376,0.001215,0.002402,0.0024,0.000126,0.001214,0.001292,0.0015,0.000218,0.002257,0.000539,0.002653,0.001776,0.000978,0.000676,0.002427,0.00166,0.001794,0.000179,0.000927,0.001678,0.000483,0.002322,0.000286,0.054636,0.054413,0.097455,0.095643,0.095579,0.095024,0.097127,0.097034,0.095075,0.053643,0.054189,0.001579,0.001052,0.002393,0.002349,0.001215,0.002179,0.002188,0.002006,0.000889,0.000172,0.002428,0.000899,0.002368,0.00083,0.002065,0.001387,8.7e-05,0.00102,0.002388,0.000892,0.000768
SpC_ev5,1701382476.0,2,0.252,SpC,0.00106,0.000555,0.001492,0.000708,0.000266,0.000466,0.000669,0.001106,0.001887,0.00034,0.000229,0.002126,0.000934,0.001191,0.00102,0.000415,0.001,0.001065,0.001099,0.001491,0.000525,0.001673,0.000717,0.00087,0.00119,0.000904,0.002025,0.001858,0.001732,0.000111,0.000453,0.002027,0.000931,0.001186,0.00095,0.031306,0.031976,0.030932,0.032517,0.031661,0.031516,0.033046,0.032295,0.032682,0.031938,0.032013,0.030974,0.031437,0.032919,0.032805,0.03195,0.031615,0.032683,0.032203,0.030799,0.032261,5.4e-05,0.002144,0.002078,0.000444,0.001823,0.028832,0.028334,0.029757,0.029976,0.02892,0.02975,0.028649,0.028465,0.029824,0.001161,0.001631,0.001745,0.000458,0.0016,0.000734,0.000104,0.000521,0.001014,0.001903,0.000644,0.002196,0.001256,0.001296,0.00036,0.00042,0.001165,0.001921,0.001733,0.00129
SpC_ev5,1701382480.0,1,0.389,SpC,0.001258,0.001098,0.000413,0.000859,0.001499,0.00127,7e-06,0.000748,0.001116,1.9e-05,0.0003,0.000227,0.001145,0.001141,0.00012,0.000144,0.000424,0.000844,0.001285,0.001135,0.001052,0.000978,0.001277,0.000906,1.8e-05,4.2e-05,0.000977,0.00075,0.001205,0.000525,3.7e-05,0.000915,0.000896,0.00028,0.001528,0.00102,0.000874,0.000561,0.000835,0.001208,0.000803,0.001116,0.001086,9.3e-05,0.001365,0.00098,0.001251,0.000946,0.001284,0.000422,0.000351,0.001043,0.000449,0.044581,0.044443,0.045262,0.045038,0.044589,0.04489,0.045865,0.045424,0.045148,0.045492,0.045772,0.045232,0.045508,0.045295,0.044538,0.044952,0.045086,0.044879,0.044923,0.044437,0.044413,0.001286,0.000742,0.000215,0.000273,0.000498,0.001076,0.000497,0.001085,0.001139,0.0008,7.5e-05,0.00155,0.000631,0.001556,0.00023,0.000457
SpC_ev5,1701382484.0,2,0.945,SpC,0.000859,0.001246,0.001221,0.000591,8.2e-05,0.00107,0.00105,0.000517,0.000786,0.001147,0.000964,6.6e-05,0.001207,0.001013,0.000501,0.000475,0.00089,0.00092,0.000196,0.001006,0.000934,0.000162,0.000174,0.00032,0.000618,3.3e-05,0.000798,0.000291,0.000894,0.001017,0.000984,0.000184,0.001025,0.000828,0.001065,0.001227,0.000632,0.001164,0.000573,0.000363,0.000186,2.4e-05,0.001219,0.001233,0.000109,0.0009,0.000753,0.000565,0.001163,2.7e-05,0.000814,0.001105,0.00056,0.000191,0.000457,0.000898,0.000168,0.000423,0.022282,0.022095,0.053671,0.053429,0.052881,0.053818,0.052801,0.053743,0.053883,0.053836,0.053908,0.053627,0.053862,0.053721,0.053415,0.053159,0.03235,0.032134,0.031915,0.031828,0.032124,0.000624,9.6e-05,0.000636,0.000332,0.000848,0.000278,0.000616,0.0001,0.000721,0.0003,0.001075
SpC_ev5,1701382488.0,2,0.985,SpC,6.6e-05,0.000873,0.001214,0.000119,0.000817,0.000992,0.000767,0.000893,0.000983,0.000644,0.001201,0.000416,0.000996,0.000233,0.000629,0.000282,0.001125,0.000701,0.00058,0.001228,0.001075,7.9e-05,3.6e-05,0.000891,0.000788,6.9e-05,0.001166,8.6e-05,0.000253,0.000619,0.000938,0.000156,0.000378,0.000166,0.000129,0.001103,0.029373,0.030461,0.029315,0.029499,0.030302,0.029324,0.030393,0.030468,0.030125,0.046882,0.045841,0.046159,0.046536,0.046889,0.046816,0.045933,0.046294,0.046355,0.04669,0.046313,0.046848,0.046052,0.030104,0.030141,0.029685,0.000133,0.000488,0.000477,0.000507,4.6e-05,0.000537,0.000229,3.7e-05,1.2e-05,0.000845,0.000899,0.000637,0.000524,0.000743,4.3e-05,8.7e-05,0.00034,0.000956,0.000324,0.000736,0.00084,0.000477,0.001199,1.1e-05,0.000807,0.000881,0.000241,0.000324,0.001131
SpC_ev5,1701382492.0,2,1.042,SpC,0.000854,0.000597,0.001481,0.000657,0.000822,0.001453,0.000773,0.000652,0.001114,0.000254,0.00081,0.001474,0.00143,0.000238,0.001056,0.000421,0.000668,0.000398,0.00049,0.000909,0.001484,0.000974,3.2e-05,0.000938,0.000633,0.000662,0.000615,0.001068,0.000702,0.001395,0.00104,0.001478,0.000294,0.001259,0.000748,0.000592,0.000421,8.2e-05,0.000428,9.5e-05,0.000567,0.000806,0.000816,0.001475,0.001286,0.000104,5.3e-05,0.000553,0.000329,0.001379,0.033729,0.03346,0.033963,0.034233,0.050437,0.050537,0.049329,0.049733,0.050223,0.049455,0.050315,0.049302,0.049391,0.049698,0.049101,0.049324,0.050547,0.049233,0.049405,0.050536,0.016697,0.000484,0.000326,5.8e-05,0.001077,0.000322,0.000753,0.000433,0.001505,0.000211,0.000364,0.000601,0.001153,0.000826,0.000995,0.001108,0.000626,0.001372,0.000204,7.3e-05
SpC_ev5,1701382496.0,3,0.552,SpC,0.000803,0.000728,2e-06,0.000201,0.000552,0.00062,8.5e-05,0.00067,0.000777,0.000787,0.000572,0.000477,0.000328,0.000257,0.000449,0.000648,9e-06,0.000237,0.000535,7e-06,0.00013,0.000599,0.000477,0.000765,0.000386,0.000206,4.6e-05,0.000121,0.000454,0.000258,0.00058,0.000627,0.000774,0.024108,0.02432,0.024353,0.023694,0.024361,0.024362,0.023805,0.02422,0.023575,0.024338,0.024303,0.024073,0.023838,0.023955,0.024203,0.023867,0.024328,0.024079,0.024368,0.032892,0.032526,0.009341,0.009504,0.033981,0.033849,0.034257,0.033984,0.034419,0.034642,0.025732,0.025217,0.02569,0.025481,0.025716,0.025302,0.025252,0.025475,0.02559,7e-06,0.000328,0.000626,0.000569,2.7e-05,0.000651,0.000208,0.000567,0.000769,0.000268,0.00021,0.00045,0.000207,0.000576,0.000785,0.000517,0.00068,0.000812,0.000575
SpC_ev5,1701382500.0,1,1.446,SpC,0.000449,0.000196,0.001269,0.001045,0.001341,0.000641,0.000629,0.001119,0.000985,0.000179,0.001179,0.001589,0.001345,0.000567,3.9e-05,0.001101,0.000186,0.000143,0.001611,0.000352,0.000245,0.001124,0.001143,0.000935,0.000766,1.4e-05,0.000375,0.000276,0.000206,0.000856,0.000687,0.001258,0.000388,0.00148,0.000827,0.001588,0.00163,6e-05,0.001169,0.000623,0.001471,0.000696,0.001378,0.00077,0.000533,0.001483,0.001439,0.000302,0.000373,0.000943,0.001458,0.000169,0.000383,0.000537,0.043434,0.043294,0.043048,0.042634,0.042541,0.042741,0.042416,0.042783,0.043075,0.042345,0.043636,0.04316,0.043023,0.042814,0.042494,0.042317,0.043725,0.043226,0.042584,0.043337,0.043776,0.043057,0.001101,0.000126,0.001391,0.000224,0.001454,0.00153,0.000263,0.000312,0.000775,0.001205,0.001185,0.000525,0.000425,0.00047
SpC_ev5,1701382504.0,1,1.025,SpC,0.000843,0.001985,0.000755,0.000511,0.003023,0.000743,0.002651,0.00323,0.003385,0.000904,0.003431,0.004088,0.000571,0.000484,0.00382,3.3e-05,0.003983,0.002041,0.000393,0.0026,0.002954,0.001051,0.000525,0.003353,0.003286,0.002041,0.002808,0.001099,0.004078,0.001865,0.004355,0.003608,0.001914,0.001487,0.002625,0.002768,0.003733,0.001441,0.00395,0.002027,0.001217,0.001783,0.068769,0.06476,0.065472,0.067275,0.065418,0.068171,0.065577,0.069147,0.067999,0.068267,0.066341,0.06926,0.00426,0.003045,0.003095,0.00328,0.000849,0.002865,0.001512,0.001976,0.004307,0.002495,0.003565,0.000619,0.00089,0.00361,0.001898,0.003037,0.004647,0.002475,0.000636,0.003003,0.002487,0.003354,0.002713,0.003147,0.002528,0.004788,0.002444,0.004767,0.004834,0.002062,0.000403,0.003441,0.002493,0.001902,0.002411,0.004266
SpC_ev5,1701382508.0,3,1.167,SpC,0.000272,0.00037,0.000928,0.000346,0.000152,0.000422,0.000669,0.000284,0.000455,0.000352,0.000639,0.000761,0.000741,0.00039,0.000899,0.000985,0.000413,0.000308,2.8e-05,0.000569,0.000398,3.5e-05,0.000714,0.00026,0.000592,0.000908,0.000586,1.3e-05,2.2e-05,0.000949,0.000856,5e-06,0.00015,0.000565,0.017801,0.04777,0.0478,0.047902,0.048217,0.048373,0.047919,0.048658,0.047936,0.048695,0.047891,0.04822,0.030723,0.030272,0.031006,0.059855,0.059643,0.059776,0.059594,0.059418,0.029535,0.000159,0.000141,0.000465,3.8e-05,0.000846,0.000911,0.000229,0.000415,0.000805,0.000183,0.000782,0.000323,0.000621,0.00053,9.4e-05,0.000213,5e-05,0.001075,0.000565,0.00021,0.000871,0.000882,0.000392,0.001066,0.000197,0.000366,0.001038,0.000394,0.000244,0.000498,0.000853,0.000408,0.000196,0.000733,0.000166
SpC_ev5,1701382512.0,3,1.252,SpC,0.000446,0.000428,0.000408,9.9e-05,0.000325,0.000118,0.000114,0.000449,0.00048,0.00077,1.5e-05,0.000161,0.000245,0.000232,0.000438,0.000398,0.000241,0.000279,0.000632,0.000159,0.000323,0.000725,0.0006,0.000344,0.000384,0.000213,0.000343,0.000396,0.000697,0.000427,0.000738,0.000713,0.000732,0.000266,2.6e-05,0.000623,0.000166,0.000208,0.000172,0.000237,0.000425,8.2e-05,0.000113,0.000633,9e-05,0.000222,0.000526,0.000827,0.000358,0.000537,0.000438,0.000197,0.00031,0.023937,0.023822,0.024386,0.024413,0.052634,0.053109,0.052921,0.052782,0.052991,0.052702,0.052775,0.053198,0.053189,0.052801,0.0528,0.052761,0.052562,0.052912,0.052827,0.034626,0.024148,0.024304,0.000646,0.000515,0.000585,0.000351,0.000565,0.000526,0.000234,0.00082,0.00044,0.00076,0.000234,0.000636,0.000206,0.000633,0.000722
SpC_ev5,1701382516.0,3,0.577,SpC,0.000576,0.000714,0.000408,0.000283,0.000574,0.000695,0.000736,0.000408,8.2e-05,0.000183,5.3e-05,0.000537,0.000495,0.000562,0.000328,4e-06,0.000646,0.000314,0.000655,0.000587,0.000256,0.00062,4.6e-05,0.000493,0.000247,0.000582,0.000191,0.000622,0.000196,0.000717,0.000839,0.000685,0.000495,0.000295,0.000381,0.00031,0.000742,0.000198,0.000139,0.00014,0.000297,4.9e-05,0.000196,0.000185,0.000444,0.000154,0.000342,0.000544,0.000269,0.000664,0.000515,0.000432,0.000706,0.00019,5.6e-05,0.000692,0.000783,0.011574,0.027504,0.027099,0.027388,0.027635,0.047738,0.048305,0.047823,0.048119,0.048199,0.048283,0.048043,0.047999,0.047866,0.048193,0.048373,0.036448,0.036323,0.036334,0.036763,0.03667,0.03616,0.020854,0.02142,0.021338,0.021157,0.021441,0.000656,3e-06,2e-06,0.000341,0.000252,0.000145
SpC_ev5,1701382520.0,1,1.09,SpC,0.003209,3.5e-05,0.000453,0.003897,0.003299,0.004251,0.00152,0.001376,0.00116,6.6e-05,0.002819,0.001403,0.001106,0.003634,0.002362,0.001662,0.003287,0.001073,0.001243,0.002016,0.004034,0.002826,0.004151,0.000123,0.000104,0.000175,0.000756,0.003787,0.000192,0.00426,0.004138,0.003949,0.003804,0.000934,0.004384,0.001709,0.002943,0.003532,0.000976,0.000693,0.001506,0.00063,0.002951,0.001146,0.004025,0.00168,0.004412,0.001017,0.000611,0.001025,0.002418,0.000425,0.000588,0.001193,0.000611,0.001952,0.00057,0.002504,0.001636,0.003298,0.0015,0.002777,0.000676,0.002572,0.004282,0.063115,0.065133,0.062025,0.065013,0.063982,0.062664,0.065624,0.064658,0.066078,0.063371,0.063385,0.062209,0.065087,0.004306,0.001066,0.00371,0.002752,0.001549,0.00396,0.002213,0.003424,0.001242,0.003826,0.00262,0.003645
SpC_ev5,1701382524.0,3,0.843,SpC,0.000528,0.000793,0.000288,7.3e-05,0.000944,0.000492,0.0007,0.000671,0.000798,0.000322,0.000162,0.000893,0.000577,0.00031,0.000841,0.0006,0.00086,0.000831,0.00014,0.000761,0.000934,0.000162,0.000291,0.000609,0.000406,0.000174,0.000117,0.000156,0.000431,0.000652,0.000862,0.000939,0.000684,0.000741,0.00013,0.000799,0.000499,0.000379,0.00082,0.000353,0.000895,0.000888,0.000272,0.000774,0.000479,0.022942,0.022722,0.022456,0.022536,0.022906,0.022968,0.022663,0.023379,0.022651,0.023139,0.023165,0.022584,0.022943,0.022646,0.023006,0.023124,0.040964,0.018262,0.018753,0.036976,0.037412,0.037512,0.037201,0.0378,0.037175,0.037168,0.03702,0.037389,0.018984,0.019471,0.019037,0.019564,0.01902,0.019256,0.019376,0.018915,0.019304,0.019193,0.000936,0.000359,0.000351,0.000629,0.000368,0.000266,0.000478
SpC_ev5,1701382528.0,3,1.25,SpC,0.000494,0.00025,7.1e-05,0.000553,0.000119,0.000274,0.000113,9.4e-05,0.000597,0.000517,8.5e-05,0.000362,0.000138,0.000221,0.000544,0.00036,4e-05,0.00014,0.000569,0.000182,0.000477,0.000542,0.000259,0.000345,0.000377,0.000372,0.000344,0.000564,0.000376,0.000531,0.000397,0.000504,0.000504,8e-06,0.000456,0.000288,2.6e-05,0.000538,9.6e-05,0.000427,6.5e-05,7.7e-05,0.017033,0.017414,0.017323,0.016926,0.017083,0.017328,0.016964,0.017224,0.016841,0.016914,0.017254,0.017171,0.016955,0.016974,0.017312,0.016836,0.035001,0.035192,0.03519,0.050409,0.050201,0.05033,0.050107,0.05004,0.033629,0.033497,0.033314,0.033507,0.033333,0.033647,0.033129,0.03337,0.033313,0.033191,0.018532,0.00038,0.000522,0.000118,6.6e-05,0.000546,0.000484,0.000213,0.000259,0.000154,0.000478,0.000115,0.000562,0.000321
SpC_ev5,1701382532.0,2,1.023,SpC,0.000836,0.000832,4.4e-05,5.6e-05,0.000821,0.000352,3.2e-05,0.00022,0.000358,0.000712,0.000394,0.001124,0.000646,0.000945,0.000435,0.001229,0.000649,0.000349,0.000105,0.001116,0.000503,0.000378,0.000212,0.000622,0.00042,0.000694,0.000193,5.5e-05,0.000295,0.001065,0.000649,0.00104,0.000989,0.000675,0.001088,0.000456,0.001284,0.001156,0.001224,0.001041,0.001253,0.001082,0.00059,0.000555,0.055429,0.05485,0.054764,0.05435,0.054267,0.055148,0.054334,0.0545,0.054322,0.054624,0.05435,0.054321,0.054976,0.055369,0.021305,0.020969,0.020573,0.021677,0.020837,0.021441,0.020735,0.021696,0.021411,0.001052,0.000818,0.001075,0.000286,0.000151,0.000697,0.000896,0.001055,0.000559,0.000859,6.9e-05,0.000932,0.000167,0.000191,0.000238,0.000545,0.001044,9.5e-05,0.001231,0.000508,0.001263,0.000185,0.001062
SpC_ev5,1701382536.0,2,1.329,SpC,0.000189,0.000373,0.000572,0.001083,0.00086,0.000682,0.001138,0.000731,0.001054,7e-06,6.5e-05,0.00022,0.000827,0.000386,0.001044,0.000369,0.000687,0.001121,0.00039,0.001112,0.000533,0.000405,0.000426,0.00101,0.000578,0.000857,0.000347,0.000353,0.000631,0.000424,0.000903,0.000904,0.000665,0.00084,0.000856,0.000923,0.000787,0.001076,0.000186,0.00109,0.00064,0.000431,0.000783,0.000641,8.4e-05,0.000323,0.000459,0.000585,0.001172,0.000897,0.00078,0.05445,0.053764,0.054702,0.053802,0.05437,0.054385,0.054887,0.053912,0.054817,0.054731,0.054635,0.05422,0.053872,0.054806,0.054784,0.05424,0.054306,0.029515,0.001,0.000582,0.000882,0.000147,0.000848,0.000525,0.000412,6.7e-05,0.000314,0.000609,0.00077,0.000464,0.000651,0.00054,0.000642,0.000849,0.000837,0.000934,0.000489,0.000158,0.000587
SpC_ev5,1701382540.0,3,0.534,SpC,0.000589,0.001179,7e-05,0.001537,0.001219,0.001575,0.000129,0.000689,0.000462,0.000825,0.000441,0.000368,0.001034,0.000262,0.001087,0.001537,0.000944,0.000875,0.001319,0.000543,0.000472,0.000385,0.001322,0.001346,0.000211,0.001375,0.001147,0.000573,0.000169,0.000692,0.001129,0.00096,0.001557,0.000572,0.001056,0.000405,2e-05,0.000788,0.001067,0.000893,0.000611,0.00099,0.00023,0.0015,0.001095,0.000236,0.001549,0.000299,0.000848,0.00139,0.028732,0.029358,0.028427,0.029198,0.028958,0.02851,0.029443,0.029627,0.029294,0.028954,0.028732,0.02907,0.046074,0.045309,0.043788,0.044242,0.044995,0.045004,0.044601,0.044256,0.043798,0.044323,0.017817,0.016921,0.01697,0.017495,0.017009,0.017989,0.017375,0.018095,0.017212,0.000279,0.001546,0.000673,0.000141,0.000851,0.000435,0.000201,0.00149,0.001239
SpC_ev5,1701382544.0,1,0.443,SpC,0.001361,0.000725,0.00069,0.002487,6.3e-05,0.002568,0.002617,0.002412,0.002828,0.001391,0.003255,0.002104,0.003054,0.00087,0.001735,0.001443,0.001158,0.001423,0.002675,0.001948,0.003442,0.002132,0.001496,0.000479,0.002184,0.002117,0.000842,0.001224,0.000847,8.6e-05,0.001163,0.001679,0.001772,0.002598,0.002868,0.000477,0.002492,0.003171,0.072405,0.070331,0.070627,0.071706,0.071071,0.071412,0.073795,0.070479,0.073738,0.073041,0.072425,0.072611,0.00187,0.001419,0.002176,0.001434,0.003151,0.002809,0.000297,0.000539,0.001085,0.00021,0.000963,0.001357,0.002875,0.002554,0.000691,0.002639,0.001008,0.002178,0.002516,0.001893,0.002132,0.001287,0.00245,0.002444,0.003102,0.001181,0.002405,0.001264,0.000544,0.000345,0.000666,0.00292,0.001495,0.000878,0.000664,0.002756,0.003363,0.000834,0.00288,0.001208
SpC_ev5,1701382548.0,1,1.357,SpC,0.000485,0.001426,0.001321,0.000606,0.001464,0.000207,0.001773,0.001421,0.00159,0.000839,0.001509,0.000915,7.1e-05,0.000953,0.000904,0.001529,0.001186,0.00076,0.001944,0.000323,0.001369,0.001039,0.000357,0.000732,0.001369,0.001247,0.000208,0.000703,0.001661,0.000439,0.000602,0.000747,0.001776,3.6e-05,0.000458,0.001129,9e-06,0.001504,0.000956,0.0009,0.001476,0.002013,0.000973,0.00149,0.000611,0.001979,0.00195,0.0008,0.001021,0.00079,0.001787,8e-05,3.1e-05,0.001847,0.00089,0.000873,0.042131,0.041621,0.041802,0.042956,0.042488,0.043215,0.041504,0.042272,0.042312,0.041703,0.041267,0.042998,0.04275,0.04229,0.041368,0.041327,0.041596,0.042671,0.042748,0.043131,0.042857,0.042532,0.0008,0.000818,0.00084,0.001185,0.001698,0.001712,0.00152,0.00169,0.000715,0.000159,0.000494,0.00175
SpC_ev5,1701382552.0,1,0.723,SpC,0.002726,0.001337,0.001098,0.003299,0.001136,0.000533,0.00016,0.00214,0.001367,5.6e-05,0.000957,0.002072,0.002337,0.002974,0.000734,0.00225,0.000411,0.002074,0.002323,0.001284,0.002928,0.002723,0.002424,8.6e-05,0.000304,0.001433,0.001761,0.003592,0.001756,0.002285,0.002508,0.003093,0.003122,0.002602,0.001226,0.002276,0.000423,0.002111,0.001222,0.003473,0.002136,0.00118,0.001663,0.003266,0.000508,0.001466,0.00316,0.00367,0.001631,0.003129,0.000776,0.002372,0.002285,0.002897,0.000603,0.003601,3.6e-05,0.059116,0.057221,0.05747,0.058335,0.056426,0.057762,0.05875,0.057832,0.05588,0.05881,0.056427,0.056172,0.05864,0.058831,0.057144,0.002939,0.002767,0.001088,0.000837,0.000904,0.001023,0.001506,0.001186,0.002121,0.001087,0.000743,0.00277,0.002751,0.000453,0.001391,0.001285,5.9e-05,0.003279
SpC_ev6,1701468800.0,1,0.33,SpC,0.003702,0.002473,0.002388,0.003693,0.001504,0.001037,0.001664,1.1e-05,0.002989,0.000969,0.002534,2.8e-05,0.001963,0.001055,0.002017,0.000692,0.002829,0.002987,0.000627,0.001183,0.000454,0.000423,0.001265,0.002235,0.000108,0.000579,0.000963,0.000651,7.3e-05,0.003312,0.002316,0.001188,0.001707,0.000107,0.003109,0.002511,0.001216,0.000949,0.001107,0.001691,0.002615,0.000681,0.002552,0.000198,0.000179,0.000883,0.001515,0.000945,0.000672,0.00314,0.000135,0.000302,0.001999,0.002927,0.002485,0.001565,0.002467,0.001313,0.002305,0.002113,3.2e-05,0.003142,0.001806,0.039217,0.038968,0.039226,0.041243,0.03931,0.039687,0.041407,0.041427,0.039618,0.041667,0.040514,0.041387,0.039423,0.042447,0.041385,0.040429,0.039806,0.04056,0.041687,0.039513,0.039573,0.040667,0.003106,0.003604,0.002442,0.003356,5.2e-05
SpC_ev6,1701468804.0,3,0.336,SpC,0.000499,0.000747,0.000615,0.000723,0.000216,0.001105,0.000506,0.000459,0.00109,0.00042,0.000999,0.000743,8e-05,0.000223,0.000333,0.000841,0.000932,0.000917,0.001063,0.000684,0.000158,0.00079,0.001046,0.001041,0.000409,0.000565,0.000155,0.000182,0.000529,0.000683,0.000668,9.3e-05,0.000548,0.000122,0.000415,0.000143,0.000863,0.001102,6.3e-05,8e-05,0.000704,0.0005,0.000603,0.013479,0.013133,0.013567,0.013012,0.013452,0.013783,0.013246,0.012975,0.044025,0.043816,0.043701,0.044212,0.043408,0.04409,0.044017,0.044437,0.044166,0.044023,0.043834,0.044469,0.043552,0.043886,0.029054,0.029447,0.028939,0.016447,0.015821,0.01553,0.015566,0.01573,0.016138,0.01635,0.015691,0.015933,0.016229,0.000761,0.000196,0.000107,0.00046,0.000381,0.000916,0.000464,0.0007,0.000667,0.000288,0.00074,0.000506
SpC_ev6,1701468808.0,2,1.346,SpC,0.000789,0.000431,1e-05,4.6e-05,0.00012,0.000353,0.00122,0.000138,0.00084,0.001069,0.001261,0.000254,0.000572,0.001204,0.001239,0.001343,0.001099,0.000392,0.000462,0.000595,0.0008,0.000239,0.000566,0.000836,0.000942,0.000169,0.00072,0.000842,0.000419,0.000478,0.001443,0.000649,0.00097,0.001242,0.000402,0.00061,0.001264,2e-06,1.7e-05,0.000258,0.0,0.000109,0.000395,0.001465,0.000969,0.001508,0.00013,0.000438,0.000463,0.000372,4.2e-05,0.000487,0.000813,0.00101,0.026086,0.026013,0.024937,0.024922,0.025358,0.025821,0.024972,0.026054,0.02565,0.025999,0.026089,0.026069,0.057255,0.057488,0.057528,0.057557,0.057122,0.03316,0.033502,0.033445,0.033313,0.033335,0.033539,0.032669,0.032926,0.032222,0.033532,0.033436,0.000964,0.001428,0.000156,0.000391,3e-05,0.000832,0.000414,0.001278
SpC_ev6,1701468812.0,4,0.428,SpC,0.000576,3.1e-05,0.000188,0.000698,0.000625,0.000643,0.000571,0.000703,0.000246,0.000532,0.000486,0.000496,0.0002,0.000323,0.000713,0.000531,0.000174,0.000556,0.000649,0.000388,0.000172,1.5e-05,0.000721,0.000735,5.5e-05,0.000601,0.000327,0.00054,0.000352,0.00039,0.000558,4.3e-05,7.6e-05,0.000562,0.000254,1.9e-05,0.000566,0.000649,0.000235,0.000609,0.000173,0.000198,0.000471,0.000144,9.2e-05,0.000372,0.000229,0.00037,0.000539,0.000153,8.9e-05,0.000206,0.000415,0.023451,0.023331,0.023495,0.023491,0.023261,0.023107,0.040683,0.040615,0.040834,0.040898,0.040589,0.040557,0.025775,0.025454,0.025768,0.04495,0.045145,0.044892,0.045556,0.045265,0.044852,0.045012,0.045009,0.045407,0.025924,0.026102,0.008321,0.008312,0.008194,0.008568,0.008156,0.008565,0.008487,0.000435,6.8e-05,0.000582,0.000633
SpC_ev6,1701468816.0,4,0.58,SpC,0.000251,0.000357,3.1e-05,0.000344,0.000145,0.00063,0.000354,5.9e-05,1.5e-05,7.9e-05,0.000567,0.000422,3.2e-05,9.6e-05,0.000163,8.8e-05,0.000292,0.000458,0.00022,0.000596,0.000374,3.1e-05,0.000141,0.000133,0.000352,0.000634,6.4e-05,0.00029,0.000611,0.000432,9.2e-05,0.000289,0.000185,3.7e-05,0.000333,0.000147,0.000122,0.000586,0.00011,0.000349,0.000409,0.000519,0.000573,0.000194,0.000538,5.9e-05,4e-05,0.000343,0.000469,0.015041,0.014998,0.015061,0.015341,0.01512,0.015063,0.015007,0.027551,0.027845,0.027866,0.027635,0.027573,0.027935,0.03935,0.03967,0.03929,0.039901,0.039799,0.039838,0.024717,0.024614,0.024715,0.024433,0.031304,0.031454,0.031236,0.030978,0.03113,0.031379,0.031339,0.018538,0.018475,0.018496,0.018888,0.018983,0.019042,0.018726,0.007042,0.007116,0.007101,0.006755
SpC_ev6,1701468820.0,4,1.127,SpC,0.000141,1.6e-05,0.000572,0.000581,4e-06,0.000277,0.0006,0.000507,3.7e-05,6.8e-05,0.000197,0.000343,0.000638,0.000607,0.000384,1.8e-05,0.000238,0.000573,0.00047,0.000437,0.000351,0.000485,0.00059,0.000169,0.000241,0.000223,7.7e-05,0.000317,0.000649,5.7e-05,0.000597,0.000422,0.000288,1.4e-05,0.000306,0.000597,0.000483,0.000613,0.01438,0.014237,0.014313,0.014493,0.014337,0.014107,0.014422,0.014479,0.014581,0.014589,0.014307,0.014194,0.01453,0.027641,0.02724,0.027586,0.027712,0.027361,0.027711,0.027566,0.027569,0.027498,0.027785,0.027484,0.027682,0.027511,0.013666,0.026556,0.026803,0.044331,0.044263,0.043792,0.044299,0.044194,0.044082,0.043778,0.030736,0.030661,5.2e-05,0.000253,4.8e-05,2.1e-05,0.000459,0.000411,0.000525,0.000612,0.000411,7e-06,0.000373,5.2e-05,0.000522,0.000593
SpC_ev6,1701468824.0,3,1.168,SpC,0.000975,0.001457,0.001112,4.9e-05,8e-05,0.001473,0.000458,0.000262,5.3e-05,0.000664,0.000803,0.000735,0.000462,0.001371,0.000669,0.000787,0.001074,0.001122,0.000661,0.001049,0.000292,0.001033,3e-06,0.000423,0.000118,0.001193,0.001423,0.000104,0.001361,0.000666,0.000605,0.000428,0.000888,0.000304,0.000607,0.000278,0.001537,0.000421,0.00067,0.001148,0.000454,0.000339,0.001107,0.000773,7.1e-05,0.001291,0.000215,0.001372,7.3e-05,0.000897,0.000913,0.000549,0.000784,0.001305,0.000682,1.3e-05,0.028168,0.029216,0.028798,0.045428,0.044955,0.046028,0.045763,0.04481,0.044822,0.063238,0.062969,0.063226,0.063169,0.035648,0.035354,0.035485,0.035602,0.035157,0.035319,0.035824,0.036114,0.019169,0.018519,0.019853,0.00089,0.000366,0.001137,0.001422,0.000623,0.001356,0.000502,0.000457,0.000102,0.000861
SpC_ev6,1701468828.0,4,1.427,SpC,0.000342,1e-05,0.00033,0.000108,0.000101,0.000291,0.00023,8.3e-05,0.000222,2.5e-05,0.000284,0.000374,0.000281,0.000244,0.00022,0.000422,0.000312,0.000221,1.3e-05,0.000137,8.9e-05,0.000146,0.000187,0.000384,0.00038,0.000388,0.00031,0.000306,0.000139,0.000177,0.000312,0.000111,9.1e-05,0.000123,4e-05,1.8e-05,1e-05,0.000149,0.000256,0.000286,1.7e-05,0.000252,0.011578,0.011909,0.023228,0.022994,0.02325,0.023031,0.022896,0.023171,0.023134,0.02311,0.035378,0.035533,0.03551,0.035691,0.035693,0.046223,0.045961,0.045924,0.046219,0.034627,0.034564,0.034594,0.034398,0.034613,0.034378,0.034472,0.023373,0.023134,0.023002,0.010634,0.010784,0.01083,0.010677,0.010788,0.010829,0.010582,0.010909,0.010814,0.010806,0.000409,1.2e-05,0.000124,3.7e-05,0.000305,0.000413,0.0004,0.000293,0.000343
SpC_ev6,1701468832.0,3,0.911,SpC,0.000856,0.000655,0.000704,0.000468,0.000267,0.000749,0.000543,0.000413,0.000166,0.000441,9.4e-05,0.000439,0.000533,0.000633,0.000812,0.000776,9.6e-05,0.000347,0.000476,0.00014,0.000757,0.000572,0.000565,0.000604,0.000483,0.000262,0.000156,0.000609,0.000249,0.000846,0.000434,6e-05,0.000394,8e-06,0.000371,0.000457,0.000633,0.000302,0.000146,0.025545,0.025279,0.026013,0.025874,0.025777,0.025992,0.025566,0.026124,0.025698,0.025848,0.025697,0.02533,0.025976,0.025844,0.026116,0.025243,0.025666,0.025687,0.025823,0.025463,0.025855,0.025554,0.025401,1.5e-05,0.00029,0.010986,0.02541,0.025784,0.026107,0.025437,0.025786,0.025701,0.025508,0.01084,0.01139,0.010664,0.010834,0.011393,0.011245,0.010744,0.01116,0.011362,0.011471,0.010791,0.011474,0.011135,0.010966,0.011158,0.010742,0.011443,0.011277
SpC_ev6,1701468836.0,2,1.206,SpC,0.001754,0.00124,0.000991,0.000471,0.001684,0.002008,0.001249,0.000393,0.000102,0.000401,0.000359,0.00094,0.000521,0.00043,0.000483,0.001097,0.000964,0.000619,0.001131,0.001256,0.000856,0.001271,0.001005,0.000187,0.000222,0.001532,0.001099,0.001987,0.001121,0.001003,0.000148,0.000558,0.000346,0.000419,0.000276,4.7e-05,0.002032,0.00195,0.000696,0.001991,0.001549,0.001867,0.000134,0.00043,0.000959,0.000361,0.000686,0.001277,0.00144,9.8e-05,0.001093,0.000931,0.001236,0.001247,0.000549,0.000939,0.000991,0.001982,0.049179,0.049792,0.049954,0.050246,0.050331,0.048544,0.102389,0.102573,0.103016,0.055019,0.054929,0.052989,0.05455,0.054843,0.054581,0.000145,0.00048,0.00148,0.000941,0.000614,0.001365,0.00078,0.000799,0.000509,0.001033,0.000723,0.001902,0.000152,0.000602,0.000629,8.8e-05,0.000218
SpC_ev6,1701468840.0,4,0.181,SpC,0.000348,2.5e-05,0.000631,5.3e-05,0.000192,0.000119,0.000266,0.000275,0.000657,0.000649,0.000133,0.00058,0.000541,0.000398,0.00045,0.00077,0.000281,0.000297,0.000659,0.000764,0.000344,0.000341,0.000617,6.8e-05,0.000656,0.000726,0.000211,0.000806,4.7e-05,0.000797,0.000435,0.000161,0.000392,0.000224,0.000233,0.000211,0.000541,0.000613,0.000197,0.000472,0.000107,6.3e-05,0.000305,0.000107,0.000739,0.000392,0.000339,0.019113,0.019481,0.018898,0.019126,0.018965,0.019383,0.019341,0.019141,0.019085,0.019445,0.018991,0.019396,0.019154,0.036953,0.037178,0.071683,0.052818,0.052502,0.05249,0.052491,0.05269,0.052342,0.052646,0.029567,0.029654,0.030015,0.029474,0.029309,0.029782,0.011571,0.011873,0.011633,0.000319,0.000786,0.000725,0.000458,0.000236,0.000465,0.000647,0.000588,0.0005,0.000663,0.00019
SpC_ev6,1701468844.0,4,1.015,SpC,0.000406,0.000752,0.000461,0.000235,0.000509,0.000707,0.000239,0.000104,0.000479,0.0005,0.000418,0.00064,0.00041,0.000136,0.000427,0.000446,0.000409,0.000449,0.000611,0.000382,0.000107,9.3e-05,8.9e-05,0.000616,0.000746,0.000223,0.00016,0.000142,0.00043,0.000112,0.000578,0.000214,0.000632,9.3e-05,0.000357,0.000419,0.000383,0.000474,0.000152,0.000323,0.000398,0.017972,0.018197,0.017666,0.018206,0.017562,0.017614,0.039609,0.039678,0.03946,0.03907,0.039433,0.02154,0.022169,0.022088,0.022067,0.021803,0.021801,0.034062,0.03364,0.034072,0.033538,0.033845,0.033791,0.034101,0.033874,0.042199,0.04168,0.020316,0.020224,0.008167,0.008219,0.00863,0.008586,0.008796,0.008713,0.00843,0.008784,0.008696,0.008468,0.008728,0.008469,0.008098,0.008179,0.008651,0.008269,0.008143,0.008343,0.000583,0.000311
SpC_ev6,1701468848.0,4,1.375,SpC,0.001237,0.000218,0.001197,4.3e-05,0.000635,0.000216,0.000973,0.000778,6.7e-05,8.1e-05,0.000621,0.00099,0.000679,0.000246,0.000956,0.000975,0.000165,0.001151,0.000999,0.000227,0.001206,0.000897,8.2e-05,8.1e-05,0.001313,0.001087,0.001106,0.000303,0.000815,0.000986,0.00129,0.000112,0.000416,0.001247,0.000684,7.9e-05,0.000814,0.018628,0.01843,0.017985,0.01776,0.017579,0.018691,0.017549,0.018501,0.018108,0.017742,0.017869,0.018009,0.018069,0.018465,0.017679,0.018353,0.01752,0.017722,0.017936,0.017573,0.018356,0.000729,0.000418,0.00086,0.001311,0.014254,0.014054,0.014046,0.015272,0.014297,0.015268,0.015167,0.014769,0.015179,0.014157,0.014417,0.014624,0.01471,0.032453,0.031714,0.031855,0.018037,0.032605,0.033051,0.033103,0.032646,0.033475,0.033035,0.018598,0.018479,0.018524,0.017543,0.017856
SpC_ev6,1701468852.0,1,1.401,SpC,0.00043,0.002285,0.0018,0.002294,0.00022,0.002301,0.000702,0.000488,0.000665,0.000435,0.00216,0.001564,0.000556,0.000505,0.000593,0.000928,0.002243,0.001851,0.000735,0.000761,0.000526,1.9e-05,0.000521,0.002122,0.001694,0.002135,0.001516,0.000223,0.000116,0.001686,4.3e-05,0.002472,0.002463,0.002213,0.001421,0.000511,0.002113,0.000942,0.001468,0.000245,0.00078,0.001523,8e-06,0.000746,0.001926,0.000564,0.001513,0.002623,0.001209,0.002354,0.000959,0.002564,0.000293,0.001641,0.002003,0.001966,0.000948,0.000335,0.000555,0.000224,0.00062,0.002197,0.000562,0.002126,0.000402,0.001082,0.001918,0.001726,0.002239,0.001949,0.001224,0.001885,0.002136,0.00105,0.056151,0.056754,0.056406,0.057886,0.055847,0.057172,0.057731,0.056063,0.057108,0.057276,0.056605,0.055668,0.056805,0.05632,0.056803,0.05559
SpC_ev6,1701468856.0,2,1.275,SpC,0.000355,0.001246,0.000173,4e-06,0.000532,0.0004,0.000167,0.001103,0.000592,0.000166,5.4e-05,0.000982,0.000136,0.000783,0.001168,0.000996,0.000125,0.000532,0.001247,0.000413,0.000864,0.000108,0.000819,0.001153,0.001028,8.8e-05,0.000385,0.000275,0.000791,6.6e-05,0.000751,0.000203,0.000334,0.001207,0.000353,0.000805,0.00053,0.000932,0.000743,0.000578,0.000938,0.001028,1.2e-05,0.000407,0.001024,0.001235,8.8e-05,0.02266,0.047204,0.046803,0.047425,0.046787,0.046347,0.047448,0.047019,0.047098,0.046787,0.047417,0.04632,0.04679,0.0247,0.025432,0.025489,0.02521,0.024826,0.024777,0.02465,0.024882,0.025043,0.025386,0.025021,0.025485,0.025016,0.024872,0.02472,0.000213,0.000682,0.001112,0.000745,0.000593,0.000716,0.000735,0.000882,0.000741,7.1e-05,0.000414,0.001042,0.000949,0.00044,0.00113
SpC_ev6,1701468860.0,3,0.473,SpC,0.000684,0.000181,0.00084,0.000467,0.000399,0.000484,0.00092,0.00061,3.5e-05,0.000101,0.0004,0.000267,0.000107,0.000838,0.000691,0.000643,0.000526,0.000676,0.000759,0.000234,0.000658,0.000332,0.000876,0.000449,6e-05,0.000105,0.000417,0.000423,0.000376,0.000226,0.000476,5.2e-05,8.1e-05,0.00058,0.000483,0.000106,0.000552,0.000128,0.000364,0.000285,0.000706,0.000891,0.000787,6e-05,0.000646,0.000354,0.000441,0.000177,0.000526,0.000717,0.000124,0.000205,0.000416,0.000764,0.011456,0.011997,0.02756,0.027536,0.053104,0.053619,0.053248,0.053684,0.053218,0.053362,0.053573,0.053691,0.053546,0.053484,0.053932,0.053829,0.053895,0.053102,0.053572,0.02758,0.0279,0.011171,0.011428,0.011578,5.5e-05,0.000911,0.000605,0.000416,0.000257,0.000461,0.000256,0.0003,0.000279,0.000241,0.000817,0.000633
SpC_ev6,1701468864.0,3,0.397,SpC,0.00074,0.000756,0.000751,0.000879,1.9e-05,0.000241,0.000445,0.0003,0.000189,0.000145,0.000541,0.000309,0.000902,0.000234,0.000792,0.000474,0.000592,0.000947,0.000779,0.000842,0.000611,0.000326,0.000286,0.000612,0.000256,0.000967,0.000182,0.00057,0.000856,0.000486,0.000395,0.000943,0.000759,0.000185,0.000945,0.000478,2.4e-05,0.000461,0.000448,8.2e-05,9.6e-05,0.000788,0.000371,0.000251,0.000665,0.012539,0.033955,0.034677,0.034675,0.034541,0.034045,0.034614,0.033802,0.034591,0.034298,0.034627,0.034699,0.034296,0.034537,0.033913,0.022956,0.022351,0.022101,0.022202,0.022246,0.022367,0.022512,0.000819,0.000596,0.000762,0.016289,0.016248,0.016148,0.015886,0.016009,0.016432,0.015951,0.016651,0.016244,0.016624,0.01585,0.015755,0.016718,0.015836,0.016124,0.01605,0.016564,0.016273,0.016696,0.016008
SpC_ev6,1701468868.0,4,0.453,SpC,0.000476,0.000162,0.000366,0.000582,0.000557,0.000221,0.000436,0.000491,0.00014,0.00027,0.00013,0.000286,4.6e-05,4.8e-05,0.000123,0.000529,0.000106,4.7e-05,0.000314,0.000457,0.000469,0.000175,0.000412,0.000492,0.000422,0.000494,0.000402,0.000262,0.000453,0.000503,1.4e-05,0.000313,0.000311,0.000331,0.00018,0.000246,0.00049,0.000142,0.000343,0.000315,0.02449,0.02452,0.02418,0.040872,0.041252,0.040911,0.040784,0.040999,0.040721,0.040876,0.041018,0.041045,0.041242,0.030272,0.030599,0.030732,0.030417,0.030341,0.01399,0.000377,0.000194,0.00027,0.00011,8.3e-05,0.000169,0.000215,0.00024,0.014816,0.014755,0.01435,0.014349,0.014522,0.014701,0.014362,0.014633,0.014667,0.014627,0.014746,0.014343,0.014606,0.014924,0.014375,0.014496,0.014795,0.014722,0.014419,0.014876,0.014846,0.014898,0.014693
SpC_ev6,1701468872.0,4,0.452,SpC,0.000102,0.000128,0.000446,0.000555,0.000411,0.000486,0.00014,0.000151,0.000248,0.000118,0.000359,0.000217,0.000289,0.000504,0.000107,0.000576,7.1e-05,0.00022,0.00054,0.000103,0.000178,0.000434,0.000507,0.000429,8.9e-05,0.000189,2.9e-05,0.000489,0.000567,7.9e-05,0.000428,0.000291,0.00037,0.000172,0.000358,0.00042,0.000351,0.00036,0.000515,0.000286,2e-05,0.000287,0.000469,0.000283,0.000588,0.000494,0.000498,0.000211,0.000263,0.000408,0.000569,0.000415,0.000292,0.013737,0.013553,0.013759,0.029574,0.029975,0.029875,0.029795,0.029528,0.029446,0.030002,0.029461,0.029563,0.029693,0.047091,0.046943,0.058341,0.045312,0.044872,0.028884,0.028785,0.028792,0.029149,0.029013,0.028878,0.028858,0.028691,0.029025,0.028877,0.029212,0.029216,0.017508,0.017948,0.017955,0.00049,0.000259,0.000346,0.000482
SpC_ev6,1701468876.0,2,0.221,SpC,0.001496,0.000918,0.001245,0.000758,0.000956,0.001811,0.000814,8.7e-05,0.00035,0.001501,2.5e-05,0.000365,0.000716,0.000837,0.000803,0.00152,0.000311,0.000151,0.002001,0.000847,0.001189,0.002143,0.000169,0.001248,0.000746,0.000277,9e-06,0.001923,0.000628,0.00173,0.001738,0.001197,0.000833,0.000358,0.002183,0.001136,0.000186,0.000238,0.000225,0.000435,0.00137,0.001649,0.000383,0.001015,0.000743,0.028656,0.027515,0.028079,0.028774,0.02797,0.026995,0.027095,0.027695,0.02714,0.028813,0.028728,0.001155,0.002148,0.001183,0.000899,0.000206,0.000537,0.00098,0.001409,0.000126,0.000196,0.041547,0.041651,0.042533,0.041714,0.043297,0.041476,0.043079,0.041856,0.043321,0.041548,0.041723,0.041216,0.041218,0.041723,0.042031,0.000859,0.001715,0.00047,0.001714,0.001062,0.002047,0.001994,0.001902,0.00074
SpC_ev6,1701468880.0,3,1.018,SpC,0.000592,0.000299,0.000797,0.000547,0.000689,5.1e-05,0.000874,1e-05,0.000237,0.000738,0.000931,0.000384,0.000384,0.000208,8.5e-05,0.000132,0.000209,0.000568,0.000141,0.000106,0.000447,0.000107,0.000403,0.000668,0.000781,8.3e-05,0.000104,0.000493,0.000779,0.00056,0.000898,0.000755,0.00101,0.00084,0.000264,0.0004,0.000225,0.000595,0.000551,0.000418,0.000958,2.5e-05,8.1e-05,1.8e-05,0.000726,0.000816,0.001023,0.000563,0.000931,0.000574,0.000725,0.022468,0.02249,0.022201,0.022092,0.022415,0.021916,0.04817,0.047454,0.047342,0.048219,0.047685,0.04834,0.048116,0.02657,0.037627,0.037098,0.036669,0.036747,0.036846,0.036755,0.03701,0.037402,0.03693,0.037334,0.036655,0.011395,0.011456,0.011596,0.011662,0.011093,0.011929,0.000463,0.000288,0.000845,0.000444,0.001002,0.000328,4e-06,0.000135
SpC_ev6,1701468884.0,2,1.33,SpC,0.000807,0.000474,0.000488,0.000271,0.000891,0.00015,0.000468,0.000814,0.000707,0.000359,0.00102,0.000631,0.000309,0.000747,0.000925,0.000357,0.000742,0.000447,0.001058,0.000651,0.0007,0.000579,0.000854,0.000638,0.000707,0.000235,0.000675,0.001074,0.000682,0.000678,0.000856,0.00073,0.001007,0.000707,0.001038,0.000235,0.000504,0.00014,1.6e-05,0.000745,9.3e-05,0.000702,0.000572,0.000469,0.000849,0.000343,0.0007,0.000993,0.000765,0.000343,0.000246,0.001037,0.020759,0.020185,0.020227,0.020323,0.020606,0.039638,0.040041,0.040361,0.03996,0.040136,0.040383,0.039475,0.040202,0.040387,0.040166,0.039804,0.039657,0.039543,0.039857,0.039704,0.039539,0.039807,0.040117,0.039359,0.040109,0.020458,0.020253,0.020185,0.000753,0.000865,0.001002,0.00059,0.000762,0.000761,0.000512,9.1e-05,0.000724,0.000464
