Source,Start_DateTime_GMT,End_DateTime_GMT,EncounterCount,EncounterNumber,SamplingRate,NumChannels,EncounterID,CruiseID,DataProvider,KnownSpecies,GeographicLocation,ClassifiedSpecies,FREQMAX,FREQMIN,DURATION,FREQBEG,FREQEND,FREQRANGE,DCMEAN,DCSTDDEV,FREQMEAN,FREQSTDDEV,FREQMEDIAN,FREQCENTER,FREQRELBW,FREQMAXMINRATIO,FREQBEGENDRATIO,FREQQUARTER1,FREQQUARTER2,FREQQUARTER3,FREQSPREAD,DCQUARTER1MEAN,DCQUARTER2MEAN,DCQUARTER3MEAN,DCQUARTER4MEAN,FREQCOFM,FREQSTEPUP,FREQSTEPDOWN,FREQNUMSTEPS,FREQSLOPEMEAN,FREQABSSLOPEMEAN,FREQPOSSLOPEMEAN,FREQNEGSLOPEMEAN,FREQSLOPERATIO,FREQBEGSWEEP,FREQBEGUP,FREQBEGDWN,FREQENDSWEEP,FREQENDUP,FREQENDDWN,NUMSWEEPSUPDWN,NUMSWEEPSDWNUP,NUMSWEEPSUPFLAT,NUMSWEEPSDWNFLAT,NUMSWEEPSFLATUP,NUMSWEEPSFLATDWN,FREQSWEEPUPPERCENT,FREQSWEEPDWNPERCENT,FREQSWEEPFLATPERCENT,NUMINFLECTIONS,INFLMAXDELTA,INFLMINDELTA,INFLMAXMINDELTA,INFLMEANDELTA,INFLSTDDEVDELTA,INFLMEDIANDELTA,INFLDUR,STEPDUR,FREQPEAK,BW3DB,BW3DBLOW,BW3DBHIGH,BW10DB,BW10DBLOW,BW10DBHIGH,RMSSIGNAL,RMSNOISE,SNR,NCROSSINGS,SWEEPRATE,MEANTIMEZC,MEDIANTIMEZC,VARIANCETIMEZC,WHALETRAIN,CLICKTYPE,ICI,OFFLINEEVENTID,Lat,Long,Classifier,Species1,Species2,Species3,Species4,Species5,Species6,Species7,Species8,Species_List
synthetic,,,,,96000,,A1,,,SpeciesA,,Ambig,5066.035,8777.1949,9.0703,2548.437,3337.6009,7021.7977,2.7826,9.0638,6616.0993,2864.8913,3136.4733,140.3894,2.1831,3.9275,0.9724,9068.3526,2605.6317,9331.0487,4.3399,13.7336,4.2993,1.891,9.0829,4624.4529,3.4419,4.3072,4.3407,7.3455,9.2283,3.9739,3.6728,1.2271,1.1244,1286.4981,11350.5951,2.384,7743.2024,557.1153,8.3126,1.5653,2.8829,7.0065,5.17,5.3422,0.258,5.2021,4.6087,4.4383,6.3019,8.4378,6.8336,3.0567,1.7515,2.6439,0.8041,5.2428,0,,,,,,,,,,,,,,,,,,,,,,,,,,,,,,
synthetic,,,,,96000,,A1,,,SpeciesA,,Ambig,7591.6148,9153.7528,7.1013,6321.609,1339.7598,8809.4309,2.4182,5.5417,9731.6627,3074.7004,4162.1988,4769.5002,3.9088,1.7505,5.9242,6197.1623,6592.2638,7494.7564,9.395,13.4874,4.9284,0.5422,2.5051,3394.0098,6.0225,4.6402,6.095,11.737,8.5598,7.6346,2.6617,6.9978,2.6757,6635.1187,9442.752,4.9533,10025.9191,4234.9175,7.1857,1.8396,6.3257,4.4491,6.0771,8.1914,0.405,1.9443,1.1218,6.2273,8.3226,7.6908,1.1642,2.908,1.8561,1.7948,0.5103,4.6697,0,,,,,,,,,,,,,,,,,,,,,,,,,,,,,,
synthetic,,,,,96000,,A1,,,SpeciesA,,Ambig,7496.728,9991.4696,6.5088,3539.5016,190.3956,6950.0843,0.8409,6.6245,7282.9988,5191.852,8495.9003,1372.0037,7.2314,2.7967,4.3139,3327.1717,5820.3883,9297.1956,6.2475,11.9888,3.2451,4.8375,5.9063,4480.8542,1.8762,0.07,3.3883,8.4581,9.8158,5.4489,0.8694,0.8586,3.2673,4874.8775,8327.9199,2.6356,5424.399,2537.318,11.43,2.9213,1.6763,8.2644,4.3975,8.8267,0.5268,6.8752,0.4552,2.8048,13.242,11.2455,2.1565,8.6211,3.2195,2.3098,4.2244,3.2521,0,,,,,,,,,,,,,,,,,,,,,,,,,,,,,,
synthetic,,,,,96000,,A1,,,SpeciesA,,Ambig,7858.268,6282.9609,8.3087,4739.0017,5658.2387,10002.7566,0.3385,12.4044,5004.7132,3368.8864,1108.8896,8776.7409,7.4225,5.3125,6.0212,7227.2028,7509.5952,6809.186,5.9447,11.9219,7.7515,3.3403,5.8138,428.2952,2.0189,8.9987,6.0071,9.9523,5.6164,2.5585,3.6336,5.3945,0.5406,3912.7045,7655.336,3.0432,1345.8711,64.692,7.9126,4.5935,2.357,8.4293,9.9192,5.3081,2.2005,7.6978,0.4685,3.6323,10.0894,12.6333,2.6702,6.1846,0.3395,5.0218,0.481,0.6382,0,,,,,,,,,,,,,,,,,,,,,,,,,,,,,,
synthetic,,,,,96000,,A1,,,SpeciesA,,Ambig,10849.3928,6711.5156,11.6854,8995.5436,3336.3193,10550.1674,5.2331,8.0901,4910.3186,959.3845,3537.2656,8551.8368,7.4106,0.6652,2.2105,5691.4032,7701.5431,6925.9239,6.9898,12.528,3.225,1.8507,6.4765,810.2607,4.8652,9.6692,6.2203,9.9229,2.2666,6.301,1.0659,0.3122,2.5774,6246.3986,7833.0743,1.5058,4400.027,1173.0419,11.6407,8.0264,4.8258,5.0384,3.1818,5.9518,3.2625,4.3404,0.7645,3.2391,11.7174,10.2511,6.0273,5.5066,3.5591,3.8939,2.6264,2.5576,0,,,,,,,,,,,,,,,,,,,,,,,,,,,,,,
synthetic,,,,,96000,,A1,,,SpeciesA,,Ambig,4400.9364,5365.489,10.9678,4706.5601,3229.0653,11670.9649,3.9804,6.6216,6831.1702,5322.6991,2490.3118,7426.9244,5.5376,0.0131,2.0221,8965.509,8130.4515,2691.5494,9.823,13.2812,7.3302,0.9918,5.2207,1795.9577,9.9487,4.5533,8.7092,8.1652,6.8915,1.1528,2.8436,5.6697,2.6886,7161.3798,9051.0164,0.1594,4074.4052,623.8603,9.9248,1.0417,2.2152,6.2252,3.5409,2.8682,3.584,9.4264,3.3499,6.1251,7.3122,5.1516,5.4491,5.3963,6.0185,2.2745,4.5647,2.8373,0,,,,,,,,,,,,,,,,,,,,,,,,,,,,,,
synthetic,,,,,96000,,A1,,,SpeciesA,,Ambig,5765.1701,10444.3358,8.5946,6692.675,2569.7744,6452.1483,0.0973,8.7118,8788.9905,2076.7897,3334.6732,549.2795,6.6404,0.3167,0.1669,6803.7892,9735.0853,3628.0851,3.7336,9.928,1.1481,2.8997,3.9416,783.6019,5.0647,3.1032,5.8223,7.3549,3.4515,0.7425,8.4538,2.4097,1.0506,4403.1872,8607.8262,2.8935,10098.9409,2073.5126,6.155,0.1478,0.9467,8.8541,8.1591,3.6888,0.2284,6.3322,3.9514,0.9325,10.2537,4.9051,5.9164,3.997,1.5592,0.4584,1.1553,6.8701,0,,,,,,,,,,,,,,,,,,,,,,,,,,,,,,
synthetic,,,,,96000,,A1,,,SpeciesA,,Ambig,9701.6713,7970.9778,6.8066,450.1308,1703.8614,9089.4308,0.1423,8.3475,3588.309,4176.7775,3336.3144,8080.3814,9.6785,2.6779,2.4332,6789.376,5451.8197,5583.1179,6.3071,9.1779,5.4872,1.6913,6.585,562.8349,1.7883,2.6221,4.1471,8.4115,7.0666,5.3201,0.395,3.3782,2.9164,2939.6169,7472.0378,2.4189,5557.1669,901.2622,9.6536,1.3213,3.3495,4.5453,5.4339,4.7105,3.9337,4.2089,1.0625,6.4744,8.5832,6.4965,4.6963,2.5303,3.4239,4.8317,4.3069,4.3638,0,,,,,,,,,,,,,,,,,,,,,,,,,,,,,,
synthetic,,,,,96000,,A1,,,SpeciesA,,Ambig,6016.1136,8326.4981,10.5747,6261.2467,3204.7851,5380.8883,1.6971,11.5056,8917.0118,4927.1573,461.1986,7210.3384,4.6435,3.3109,5.292,3221.4018,3729.7714,5851.8052,9.6352,10.8591,4.6494,6.321,9.9451,761.8014,3.0026,1.8398,3.0042,10.8468,7.4712,5.6067,6.2878,1.2794,0.3006,6308.9184,9668.2866,5.4466,6320.9493,249.7025,10.9541,0.1244,0.1848,8.4383,5.9703,6.8631,0.5397,6.3064,1.0261,3.9558,3.2995,6.7573,5.5587,7.6443,0.7704,4.1869,5.4904,3.4956,0,,,,,,,,,,,,,,,,,,,,,,,,,,,,,,
synthetic,,,,,96000,,A1,,,SpeciesA,,Ambig,7338.8832,10333.1486,10.6874,9436.4741,5525.6174,9948.096,1.1074,10.5493,5044.5156,4241.992,5698.5954,9747.5894,4.6135,2.8994,4.8452,10309.8405,6895.0896,11112.6001,4.037,11.3211,3.4765,3.9174,8.5731,2753.4259,1.3186,5.8341,3.0936,5.9773,9.0781,6.5661,5.0337,2.0217,3.0131,3880.911,10949.01,0.4901,3193.0597,1035.4619,8.2928,4.0707,4.9337,4.6792,6.2903,5.2139,5.994,5.6378,0.6244,9.1445,14.5336,12.592,3.4735,7.2389,6.1064,3.913,1.1576,3.6977,0,,,,,,,,,,,,,,,,,,,,,,,,,,,,,,
synthetic,,,,,96000,,A1,,,SpeciesA,,Ambig,8779.0166,6902.2742,4.8665,1592.8248,4351.5764,7270.7476,0.0009,9.1134,7940.6853,3505.2052,4679.7871,2628.8256,4.1074,0.4594,7.1784,6884.1232,5122.6042,6558.273,5.8994,13.5375,0.0172,0.6419,5.0147,7350.9496,5.9956,4.7133,6.5203,14.927,5.8975,4.4151,6.8306,4.4458,2.1191,3210.255,13018.4297,7.0432,6743.2678,2234.5284,4.9805,3.9763,3.7982,8.0714,7.8143,5.2388,0.5217,8.1389,1.3799,5.2909,7.4258,6.7405,2.4583,9.7341,2.9061,7.0026,8.548,3.462,0,,,,,,,,,,,,,,,,,,,,,,,,,,,,,,
synthetic,,,,,96000,,A1,,,SpeciesA,,Ambig,3144.134,6740.4311,5.9648,3929.962,2887.1231,4161.2208,1.2086,4.8061,7136.2462,4068.7343,2648.9198,4671.3687,3.6622,1.4892,0.1421,6877.763,11584.7072,12390.4401,9.7582,13.5507,2.2807,5.558,5.8197,847.9962,2.8783,5.2219,3.6523,9.5739,3.7704,4.397,9.5022,3.0364,0.1559,5811.7467,9978.2264,0.0152,4810.5014,2819.4935,10.7232,2.6869,8.1685,5.2922,6.315,4.7919,7.4302,2.3396,1.2018,4.7935,10.5959,9.1102,6.8034,2.7567,4.149,3.4909,1.9344,4.7544,0,,,,,,,,,,,,,,,,,,,,,,,,,,,,,,
synthetic,,,,,96000,,A1,,,SpeciesA,,Ambig,5349.8756,3782.865,8.0565,1440.2215,1065.7136,10095.5758,1.1324,12.5492,5893.6962,509.1332,1542.7557,2555.5158,1.9671,4.1088,2.7359,2008.3993,8713.1799,7160.6361,7.3458,12.0505,5.551,2.0461,9.0505,2082.6419,4.5866,6.0166,1.0987,9.3718,5.8336,5.85,0.404,7.2956,0.7017,1452.5171,3935.7044,2.066,5104.2098,1271.9264,10.2789,0.7791,5.6626,5.1753,6.0119,8.5391,10.1336,4.7001,0.6877,4.0168,10.8979,4.7242,2.1046,6.6178,0.1739,1.8308,2.4094,1.8456,0,,,,,,,,,,,,,,,,,,,,,,,,,,,,,,
synthetic,,,,,96000,,A1,,,SpeciesA,,Ambig,4036.5291,7942.563,9.3526,4720.2486,1746.9185,8007.2232,2.3485,9.9716,6195.9634,2124.0375,5011.0388,3406.6539,2.0885,1.0149,7.9698,7502.2814,9868.9905,6240.8617,8.7991,10.2824,3.5783,8.167,7.8779,232.741,3.3944,5.8075,7.7665,8.5606,2.1286,4.632,3.8392,3.4842,3.7325,5272.5287,10240.2143,0.0165,7498.1521,5764.3534,11.9809,3.0159,4.6684,11.4545,3.7902,5.8143,4.855,9.0792,0.6198,6.8847,8.2423,7.8956,2.9852,3.8378,2.22,6.417,1.1809,2.8028,0,,,,,,,,,,,,,,,,,,,,,,,,,,,,,,
synthetic,,,,,96000,,A1,,,SpeciesA,,Ambig,9312.1748,6300.4855,9.4386,2534.3241,5524.5794,14948.7424,5.4081,8.034,8243.3309,4644.9565,3688.2626,8723.369,1.7137,5.6586,4.2265,10473.1829,7438.9563,5757.5225,7.1465,13.6261,4.0613,3.1712,4.6558,4314.5248,5.8565,6.7399,5.1108,9.9544,9.0726,4.1884,2.0344,2.739,3.4135,1013.0287,11187.4968,1.1711,2576.5396,3673.9584,9.8064,0.8685,3.3866,9.3143,9.0883,5.0243,4.7203,9.0044,1.138,7.004,8.8574,6.2544,2.0851,6.8593,2.3474,2.8104,2.5336,6.1888,0,,,,,,,,,,,,,,,,,,,,,,,,,,,,,,
synthetic,,,,,96000,,A1,,,SpeciesA,,Ambig,8184.7924,11187.8841,11.9866,6656.7542,8365.219,7103.4288,2.3735,7.7866,11032.2912,8593.5625,1452.5301,2431.8107,6.6724,4.9951,6.1904,6774.668,8108.6749,9071.7561,6.259,14.3544,1.6769,3.5356,3.3749,3416.8795,3.0347,2.77,5.6751,7.5051,4.2,1.4129,3.734,4.4524,2.9983,4126.4913,10827.5599,2.8141,5095.1771,1957.7112,12.6946,1.5285,3.6741,6.5846,6.3151,3.841,6.2745,6.2182,1.6297,4.0527,9.8341,8.5735,2.2638,11.744,3.2004,8.6664,5.9963,1.7498,0,,,,,,,,,,,,,,,,,,,,,,,,,,,,,,
synthetic,,,,,96000,,A1,,,SpeciesA,,Ambig,6694.7576,10065.4034,9.135,5308.3015,1972.4908,4645.498,0.2112,3.0367,7322.382,2527.3177,1644.4561,4305.7168,5.6933,0.5596,0.0225,4286.6666,1866.5541,5022.0785,10.4309,9.1447,5.6004,1.478,6.7078,220.8504,3.4569,6.4139,9.1309,10.2702,6.7928,2.8977,5.2591,2.5952,2.5208,4371.5448,12560.0611,2.188,4586.8999,2727.5079,9.1719,0.4016,3.6188,3.5368,6.4055,12.1932,6.567,4.4467,1.7098,5.1046,11.4481,5.5408,1.5899,8.9036,4.4344,3.2895,0.804,0.4689,0,,,,,,,,,,,,,,,,,,,,,,,,,,,,,,
synthetic,,,,,96000,,A1,,,SpeciesA,,Ambig,5902.7493,3398.826,10.8566,3609.5718,3891.2373,13837.5011,3.2849,5.7041,8565.9555,7237.1047,1567.1066,2470.734,4.7374,0.9832,8.0258,938.4218,4203.8543,6765.2896,5.886,12.2015,4.6505,1.4171,8.8022,4328.2555,3.606,3.2055,5.0716,10.3353,4.2023,3.7288,5.7822,4.083,1.2598,9580.5384,13980.866,0.8869,6082.8857,6796.2899,12.0084,2.9347,3.7633,5.6337,5.5769,4.7152,5.5667,6.2238,0.6293,3.111,8.8131,5.3592,2.8636,9.2963,3.1876,5.4859,4.4887,3.5534,0,,,,,,,,,,,,,,,,,,,,,,,,,,,,,,
synthetic,,,,,96000,,A1,,,SpeciesA,,Ambig,7331.904,8205.6327,10.8798,2474.0491,6039.8097,9251.8841,1.5193,7.3591,4700.3571,4742.9784,1638.3903,7709.3043,3.0576,2.6609,2.5215,1930.5284,6871.2007,10087.0974,8.0731,8.4422,2.0662,6.3977,6.7563,1030.4817,6.2466,11.1238,7.9818,10.1319,7.3686,6.8738,2.269,0.5636,0.5719,2112.7829,8054.2658,3.0096,11180.9916,1603.8211,9.7441,1.9713,5.3767,9.6035,4.8819,4.0387,0.3973,4.9037,1.8147,6.2305,6.3985,6.6626,3.3941,7.951,0.7893,3.598,0.9477,0.527,0,,,,,,,,,,,,,,,,,,,,,,,,,,,,,,
synthetic,,,,,96000,,A1,,,SpeciesA,,Ambig,11694.5137,3504.7965,8.1375,5732.6442,1752.1301,7146.2951,0.1997,8.5695,6187.5396,351.8181,3064.4888,2716.1946,3.6423,3.5878,5.9508,9193.7746,5729.8402,9749.2094,9.388,14.6278,7.4463,1.5869,5.5247,3082.8119,0.1901,5.5155,3.4139,8.8614,2.1281,3.1048,3.7495,5.4315,2.9158,4279.9948,7734.7009,0.6925,6334.2896,95.1412,11.5633,6.7613,4.2025,3.2433,3.956,2.4467,0.7117,10.4824,1.0402,2.3159,10.5712,10.7454,2.4158,5.0018,1.4293,4.9356,5.1984,6.361,0,,,,,,,,,,,,,,,,,,,,,,,,,,,,,,
synthetic,,,,,96000,,A1,,,SpeciesA,,Ambig,10681.4201,11938.6578,12.3868,6838.1181,1139.2633,8839.2784,1.1372,7.6241,8670.9852,3441.9273,1118.6303,8464.7238,6.6767,3.5685,6.6657,9608.1669,7823.4624,1295.0489,4.7647,10.6447,1.5114,2.4478,8.9405,192.079,0.7693,10.062,3.6117,6.701,7.0761,6.3953,2.0381,5.1865,0.7775,2173.4337,8654.399,4.6962,3743.7696,1350.3677,9.8149,9.4431,2.5121,10.4471,5.9773,5.7751,5.5086,9.4542,3.6411,6.938,7.4361,6.2504,4.5896,8.144,5.7679,5.2702,6.2489,7.1974,0,,,,,,,,,,,,,,,,,,,,,,,,,,,,,,
synthetic,,,,,96000,,A1,,,SpeciesA,,Ambig,8062.226,5261.2516,6.0338,1590.1414,6666.9791,7048.1674,3.432,10.0463,10681.0059,6850.1967,3177.0722,4353.9002,5.2246,3.4585,3.0221,6870.2606,10994.173,3183.8567,7.0999,9.5188,4.4395,4.0507,5.816,2952.6523,0.3682,7.7594,3.2325,11.3394,6.938,1.1328,1.9106,3.7616,4.3257,5198.9817,8852.1615,0.7625,8906.2651,5041.4963,10.1201,1.8327,0.2358,9.195,12.8638,7.8848,6.8637,8.5744,1.989,9.4581,5.8506,7.0678,4.0126,8.899,3.3127,5.1912,1.6947,0.1821,0,,,,,,,,,,,,,,,,,,,,,,,,,,,,,,
synthetic,,,,,96000,,A1,,,SpeciesA,,Ambig,7803.9263,7199.6613,5.7126,2019.7824,1462.682,4535.2418,3.0162,4.4941,6848.4817,5362.4228,8450.8503,1110.1518,3.3127,5.3019,3.807,6134.3365,11243.7971,6593.1871,3.5632,8.4938,4.8111,2.7142,2.5307,1443.3057,4.9432,6.4351,3.1323,11.3389,7.9115,0.8734,3.0206,4.2482,0.9919,866.5187,7500.385,4.6495,9279.4123,4953.1528,16.5819,0.4358,6.6759,10.0721,8.5657,6.4661,0.8009,8.7856,1.3145,0.1904,16.0093,9.3647,7.8607,4.4127,5.9415,8.1988,7.4848,3.3525,0,,,,,,,,,,,,,,,,,,,,,,,,,,,,,,
synthetic,,,,,96000,,A1,,,SpeciesA,,Ambig,4644.0695,8531.8662,3.4751,929.6176,2917.8501,6688.1928,0.0587,8.3095,11219.6507,7586.5286,3320.8164,7876.2252,3.0624,2.1782,6.6245,3847.6799,6273.4211,4137.0878,6.7474,15.8675,2.0916,2.5158,3.7167,1853.6874,0.5168,8.6288,10.6464,10.991,4.6911,7.0934,2.965,5.2138,1.1683,5180.0713,9726.112,1.3205,4317.4788,3779.3101,8.9439,1.1738,3.9218,4.5926,6.3612,7.2251,0.1542,5.186,1.8847,7.9826,13.203,9.7233,2.4419,10.3543,1.5125,7.9725,1.9579,3.5452,0,,,,,,,,,,,,,,,,,,,,,,,,,,,,,,
synthetic,,,,,96000,,A2,,,SpeciesA,,Ambig,11654.8853,13354.9899,9.6324,1604.6398,4423.2767,6795.2999,2.9057,5.7899,8509.8961,5919.8979,6683.7325,1.8158,11.8846,6.8909,7.7888,2190.6733,7851.5362,11529.6623,6.239,6.394,4.7433,8.3457,1.2573,3173.3217,1.5363,6.4784,9.6919,5.3544,5.7201,9.8055,4.8166,3.6969,5.384,2854.1176,11149.1155,0.2178,5283.1138,3543.1105,8.6842,1.5276,3.8702,10.0232,2.2477,7.1862,8.8839,7.2713,0.1409,12.2558,7.0633,15.0383,4.7102,5.1917,5.4211,5.8137,8.0905,4.901,0,,,,,,,,,,,,,,,,,,,,,,,,,,,,,,
synthetic,,,,,96000,,A2,,,SpeciesA,,Ambig,10727.4255,11152.7077,4.9467,8245.0771,3398.2303,6108.0394,2.4036,9.2359,10524.4654,5192.9612,3808.0072,3686.9112,2.5159,0.586,7.9834,1875.0773,9043.5127,13258.2275,6.8552,10.7496,8.3151,2.5913,5.0793,2505.8694,1.6384,4.5644,6.3619,7.9643,0.2485,5.6074,4.5942,3.6435,0.8613,3084.3809,7074.1885,2.8094,122.3866,1299.1656,3.8411,1.222,6.1218,8.2592,3.6771,11.0866,3.9433,9.3797,3.1523,11.2497,1.1037,8.9486,1.2914,4.6734,3.3971,0.4995,6.4448,2.6184,0,,,,,,,,,,,,,,,,,,,,,,,,,,,,,,
synthetic,,,,,96000,,A2,,,SpeciesA,,Ambig,10916.027,12470.5103,4.5632,3615.0681,7573.5452,9840.4471,2.81,7.2025,6530.7117,6238.2994,7732.2725,1530.5952,6.2828,6.7753,4.6587,3587.2556,5464.4759,8034.7818,3.8768,16.1375,1.8225,0.4498,4.5825,210.1217,2.2299,7.2381,11.3189,8.9229,8.9209,6.7423,6.8358,1.1611,4.7714,3823.6366,6568.8012,2.8348,5242.3468,1294.2768,5.8701,1.1592,2.1975,11.0563,1.812,6.0006,5.6566,10.5068,1.6423,7.1188,4.6792,10.9306,6.8305,4.8143,9.3998,4.7633,4.5393,6.8564,0,,,,,,,,,,,,,,,,,,,,,,,,,,,,,,
synthetic,,,,,96000,,A2,,,SpeciesA,,Ambig,6937.3078,7113.0215,3.2089,2256.0115,2566.2225,7727.4562,0.929,2.0309,10113.9403,1997.2074,3874.0231,2593.3297,3.9271,0.5046,3.4147,3077.1902,9554.7583,11537.3342,2.6992,8.7177,0.5436,1.9996,0.8969,3719.9758,0.6219,4.8056,7.023,10.9699,6.1588,8.6824,5.6577,7.8442,8.202,3747.309,10774.2084,2.9592,3258.0187,2630.0852,6.2434,3.7411,0.5139,11.6626,5.8612,9.0221,0.5862,9.8847,4.2046,6.6462,6.991,5.1313,5.5571,5.8033,7.7699,1.9536,7.4024,4.3064,0,,,,,,,,,,,,,,,,,,,,,,,,,,,,,,
synthetic,,,,,96000,,A2,,,SpeciesA,,Ambig,12621.0758,9127.6844,4.8872,8886.506,1304.867,7250.2442,1.869,4.8124,11851.7087,9857.9921,3765.8844,689.6246,9.7476,6.7031,7.9841,5998.2779,5910.9897,9705.5052,1.7251,7.1512,5.2979,0.8047,11.6894,809.5779,1.011,8.7591,10.6775,9.6037,2.2595,6.9781,8.7608,3.537,3.155,6537.1257,7526.113,0.209,2091.4191,2215.5572,7.706,2.0714,5.6438,11.8127,1.0808,9.3457,7.1724,11.2825,5.1591,7.1797,4.3882,13.4017,1.215,2.0606,8.1548,0.8429,4.9066,1.4038,0,,,,,,,,,,,,,,,,,,,,,,,,,,,,,,
synthetic,,,,,96000,,A2,,,SpeciesA,,Ambig,7288.2473,8550.4867,5.5317,4205.3754,2364.7807,10895.7452,4.1325,4.703,10570.2053,5358.874,1685.0651,8236.9376,4.6661,4.5504,6.4297,6635.3172,6940.6308,12646.9704,3.3307,13.502,0.9377,0.0304,10.7304,1416.5561,0.8645,12.3695,7.0778,6.348,7.139,3.0964,8.1426,7.785,3.6567,2426.2513,7617.4543,2.5828,596.5666,1093.8187,1.8606,0.715,1.7578,9.3554,5.7577,5.2581,6.4013,9.6924,0.9584,5.1365,3.8075,11.9773,1.469,7.6199,8.2465,5.235,9.5727,4.158,0,,,,,,,,,,,,,,,,,,,,,,,,,,,,,,
synthetic,,,,,96000,,A2,,,SpeciesA,,Ambig,7889.1936,13993.2726,7.2074,6090.2543,3407.3876,12004.4273,0.9384,9.1599,10134.374,6539.7064,6108.7391,4190.2215,9.2931,2.6521,10.2691,2841.393,10543.2583,9901.1432,4.5687,15.7773,2.0718,2.318,4.2053,168.9423,5.9781,7.2813,8.5112,5.8844,6.1839,7.7293,9.8259,3.0294,6.5978,4752.4657,4621.9069,2.4988,2382.0983,6139.8146,8.462,3.1478,1.6703,6.6922,8.6893,8.9932,7.4718,13.6686,1.2817,10.584,6.1624,10.9201,3.6646,7.4561,8.3764,2.963,5.2874,4.2074,0,,,,,,,,,,,,,,,,,,,,,,,,,,,,,,
synthetic,,,,,96000,,A2,,,SpeciesA,,Ambig,11455.3517,9204.7887,5.1767,3149.6762,1965.1266,8719.1218,2.7045,12.3787,12198.2186,6670.3392,5392.1033,9102.3663,7.625,3.715,6.6877,3871.8573,11605.5971,10079.3345,10.4337,8.4916,4.5802,1.6295,10.5332,202.286,0.4446,9.075,9.3127,5.6087,4.437,2.5633,5.6651,4.5166,4.2168,2284.8526,6211.4275,0.6814,4363.1902,3463.4741,2.1385,1.5072,1.7222,11.2695,2.6102,7.9621,2.3311,11.8845,2.8321,8.1499,7.6907,10.4603,0.0059,8.9487,6.3122,2.2682,8.134,7.945,0,,,,,,,,,,,,,,,,,,,,,,,,,,,,,,
synthetic,,,,,96000,,A3,,,SpeciesA,,Ambig,7740.0611,8492.0578,5.9144,2540.2367,5035.6645,11373.7187,0.8326,10.7622,4278.1219,4784.6976,1809.8932,2747.9879,0.846,6.3326,8.7401,4053.2828,7790.9895,8504.8274,5.03,2.7355,7.5803,3.8058,3.6664,6685.1758,2.7387,4.4695,8.1925,8.7128,3.9498,6.4592,2.1641,2.4744,5.505,8935.9655,9381.7163,0.9876,4528.201,4843.5942,6.5375,5.7281,0.4814,8.7981,1.8936,6.4311,9.2351,10.4946,0.5838,3.8141,3.4929,7.9732,1.1486,6.4285,1.7203,4.1994,4.3194,0.9678,0,,,,,,,,,,,,,,,,,,,,,,,,,,,,,,
synthetic,,,,,96000,,A3,,,SpeciesA,,Ambig,2460.1763,4442.5419,14.9804,1800.2123,6488.1628,8591.3278,0.819,4.7512,8403.7599,9582.2934,528.0375,943.383,7.297,4.8204,10.4336,5499.7596,12535.0667,4501.1072,11.9055,6.8367,0.0389,3.1024,4.5094,6190.4938,1.5444,6.3215,9.4232,15.2787,5.696,8.092,4.8448,2.8612,1.5266,6858.5283,5084.5902,2.6998,146.3536,4130.0543,8.9725,0.8567,0.9463,8.8696,6.522,9.1481,8.6563,9.3468,0.3191,4.3873,0.4701,11.7288,2.2078,5.238,5.5137,5.6518,2.774,0.7763,0,,,,,,,,,,,,,,,,,,,,,,,,,,,,,,
synthetic,,,,,96000,,A3,,,SpeciesA,,Ambig,1349.8753,10569.9598,16.5248,3858.8087,2780.3548,6463.332,0.9681,9.2553,9015.511,2789.6121,5736.1105,638.5386,5.3607,6.8773,7.2167,4578.6833,9424.5296,6472.5998,6.5379,11.5299,2.3293,4.5836,6.3829,2797.2868,3.5572,10.1489,9.1591,13.4554,7.2629,9.9761,1.2,6.8071,0.6801,6085.0514,4950.9599,5.0062,2362.9599,516.1013,7.8218,2.5913,6.439,10.1155,4.7203,5.5169,5.971,4.0413,0.2864,3.8159,3.9475,6.2835,1.1603,4.0439,3.0096,8.5847,5.8296,0.1062,0,,,,,,,,,,,,,,,,,,,,,,,,,,,,,,
synthetic,,,,,96000,,A3,,,SpeciesA,,Ambig,925.2273,4366.4993,6.0853,6970.0637,681.2335,7247.4166,1.464,7.8719,9301.7189,3545.8006,954.6351,325.6137,6.8544,1.4166,2.6013,3455.9633,7658.1549,8805.6629,13.0886,6.1741,7.9377,4.0446,2.1029,709.8161,1.8092,4.6264,12.7661,6.5477,6.8067,6.3221,2.1005,3.9756,3.5267,7168.6814,8417.9651,1.3979,1762.4429,4898.0773,12.2822,3.5413,5.3941,5.9151,5.044,5.2604,6.471,9.2841,0.9353,3.4756,0.3805,9.4236,2.0499,4.5149,0.8101,8.6391,1.2427,1.9499,0,,,,,,,,,,,,,,,,,,,,,,,,,,,,,,
synthetic,,,,,96000,,A3,,,SpeciesA,,Ambig,2964.9091,10900.3577,15.556,5985.5821,800.6118,6021.585,2.7531,5.3662,9429.8927,8799.6109,1982.5435,3305.571,6.5424,7.8664,2.8051,9878.1323,10241.2687,5709.0246,6.9225,8.1267,3.0901,0.5765,2.5028,5032.4581,7.2979,7.9784,10.9044,10.0209,5.6612,6.2002,0.8463,1.127,1.5756,5986.0838,4715.7598,0.6319,2659.4988,3755.5169,6.5735,0.3386,3.1791,9.0057,3.67,6.2856,9.8125,8.4828,4.2901,0.4317,3.4082,8.7833,2.2543,5.1465,1.3269,5.8805,4.7122,2.2393,0,,,,,,,,,,,,,,,,,,,,,,,,,,,,,,
synthetic,,,,,96000,,A3,,,SpeciesA,,Ambig,8323.7011,10395.1902,8.8672,7233.3435,755.9988,9905.162,0.4535,5.6368,4864.7651,3343.5895,2287.3726,2128.0091,4.7575,2.5894,3.719,7157.2097,6438.7527,8238.898,9.4928,9.3472,4.5853,2.9671,4.5253,28.461,0.932,4.0434,10.91,11.2741,8.2448,4.8682,3.73,3.1759,2.4898,8853.4327,7973.9133,2.019,1367.8125,5350.0583,5.8863,0.3616,6.5225,12.1554,6.6747,6.292,13.822,7.8489,2.442,3.3731,0.8552,6.4828,2.8423,7.2565,2.0099,0.9938,0.6629,0.143,0,,,,,,,,,,,,,,,,,,,,,,,,,,,,,,
synthetic,,,,,96000,,A3,,,SpeciesA,,Ambig,1347.1154,10150.5984,13.1838,12227.7279,4789.7005,5608.7919,2.0881,0.9854,4310.3033,4815.7308,4226.5416,3219.2464,6.1389,4.515,7.086,10544.1207,8517.1464,6485.1761,3.1945,12.7092,8.801,5.2975,1.8616,1833.927,1.8049,6.5552,7.4693,12.6129,4.867,7.6297,4.153,2.8691,1.053,5685.3751,9409.3619,1.0131,4054.9231,221.1205,2.8737,3.3546,0.2146,11.1336,6.3905,3.1504,5.5773,5.5812,0.9773,0.8456,6.2412,9.2209,2.7891,5.2006,3.3732,2.0451,4.2007,2.1312,0,,,,,,,,,,,,,,,,,,,,,,,,,,,,,,
synthetic,,,,,96000,,A3,,,SpeciesA,,Ambig,5100.1173,6760.5345,7.5854,5574.2249,3456.2706,6445.0173,1.8323,9.0003,12001.8522,4502.0105,2648.8721,2633.7285,1.7482,4.2906,3.6674,10386.8407,10544.3741,5684.5876,6.1195,9.0789,4.1591,3.2852,1.4726,838.4314,4.3306,11.276,9.7059,11.9928,8.8135,8.0411,7.7092,6.3085,1.038,7432.9626,7822.5549,0.4209,3818.4998,753.94,1.3273,0.5899,2.2051,9.6056,5.3514,3.1016,9.6594,9.0336,1.3141,7.97,9.0701,6.8047,4.4167,7.379,3.6557,6.2591,2.4691,0.8043,0,,,,,,,,,,,,,,,,,,,,,,,,,,,,,,
synthetic,,,,,96000,,A3,,,SpeciesA,,Ambig,2920.755,6016.0542,10.0558,1525.5821,20.4116,8534.7367,0.0864,8.6013,1074.3749,3298.5323,418.4668,1771.5831,3.2023,6.3139,5.288,6967.6561,11213.1841,9398.3907,5.4867,11.4685,6.709,3.8019,4.9623,2702.3249,4.9299,8.7169,8.8793,13.5048,6.15,8.6245,3.483,1.586,4.6774,7056.4713,4446.9556,0.83,1108.1131,6452.6555,7.8306,2.8324,4.2254,8.4389,10.1321,4.6588,2.3214,7.0312,0.2044,2.7594,0.9622,10.8867,6.0083,1.5043,5.5379,2.5012,10.1395,1.7666,0,,,,,,,,,,,,,,,,,,,,,,,,,,,,,,
synthetic,,,,,96000,,A3,,,SpeciesA,,Ambig,4517.8243,10666.7645,11.6172,3674.0026,4369.4492,5814.1763,4.3802,12.7229,4923.5684,3735.6305,2653.8286,2208.8336,1.284,2.7318,4.1344,7104.8439,13985.7329,6443.3596,7.8978,10.1664,2.8487,3.988,2.5013,4061.3119,3.5292,6.3944,4.5904,11.603,3.9365,7.2582,3.2512,1.571,3.6465,8590.6813,5891.409,2.5707,2571.7104,429.253,6.8959,0.7922,1.7558,9.0345,9.1658,11.0396,7.2918,10.8926,0.9663,4.7523,6.5999,10.5498,7.8628,6.8853,0.3841,7.1867,3.2369,0.0841,0,,,,,,,,,,,,,,,,,,,,,,,,,,,,,,
synthetic,,,,,96000,,A3,,,SpeciesA,,Ambig,2491.747,10405.7748,12.3482,7152.6912,5039.9216,11318.4164,0.024,9.9879,3937.9266,4373.6625,4448.9239,2668.0556,1.3344,4.8842,4.9764,4878.455,12265.0563,6617.1628,2.7396,5.8846,9.9818,0.3705,5.415,2926.7048,3.9894,3.2894,7.1358,11.6651,7.8546,3.8809,0.6409,6.1082,4.0956,7712.025,5852.6839,0.6825,3590.9738,3296.2037,3.4636,1.38,2.4623,6.6615,5.8792,7.3778,6.9131,7.8566,2.4725,3.6667,5.4695,10.5298,4.516,3.2741,1.1598,4.5207,5.4049,5.9762,0,,,,,,,,,,,,,,,,,,,,,,,,,,,,,,
synthetic,,,,,96000,,A3,,,SpeciesA,,Ambig,6528.9664,5718.4394,12.3172,3041.0671,1120.683,13613.6681,0.9056,9.4313,7206.4017,9788.3574,2517.2898,4734.4911,2.0998,0.5005,9.0001,10612.27,12456.1532,8193.5933,7.0812,6.9421,9.4054,5.064,6.1228,2341.8782,5.0112,7.6156,9.803,8.3907,7.1292,10.9613,2.2532,3.2797,3.5625,9180.1015,8935.7195,4.3784,4572.0228,1757.0543,4.5247,2.4595,2.1204,11.4598,13.2105,9.2335,9.7461,4.6272,0.5329,1.1417,3.0594,7.0903,0.1757,5.7551,0.1084,0.3753,0.8634,1.8114,0,,,,,,,,,,,,,,,,,,,,,,,,,,,,,,
synthetic,,,,,96000,,A3,,,SpeciesA,,Ambig,5136.8016,10468.1609,12.9132,4303.5452,4269.0158,3489.6146,5.7986,10.6324,5259.9426,2350.1669,2757.1449,2984.9378,2.7197,5.8528,5.6224,5697.7089,13556.1876,5031.8421,7.3775,7.4178,3.4404,4.5753,2.3758,6156.5811,0.9297,11.3277,5.2047,12.8279,2.8551,2.1405,3.9488,5.2957,1.853,9747.2113,5380.6542,0.0064,4267.1442,2688.8362,2.0919,5.1357,4.2644,8.3717,2.7797,3.0553,4.5354,8.2288,0.2218,0.972,3.0736,13.73,0.9982,4.8158,5.9864,5.0778,4.3777,0.8428,0,,,,,,,,,,,,,,,,,,,,,,,,,,,,,,
synthetic,,,,,96000,,A3,,,SpeciesA,,Ambig,1106.4083,4976.9538,9.1009,4606.0783,3484.5126,8470.3277,0.6483,8.1949,3278.7144,128.7219,504.8339,695.127,3.0364,3.2945,2.3247,4148.8446,10928.546,7917.8534,5.0258,9.9082,5.0102,0.8671,4.9598,6107.599,0.7041,9.2685,11.384,15.0584,3.7975,10.5317,3.8404,2.9673,0.7568,8290.7774,7502.4706,0.7767,6526.6694,604.7747,3.9785,3.0721,4.6189,12.1707,2.6596,9.994,9.144,11.2729,2.0462,4.3464,3.697,5.8453,0.0377,9.0946,1.4375,2.1165,6.4377,3.1488,0,,,,,,,,,,,,,,,,,,,,,,,,,,,,,,
synthetic,,,,,96000,,A3,,,SpeciesA,,Ambig,7454.3951,5929.0767,10.1571,7731.7904,953.8215,5217.588,2.1616,11.5498,2917.3393,1235.7556,1818.7676,840.8851,4.3238,5.5205,5.0675,5174.2719,11562.7629,5223.7477,6.5485,7.0586,12.2597,5.4588,2.7705,1090.7705,1.296,2.2409,6.1134,9.4674,8.0639,4.4268,1.5732,0.2506,1.6089,6620.9535,6836.829,2.5012,1744.8705,3850.0927,7.2292,1.0777,2.1608,6.2106,7.1937,10.7851,8.4551,8.7728,0.0552,2.8724,2.7335,12.2565,2.6819,5.6915,1.7889,5.3143,5.0748,1.4035,0,,,,,,,,,,,,,,,,,,,,,,,,,,,,,,
synthetic,,,,,96000,,A3,,,SpeciesA,,Ambig,9277.3999,8545.8824,10.3283,8848.3567,5153.9494,6870.9988,1.431,4.9689,4195.4188,392.6632,4857.941,3055.7826,6.3712,1.9042,2.9863,6437.5435,11845.3691,9158.6933,11.0949,9.5591,7.7618,1.9206,6.6423,1784.7369,1.2335,6.1132,7.7845,11.7908,6.8576,4.2211,1.6976,5.4705,2.9087,5241.327,11256.1957,7.1024,1585.067,2921.4305,2.4606,7.5847,3.6111,13.0271,9.2335,9.5814,7.385,7.7594,1.1686,5.8241,1.5913,9.135,4.3155,3.4911,1.6992,4.3337,0.9125,3.5875,0,,,,,,,,,,,,,,,,,,,,,,,,,,,,,,
synthetic,,,,,96000,,A3,,,SpeciesA,,Ambig,5839.3705,4114.3352,10.1847,3216.8046,950.012,7282.7779,1.6832,10.0552,4035.8798,7712.4401,1697.6248,3829.6678,3.3146,2.7177,2.5526,8370.0678,13523.8268,12926.3985,9.8921,9.287,5.0314,4.3886,4.7887,5060.2563,4.7513,4.2612,6.2205,14.7312,6.6243,4.9139,6.5154,2.6328,0.6332,5633.9147,2470.4705,1.8262,294.9859,219.5998,4.7267,2.9068,2.6885,9.4742,1.1415,7.0719,4.2481,7.6345,1.9913,3.7573,9.4988,11.139,3.3145,6.6327,2.128,6.3378,7.0206,2.5763,0,,,,,,,,,,,,,,,,,,,,,,,,,,,,,,
synthetic,,,,,96000,,A3,,,SpeciesA,,Ambig,7623.6593,9187.8681,12.7038,6320.5895,516.7674,4158.6248,4.6525,8.2749,2254.3874,6128.4955,901.7145,2918.2889,1.0575,0.0258,6.1132,6804.9402,10556.4407,8340.1225,8.1686,3.4063,4.806,1.347,1.775,33.5618,2.0843,5.6872,4.3029,10.1051,10.8937,2.8569,0.6682,4.2899,2.8242,7946.9538,4575.3579,2.1608,1354.3666,1635.0591,5.0652,0.8176,4.6452,10.9953,5.2839,9.6228,8.1427,9.1064,2.4352,0.1346,6.3302,6.3445,1.0711,6.0316,1.39,2.7893,7.7486,5.6474,0,,,,,,,,,,,,,,,,,,,,,,,,,,,,,,
synthetic,,,,,96000,,A3,,,SpeciesA,,Ambig,7197.1193,13641.241,10.3611,5107.7055,4409.8339,11663.0523,2.8791,7.8631,5331.9848,6656.6186,2204.9902,3339.3788,3.6139,4.1034,3.7579,5264.3944,10825.4891,7273.4023,3.7346,12.5877,5.2211,0.0424,7.6118,469.142,3.6622,6.3106,8.5661,11.7405,4.4162,5.5957,8.6323,1.9922,1.4976,7874.2973,4743.973,3.7603,8714.9868,273.3727,11.7839,2.4287,3.0503,10.6256,6.9276,10.2396,9.0285,7.228,1.5152,7.1806,6.4333,7.3147,0.2358,7.1038,1.0525,2.9818,1.8772,0.0225,0,,,,,,,,,,,,,,,,,,,,,,,,,,,,,,
synthetic,,,,,96000,,A3,,,SpeciesA,,Ambig,6046.5043,10391.2141,10.3252,10342.2676,2402.8734,15074.4738,2.5952,8.8857,4549.942,1803.0696,1419.1944,2135.7918,9.4741,0.5315,10.1984,6297.0097,12989.4809,1278.811,7.0134,7.8032,7.2649,3.6449,2.0024,3769.0341,4.128,7.845,10.4619,14.0654,5.7995,2.0991,0.0871,6.9762,3.1088,7041.917,6288.0311,0.2555,3379.6826,360.2352,4.8388,6.5001,3.4313,7.9212,2.085,5.4763,9.7383,8.7624,0.5286,3.9301,3.6283,7.0501,5.0791,7.2085,8.8007,2.0326,3.9232,2.884,0,,,,,,,,,,,,,,,,,,,,,,,,,,,,,,
synthetic,,,,,96000,,A3,,,SpeciesA,,Ambig,4374.6984,4434.0725,7.9299,5407.0177,3452.3252,6854.4026,2.5997,10.1258,6604.474,5325.3952,1174.7927,3067.8089,6.9671,4.1324,6.5587,6114.3377,7650.4647,5126.0412,8.5802,9.78,9.5344,3.5571,7.0199,4709.1074,4.8776,4.8317,7.4782,11.6374,3.3894,6.679,6.1095,2.3997,6.2641,6060.0337,6867.2568,0.9301,1547.0069,2246.7774,6.6365,5.2428,4.3782,10.7799,4.7863,3.7549,7.7152,4.7408,3.4541,3.7247,8.5553,11.658,3.9137,6.8535,3.1315,5.5562,6.5737,1.0998,0,,,,,,,,,,,,,,,,,,,,,,,,,,,,,,
synthetic,,,,,96000,,A4,,,SpeciesA,,Ambig,5774.2395,15901.7017,10.4239,1503.645,5674.3594,5878.9214,6.6124,9.6909,7494.9237,9968.5216,5555.869,165.1132,1.2493,6.5879,6.0074,6508.6611,8902.5654,14115.5937,6.4656,8.6127,7.9272,7.3437,8.0542,2460.2588,2.4595,7.9347,5.1096,11.8582,2.7339,5.7527,4.07,6.925,2.1535,5339.9083,6587.3306,0.4644,121.9475,1423.9985,4.8678,3.5527,5.1384,9.5876,4.4807,10.0804,5.3606,9.524,1.6313,5.7502,4.3059,1.1552,2.4927,4.5619,2.2374,5.4221,0.4971,0.8002,0,,,,,,,,,,,,,,,,,,,,,,,,,,,,,,
synthetic,,,,,96000,,A4,,,SpeciesA,,Ambig,11280.4721,10608.1974,5.5518,2072.6939,914.9493,5617.2663,4.1593,12.8131,4174.3315,7933.0551,7594.672,1963.1814,4.4079,5.0905,8.6508,5538.6002,9608.9059,10520.5978,7.7933,9.994,7.31,3.7688,7.6422,1761.1778,1.4512,4.3275,2.4403,8.4546,4.3675,1.4032,6.2328,4.93,6.3677,6987.4758,8286.8562,2.7965,5564.8432,3115.2771,5.9202,6.038,0.8949,8.661,9.1842,7.7022,6.8205,6.8552,6.8456,2.2946,5.186,7.8303,4.6231,4.3464,2.3321,5.4497,3.6152,3.0,0,,,,,,,,,,,,,,,,,,,,,,,,,,,,,,
synthetic,,,,,96000,,A4,,,SpeciesA,,Ambig,9897.2711,14025.961,8.6231,102.6297,2327.0046,7239.9387,1.8282,8.7265,6559.7665,11814.482,12871.2737,1199.1462,5.8766,5.3561,9.2975,7788.9365,10120.5295,9961.7245,7.8399,7.9203,6.5007,2.0055,8.5443,2213.8985,6.6962,6.36,7.623,5.6671,7.6748,3.4965,6.1231,3.7968,0.375,2285.7375,9013.8577,0.6769,5914.9474,1991.1118,4.9204,3.6332,5.8892,5.6825,7.351,9.0368,2.5761,5.0456,2.4983,4.066,7.6579,5.2787,4.4376,6.3915,2.1707,9.9281,3.4068,0.6574,0,,,,,,,,,,,,,,,,,,,,,,,,,,,,,,
synthetic,,,,,96000,,A4,,,SpeciesA,,Ambig,5818.2436,11117.8541,11.5068,137.0465,379.937,6445.5068,1.7649,13.373,2707.4864,8882.0713,9272.8518,628.2223,3.2642,7.023,10.2141,4400.1608,5979.1401,12952.0559,11.3339,9.5836,0.7226,7.4202,6.7107,4699.5564,3.8501,5.4633,3.9355,11.6566,9.7374,1.2879,3.2969,8.0601,2.884,637.8897,8217.3177,2.7885,2654.5427,1741.8389,6.6546,0.5882,2.6259,6.8732,6.3421,10.0161,10.3399,6.8224,0.5672,5.8671,6.3204,8.9031,5.6868,11.8382,4.6733,5.0783,1.4649,2.3777,0,,,,,,,,,,,,,,,,,,,,,,,,,,,,,,
synthetic,,,,,96000,,A4,,,SpeciesA,,Ambig,8655.8528,12770.1326,4.1543,1937.385,3533.438,8616.2403,4.8393,5.2646,11216.4259,6643.2727,8462.1295,3214.7401,2.8694,4.4631,0.9577,4409.5929,5420.8406,11614.2748,7.6781,12.7063,5.7033,2.2036,8.0725,913.7479,5.4815,7.1909,2.5939,7.9785,6.2896,3.2874,7.8748,7.9,2.8851,1886.5476,2585.9954,2.7371,1807.4485,2462.2017,8.1511,2.0291,0.0441,7.9735,4.65,12.2827,3.2819,5.1057,5.7191,4.6556,6.475,5.8169,1.4844,7.2718,2.3279,2.6242,3.3552,3.2836,0,,,,,,,,,,,,,,,,,,,,,,,,,,,,,,
synthetic,,,,,96000,,A4,,,SpeciesA,,Ambig,10038.5037,9049.6918,5.4084,1390.6487,5340.6797,8214.958,4.5886,6.2866,5706.4014,8170.9353,7743.5348,37.3781,5.2311,7.5529,6.7104,4102.9954,4645.5404,9873.6821,7.9355,9.771,3.741,2.0619,8.9961,1758.874,4.2669,3.9736,3.5143,8.3825,3.6377,0.9085,4.8147,6.6198,1.4883,6412.2925,7877.3467,2.2842,582.6882,1500.1848,11.0178,1.3704,3.6239,10.6678,7.0423,9.8643,7.3735,7.5671,1.9861,5.7566,5.6905,4.2587,3.7665,4.9998,3.8234,0.0743,1.9565,6.1393,0,,,,,,,,,,,,,,,,,,,,,,,,,,,,,,
synthetic,,,,,96000,,A4,,,SpeciesA,,Ambig,6510.4438,10169.5935,7.8017,5866.9905,2261.6656,8222.5067,3.0806,7.5503,16498.7859,8156.5426,6148.1814,948.0533,5.8271,6.9645,8.0704,7054.3043,6348.1504,11850.6869,6.7522,9.7059,1.1046,2.3567,5.39,1798.6511,0.3253,6.5291,5.3762,5.1736,4.5896,1.9128,7.9066,2.7033,2.824,1388.0231,7126.9743,5.1762,1321.3771,3286.7177,5.3179,5.4002,4.0741,11.723,3.7457,7.6236,9.7749,5.4029,0.1966,5.3611,2.1672,8.1157,4.4663,8.5516,0.3648,6.4638,0.739,2.5573,0,,,,,,,,,,,,,,,,,,,,,,,,,,,,,,
synthetic,,,,,96000,,A4,,,SpeciesA,,Ambig,10188.3957,15286.2691,9.1378,4228.0902,4102.0268,8776.3452,2.1456,8.7199,7913.8009,4500.8234,6144.4923,3819.3487,8.4191,4.3841,3.8804,10330.85,7720.7725,15704.9719,7.6512,8.2127,7.2728,8.0239,3.6202,5787.2159,3.2553,10.1183,4.1142,4.03,7.4061,6.3732,10.8775,7.9264,0.2276,2169.0255,6904.5242,2.3222,820.5747,2254.3661,1.0685,0.9987,1.7188,15.3197,8.963,9.1758,8.4874,2.8244,0.6653,0.1424,8.8958,7.6668,1.4815,7.2023,3.6862,6.4185,3.4568,1.9733,0,,,,,,,,,,,,,,,,,,,,,,,,,,,,,,
synthetic,,,,,96000,,A4,,,SpeciesA,,Ambig,5771.1675,13244.4359,10.1473,571.3824,140.7084,9549.2095,0.5049,11.1754,9230.7034,10181.2843,11852.0262,3894.6705,6.8157,3.6469,4.4024,8311.3106,13762.8478,14001.1372,13.3162,11.1984,5.3189,6.306,7.2543,1733.6398,1.3404,8.8805,2.3853,9.2536,2.6033,6.7975,3.0655,5.7261,5.9391,1663.7537,11152.0168,1.046,3065.8828,1744.6687,1.6562,1.3217,2.8718,6.1356,8.5004,8.3871,4.5671,5.906,0.8621,10.2577,1.4178,8.0296,6.8928,2.4053,3.0194,6.5868,1.2974,1.1302,0,,,,,,,,,,,,,,,,,,,,,,,,,,,,,,
synthetic,,,,,96000,,A4,,,SpeciesA,,Ambig,10212.8979,12076.1845,5.1867,4180.053,3174.2909,4367.5956,3.6142,9.0616,5161.8968,12288.3557,10199.2214,4293.6901,1.9145,4.9229,4.773,5664.543,7116.9264,11607.4995,8.0977,11.3346,3.547,7.0181,7.6764,4954.7396,2.3585,6.2599,7.4786,7.2212,5.526,2.3997,7.3014,2.4984,3.4744,907.904,9597.607,1.727,1291.8383,4497.388,5.6765,1.444,2.7256,11.914,9.6775,8.9387,6.6596,2.6628,5.0348,5.6307,8.7912,5.386,0.7024,11.1828,1.5446,5.5137,2.6398,1.783,0,,,,,,,,,,,,,,,,,,,,,,,,,,,,,,
synthetic,,,,,96000,,A4,,,SpeciesA,,Ambig,8697.1134,9030.2137,10.5639,1321.1652,1495.1715,11007.7065,5.1321,7.637,3982.0859,8382.7592,8837.7153,1971.6729,1.7606,3.9647,3.0023,7239.9356,11975.7382,13084.3794,5.694,11.0087,6.1971,2.5127,6.8358,7199.4766,4.4716,8.6099,3.9782,8.0774,1.8654,3.994,8.6182,8.8646,1.0259,4480.4336,8338.5642,1.5595,2497.2265,4472.8362,5.467,2.8843,0.6692,4.4569,4.5359,6.2129,3.6447,8.7192,0.3411,5.0731,8.2004,9.3312,3.159,10.6749,2.2733,5.1891,3.6064,3.3928,0,,,,,,,,,,,,,,,,,,,,,,,,,,,,,,
synthetic,,,,,96000,,A4,,,SpeciesA,,Ambig,5399.0273,12736.1989,9.3709,1713.472,2344.4948,9112.7212,6.36,10.4003,11794.1214,6967.7664,6724.988,2968.8957,4.123,4.6736,10.2707,6198.4919,7512.1605,11739.3759,12.1141,10.6232,7.8903,2.6959,5.9788,165.2581,3.6003,10.9933,2.1766,12.0661,3.6301,3.4722,7.727,5.1931,1.2606,1360.1213,9111.7386,0.5035,9320.1781,2407.1748,7.9016,2.3152,0.5939,5.6774,9.52,9.7214,8.4822,4.1774,0.4114,7.7471,2.8759,1.6799,5.4361,4.5001,0.2131,7.4597,0.4547,2.3674,0,,,,,,,,,,,,,,,,,,,,,,,,,,,,,,
synthetic,,,,,96000,,A4,,,SpeciesA,,Ambig,5661.2166,16733.2521,11.1594,1465.0611,2129.7213,4609.2958,3.3307,11.3554,5006.1742,10272.2871,4181.234,23.7101,0.4064,11.2038,6.2871,7313.3259,8236.9069,13188.2986,2.2666,10.4878,10.3287,2.8354,7.2499,3570.3932,1.9302,6.4596,7.4678,8.459,7.0787,3.1831,6.4266,3.7568,1.6719,4574.28,7596.9488,3.0576,4687.2107,4828.9103,5.1376,4.4444,1.0634,11.2205,4.4042,9.2275,7.6265,8.9498,0.796,4.2757,3.933,10.2601,7.0854,7.1157,2.1797,3.2051,3.9499,1.6324,0,,,,,,,,,,,,,,,,,,,,,,,,,,,,,,
synthetic,,,,,96000,,A4,,,SpeciesA,,Ambig,9594.9626,13910.2014,8.5783,4277.1615,3909.2613,4551.1908,2.0161,14.332,5603.4248,6792.3036,10155.3204,1774.8603,2.8454,2.6335,7.4804,9251.1754,13426.9297,10655.3533,10.1371,7.8388,5.232,2.0971,7.6416,3766.5949,6.6331,3.9277,8.234,6.787,3.5869,3.6302,1.9812,3.6288,1.2415,2262.3686,9546.565,2.2727,2908.0328,660.9143,7.5365,1.5761,0.6667,8.6708,7.5436,6.2597,3.167,5.1339,2.0274,5.4272,7.5371,9.4362,5.6616,7.3038,1.2669,2.8156,1.3332,0.84,0,,,,,,,,,,,,,,,,,,,,,,,,,,,,,,
synthetic,,,,,96000,,A4,,,SpeciesA,,Ambig,7916.119,13017.1644,7.4648,4219.7902,3183.6227,7433.7517,3.6018,7.1168,6045.9725,9206.4855,8532.8941,1622.9465,3.8363,11.6375,4.2423,6157.584,10590.9692,7635.3055,7.8177,14.9156,7.1466,5.371,8.6881,2169.7212,6.3548,6.0128,4.0083,8.2281,8.4155,4.8828,7.3239,1.4429,1.0169,8614.7981,11543.4134,2.2653,776.7971,3634.4067,4.9624,2.3657,0.4776,11.3067,10.4715,5.2957,7.8075,4.1431,2.683,2.9833,4.7578,8.7677,0.617,9.9805,6.3569,6.6744,3.866,0.1378,0,,,,,,,,,,,,,,,,,,,,,,,,,,,,,,
synthetic,,,,,96000,,A4,,,SpeciesA,,Ambig,4426.6796,14343.6234,8.8067,4472.5319,9084.8925,8508.587,3.895,12.3873,5260.0261,5121.9095,6553.0595,535.6885,6.6105,5.1479,10.4902,10502.5628,11852.3734,9555.9025,9.067,12.4488,2.1455,4.6625,8.9723,2430.97,7.8866,9.4379,3.0014,8.2842,4.0624,5.5056,3.4697,5.9257,0.9954,5190.3802,7843.4418,0.5813,7312.4932,2509.3249,10.8715,1.627,3.4759,13.4794,7.9168,13.8769,3.3647,8.0666,0.2367,4.1915,5.3269,7.0498,8.5634,2.7192,1.4219,3.3896,5.4157,0.8864,0,,,,,,,,,,,,,,,,,,,,,,,,,,,,,,
synthetic,,,,,96000,,A4,,,SpeciesA,,Ambig,8506.2053,12012.7956,9.5168,5180.5579,1669.2917,6811.8235,0.7202,9.246,10763.7361,6590.1534,10291.9825,3010.2642,0.2473,2.4708,4.9283,6747.9906,9730.0344,10353.1521,9.3335,9.2409,1.653,0.6811,12.4887,3990.48,3.518,10.0472,6.2737,5.8991,6.1567,6.2165,8.6579,1.369,0.0646,3394.5452,10967.1654,6.5354,2039.6416,683.2356,8.4194,4.9931,3.5051,9.4804,13.0688,7.7763,9.333,4.4627,0.9655,4.7507,9.0917,3.8435,3.0828,3.3711,2.5298,4.0352,3.5561,2.5119,0,,,,,,,,,,,,,,,,,,,,,,,,,,,,,,
synthetic,,,,,96000,,A4,,,SpeciesA,,Ambig,6465.8212,15603.8777,7.4108,4207.6474,3983.6081,5806.203,1.0686,10.946,9049.8347,10436.8662,2459.3546,1963.5117,0.4812,3.7494,8.7452,8116.4242,9841.8109,10848.9827,9.4266,9.6658,5.8021,4.1404,1.7394,927.7386,7.3557,5.4128,4.7076,6.4558,4.9396,6.8667,4.9673,1.0625,9.7441,1331.5351,3289.1113,1.5,4885.8505,4712.4351,2.6368,2.6802,2.9395,6.9461,8.9021,6.3097,4.0645,2.2896,1.9373,6.7234,1.9711,3.3052,2.0413,7.8421,0.4625,7.3366,0.7228,3.0523,0,,,,,,,,,,,,,,,,,,,,,,,,,,,,,,
synthetic,,,,,96000,,A4,,,SpeciesA,,Ambig,6103.9223,13093.6935,5.5114,3328.5277,7191.1642,5218.5707,2.9214,11.8408,6978.5564,5833.5197,4727.1463,3136.222,6.1277,5.5335,6.2068,9844.1894,12051.3177,6970.3026,7.4508,10.6316,6.5568,3.1744,5.5335,682.2629,0.5508,6.2721,3.5053,9.0688,3.5131,2.8922,3.1144,0.8736,0.2974,1517.7657,9231.5413,0.1743,3051.6863,1372.5827,6.1415,0.7997,3.151,9.2564,6.5286,12.3683,7.4505,7.1286,2.6515,4.2544,4.4644,6.8925,3.27,8.2119,3.9686,7.2036,1.4367,3.1498,0,,,,,,,,,,,,,,,,,,,,,,,,,,,,,,
synthetic,,,,,96000,,A5,,,SpeciesA,,Ambig,7039.0801,3854.9336,7.4641,1549.9916,776.7696,9431.2292,0.9277,10.7045,12548.8277,10194.8162,5934.6481,2535.0459,4.4215,4.4185,3.8898,9922.7619,10944.0747,8457.0856,7.9946,12.3595,1.4665,2.5412,0.8789,39.7292,2.9338,7.6298,7.1185,7.6183,5.5106,2.791,4.23,2.2572,0.5522,3584.8491,8305.869,1.8569,6738.5401,5703.5544,4.7732,3.4105,0.6496,9.1577,7.3706,10.1372,6.5912,9.6962,0.7998,2.6164,6.6461,9.0048,1.6821,4.6458,1.6669,6.8626,9.518,2.6693,0,,,,,,,,,,,,,,,,,,,,,,,,,,,,,,
synthetic,,,,,96000,,A5,,,SpeciesA,,Ambig,1868.2818,8430.5932,10.6165,3223.6963,4213.5821,9165.7279,4.5102,11.6265,10290.1625,4777.8228,9586.3301,2310.5383,4.6174,10.3967,3.0534,6821.1911,8097.6467,9185.8531,6.9075,15.0185,6.3335,2.7443,6.6274,954.1213,2.1805,9.8239,3.7629,8.4148,5.6582,3.1661,1.1515,3.5215,3.1789,125.7179,8205.1662,1.8744,3282.6593,3203.4732,13.9718,3.9372,4.137,4.9014,6.2916,5.4577,9.958,8.6593,2.21,5.9154,3.7954,5.3331,3.8081,3.3089,1.3357,2.2291,5.1387,1.3261,0,,,,,,,,,,,,,,,,,,,,,,,,,,,,,,
synthetic,,,,,96000,,A5,,,SpeciesA,,Ambig,8853.1311,9293.2912,9.9146,2295.6269,5316.9998,5131.9177,1.0332,5.6032,7440.4657,7236.6929,3484.0575,5148.1418,4.3769,0.1905,5.2288,10989.537,11133.9689,11513.6643,6.3599,6.5664,2.0448,4.5441,6.2094,2104.3535,1.9392,4.8816,1.4386,8.7609,9.5929,11.2712,3.8492,5.4611,2.5304,799.0236,3540.0657,2.9713,5032.2899,8651.0749,8.807,2.5682,2.2447,12.4163,5.4463,8.0151,2.5135,11.5475,4.589,4.6249,5.49,10.1217,4.7707,7.0322,5.9278,2.3724,5.3936,0.4891,0,,,,,,,,,,,,,,,,,,,,,,,,,,,,,,
synthetic,,,,,96000,,A5,,,SpeciesA,,Ambig,11.0389,6660.4477,11.9462,2906.8768,1133.031,10629.4582,4.9221,7.2327,11845.0606,8979.8803,2526.3108,5983.0113,6.3104,4.5681,7.2739,2211.8804,4072.1823,9442.1821,6.2266,10.6683,3.4139,2.0453,5.8549,4036.1117,1.7938,0.117,9.0176,11.1601,7.2704,6.2805,9.9476,1.0896,0.0867,3389.4142,7706.1504,1.1201,5911.4957,3691.0226,6.1221,6.4445,0.3758,7.557,6.967,5.3061,9.474,10.8314,1.4021,10.9311,5.478,9.8589,0.0236,2.5971,0.0567,2.1883,5.7841,2.6143,0,,,,,,,,,,,,,,,,,,,,,,,,,,,,,,
synthetic,,,,,96000,,A5,,,SpeciesA,,Ambig,376.7413,5853.9796,4.8728,5613.2108,1778.0177,8478.259,2.621,10.2053,9512.7297,7800.177,617.0517,6640.8364,2.6337,7.0257,8.5248,5632.1565,8568.9748,9716.7784,7.1961,9.5648,4.9907,1.5261,5.6254,2085.9233,1.2312,8.9559,1.9877,9.0769,9.8576,4.7771,0.1382,4.4031,0.1748,1738.3773,11103.3071,1.9566,2636.3935,2447.2587,6.8002,0.627,1.3813,6.1755,6.5299,8.3861,9.9227,8.1181,1.1944,2.8587,4.6667,13.0149,4.5146,5.1882,4.0061,0.0955,9.4729,0.2585,0,,,,,,,,,,,,,,,,,,,,,,,,,,,,,,
synthetic,,,,,96000,,A5,,,SpeciesA,,Ambig,8283.1295,10261.2176,8.7566,3088.6188,527.1691,9591.5137,2.8608,18.2368,12315.6883,7475.8274,1944.6117,6376.26,2.4965,3.6425,6.3389,3103.0254,12858.2997,10669.709,4.7124,8.7941,1.5822,0.7152,4.954,1320.079,0.3554,4.9262,4.4409,10.5715,1.8878,5.8597,7.8486,4.2323,2.3481,420.374,12623.9531,5.0952,2245.3334,1763.5225,8.5974,5.1857,0.1997,10.309,5.6309,14.4099,9.1397,8.9246,1.3071,8.8197,6.9925,6.4527,2.9379,3.4401,0.247,0.2419,3.6106,1.0174,0,,,,,,,,,,,,,,,,,,,,,,,,,,,,,,
synthetic,,,,,96000,,A5,,,SpeciesA,,Ambig,3901.6386,10031.0157,11.4568,1672.5993,397.6323,11800.4494,4.9304,3.1223,12384.0948,8907.0627,6934.0255,3183.7342,1.5061,4.3804,6.8684,4204.7655,7237.7262,4431.8892,3.2193,12.307,6.0337,0.1157,1.1357,1651.3776,0.143,1.3296,5.4261,4.2863,2.4266,6.899,6.4097,1.9855,3.1244,3265.4154,8191.5769,0.7447,7306.0788,3329.369,10.8053,4.1263,0.8607,8.4032,6.2384,5.0489,5.6216,11.7069,1.8314,8.6721,6.0095,8.8271,3.7496,8.0015,4.6902,2.0089,6.3713,0.0957,0,,,,,,,,,,,,,,,,,,,,,,,,,,,,,,
synthetic,,,,,96000,,A5,,,SpeciesA,,Ambig,11091.6597,11085.4984,7.1451,1443.0971,1444.2026,9824.0066,0.6961,13.7323,5988.3289,9849.8159,5593.1413,1975.0783,1.2965,4.4277,5.5834,8667.499,5206.1805,11240.9737,5.2188,13.9738,5.9421,5.9099,5.2845,2499.975,1.0725,2.1983,7.5557,11.475,10.8667,0.8417,3.6837,3.6027,4.2994,716.6455,14504.0074,4.1912,3825.3923,6439.0798,11.0091,4.1089,3.2904,9.3282,4.2399,7.1898,9.9322,9.6515,6.8175,5.3715,0.6871,8.3716,3.1268,7.7976,1.8596,0.988,10.7222,0.9153,0,,,,,,,,,,,,,,,,,,,,,,,,,,,,,,
synthetic,,,,,96000,,A5,,,SpeciesA,,Ambig,8183.7339,8029.1604,6.5019,5854.7439,3030.8809,7695.1227,1.2793,7.1246,12483.8723,7058.6611,3403.424,9183.5173,1.1614,5.3159,2.7888,4311.9465,10679.7196,9399.1696,6.202,8.4958,6.6677,1.4015,3.0537,809.8085,3.2865,4.7093,4.2446,7.7287,10.1584,7.766,7.2265,1.119,1.3043,3291.1524,12282.5809,6.6157,5516.7341,3566.8945,7.968,6.5736,1.1006,8.835,8.0605,7.1021,10.994,12.5681,1.2114,9.8284,9.7664,10.4313,0.0404,10.5739,1.3441,2.168,7.335,0.5312,0,,,,,,,,,,,,,,,,,,,,,,,,,,,,,,
synthetic,,,,,96000,,A5,,,SpeciesA,,Ambig,9150.5164,10757.8992,12.6141,3835.7019,1332.7297,9494.8964,2.4513,7.0654,17970.177,6766.3581,3133.8288,6709.7229,3.6418,5.7013,4.9815,7307.4247,11201.3464,9951.9751,5.4988,11.3819,7.1145,4.8247,3.7562,2353.799,3.0608,3.7993,6.4091,12.0869,7.239,5.637,4.3249,5.4272,2.6026,2134.9746,13196.4608,1.5908,1005.6131,3885.7454,7.1563,1.9605,5.0444,9.9857,5.8389,10.7931,9.2629,9.6394,3.0142,6.9166,4.5527,8.1361,2.5693,4.528,1.3839,6.3729,6.4521,0.7593,0,,,,,,,,,,,,,,,,,,,,,,,,,,,,,,
synthetic,,,,,96000,,A5,,,SpeciesA,,Ambig,6136.8301,8877.1035,9.6261,2547.6176,1307.0296,12224.0363,1.4674,10.67,5873.2085,4718.301,7080.1117,3467.091,0.0949,6.7091,2.9433,6433.3469,3574.6318,6914.2877,4.6283,11.6512,7.1941,0.7759,7.9819,1608.2235,6.2609,1.5742,9.8087,9.5644,4.0764,4.0847,1.5365,4.41,1.2804,5849.272,8785.2062,5.1498,8225.4874,2027.9376,7.532,6.1614,1.7584,11.7168,6.4865,6.6831,9.443,7.8748,5.3324,8.6836,5.5583,10.8086,3.9179,6.2246,4.0012,2.5523,8.5918,1.5566,0,,,,,,,,,,,,,,,,,,,,,,,,,,,,,,
synthetic,,,,,96000,,A5,,,SpeciesA,,Ambig,6729.511,9858.8202,7.5982,1348.9881,1991.7828,11720.6033,1.5292,9.1871,14492.1822,8274.9519,582.5707,4164.9979,4.389,5.071,8.3465,7803.3747,10183.0523,7410.4712,4.9914,9.6821,5.1833,4.2421,5.034,856.477,0.9327,5.3704,1.9262,7.8907,3.7262,5.4743,3.6088,0.4161,3.2202,3088.7714,10011.2764,3.3462,6183.1839,168.7846,12.4173,1.1416,1.4704,9.0601,6.038,8.4568,12.0833,9.9823,4.3903,9.1435,3.0068,13.5492,4.2697,9.3496,0.3516,5.2078,8.1291,0.479,0,,,,,,,,,,,,,,,,,,,,,,,,,,,,,,
synthetic,,,,,96000,,A5,,,SpeciesA,,Ambig,12226.4663,10280.7838,9.0164,2915.6533,5641.1897,12766.1491,1.7639,11.173,14393.1574,4333.0678,3433.7785,1537.0605,2.0644,9.4282,7.2393,3676.4238,8428.0873,10666.3759,4.9742,10.1104,5.8158,1.5915,5.9586,777.6472,0.3502,1.9784,4.0914,8.3412,6.3712,6.1803,4.6366,5.5587,2.243,373.8022,7698.9571,5.0653,5371.9739,6445.5233,12.1713,0.9374,1.7931,9.0689,4.3896,6.1684,7.2218,11.5583,1.192,5.8181,4.2884,5.9217,6.2674,1.108,0.1782,4.5674,3.6117,2.3811,0,,,,,,,,,,,,,,,,,,,,,,,,,,,,,,
synthetic,,,,,96000,,A5,,,SpeciesA,,Ambig,9655.2587,6719.2138,10.1406,341.8294,4636.1873,10163.9991,0.8506,11.547,11896.896,10785.6614,6233.757,886.9134,2.4745,7.0433,1.9916,9623.3831,9330.9953,9013.7763,4.06,10.5319,5.8026,2.1449,4.2095,5378.9257,2.3319,1.6375,0.5535,7.4299,3.655,7.3609,2.0296,1.7869,3.4229,6937.7235,10692.1636,5.6624,3623.6921,4653.0357,5.7792,3.734,4.1561,4.8693,3.7007,5.6897,4.4574,7.5901,0.0985,2.7105,5.6848,10.6859,0.743,5.5577,1.8189,2.5761,5.3339,2.8785,0,,,,,,,,,,,,,,,,,,,,,,,,,,,,,,
synthetic,,,,,96000,,A5,,,SpeciesA,,Ambig,8624.6922,10550.0439,9.08,7381.8072,7701.1501,8919.0468,0.0082,11.0826,8700.0025,8396.4156,4742.6548,2106.2688,1.2201,1.868,4.2251,1277.8623,14837.3216,11833.5705,9.348,11.08,7.5232,6.1142,6.5202,2187.6152,3.3825,5.4649,4.6424,6.8485,2.8571,7.0389,6.914,2.3765,3.306,5059.0587,8342.8216,0.4209,5941.8922,5411.0649,7.1758,0.5147,3.2827,3.655,6.8562,11.465,8.9423,11.3303,3.4984,8.1054,5.7657,7.211,1.9456,6.7305,4.9105,7.1859,8.1028,1.0626,0,,,,,,,,,,,,,,,,,,,,,,,,,,,,,,
synthetic,,,,,96000,,A5,,,SpeciesA,,Ambig,4650.2349,8349.8292,13.0413,3221.2396,3181.0613,7981.4471,2.4688,8.8062,10543.3001,7630.6729,8816.0922,3436.5218,5.9936,8.8768,5.688,8450.8515,8803.0668,5974.249,5.5832,8.0341,6.2833,2.9491,5.3792,1938.5725,8.9217,5.1538,1.4571,10.1999,3.5013,6.215,7.6807,3.2401,0.594,1177.6874,4552.1679,2.3459,6199.9566,1676.5804,6.3203,10.2746,1.4322,4.311,4.1717,7.6465,7.2138,9.1794,0.3557,7.6377,4.192,5.882,0.4674,5.952,3.8849,4.3319,6.2063,0.8685,0,,,,,,,,,,,,,,,,,,,,,,,,,,,,,,
synthetic,,,,,96000,,A5,,,SpeciesA,,Ambig,7012.3132,13915.4025,8.0253,3552.4778,5135.3138,7511.3424,0.7359,8.4913,9495.7371,8791.0699,7171.0336,6663.0364,1.293,6.2458,11.4338,3482.0714,9667.1882,10270.125,6.6283,11.9421,5.4364,4.7964,7.1661,681.6636,0.6273,4.237,4.9523,9.7342,2.8656,7.8157,8.5232,5.2907,2.119,1036.561,13082.1398,1.0625,5981.7538,7563.8535,5.4449,4.3465,3.12,8.4316,4.3089,9.6193,7.0153,11.9897,5.3224,2.8356,4.1383,8.4861,0.4479,4.1189,1.985,2.6004,2.9217,0.5261,0,,,,,,,,,,,,,,,,,,,,,,,,,,,,,,
synthetic,,,,,96000,,A5,,,SpeciesA,,Ambig,7771.7023,5802.965,7.2603,6353.991,6612.4347,5841.3974,3.1146,9.0259,7691.4953,6740.1509,3471.5933,5237.8559,4.5493,0.2649,2.4917,8775.8618,8726.6847,3774.6396,7.4854,12.0713,4.39,2.0859,5.0538,2895.5283,0.74,5.7078,5.8408,8.8301,3.4049,6.5952,3.5166,0.4203,1.2536,2593.7546,11457.96,3.2131,7510.3562,1473.7576,6.1041,0.1128,5.4454,10.8815,4.7067,5.7191,8.2091,8.2276,6.4106,2.6307,0.8268,8.6444,2.5333,7.2452,3.6469,8.3039,6.1954,0.5417,0,,,,,,,,,,,,,,,,,,,,,,,,,,,,,,
synthetic,,,,,96000,,A5,,,SpeciesA,,Ambig,2076.3454,9427.1032,11.7029,1733.7116,6270.9316,9969.7031,4.05,8.9156,8027.3429,5780.0625,765.4368,505.191,2.4398,7.9451,10.4428,6103.2324,8520.3664,5272.5977,8.7212,11.2751,3.5168,4.6336,5.363,4803.0198,0.7356,4.7154,4.9826,8.7406,10.0658,9.7943,8.8319,1.8423,2.7069,3637.4637,6261.5441,1.0745,1603.7597,7581.1559,10.7814,3.3895,2.9649,7.769,5.5043,10.1023,6.3953,12.445,1.0303,4.1001,8.6465,8.9239,3.8936,5.8763,3.8619,4.4886,3.6846,3.5248,0,,,,,,,,,,,,,,,,,,,,,,,,,,,,,,
synthetic,,,,,96000,,A6,,,SpeciesA,,Ambig,3207.3235,4842.7492,12.9125,802.3418,2522.2931,7761.4524,3.8191,10.2729,3070.1717,4136.1389,5309.9582,1500.8794,2.2435,10.5643,9.8734,4763.6625,1674.43,7233.0929,6.6775,9.591,0.1233,11.2314,7.0935,1280.9566,0.1463,4.8532,3.6152,9.8867,8.47,7.3132,1.8183,5.0598,1.1649,38.0426,10836.8672,2.4819,2952.8032,8.0137,13.5697,4.9185,2.6059,11.429,3.7464,4.4322,11.3729,8.305,1.6539,7.1999,7.6159,9.3942,8.1154,7.0574,2.9765,8.2334,0.5195,0.754,0,,,,,,,,,,,,,,,,,,,,,,,,,,,,,,
synthetic,,,,,96000,,A6,,,SpeciesA,,Ambig,7910.9168,10681.8056,9.0691,3406.3833,691.6139,7950.5524,4.3263,2.4896,8874.4766,5255.8896,4262.9404,1966.1842,3.6973,2.1074,10.3036,3752.8754,5300.5021,10921.8944,8.5965,8.7361,5.5505,1.0124,8.4133,4099.2128,6.4301,8.146,4.2278,10.0652,3.8428,7.5482,2.0474,2.9704,3.4703,1860.9722,11896.3362,2.7827,3542.798,1582.3768,8.6192,2.9988,4.7923,8.4278,4.4708,8.14,12.0422,9.4323,0.9224,2.1137,12.1586,13.055,7.5906,5.8258,1.8186,3.6954,3.0767,2.1634,0,,,,,,,,,,,,,,,,,,,,,,,,,,,,,,
synthetic,,,,,96000,,A6,,,SpeciesA,,Ambig,2736.5106,2634.7443,7.6612,5106.1675,2624.292,7096.5437,2.7966,5.675,7172.3346,963.9998,1163.0589,5814.5689,0.3186,7.0732,5.5316,4972.9353,7362.6424,3792.3821,5.4953,9.5415,1.6837,2.3963,6.647,3292.8147,2.1623,7.541,6.9841,11.24,8.4608,8.915,5.8313,5.5489,1.9956,7219.4877,7998.7028,0.0529,4519.075,874.8329,9.2207,1.8098,2.2048,9.9231,1.4159,8.6992,10.3387,10.5709,4.544,8.1809,5.4161,7.7395,4.9528,5.0746,2.0508,6.3862,3.8777,4.3307,0,,,,,,,,,,,,,,,,,,,,,,,,,,,,,,
synthetic,,,,,96000,,A6,,,SpeciesA,,Ambig,3463.0896,6532.7426,6.6023,2504.6956,571.5593,7350.712,6.252,6.6006,8391.8197,1575.1469,6739.0142,2867.4694,4.3471,6.1206,4.1844,5982.8704,8248.0799,8005.7339,6.8418,10.3084,0.9065,4.6882,6.6178,1306.4974,2.4227,1.9171,2.7067,8.8666,6.5719,9.6804,0.5982,5.713,7.8808,1407.3022,6696.8412,5.0936,785.4245,406.3647,8.8046,0.7335,0.7373,14.5709,5.0279,5.8971,14.1831,9.2244,0.5588,10.2434,7.1926,12.2843,7.5193,2.4036,5.5506,6.5992,1.3844,0.8122,0,,,,,,,,,,,,,,,,,,,,,,,,,,,,,,
synthetic,,,,,96000,,A6,,,SpeciesA,,Ambig,6688.004,5354.1908,8.5587,5301.0908,4182.351,3225.0965,3.9737,8.54,9643.8378,8071.2532,4071.4766,6727.5888,6.316,5.1255,10.9231,7751.5324,10167.3558,12158.1479,7.8413,8.1604,2.8838,4.3388,8.6634,1529.6271,2.6455,7.0233,2.6501,11.319,8.3581,4.9054,3.7362,4.4339,3.8693,2079.3374,10508.8722,5.27,8416.441,1763.7419,11.4682,4.3562,1.8048,10.9189,6.2366,7.729,8.8498,6.4254,0.3015,4.1748,8.1052,10.6217,7.1973,5.8214,4.9349,4.7187,3.6422,1.3017,0,,,,,,,,,,,,,,,,,,,,,,,,,,,,,,
synthetic,,,,,96000,,A6,,,SpeciesA,,Ambig,1250.0135,1426.3894,12.2847,901.1747,5042.0166,10734.6625,1.2358,10.2685,12095.4202,6392.5692,9092.291,6341.8329,0.5215,7.1625,5.4804,165.1449,5028.772,13349.227,4.3711,10.3163,1.6022,3.8857,7.0539,140.2486,3.7578,2.1359,2.5571,10.8654,11.7567,9.3848,9.4137,6.64,2.5319,2066.8682,8009.8356,4.7815,4720.987,3321.9742,9.4771,3.8849,1.8387,5.793,4.2833,7.1117,13.0532,12.6805,1.4283,6.4195,6.4937,9.8617,3.8809,5.2665,4.0881,7.2239,0.9538,2.4978,0,,,,,,,,,,,,,,,,,,,,,,,,,,,,,,
synthetic,,,,,96000,,A6,,,SpeciesA,,Ambig,13.5686,8625.737,5.9587,3044.6709,2805.963,5651.1933,0.1985,1.8448,11880.1365,4739.9132,3896.9073,10105.4669,2.165,7.3081,6.7095,6458.664,9540.348,8421.8075,5.1505,11.1393,3.0281,1.5904,7.3863,178.1216,1.4242,0.7828,6.2985,8.0715,6.0486,5.541,0.7283,4.3576,6.874,1067.3302,7258.3987,0.6095,5650.1811,1053.2506,14.0369,2.189,0.225,7.7371,3.8702,7.6917,8.5615,5.6331,4.5742,7.4548,6.0413,10.129,6.4736,8.5403,4.4023,9.0902,3.803,3.62,0,,,,,,,,,,,,,,,,,,,,,,,,,,,,,,
synthetic,,,,,96000,,A6,,,SpeciesA,,Ambig,7033.1279,11297.055,8.6025,540.7533,5420.8417,5631.0705,2.0121,4.7348,10205.3963,7122.3157,5053.4291,2254.0361,8.7249,3.019,6.4787,105.999,11594.6235,8766.4738,8.0252,10.682,0.0354,4.0544,3.0051,3725.2887,1.6276,4.7597,4.4575,10.9535,10.5609,7.9007,5.0305,4.2221,6.0056,178.3846,8248.8534,0.0153,5726.3242,1180.5564,9.8082,1.8165,4.4984,9.7627,5.4664,9.34,5.7818,10.9353,2.739,9.4705,6.9504,13.5647,7.1394,2.7339,5.9268,6.7813,4.3267,3.0456,0,,,,,,,,,,,,,,,,,,,,,,,,,,,,,,
synthetic,,,,,96000,,A6,,,SpeciesA,,Ambig,6926.8992,8446.8266,9.1439,85.8742,2978.7116,7434.0313,6.9966,7.2851,7377.8429,7150.6228,3014.4225,4847.7335,2.8688,2.2414,9.1102,4614.1617,7638.4335,4839.1543,6.3817,13.9988,1.4257,1.0062,8.8178,2709.9067,6.1676,4.6702,2.8042,9.5523,5.2973,7.6916,4.4112,4.0363,3.3527,2929.1108,10504.4001,2.9435,7316.9964,8891.7365,6.2506,0.3771,3.4072,5.2878,9.1335,8.9583,8.5821,8.2457,0.3489,5.5113,8.2154,9.6918,3.5532,3.5375,2.9869,3.65,7.2127,0.1486,0,,,,,,,,,,,,,,,,,,,,,,,,,,,,,,
synthetic,,,,,96000,,A6,,,SpeciesA,,Ambig,8845.8319,8667.352,6.2431,4145.1206,6972.2347,6720.5352,0.4448,6.6318,12611.3078,463.7089,4708.1452,4971.3465,2.2109,5.0416,5.9485,6175.2181,9868.3013,5233.2176,9.7769,7.2886,1.8676,4.1535,10.798,2206.2171,2.0604,5.756,6.9969,11.1416,12.0841,5.1574,7.9853,6.7315,1.7306,28.999,9263.1318,2.9643,2189.5921,1170.2326,4.9053,4.7933,2.2441,9.9933,5.804,9.2886,9.4753,6.9563,0.2403,10.0722,9.8219,14.0492,8.034,4.6619,0.8878,7.9947,6.1988,1.9013,0,,,,,,,,,,,,,,,,,,,,,,,,,,,,,,
synthetic,,,,,96000,,A6,,,SpeciesA,,Ambig,6507.1439,9690.1492,8.8691,6497.2989,4821.5334,2895.3244,1.3898,5.3601,8992.1412,2062.2919,2255.2918,2570.815,2.4379,6.2184,9.2106,5599.5271,8813.0411,8354.0349,6.1756,10.836,4.0994,2.5003,7.3831,2117.5043,2.2638,3.0993,5.4494,12.4519,5.6141,2.1401,4.115,2.5823,0.5309,727.026,12608.6943,1.0856,3609.0538,1860.1479,6.0726,2.1847,6.6674,8.839,7.936,5.8893,10.9501,13.6412,2.9527,10.5353,9.9279,6.1692,3.539,2.7269,5.737,5.3184,3.6817,4.6803,0,,,,,,,,,,,,,,,,,,,,,,,,,,,,,,
synthetic,,,,,96000,,A6,,,SpeciesA,,Ambig,4786.4025,7033.7433,7.831,6666.4421,2107.8182,11420.022,1.7256,4.3897,9283.48,5346.0027,1601.0763,5526.5056,0.8443,3.966,8.7358,1445.1077,9283.3021,6794.2912,10.7278,10.3049,2.7154,0.9419,5.5449,1639.7076,0.5842,8.2409,4.9817,10.5989,7.5162,6.566,5.7219,7.5175,0.2255,10.7493,3710.022,1.3172,6297.3854,6850.864,7.5821,2.3007,1.4956,6.5471,9.9721,11.6698,9.4956,11.1484,3.767,4.5882,13.6518,8.4829,6.4224,2.3825,3.462,3.0551,4.0329,5.5673,0,,,,,,,,,,,,,,,,,,,,,,,,,,,,,,
synthetic,,,,,96000,,A6,,,SpeciesA,,Ambig,4973.8217,5756.0216,12.4448,1560.7769,6417.7545,6420.9947,3.0533,6.405,7928.2999,4025.9164,1334.1343,3490.7407,3.5717,5.7061,3.7969,1772.0741,6596.4311,7538.054,6.272,10.7023,1.4833,3.6759,4.3154,5960.47,0.7876,1.6097,2.122,7.1868,8.2006,3.7865,5.5996,4.2548,5.3592,2649.7607,9194.7065,1.5776,7434.8206,3854.2991,9.3549,1.7835,2.4979,9.5064,4.6104,5.8694,15.0214,3.0819,1.0485,8.4114,7.2175,8.3109,6.4894,3.8549,0.4669,6.1098,2.9137,1.3611,0,,,,,,,,,,,,,,,,,,,,,,,,,,,,,,
synthetic,,,,,96000,,A6,,,SpeciesA,,Ambig,6026.2229,3645.9349,9.5564,2149.196,4937.3636,7221.157,2.9861,3.7484,5540.7628,1888.402,3590.6838,6644.5993,5.03,4.5927,6.7835,635.717,2659.7298,5381.2629,4.0321,6.467,4.4186,4.8311,5.6002,3077.3324,5.0088,6.0397,3.5624,11.7579,4.6013,10.6374,0.9405,2.0871,2.7417,750.9473,11427.8502,3.5121,3549.7985,258.2113,9.9499,3.4514,3.5354,14.6083,4.1781,8.4163,12.046,6.8235,0.4414,6.0232,5.1127,7.7776,5.4622,1.0252,3.9771,2.137,8.9559,6.8569,0,,,,,,,,,,,,,,,,,,,,,,,,,,,,,,
synthetic,,,,,96000,,A6,,,SpeciesA,,Ambig,6953.085,5649.7985,6.8769,6609.666,4206.1144,8327.6789,0.4778,8.7394,5373.4653,4182.3078,1263.6333,3037.4734,3.4738,4.6125,5.3503,5259.3739,7906.1603,10529.3682,0.4303,11.6533,1.1778,0.4481,4.2706,3202.756,3.5384,3.9293,5.7504,9.1485,7.5927,4.428,5.4309,7.9554,1.6728,4387.7659,9454.2004,0.5517,3042.1867,2543.9373,4.1366,5.551,1.0381,12.97,5.1866,4.6066,10.0896,8.3803,1.5827,9.7682,4.4327,11.767,8.6312,4.1628,0.6561,3.6821,5.6378,4.5726,0,,,,,,,,,,,,,,,,,,,,,,,,,,,,,,
synthetic,,,,,96000,,A6,,,SpeciesA,,Ambig,2099.5345,2808.3486,11.3897,338.9144,4121.0887,4898.9789,2.1267,6.3648,6865.3868,7472.9577,8675.8877,4177.9263,4.7556,8.3136,5.1407,1118.5535,12077.5624,6510.5037,5.5078,9.4981,0.431,1.88,9.3524,4127.9281,1.822,2.0684,4.3755,6.2635,4.8036,9.6411,10.4565,6.187,5.1413,3007.8924,2235.3599,1.3293,9079.4502,922.1109,5.0359,3.2601,4.734,8.9264,3.8142,8.9381,8.4186,2.7678,2.2398,5.5094,4.1653,7.2189,7.4139,2.8323,4.5353,5.3929,6.4562,1.6184,0,,,,,,,,,,,,,,,,,,,,,,,,,,,,,,
synthetic,,,,,96000,,A6,,,SpeciesA,,Ambig,2533.3168,1238.53,5.5698,5316.6225,11322.0811,3788.4946,0.3404,6.8952,8525.3313,2206.0776,3217.6987,647.3828,1.4632,7.9543,10.5087,2859.9685,7426.8401,8546.6341,8.3274,11.4366,1.9644,4.2726,9.9001,766.4556,4.2129,6.7727,5.1646,12.373,6.6204,4.982,3.6007,2.6992,4.8388,321.0442,6630.1739,3.1788,2248.1311,1040.4316,7.0158,4.5899,3.2707,8.1294,7.3307,8.0928,8.6789,11.3815,2.0127,11.4393,9.5557,12.4831,7.1409,2.1592,4.7677,6.261,5.4707,2.5837,0,,,,,,,,,,,,,,,,,,,,,,,,,,,,,,
synthetic,,,,,96000,,A6,,,SpeciesA,,Ambig,2470.4178,3662.8275,10.0679,6763.4544,3034.2471,8059.8457,5.708,4.0103,6522.3255,1139.1269,5982.0596,5329.2009,1.0888,1.6327,6.0299,5788.3787,7371.1324,6401.5351,7.2003,7.198,0.0684,4.9073,5.5938,1015.7818,0.2374,5.2967,3.7057,10.5212,6.9899,4.3249,3.0709,6.41,0.3375,4473.7431,5769.171,3.1615,7219.5643,957.9134,9.7309,2.9865,7.092,6.4795,6.8344,7.6194,9.3881,10.4475,2.3129,4.661,6.0152,11.1574,3.3483,7.0335,2.8555,6.5197,4.6587,7.1156,0,,,,,,,,,,,,,,,,,,,,,,,,,,,,,,
synthetic,,,,,96000,,A6,,,SpeciesA,,Ambig,4310.4395,5313.6317,12.6708,2344.3504,2483.9019,3529.8497,4.9787,6.7905,8567.0918,4364.1041,2750.4818,2766.7875,0.3362,6.8466,6.8145,7377.8286,6256.3614,6281.2082,3.1145,13.6995,3.0806,5.36,11.1158,725.8412,0.9691,0.3119,3.3642,5.9347,6.8911,6.6732,2.8525,7.6592,1.5396,153.3079,6630.304,3.1613,4904.8985,4380.7086,6.788,1.9927,1.3259,11.1063,6.4538,7.4118,5.5165,6.355,3.2705,6.5955,8.2922,9.4263,2.2577,5.9656,3.851,4.7065,2.9302,3.3741,0,,,,,,,,,,,,,,,,,,,,,,,,,,,,,,
synthetic,,,,,96000,,A6,,,SpeciesA,,Ambig,2773.8213,7071.2555,7.8787,2221.2672,3444.8249,5506.2748,0.2522,7.1289,6210.8257,5303.9724,5803.9277,5080.4535,1.5404,3.9871,8.7808,2719.1934,6159.4529,7280.3272,6.8997,10.9474,1.5814,1.4306,6.8973,467.1038,0.8604,0.4113,3.7533,6.7375,9.9184,10.5138,8.9249,7.3427,3.6007,3529.1631,7419.9422,2.002,3151.8845,2290.2271,9.7124,5.3518,2.639,14.7091,12.1965,4.8393,9.8754,5.2921,0.0187,5.8985,6.5927,13.018,9.2112,5.5757,3.0885,6.4505,4.1815,4.0979,0,,,,,,,,,,,,,,,,,,,,,,,,,,,,,,
synthetic,,,,,96000,,A6,,,SpeciesA,,Ambig,4273.191,7481.2699,5.1675,5586.4926,8142.2977,7457.4002,1.1512,9.4962,6626.4956,3396.011,2585.176,6246.5861,3.2568,8.8846,8.0827,3688.7385,3290.0563,4770.4536,6.1215,12.0035,2.533,1.9765,8.7593,3612.6766,5.6002,5.0411,4.9811,8.8875,0.8289,6.7448,1.5039,6.9775,2.6323,1830.0101,9519.926,0.7947,7445.3716,2253.9281,9.5609,4.2776,1.1655,11.4211,6.0667,5.5807,9.7632,6.3472,1.028,7.4469,9.3994,9.8614,7.2119,1.3125,3.358,9.0249,5.8841,3.8659,0,,,,,,,,,,,,,,,,,,,,,,,,,,,,,,
synthetic,,,,,96000,,A7,,,SpeciesA,,Ambig,4112.7831,5445.5773,6.1125,1126.2197,8625.1127,4948.735,0.4224,10.3995,8351.7535,4869.6571,4205.9226,6990.2557,1.0221,4.8508,1.8458,2524.1558,9418.006,12433.583,7.7422,9.6576,4.2363,1.3981,9.9737,1521.5629,1.7723,1.3381,4.323,9.3751,12.4685,4.0802,12.3335,3.9288,2.249,3865.449,12657.2947,2.4474,9644.3495,1164.5218,3.0886,1.4159,9.4269,10.9011,1.0745,6.9041,9.8015,3.8725,2.3143,5.2047,11.1066,5.9205,5.8546,5.0843,2.9279,7.2883,4.3749,3.2452,0,,,,,,,,,,,,,,,,,,,,,,,,,,,,,,
synthetic,,,,,96000,,A7,,,SpeciesA,,Ambig,7339.953,9130.8604,6.2239,1492.6822,2443.3433,8959.9317,1.8623,9.2969,5281.2699,2453.5403,1784.9261,43.4005,1.8374,4.7585,2.6395,7329.0667,15429.0426,13566.3371,2.2307,14.2763,3.5064,2.1663,8.1924,1946.715,3.6554,4.194,3.6013,7.1503,11.1908,7.4954,12.6688,2.4305,0.3445,2385.7427,7737.9031,3.9475,5900.7984,1837.6086,3.5636,4.0425,4.5922,10.9241,2.8765,7.0974,7.6083,6.1148,0.0006,5.9246,7.9549,4.0806,5.1994,8.4951,3.0807,4.8017,2.7146,2.607,0,,,,,,,,,,,,,,,,,,,,,,,,,,,,,,
synthetic,,,,,96000,,A7,,,SpeciesA,,Ambig,7391.7662,4298.7166,4.4013,3486.06,2046.6207,11192.3541,0.4094,14.7481,2961.4048,8444.9895,141.5299,5463.848,4.9649,1.5422,6.2036,4522.4555,9898.9057,10378.8611,3.0174,8.7289,4.5876,4.3851,8.2644,5530.4119,5.9337,5.5595,5.5167,6.2657,10.783,6.6387,5.6643,9.0139,0.687,4311.2678,7064.4506,0.7195,2587.1221,2360.1363,5.4772,0.3674,4.5835,10.1865,7.7786,7.5553,3.9743,7.3186,6.3574,4.5604,5.8329,5.7539,3.5785,7.3901,2.938,4.2229,5.1369,3.7344,0,,,,,,,,,,,,,,,,,,,,,,,,,,,,,,
synthetic,,,,,96000,,A7,,,SpeciesA,,Ambig,8013.3637,9649.0473,6.9218,43.7597,4054.1809,7278.1655,0.5576,6.3928,5018.4319,4014.5049,1075.0088,5089.4832,0.1586,4.0639,4.5762,3402.4113,14114.9366,9062.8038,6.1058,7.9069,1.802,1.5037,8.918,3363.0928,0.5631,6.6736,4.3061,8.4739,11.2684,12.2711,12.003,6.4267,2.0834,1602.9836,9235.8552,3.4826,4832.5395,418.0449,4.2249,2.3516,4.5787,4.4665,4.3529,11.1665,4.8958,7.9437,0.8102,7.9739,2.9859,3.5726,1.8113,12.5769,2.4322,1.6969,3.9589,1.6081,0,,,,,,,,,,,,,,,,,,,,,,,,,,,,,,
synthetic,,,,,96000,,A7,,,SpeciesA,,Ambig,9815.1845,4423.5567,3.8404,172.9785,2703.6114,11044.0518,2.2511,7.3034,3935.8759,5434.7086,3952.3054,4839.0938,0.6227,2.4711,7.3795,7546.0153,17278.2526,9847.6593,9.609,8.158,1.6393,0.6461,8.5428,4067.7971,1.1136,2.7189,3.5358,10.4398,12.0286,6.0464,11.6583,5.8373,0.7394,3305.3172,9770.4511,4.3763,2580.5246,4494.2974,9.9934,3.9179,2.6131,5.7413,3.0615,8.4291,8.5117,6.9125,2.0191,9.6615,4.0839,9.2566,4.8095,3.5121,0.2484,3.4315,0.508,3.4815,0,,,,,,,,,,,,,,,,,,,,,,,,,,,,,,
synthetic,,,,,96000,,A7,,,SpeciesA,,Ambig,1916.4599,8552.5049,6.8008,1618.5167,824.1784,9386.6639,1.0701,7.1852,1890.0648,6838.8021,2258.1637,1390.3168,1.4106,6.599,9.7039,3046.8087,12140.4866,15473.7857,5.7933,14.7183,3.3603,5.8561,9.6554,6516.2794,2.1294,5.4249,7.6007,11.7625,12.1617,4.2187,6.9195,4.9813,1.3562,2173.9056,9737.1496,5.1216,5343.0662,7313.3869,11.4332,1.7217,2.4262,6.433,1.2764,9.3919,4.0499,4.7912,2.1003,7.9009,4.853,5.7701,4.8466,7.9271,0.1894,7.1229,0.3463,1.5787,0,,,,,,,,,,,,,,,,,,,,,,,,,,,,,,
synthetic,,,,,96000,,A7,,,SpeciesA,,Ambig,4197.4789,10057.7979,9.7549,1615.093,5064.2654,7301.8883,2.4687,11.4721,3819.7741,3011.9058,1148.7253,3615.6516,0.0878,6.3596,1.7757,5202.3096,10631.0828,5683.4022,6.3913,8.0171,3.1703,0.7962,9.1167,303.8789,0.9783,6.4778,8.1785,11.512,15.4907,6.9122,6.6762,6.6607,2.7425,3939.4336,9012.4493,0.8916,6208.8625,2554.6283,2.9354,1.3355,5.596,9.3717,6.0608,9.9099,2.8415,6.6145,3.9547,8.194,9.1989,1.9144,2.4269,8.5316,2.0867,8.956,0.522,0.1278,0,,,,,,,,,,,,,,,,,,,,,,,,,,,,,,
synthetic,,,,,96000,,A7,,,SpeciesA,,Ambig,3150.8373,9553.0261,4.4819,3868.2744,4087.266,11371.6543,5.7675,9.2931,7807.2876,2258.8647,1301.8759,3414.1062,3.8527,5.6706,5.8931,4129.9301,10639.3066,9950.0908,7.4252,10.6774,5.5215,1.891,12.6406,2344.553,3.0011,3.0553,6.7455,12.5083,10.8606,6.2432,7.6233,5.5749,3.6451,2923.8568,8995.7378,1.0236,4058.1674,2127.0341,9.5907,2.1892,8.4639,7.4764,1.2413,8.7414,2.3549,7.9086,1.0164,5.1007,6.3416,6.7491,7.1807,8.3185,4.1328,7.2047,0.4899,1.2505,0,,,,,,,,,,,,,,,,,,,,,,,,,,,,,,
synthetic,,,,,96000,,A7,,,SpeciesA,,Ambig,2659.55,5478.1377,10.9829,441.2144,172.3887,8767.3216,1.1933,14.5122,3031.1987,2687.5415,3309.3639,284.7179,0.7344,7.7495,5.1995,4012.1194,8851.4385,7996.0375,4.1451,11.4328,6.0159,4.6624,8.2518,3759.4598,1.9019,1.6663,3.5179,7.9818,9.4504,3.5508,8.8631,0.9343,1.9459,1700.7879,9765.293,0.4697,7169.5615,868.6569,5.4392,0.1326,2.0885,7.1529,6.8933,8.4803,6.1368,9.7374,0.9274,7.4079,5.6956,4.3669,4.379,2.9934,0.5838,2.5224,3.7438,4.3565,0,,,,,,,,,,,,,,,,,,,,,,,,,,,,,,
synthetic,,,,,96000,,A7,,,SpeciesA,,Ambig,7054.5909,5952.6463,7.5785,60.6583,1216.8155,7337.1702,0.4082,12.1791,1502.0409,5465.6843,3025.1988,3823.4032,0.9328,7.3979,2.099,6685.3504,14437.0594,5132.3958,6.1289,11.7585,3.391,0.2796,8.7718,5497.0298,0.3993,4.0276,2.8569,6.4004,10.9226,5.8789,8.0452,4.6567,0.3741,21.5103,2758.4639,4.3281,7876.1342,1947.668,4.349,1.6668,5.994,11.0699,7.1027,7.755,7.3335,8.2023,1.5363,8.7163,7.0852,8.8771,1.4681,9.1256,3.6825,5.5903,3.7441,1.5944,0,,,,,,,,,,,,,,,,,,,,,,,,,,,,,,
synthetic,,,,,96000,,A7,,,SpeciesA,,Ambig,7386.3188,6261.0577,8.0038,3195.9793,5394.7815,11457.0163,0.6432,11.8114,6588.7995,9049.3172,2246.1365,102.2431,0.8572,7.9412,6.4358,4015.3367,11946.2981,10394.2816,6.9458,7.0675,0.601,3.7603,8.9593,1235.87,4.833,1.9155,5.0542,7.2854,10.5308,5.6924,4.3217,0.2534,3.5221,2923.9462,12188.0391,3.0952,4733.847,3152.8197,7.7234,2.0233,6.5937,7.096,4.4533,14.1212,6.5047,11.2569,1.7389,7.262,5.6752,7.4927,0.3306,4.3526,0.2846,0.8056,0.5959,2.4436,0,,,,,,,,,,,,,,,,,,,,,,,,,,,,,,
synthetic,,,,,96000,,A7,,,SpeciesA,,Ambig,4077.8165,5194.1669,4.8733,1135.5383,717.1968,10364.4288,1.0372,15.3139,4723.092,809.1064,2008.3069,3508.2614,1.8677,0.8871,7.8082,4972.0665,10353.1176,6253.7803,6.6131,10.7929,6.0946,1.1222,6.4978,1778.3139,2.1776,3.6938,1.8308,8.3377,11.5111,5.7964,6.6256,2.9213,0.0449,1771.2423,9817.5113,2.1392,1087.0194,1368.021,9.3481,1.6575,5.1007,10.5776,2.8213,4.6446,8.2761,9.7456,3.9646,6.7938,6.5099,6.4078,3.0855,6.6269,0.3118,2.3381,1.1369,2.2543,0,,,,,,,,,,,,,,,,,,,,,,,,,,,,,,
synthetic,,,,,96000,,A7,,,SpeciesA,,Ambig,4764.1805,1521.4313,7.8833,4741.269,6224.2727,11739.2721,1.0484,9.1996,3075.7183,5082.8231,1779.5019,1654.6475,1.8759,6.4668,6.4993,2559.3724,5265.2496,10133.2783,3.8877,12.0391,6.7588,6.0903,10.2129,587.272,4.0107,2.8124,5.1417,10.7176,12.0007,4.7079,6.106,4.9378,1.2695,5121.6268,8679.934,6.3367,7305.8578,1410.2072,8.5946,0.0034,6.9633,10.74,3.8952,9.5328,5.0285,8.0225,3.5605,5.466,6.5304,4.1462,3.8084,3.7676,0.4438,5.8118,4.4125,0.384,0,,,,,,,,,,,,,,,,,,,,,,,,,,,,,,
synthetic,,,,,96000,,A7,,,SpeciesA,,Ambig,12882.1894,6896.6917,8.0151,942.5088,5091.1068,8960.2666,1.8706,8.6344,6615.2601,4796.1683,4031.0071,2905.7658,0.4684,5.9765,2.3127,2877.5378,12385.4037,5776.2415,7.3697,10.1113,0.7411,2.8281,11.123,3359.371,0.2502,4.7008,6.3764,8.6569,10.3671,3.7694,6.5986,6.6369,1.6921,4039.0826,12879.0133,2.2341,3620.6029,754.7108,10.6389,3.7904,4.4857,10.6803,4.2637,13.5552,9.2391,9.1718,0.6361,7.108,4.8451,6.7513,3.0686,5.6368,0.5676,8.6474,5.2832,1.5724,0,,,,,,,,,,,,,,,,,,,,,,,,,,,,,,
synthetic,,,,,96000,,A7,,,SpeciesA,,Ambig,1215.2469,10114.0338,10.3089,515.06,677.0107,11746.4776,2.2842,12.8712,3449.6954,3625.0822,1968.0581,283.3516,1.6993,6.2649,2.1638,7437.8757,9351.1184,11617.4068,6.1766,10.0969,1.7893,1.6555,8.0924,3681.6891,4.1263,5.2939,1.4744,10.7554,12.8086,5.2121,9.1871,6.9771,0.9191,2764.846,10063.2062,0.7209,5036.4856,1559.237,4.6102,0.8193,4.594,11.7556,4.9683,6.1116,8.3002,7.821,4.2126,8.7248,3.6748,6.3839,1.2591,4.7881,3.8249,7.0585,1.2363,2.1134,0,,,,,,,,,,,,,,,,,,,,,,,,,,,,,,
synthetic,,,,,96000,,A7,,,SpeciesA,,Ambig,4519.9193,10288.9906,8.0146,609.1644,2179.9741,11136.9527,0.2665,10.5236,5707.2328,7024.0002,671.8175,3739.8449,1.4478,3.9103,7.0094,2275.9653,9846.214,8364.877,6.9749,10.1018,3.1579,3.2767,6.0209,792.6613,1.4565,2.3304,4.4483,10.7835,14.03,10.2462,8.534,4.0255,0.7405,4951.5075,13432.4047,3.8408,3272.2878,2403.5969,6.8144,1.2415,2.1563,3.7895,2.9516,10.5839,7.0528,2.2762,2.8471,1.697,10.4429,7.1644,0.1435,8.7048,2.6837,6.18,2.9543,1.6317,0,,,,,,,,,,,,,,,,,,,,,,,,,,,,,,
synthetic,,,,,96000,,A7,,,SpeciesA,,Ambig,7379.2797,4483.2754,10.9543,1163.7675,550.2264,6012.1442,3.4411,14.4298,3099.4387,9677.0302,2360.1724,3231.493,1.5287,4.4223,8.6328,5644.2806,6401.1998,15245.3297,7.763,8.6555,2.2142,0.2684,9.8623,926.0889,0.8485,1.53,2.8445,10.8742,12.0731,11.3789,6.2376,6.9803,0.5485,1651.7794,12871.6173,3.334,2531.9414,1018.4427,8.5931,1.6945,7.1103,11.3158,3.5547,11.2945,10.6418,8.8315,3.2341,10.3256,9.292,4.5527,2.1825,6.3387,1.8179,1.3664,5.0145,1.319,0,,,,,,,,,,,,,,,,,,,,,,,,,,,,,,
synthetic,,,,,96000,,A7,,,SpeciesA,,Ambig,6057.9673,10907.4845,6.5014,889.1572,2493.5119,9231.4135,0.5923,12.8377,6013.9785,8954.2318,209.2436,4221.2759,1.6158,4.7718,3.6436,8490.7501,12450.3461,11553.7573,10.0375,14.5881,4.734,0.7585,6.3548,1916.4408,0.5437,1.4054,4.0296,5.0052,15.8157,3.4403,6.5405,6.4812,3.3993,5595.9238,11900.6529,2.3089,2078.2444,646.4667,1.8544,4.4392,4.0189,7.979,2.0635,9.4797,10.1048,4.4255,1.4784,1.8565,7.3939,7.0895,8.0037,6.5527,1.887,3.1925,4.9209,2.7283,0,,,,,,,,,,,,,,,,,,,,,,,,,,,,,,
synthetic,,,,,96000,,A7,,,SpeciesA,,Ambig,7601.7317,8194.0149,6.6289,1113.2852,4347.875,14651.1627,1.3876,12.295,10160.9784,4364.556,1373.2471,857.2394,1.3815,4.856,4.2999,3540.9725,6947.9986,7167.9593,3.3861,12.719,1.8379,0.3581,11.3117,510.329,1.4994,1.4385,6.2824,9.7642,10.3213,6.6962,8.0522,7.7886,1.6295,5526.8354,10719.349,0.6446,7128.5328,3928.2273,3.0764,5.8873,1.1591,7.5258,3.436,9.9628,7.947,7.2066,6.0965,6.9763,9.1304,13.4529,3.1283,0.6843,1.9397,2.2937,3.1244,1.3569,0,,,,,,,,,,,,,,,,,,,,,,,,,,,,,,
synthetic,,,,,96000,,A7,,,SpeciesA,,Ambig,2886.8143,4845.006,7.1918,550.8103,4401.5867,12582.423,0.2576,11.0175,6748.2507,3368.6173,1847.5505,6249.1919,4.3278,6.1633,4.618,3310.2555,13891.7231,11625.9932,4.6809,5.9429,0.9393,2.2953,12.7755,1389.7406,1.5162,2.2542,11.0273,11.8547,9.036,5.8056,5.1225,0.9357,0.8591,9321.7265,13504.086,3.1522,3698.8514,2255.9255,8.749,2.4123,0.6884,14.3264,4.8918,12.0665,7.14,11.0602,1.3335,7.2329,9.6138,9.2318,1.5333,9.0451,2.495,1.3543,4.1943,4.5752,0,,,,,,,,,,,,,,,,,,,,,,,,,,,,,,
synthetic,,,,,96000,,A7,,,SpeciesA,,Ambig,7923.3234,4504.0368,9.9713,2700.6889,715.1585,4097.7822,2.1791,13.2346,7264.7377,1547.41,1719.1152,6255.4169,3.7211,6.2744,4.6799,6270.6502,9358.7307,9583.271,3.552,11.8377,2.0077,4.7446,11.5425,3865.2029,4.8582,0.1362,5.8323,11.5916,15.4959,0.6321,10.6141,8.1769,4.0175,2115.961,8004.917,2.7993,3507.2381,5106.3601,4.5247,4.23,5.2913,6.0876,1.7297,6.9548,6.7983,9.9127,2.3796,8.2804,1.8649,0.9005,1.8236,7.9881,1.76,2.3452,3.9596,5.9554,0,,,,,,,,,,,,,,,,,,,,,,,,,,,,,,
synthetic,,,,,96000,,A8,,,SpeciesA,,Ambig,8551.2756,8139.9562,3.9395,7769.7371,269.9839,12043.7009,7.1301,8.7949,9118.9035,7809.55,6653.8559,924.7895,6.3692,4.5446,7.316,5267.1365,13870.4339,7889.7169,8.9319,11.7135,3.2664,4.4249,6.968,2952.7756,0.1933,7.2916,5.1946,10.7799,7.7629,6.3918,1.5723,5.6727,3.0834,2365.1039,4675.1746,5.8567,4600.5645,6722.9916,6.6546,4.3961,3.7243,10.8801,5.4891,6.606,5.9216,7.392,7.0663,1.5397,6.853,7.614,2.284,10.9779,1.867,9.6946,1.8703,0.6151,0,,,,,,,,,,,,,,,,,,,,,,,,,,,,,,
synthetic,,,,,96000,,A8,,,SpeciesA,,Ambig,12113.1213,2851.6383,3.4336,9282.3177,4153.672,8528.4954,2.887,7.7294,7178.9007,10397.1239,4143.4128,4669.0967,7.8461,9.1241,4.0767,6019.6868,9806.2405,5663.3574,6.2975,6.7982,1.3976,2.8884,4.6398,2006.9474,4.1093,4.0941,1.7691,12.6194,7.6297,5.0676,4.1889,9.4019,0.9811,2376.6784,5102.0538,6.4227,5550.8983,6726.751,5.9433,6.4026,7.5642,14.3036,3.6756,12.6628,6.1114,9.1341,3.0664,3.4442,6.1934,3.5994,6.9256,7.0473,0.9713,5.9682,10.9577,1.3237,0,,,,,,,,,,,,,,,,,,,,,,,,,,,,,,
synthetic,,,,,96000,,A8,,,SpeciesA,,Ambig,5610.3401,12254.6724,4.8553,5687.5061,2376.6026,9288.9501,4.751,11.5113,5091.6805,6415.8216,5286.7291,3327.3601,4.804,2.4884,3.7197,5386.2969,8661.8746,8256.5195,6.7994,6.0945,1.3423,0.8142,6.0314,1951.6852,0.6162,3.2697,5.654,13.1927,6.0753,7.6519,5.1034,4.1746,0.0338,10041.7931,11484.2191,7.8813,5225.5652,3496.5113,12.2348,5.4377,7.872,13.3095,8.4315,12.6417,6.6234,10.5812,2.2882,10.7979,7.7584,9.5616,9.0305,5.6974,3.2685,4.2128,5.3744,0.5636,0,,,,,,,,,,,,,,,,,,,,,,,,,,,,,,
synthetic,,,,,96000,,A8,,,SpeciesA,,Ambig,7856.2982,7749.5949,5.3339,5333.5484,3422.8665,8610.0148,5.2165,11.7035,7211.9089,3835.9629,6313.2044,1216.7075,5.325,4.3473,4.0722,3256.4304,9484.421,12185.6867,6.6155,7.8273,5.1401,2.9795,8.9638,1301.156,1.5167,13.413,2.0563,10.2803,6.184,7.7197,1.4272,5.4769,0.2522,5178.8276,9480.6246,4.0591,4085.2141,3844.2571,9.1018,0.8514,4.2854,14.2543,5.853,10.2828,5.5483,11.0501,3.8738,3.1623,10.2645,8.6453,2.4328,6.0805,4.5713,3.4226,7.2065,2.213,0,,,,,,,,,,,,,,,,,,,,,,,,,,,,,,
synthetic,,,,,96000,,A8,,,SpeciesA,,Ambig,11639.2855,6508.3891,8.3685,2026.4337,2699.6311,10097.0297,3.9215,9.9391,6636.8312,5237.0841,3987.234,5038.3374,6.2152,5.7651,7.884,8112.1337,6834.6709,5965.1472,6.8658,6.7782,5.331,3.7597,6.148,1949.2542,4.1414,4.5353,1.4002,13.1505,6.9188,8.7281,5.1815,6.5858,1.4926,1300.3004,9038.0937,1.021,7150.8705,4353.909,6.922,3.8624,7.861,10.1448,9.2075,14.0598,7.7884,11.6131,4.9849,4.9891,7.6728,9.4474,8.2487,3.0115,2.6351,7.6744,3.2969,0.1203,0,,,,,,,,,,,,,,,,,,,,,,,,,,,,,,
synthetic,,,,,96000,,A8,,,SpeciesA,,Ambig,4876.3937,9105.7029,8.8454,9517.8331,4908.2174,8128.0575,3.5454,11.4341,10229.7119,1585.0211,5946.317,61.4311,6.5835,5.2933,6.6887,7375.6691,12083.8714,5675.7989,8.0952,11.1932,2.5437,2.0323,3.5116,4432.2363,0.0938,3.5976,1.0886,8.9221,5.1943,8.3719,6.1909,8.1943,3.3651,1416.3527,10209.1306,8.9187,11655.6731,1348.4244,3.3399,5.5096,4.4562,7.874,7.7678,6.9262,0.6391,9.3081,4.0981,5.9045,9.2523,9.7158,5.0851,5.2758,0.6634,5.0488,7.6872,1.9183,0,,,,,,,,,,,,,,,,,,,,,,,,,,,,,,
synthetic,,,,,96000,,A8,,,SpeciesA,,Ambig,11424.8432,7679.3738,2.5114,8005.4423,6172.306,7047.0194,0.919,10.4247,8542.6894,4025.2662,4235.4689,2439.0732,2.0385,1.0726,5.8133,4354.8251,9544.4228,976.5102,11.4084,6.053,2.4738,0.7715,7.2896,1963.6658,1.3114,4.8969,4.3225,8.3363,4.2185,4.7367,9.2669,1.2459,0.4801,1959.6792,9772.9946,6.8667,6477.0899,2621.5211,7.3727,2.9547,4.7052,6.256,5.9755,6.9361,5.4093,11.0844,4.6746,5.4699,9.6043,3.5536,6.6383,6.7702,2.9959,2.9387,6.5806,3.0648,0,,,,,,,,,,,,,,,,,,,,,,,,,,,,,,
synthetic,,,,,96000,,A8,,,SpeciesA,,Ambig,8941.9306,7798.783,8.254,8192.9523,8007.38,12723.4978,3.2316,10.2475,7203.7292,7201.6922,3822.1429,6094.7843,3.1703,2.2644,6.2883,3837.6737,10525.5534,2211.5832,9.096,8.2552,2.4608,3.0133,6.8525,64.9841,5.8376,4.2383,4.423,15.2872,4.256,5.4916,2.2865,7.2391,1.0415,870.9956,12143.8229,7.4701,3995.2107,4792.4082,7.1474,10.8099,9.2895,8.8637,6.1576,6.6562,6.3135,9.4187,5.4979,4.5328,3.4416,7.2878,8.9664,9.5647,2.8262,5.7145,4.8496,0.362,0,,,,,,,,,,,,,,,,,,,,,,,,,,,,,,
synthetic,,,,,96000,,A8,,,SpeciesA,,Ambig,2468.2032,10123.0039,5.1447,6327.8709,2388.6577,10340.0558,6.0716,4.6738,10416.8421,7773.6829,3244.2743,456.3013,7.584,4.7871,6.8455,4546.7487,9194.8395,9232.5683,4.9108,10.4114,1.2344,0.3099,2.8746,4722.9193,3.136,2.5839,3.6679,11.4597,10.9653,9.6588,5.7059,6.375,4.6117,1381.1648,8210.9199,4.849,2820.5935,263.1183,4.6497,6.8659,6.2087,9.3876,6.1351,9.4392,4.322,8.6707,0.3796,5.9231,9.2447,10.0854,6.7303,7.6787,8.0895,6.5222,2.0847,2.2028,0,,,,,,,,,,,,,,,,,,,,,,,,,,,,,,
synthetic,,,,,96000,,A8,,,SpeciesA,,Ambig,8171.4598,10535.489,8.5548,7983.2276,4085.1849,6215.8256,1.1776,5.6716,5859.9485,3377.5851,5218.8615,3826.5373,0.1355,5.9115,7.2442,1854.4281,11434.043,8863.3189,6.4822,10.3005,3.1948,4.4597,6.7726,1183.2528,2.2555,7.1679,2.671,9.8146,3.8107,4.3412,2.8309,5.1946,0.1319,3256.7302,8962.4324,5.6584,9844.0727,4827.6036,5.2566,5.3092,4.368,9.9142,6.1737,7.2047,2.6791,3.338,4.1832,7.1322,4.7271,10.3994,4.6188,7.4385,1.2245,5.4363,4.94,5.4689,0,,,,,,,,,,,,,,,,,,,,,,,,,,,,,,
synthetic,,,,,96000,,A8,,,SpeciesA,,Ambig,6946.0289,7609.2648,0.6852,7495.1558,3512.1246,10224.361,3.6989,8.9517,4143.9382,5518.9931,3908.9134,9545.872,9.2059,2.9304,4.374,5916.2215,12404.2281,5422.5054,4.7102,12.8745,5.2478,1.921,2.0074,468.0815,1.5134,6.5651,1.1997,6.9333,6.192,6.6507,4.1592,3.4559,1.0737,3279.9012,6205.586,5.4304,2893.9985,4228.8806,7.7397,1.8344,5.6324,13.1461,1.5106,8.3292,9.9187,5.4527,3.2555,0.7808,6.7075,3.2988,1.5619,5.4213,3.4701,6.883,6.2103,3.0315,0,,,,,,,,,,,,,,,,,,,,,,,,,,,,,,
synthetic,,,,,96000,,A8,,,SpeciesA,,Ambig,8097.9249,9711.392,4.2474,5518.5536,11341.09,15243.3354,4.8275,11.7397,9132.5562,5583.1857,9711.5549,3245.5541,4.5326,9.4189,0.2577,6006.7056,6799.7618,5478.1882,6.8899,7.3208,3.1061,0.0599,6.0128,1395.0663,0.0184,1.8202,3.6284,7.654,7.3591,4.1667,3.4094,7.5572,0.0584,1253.8977,10151.9818,1.9509,6691.504,899.9288,3.1485,4.4461,4.3561,15.0584,5.6374,13.4658,9.3327,7.7167,1.645,7.5126,6.5357,9.5405,4.8844,3.7364,2.2117,3.585,1.3823,0.4957,0,,,,,,,,,,,,,,,,,,,,,,,,,,,,,,
synthetic,,,,,96000,,B1,,,SpeciesB,,Ambig,8168.5125,14717.0774,5.0398,2254.6965,1584.703,9548.9943,2.2669,2.3967,209.9707,8442.9291,7305.2579,691.2033,2.5455,8.5276,0.3302,5660.6843,14461.4352,6456.2359,3.2336,9.243,1.8684,2.2009,4.6343,3821.6689,2.1683,1.3996,7.0468,5.0639,8.0555,4.2844,4.7098,4.6259,6.7251,6425.3238,8354.3002,3.6653,6649.4409,3974.456,9.0149,6.3584,2.8311,10.0956,6.0973,9.7054,4.3484,6.9928,1.47,3.9461,3.0135,12.7403,1.8792,13.5272,1.8684,8.1195,6.8032,6.6283,0,,,,,,,,,,,,,,,,,,,,,,,,,,,,,,
synthetic,,,,,96000,,B1,,,SpeciesB,,Ambig,9009.6208,14371.0907,1.1184,5039.476,2064.1411,9608.682,1.97,2.9036,7354.747,5172.2016,5341.5127,3951.2121,8.8927,6.9587,6.2815,5948.4656,9882.9196,8767.655,7.8073,7.3303,4.7587,0.2143,12.6425,4639.9035,2.2405,4.2523,5.202,6.3723,5.0875,7.3481,5.7353,0.9728,1.2428,4552.2915,11141.7713,1.9781,4305.6458,600.3684,16.19,4.8148,1.8332,9.7327,10.6226,10.9177,2.5803,7.7957,0.7229,3.8027,0.3834,9.645,2.2858,6.2643,2.2575,1.4058,0.099,1.5595,0,,,,,,,,,,,,,,,,,,,,,,,,,,,,,,
synthetic,,,,,96000,,B1,,,SpeciesB,,Ambig,11265.3703,11896.0534,6.9822,5189.9173,3082.8424,8888.678,0.5382,4.4798,5749.4063,5089.5844,13986.4032,3929.5768,0.3918,5.9491,4.5688,6516.1703,10644.6391,8046.2814,6.5546,8.9112,3.2768,4.0917,6.8754,3007.5517,3.6317,1.1266,4.3525,10.1364,10.609,6.4731,3.4447,3.9714,6.8389,1933.7917,9388.1448,6.8116,6838.5279,2264.1014,4.7661,6.899,3.5979,7.5182,3.7034,4.8521,5.8887,7.7306,4.475,1.613,7.0328,10.7048,7.967,2.9771,3.008,7.9997,4.4579,4.0475,0,,,,,,,,,,,,,,,,,,,,,,,,,,,,,,
synthetic,,,,,96000,,B1,,,SpeciesB,,Ambig,8803.7759,11995.7854,3.6388,536.4441,4909.1774,8359.3554,3.0828,4.5891,2232.1079,4809.8172,10922.4158,2.457,0.0784,6.6878,2.488,8779.5632,12105.2211,9208.1254,0.2303,2.4458,4.3965,0.2802,5.742,1268.5233,4.4743,2.2404,3.842,10.2712,11.7422,5.8563,7.0375,1.4257,3.0558,5178.7154,6569.9175,0.6951,7707.6175,2346.2088,9.3263,3.2497,3.2352,6.2854,6.7942,9.0227,9.8568,11.176,3.879,4.1539,3.726,9.1443,12.1373,4.8656,3.5419,8.3534,0.7737,2.4155,0,,,,,,,,,,,,,,,,,,,,,,,,,,,,,,
synthetic,,,,,96000,,B1,,,SpeciesB,,Ambig,8657.2961,8180.1331,3.9876,1806.3226,7568.6049,12569.2433,1.4808,7.6236,2696.0119,8515.5132,8267.0912,522.3192,0.629,5.6074,3.5907,3591.5117,9991.0156,5753.8596,5.1565,7.7623,3.3307,0.3186,5.3161,4583.8688,3.8831,5.8865,5.4183,9.3351,6.6598,7.3901,2.5236,1.4064,3.6329,983.7756,10666.3545,6.1762,2540.9448,1454.4177,10.685,4.1323,2.2893,8.2856,6.7641,10.1708,10.643,8.0953,3.9135,0.6246,3.1223,7.6001,8.5076,11.2795,3.5268,1.7235,3.9235,0.2541,0,,,,,,,,,,,,,,,,,,,,,,,,,,,,,,
synthetic,,,,,96000,,B1,,,SpeciesB,,Ambig,10163.3121,13413.1584,9.5675,3502.833,7773.7041,9538.2043,0.0173,11.1158,6204.6353,3368.1229,3908.1548,2349.4163,2.4006,9.8622,4.4803,4914.0001,15758.7756,6988.0737,7.668,7.4552,3.1376,0.2064,7.0975,1664.9336,0.905,2.5756,2.9275,9.9415,8.1645,7.3004,5.0085,1.5098,8.2774,3151.7671,7100.4835,2.6665,7733.2668,1943.0716,9.6439,2.9773,2.4373,8.2215,6.0203,3.9307,3.513,1.4714,3.7676,7.4614,6.7095,11.0165,7.9032,5.3563,1.8774,1.1307,2.2556,1.8014,0,,,,,,,,,,,,,,,,,,,,,,,,,,,,,,
synthetic,,,,,96000,,B1,,,SpeciesB,,Ambig,11965.8918,14838.2795,6.0143,4054.4385,5048.8776,8848.3919,2.8841,5.6934,3282.0361,6004.7732,6866.9159,1751.1362,0.2908,7.3134,2.5766,8298.0734,7521.5102,8281.7298,4.9867,4.8852,1.4445,2.3799,4.6651,1437.93,2.7007,2.8889,4.5387,11.6343,8.8796,5.6164,5.915,3.4513,4.4243,3635.8665,8206.4282,3.0993,3735.2389,1132.5737,12.8147,2.021,2.5686,3.4959,5.2954,5.9479,13.5595,5.4943,0.6482,7.0288,6.2808,5.4059,5.6565,7.625,0.8747,6.6713,2.8891,2.8152,0,,,,,,,,,,,,,,,,,,,,,,,,,,,,,,
synthetic,,,,,96000,,B1,,,SpeciesB,,Ambig,8788.793,9535.6776,3.7193,8675.0296,3217.0761,8914.5625,3.528,7.3836,10175.4737,6119.5596,8083.8547,2424.8936,0.5339,5.58,4.6353,10234.5989,9998.203,6761.885,3.1558,8.2711,3.526,3.1014,3.015,124.8664,0.3404,2.1881,4.9444,4.2816,8.6134,8.299,1.9497,1.8299,7.7569,2197.4622,10040.0459,2.8318,4050.7097,147.696,9.0211,6.8256,4.0341,5.4817,7.3715,7.6886,4.4551,9.093,0.5062,0.7916,6.6527,6.1223,6.3619,1.6638,2.0961,4.4805,3.1128,5.7411,0,,,,,,,,,,,,,,,,,,,,,,,,,,,,,,
synthetic,,,,,96000,,B1,,,SpeciesB,,Ambig,9392.2138,10593.1324,4.9562,2947.1802,6806.3319,8997.455,2.0444,4.7254,7810.1399,8368.5967,13344.135,4436.0378,1.1959,9.5837,2.4472,8726.3965,10351.4602,6599.2594,6.7224,7.4429,5.8121,2.7818,7.0256,1801.532,0.1255,1.7874,6.8638,9.7005,5.5244,4.6418,3.3696,5.5279,3.6893,2360.0973,9807.4627,3.4445,6659.1122,4286.0553,10.8493,5.7937,0.8909,7.418,4.0592,8.3025,6.1051,6.5034,0.9339,7.0466,2.1331,7.6331,6.524,7.8697,1.5528,5.3313,2.1937,0.7798,0,,,,,,,,,,,,,,,,,,,,,,,,,,,,,,
synthetic,,,,,96000,,B1,,,SpeciesB,,Ambig,12427.5973,12703.3412,7.593,2494.8811,412.1177,11601.6166,2.588,10.2087,11861.1205,7769.5218,9619.4144,475.4979,3.1377,8.2899,8.3003,7794.1888,12866.4144,11808.0831,2.4579,8.5049,5.255,1.0623,3.6034,621.2784,1.1629,4.4687,6.1966,7.3813,8.8492,10.7827,4.7175,1.4638,1.259,5247.1947,13426.1372,0.1498,8019.3036,4730.5932,8.7416,2.7975,0.4339,5.4254,5.4062,9.7008,6.5583,10.2188,2.3596,1.9401,7.0957,13.6437,3.4019,9.87,3.4262,5.4076,8.9892,6.3034,0,,,,,,,,,,,,,,,,,,,,,,,,,,,,,,
synthetic,,,,,96000,,B2,,,SpeciesB,,Ambig,5578.9322,3763.6921,11.2631,2449.9116,3930.2115,11284.9257,2.1617,6.5689,3477.2697,6896.5597,1179.5825,5411.7375,2.1785,3.1322,6.1004,2135.9009,7486.5719,15446.8482,4.9251,14.2111,3.9203,6.9014,6.038,1217.208,1.8609,6.0612,5.0492,7.5863,8.8925,7.4774,7.0222,2.2167,1.2858,2382.5991,6710.8395,1.4226,8239.3652,2311.4937,15.6409,2.8561,3.7943,12.3934,6.1653,10.6568,5.5893,7.0925,2.3253,2.1339,7.0924,7.0633,1.213,9.7541,1.2012,2.8612,7.9733,0.8224,0,,,,,,,,,,,,,,,,,,,,,,,,,,,,,,
synthetic,,,,,96000,,B2,,,SpeciesB,,Ambig,3726.7675,9434.9848,9.4433,2650.8874,10273.8494,9413.1288,0.7985,5.0993,9346.9393,11732.9849,1907.6056,4159.736,1.9682,1.6781,1.8696,5701.8551,7513.772,11545.5336,4.551,15.8387,0.8695,3.6415,14.0727,484.9472,1.0907,8.1344,6.7345,11.6151,4.2479,8.9931,0.072,7.1177,2.3066,2163.789,8614.489,4.8425,2065.6786,5330.4744,12.9843,0.4003,8.2304,13.7119,12.7793,11.1177,3.1768,10.6406,6.703,6.7926,10.5054,8.1414,6.8725,8.6503,0.7499,1.6838,3.8156,2.9318,0,,,,,,,,,,,,,,,,,,,,,,,,,,,,,,
synthetic,,,,,96000,,B2,,,SpeciesB,,Ambig,6051.1086,9031.9986,7.0198,1522.3303,6283.7915,11181.5766,0.5713,7.4531,9602.7245,6870.1385,2658.2516,2526.118,6.9709,2.5609,5.732,1923.6716,8490.8652,11081.517,7.0768,9.6765,0.8896,3.419,8.0054,1334.833,4.1657,5.8638,0.6391,9.1343,4.5302,5.2853,7.7376,3.8684,0.5473,1738.2914,6752.8539,0.7019,6195.6413,476.7133,18.1717,2.1192,7.2886,8.2534,12.2363,7.3473,7.2199,7.2494,0.0779,4.4236,7.7522,11.079,8.2966,8.3941,3.61,1.3549,0.6518,1.7888,0,,,,,,,,,,,,,,,,,,,,,,,,,,,,,,
synthetic,,,,,96000,,B2,,,SpeciesB,,Ambig,6496.3772,6275.0606,4.2553,2173.3565,5360.8765,13689.5399,0.1582,8.9262,13329.6453,6751.1972,692.9499,1315.9167,3.5586,5.2097,8.4733,3729.6635,7586.6807,8776.7042,3.5673,11.5333,7.1704,2.5758,2.2141,3481.5786,2.9263,7.4797,1.1872,11.4567,11.0804,8.9166,7.258,2.6066,3.5743,7887.9768,9736.0976,2.0372,3020.8407,771.4445,13.0521,4.9553,3.3121,11.6017,9.8211,10.7109,5.4403,9.9076,0.8291,8.7745,7.4641,11.2278,5.9294,9.0864,4.8225,2.9801,5.1935,1.325,0,,,,,,,,,,,,,,,,,,,,,,,,,,,,,,
synthetic,,,,,96000,,B2,,,SpeciesB,,Ambig,5518.3052,8862.564,6.4512,7862.6394,1475.3123,9930.2455,2.4281,10.0461,12115.8075,4877.0772,1658.5141,5381.5219,2.2238,6.9579,5.6845,4360.4495,10511.242,10058.6372,7.3933,9.5982,3.7445,2.1805,8.334,3497.3127,2.5846,7.86,4.9505,7.1542,8.6191,5.931,10.356,1.3684,6.5062,1335.7339,8104.5094,3.0799,4129.7574,3762.4171,15.7182,4.1088,2.6032,15.2084,13.2903,10.215,4.7337,9.1578,2.4163,7.8695,4.2368,10.2074,2.4924,9.6995,7.5384,2.206,7.0418,6.343,0,,,,,,,,,,,,,,,,,,,,,,,,,,,,,,
synthetic,,,,,96000,,B2,,,SpeciesB,,Ambig,4279.1683,7353.182,9.8781,3164.5339,5644.5817,13483.9947,0.0306,3.235,9923.5533,7935.939,5482.7966,3830.9876,2.4849,3.8087,5.7614,384.7348,9741.6024,9950.4596,10.6377,17.3145,1.0723,1.0023,5.615,1572.2833,0.5564,6.871,7.1307,6.334,5.362,3.9684,8.0405,5.8761,1.5919,664.9757,7397.0532,6.4872,7637.1074,1925.0363,15.4023,5.6677,3.5067,14.8161,9.7944,7.0976,4.3221,4.5854,2.268,7.6358,3.5012,12.9883,9.701,7.3934,0.1498,0.3148,4.8695,0.3647,0,,,,,,,,,,,,,,,,,,,,,,,,,,,,,,
synthetic,,,,,96000,,B2,,,SpeciesB,,Ambig,1914.5518,9050.146,6.8392,3425.1949,3174.3238,14526.3849,2.1061,9.924,7440.1483,12445.4077,66.0616,8423.9177,5.6901,0.4832,4.0223,8594.0987,11956.9922,10390.2783,7.6459,11.82,1.9414,2.9241,6.0779,994.6657,2.345,4.3481,6.2333,9.8687,11.1242,10.8072,8.4043,4.138,4.0212,2968.3556,8501.9776,1.5055,4488.459,3321.1887,13.5712,5.9702,2.2506,13.4734,8.3558,10.8718,5.4376,10.7795,1.2702,2.3911,1.9121,9.4036,1.4764,7.788,6.6582,3.1266,2.4757,3.6161,0,,,,,,,,,,,,,,,,,,,,,,,,,,,,,,
synthetic,,,,,96000,,B2,,,SpeciesB,,Ambig,8134.9665,10466.0911,8.103,3178.9773,7616.9161,13964.7829,0.987,4.585,7883.2606,8620.5819,1244.1053,3227.3364,1.691,0.9668,6.8986,2935.9325,6708.7111,8981.5041,7.228,16.6246,4.5222,7.1501,8.9692,5322.5377,2.1268,4.6008,1.0106,6.8834,13.7074,4.6105,3.7229,5.4741,3.9188,886.3731,6793.4711,2.4581,4609.0296,3332.147,12.2466,4.0432,8.5631,5.4042,8.8571,11.0568,2.3518,6.8491,1.0868,5.2805,5.09,12.1446,7.0306,6.5567,2.0817,3.0963,5.8434,0.2324,0,,,,,,,,,,,,,,,,,,,,,,,,,,,,,,
synthetic,,,,,96000,,B2,,,SpeciesB,,Ambig,7730.4089,10259.1424,9.2673,1528.9752,8372.9347,15139.9953,0.9922,4.0321,9149.7476,7934.0259,1328.8765,3280.764,4.2467,1.5412,5.7234,2163.5623,9685.9257,13272.5037,5.8821,12.9882,1.6211,2.4693,7.1149,3202.9891,0.7736,9.7971,0.7003,9.175,11.4974,10.3145,2.7154,0.5433,4.4429,212.3213,8517.223,2.4219,5053.0989,7266.5622,17.5912,6.9497,1.3937,10.8302,9.909,9.6011,8.8448,4.0741,3.0044,5.1877,4.7409,14.5061,1.236,6.4891,3.2184,3.1218,2.0604,0.359,0,,,,,,,,,,,,,,,,,,,,,,,,,,,,,,
synthetic,,,,,96000,,B2,,,SpeciesB,,Ambig,7001.359,12058.9102,8.7613,2485.4493,581.3031,10356.4491,1.882,10.6242,12438.2255,13719.3693,2549.9242,5909.1041,0.3642,2.8896,1.9939,6145.498,6389.9006,10196.2881,5.0173,10.0944,4.9902,1.9539,8.2431,2507.1931,4.6704,5.0665,6.9346,14.9644,2.9939,6.0204,4.7145,5.4834,0.9736,4331.3342,5176.2895,5.1377,1975.7766,3517.3563,6.0586,0.0026,9.4626,10.4327,7.4726,15.4249,8.1103,11.2573,1.1,6.4214,7.9003,5.899,5.9211,5.9218,6.2629,5.7165,4.0125,1.2457,0,,,,,,,,,,,,,,,,,,,,,,,,,,,,,,
synthetic,,,,,96000,,B2,,,SpeciesB,,Ambig,5470.4111,11309.6392,6.1839,1559.8424,7671.6403,10861.6043,2.355,8.2436,6744.8366,3533.1478,2798.7361,2968.0663,2.0588,1.9223,1.079,2850.5768,2738.6308,9684.0365,4.7802,15.9529,4.9498,2.8101,8.0755,1873.9968,0.8277,6.0853,3.4372,15.8831,9.3307,3.4746,7.2534,9.1193,0.2723,12263.038,6842.8273,6.2524,3584.6246,679.4131,10.4674,2.0665,0.6813,12.9091,6.7746,10.7556,6.2653,6.6975,2.273,4.5742,5.3136,10.2193,4.518,3.7435,0.3692,0.1839,5.9364,6.3181,0,,,,,,,,,,,,,,,,,,,,,,,,,,,,,,
synthetic,,,,,96000,,B2,,,SpeciesB,,Ambig,8742.1511,10424.6967,9.6451,2142.8049,8935.7334,10087.9126,0.3778,6.8765,8966.001,12900.7814,2387.6084,3800.8288,1.3957,5.113,9.7521,3018.1682,2203.1134,12274.8701,8.6328,6.8789,3.1556,3.1567,1.6571,1725.9555,2.2175,7.2644,1.5746,7.6533,7.4774,9.72,2.6372,6.2523,3.1271,2325.4045,11334.2152,4.0659,3573.8203,1604.3529,8.8616,5.2382,1.5875,7.2853,13.2041,13.0441,4.497,5.8217,4.5359,4.6519,7.1017,11.6829,1.5567,8.3919,2.5666,6.1315,1.5068,1.0884,0,,,,,,,,,,,,,,,,,,,,,,,,,,,,,,
synthetic,,,,,96000,,B2,,,SpeciesB,,Ambig,3180.4796,11470.8979,9.1071,2720.3598,7460.724,10936.3292,0.8655,2.5948,2937.6276,1974.4463,534.8434,3156.2565,2.5135,3.1763,4.4091,1173.4931,5398.4123,5694.4164,10.1638,13.5472,0.2027,2.5666,8.7339,4090.3718,0.5396,7.0523,7.2864,4.9121,7.1522,8.3279,3.2514,7.9283,4.363,3778.1721,4415.1774,5.8686,6601.5961,55.5504,12.4098,0.8768,4.5357,12.1498,12.2544,11.2357,7.4871,6.7442,0.8388,7.8784,7.6809,7.9332,5.6118,8.4517,4.7275,2.5646,4.194,3.717,0,,,,,,,,,,,,,,,,,,,,,,,,,,,,,,
synthetic,,,,,96000,,B2,,,SpeciesB,,Ambig,9296.7866,9916.2347,5.3797,2627.692,2790.5692,10272.4646,1.4992,10.0236,9166.2462,10660.2898,6616.3279,3142.2148,0.6616,3.7505,4.7553,4109.0069,7707.0257,12050.8129,7.1396,5.5196,3.0814,4.1154,10.6179,1604.2496,1.09,9.5548,2.6489,9.6863,10.2641,10.3189,5.1241,0.509,4.6972,2107.6742,5539.7259,8.7935,7205.9011,1492.9425,12.266,4.0309,2.7648,4.8815,11.6996,11.7117,5.9427,7.2144,2.593,6.3675,3.7736,9.1222,2.8294,8.0685,3.5373,1.1085,3.9183,7.236,0,,,,,,,,,,,,,,,,,,,,,,,,,,,,,,
synthetic,,,,,96000,,B3,,,SpeciesB,,Ambig,7220.4402,5489.3136,4.4766,1315.874,516.8667,4748.2474,4.8217,7.5785,9979.9105,7907.4918,1373.8725,3970.8855,2.9183,4.8708,4.5924,5182.638,8301.1157,5829.5459,6.0801,6.2733,2.7974,0.5653,6.427,128.6264,6.1661,8.4301,3.4089,10.8231,3.7692,4.3772,7.4961,5.8473,2.9656,6277.2048,5643.092,5.2717,7367.939,2624.1177,9.5888,3.7766,2.3496,8.017,9.4262,5.1386,8.1545,4.1471,3.5578,4.4128,10.7734,14.7771,10.1641,6.5867,0.7061,0.8356,3.4161,6.6483,0,,,,,,,,,,,,,,,,,,,,,,,,,,,,,,
synthetic,,,,,96000,,B3,,,SpeciesB,,Ambig,7151.3815,10895.773,6.052,67.3058,1465.9364,7955.6829,0.7223,11.3009,7979.6992,6474.4073,2072.0577,8424.271,2.7551,0.5787,8.1276,6093.9829,10064.6775,3906.5754,5.9664,4.7285,5.0737,2.8468,4.1157,4834.5032,5.9725,6.0986,10.0878,10.4678,8.6306,1.2699,6.7592,1.5474,0.0135,4592.5085,2299.7126,4.8578,3018.8615,1524.7812,9.5082,3.3296,1.414,4.6641,7.7497,7.1878,10.5579,3.6943,2.4305,3.8435,10.9168,8.1113,8.078,9.2644,2.2547,3.7659,5.5276,5.1025,0,,,,,,,,,,,,,,,,,,,,,,,,,,,,,,
synthetic,,,,,96000,,B3,,,SpeciesB,,Ambig,7387.9023,12939.0717,4.6412,8332.4463,3811.8386,4415.8353,0.4714,7.5123,13202.4654,5022.2815,1541.3531,6293.8886,1.9514,4.6947,2.798,8647.3708,13354.2302,7152.3584,1.9211,9.6103,0.5331,5.3038,4.4746,324.9656,1.9063,3.8139,10.0398,10.1652,5.0003,4.4053,3.2553,1.8771,0.204,1828.5909,6496.8251,7.7433,6216.4398,2203.8893,7.3992,6.1958,0.7029,7.833,6.2674,10.2695,8.9602,6.9919,3.28,7.3868,5.5709,13.7041,6.6275,9.06,2.5327,3.5373,2.4975,3.2456,0,,,,,,,,,,,,,,,,,,,,,,,,,,,,,,
synthetic,,,,,96000,,B3,,,SpeciesB,,Ambig,3782.4637,6295.6108,4.6393,7894.7501,2021.4354,7169.9644,1.9048,9.8233,13949.3189,3915.2055,2820.3577,5998.9852,2.1595,4.6859,2.0935,7170.008,9648.0655,4620.8694,10.0667,11.3231,3.0573,0.2672,4.5397,2039.5068,3.8741,9.655,0.6206,12.0307,6.3503,7.0822,6.3314,3.9885,0.0537,431.108,5152.0044,4.6694,3875.2781,1938.8736,4.6197,10.218,5.5956,9.4585,3.0347,3.3973,7.2119,6.7599,4.626,9.8051,6.6062,12.3506,9.8077,9.6735,3.6237,4.5986,0.5966,0.3766,0,,,,,,,,,,,,,,,,,,,,,,,,,,,,,,
synthetic,,,,,96000,,B3,,,SpeciesB,,Ambig,5326.5822,11207.8948,2.9664,876.7104,5034.6603,1263.9843,3.9047,6.9115,10747.8299,11036.4929,2293.345,3007.7789,8.6669,2.6646,5.021,5618.9699,11784.3038,10562.5478,6.2671,8.2881,0.0115,4.232,8.5822,3723.8289,6.9239,3.9943,6.8567,16.4675,9.9647,5.3754,4.1788,2.5549,0.1509,3875.608,6504.4314,0.8399,3218.5684,2548.4604,10.6352,0.7062,1.4401,3.3453,4.9003,17.9708,9.5819,6.4712,2.5832,3.3725,3.1984,9.1544,5.9729,13.4104,3.6695,4.8685,5.7001,1.6233,0,,,,,,,,,,,,,,,,,,,,,,,,,,,,,,
synthetic,,,,,96000,,B3,,,SpeciesB,,Ambig,7322.564,4540.4167,7.7662,8767.5755,3619.523,8943.4597,2.5271,8.7758,11769.6122,5816.0054,1059.3838,6691.2391,5.0397,0.7907,5.5013,3287.9488,10353.2032,9824.5323,6.7848,12.4485,2.4505,2.4132,2.7056,3530.0982,2.5179,5.6827,2.3989,11.7844,5.556,6.0732,5.7474,2.242,1.1445,1666.7649,6700.5491,0.9073,7583.956,4894.8147,8.4345,5.4196,1.3242,1.8741,4.9243,8.2648,5.5512,7.5897,0.2753,8.1142,11.9165,11.3372,5.746,9.9069,2.0547,1.0852,5.6711,5.6912,0,,,,,,,,,,,,,,,,,,,,,,,,,,,,,,
synthetic,,,,,96000,,B3,,,SpeciesB,,Ambig,5067.9922,7032.0452,16.1699,7152.0265,6040.7089,12817.4247,1.7636,8.5825,10684.3917,3955.8761,3255.8078,1765.1312,4.0304,4.8306,1.3702,9963.6265,6154.6116,9865.8884,4.6514,9.961,1.582,9.8565,7.8984,8035.7876,4.3043,8.0006,5.9161,11.4034,8.2673,4.976,6.089,4.2159,0.1896,4675.9415,5983.4118,5.5008,4790.9431,1365.4456,6.238,2.4385,1.6809,7.0084,9.2625,6.1904,4.2384,9.1683,2.188,6.2196,14.5431,13.0751,8.2517,12.1227,0.8843,6.2777,0.7722,1.6218,0,,,,,,,,,,,,,,,,,,,,,,,,,,,,,,
synthetic,,,,,96000,,B3,,,SpeciesB,,Ambig,4511.687,12775.8629,10.4918,3511.7896,6678.4521,7873.5734,2.0745,7.2963,11402.9413,6074.9519,757.7123,5715.1971,3.4213,1.982,1.9201,9466.8919,8157.4771,2596.157,0.2494,2.0375,1.4048,7.0315,1.131,2640.9996,2.3567,9.1099,6.5256,12.8991,10.2332,8.8452,9.1757,2.1258,2.7576,494.7837,2734.2389,9.2985,4713.3576,1654.5238,9.1038,9.5718,1.0235,10.7637,7.223,8.6251,4.5872,9.8195,2.8895,5.3873,8.633,9.6097,9.674,8.0129,1.0404,4.576,2.4433,5.2353,0,,,,,,,,,,,,,,,,,,,,,,,,,,,,,,
synthetic,,,,,96000,,B3,,,SpeciesB,,Ambig,5092.5432,11864.9188,4.7109,1398.1848,3630.6288,11354.7812,1.9745,6.5275,8091.6075,6814.4593,1070.6572,6600.0003,1.3805,7.3561,6.9539,2930.3193,12721.2548,8439.6957,9.8808,6.2246,4.4584,3.6821,0.0465,5422.2993,1.6015,3.6872,5.0505,7.0867,8.2829,4.0763,5.8472,3.0136,0.7484,1487.0064,4800.4624,4.5114,7952.8523,165.147,5.9349,6.7653,2.6309,7.6651,11.8174,5.8968,10.0386,2.8895,1.7452,8.0845,10.9526,6.0967,8.9361,11.7557,0.3009,10.1963,2.3783,1.2178,0,,,,,,,,,,,,,,,,,,,,,,,,,,,,,,
synthetic,,,,,96000,,B3,,,SpeciesB,,Ambig,6841.808,3969.0614,10.5521,7643.7066,2705.7196,9896.0991,0.7313,13.1211,7395.4776,3065.3799,3715.6815,5037.7815,0.9977,3.0499,6.5079,4004.6114,6755.8034,10347.0449,5.5757,9.8472,2.6354,0.2022,2.9645,9910.8666,1.9676,3.6083,4.9444,10.6055,3.6123,3.576,6.4863,0.6672,2.039,1277.1059,3393.9096,6.6955,4067.7459,4458.8683,9.3856,0.7571,3.8546,5.1228,7.1132,12.1812,14.959,7.2785,0.82,7.3413,10.0872,2.803,5.7824,10.4848,1.8236,1.9203,4.4958,6.3213,0,,,,,,,,,,,,,,,,,,,,,,,,,,,,,,
synthetic,,,,,96000,,B3,,,SpeciesB,,Ambig,5924.3627,8177.1555,5.6176,5455.837,6765.8475,12167.4004,1.8585,5.75,6941.9972,8917.4847,2089.0866,6564.8048,4.2771,4.4622,5.137,2470.3634,7600.905,7590.9035,7.0985,8.3003,0.8804,7.0718,4.1416,4051.5076,1.5594,4.0891,1.7105,10.7058,4.6727,6.8037,3.5965,1.6872,2.3325,2897.2632,8513.366,6.8044,960.9279,274.9454,6.1461,7.8387,2.1742,8.9985,10.7894,8.1096,9.7134,8.5015,1.6574,9.7755,10.1408,11.9242,6.9062,8.8618,0.2898,2.9272,1.8159,4.4076,0,,,,,,,,,,,,,,,,,,,,,,,,,,,,,,
synthetic,,,,,96000,,B3,,,SpeciesB,,Ambig,7816.3664,8733.7727,5.2693,5190.955,4303.8912,9143.9185,3.9247,5.9578,9902.4376,8139.1168,1713.9693,5195.8289,0.4295,1.9815,7.2412,8827.9252,7514.5614,8470.1302,7.4046,11.8025,0.8004,4.6779,7.6017,521.3075,2.4863,1.8103,0.5962,9.9888,2.8675,5.9047,9.0467,1.4126,0.2948,2584.4075,6573.2942,4.9971,6085.5087,149.2435,6.6044,3.0597,4.4871,6.6534,10.0963,8.3952,12.9619,4.4312,2.7397,7.7609,9.2719,8.9556,11.9117,9.9032,1.3302,2.4077,6.5324,5.6259,0,,,,,,,,,,,,,,,,,,,,,,,,,,,,,,
synthetic,,,,,96000,,B3,,,SpeciesB,,Ambig,6767.9375,4622.041,7.4323,3907.0401,4704.2796,10594.2397,2.553,8.668,11170.5788,6777.6227,673.1862,3114.6078,1.3382,0.2845,7.9137,5383.6531,6112.2881,7243.8945,2.827,0.9739,3.1977,6.48,1.613,1655.9142,2.8688,5.3058,3.4297,10.7693,6.148,3.217,7.0418,1.2374,1.2801,3219.2411,3051.7045,8.261,820.3703,1091.8539,9.4272,5.3964,3.0985,10.864,3.5966,8.8149,9.8592,6.1839,2.4932,9.7596,6.2364,8.1345,6.0583,9.171,0.9874,3.306,3.273,3.7865,0,,,,,,,,,,,,,,,,,,,,,,,,,,,,,,
synthetic,,,,,96000,,B3,,,SpeciesB,,Ambig,6908.4222,12148.9934,4.3859,9185.6479,2571.8439,9936.9418,0.2891,7.3594,4037.9257,10371.1442,412.1681,3788.2207,5.649,3.6413,10.1538,9295.942,10910.9677,7862.661,7.9473,5.9203,0.5683,3.8831,4.118,4068.2697,1.3107,8.4932,8.7613,8.8098,7.0909,8.4306,7.5341,3.2453,1.8521,5259.386,11758.4064,1.9149,5252.1287,651.9483,7.8458,5.1037,2.32,5.9714,11.6236,8.5733,9.0192,10.1613,0.9972,6.0131,10.3566,6.7444,8.5869,12.2414,2.2073,3.3619,2.3013,0.8297,0,,,,,,,,,,,,,,,,,,,,,,,,,,,,,,
synthetic,,,,,96000,,B3,,,SpeciesB,,Ambig,5367.3425,9424.4087,8.6312,5396.2246,2713.4352,6180.0713,0.8188,8.4181,11921.5279,6353.4604,223.5473,5475.6081,1.7869,2.8585,0.069,1142.2,6173.7156,8373.9722,5.8396,9.555,3.0043,0.9236,8.108,4374.1707,0.5503,9.9157,2.0144,9.2369,6.2026,5.5717,6.0065,5.9693,0.1427,2917.3042,13473.8614,7.9998,5452.4088,1427.5359,9.3883,1.4444,2.9144,8.5716,5.3939,9.5736,8.6459,5.9856,2.7523,7.9417,7.2321,7.4091,7.1577,11.0735,2.6557,7.4332,3.4502,0.6575,0,,,,,,,,,,,,,,,,,,,,,,,,,,,,,,
synthetic,,,,,96000,,B3,,,SpeciesB,,Ambig,10690.4279,11561.3751,8.5218,8333.2817,6.2396,7327.5512,1.9781,11.0099,6000.9335,5525.9422,5198.188,7328.2338,2.0229,8.067,2.1054,6191.5775,8557.3447,8468.9806,5.3411,7.1177,0.6417,0.2436,6.5771,2623.0962,4.5783,5.1172,3.8722,12.995,9.7472,0.5491,6.7603,0.8395,2.9215,941.2582,8755.9418,2.5532,3561.4031,5486.3524,6.2053,2.1834,3.3036,4.9527,3.3355,13.1683,12.4445,4.2637,3.7923,8.3897,7.5304,11.28,7.6433,7.7733,3.7973,1.5378,2.2817,2.5249,0,,,,,,,,,,,,,,,,,,,,,,,,,,,,,,
synthetic,,,,,96000,,B4,,,SpeciesB,,Ambig,5371.7729,8204.9526,9.6701,5209.3812,2006.799,8465.2424,2.8555,5.387,4981.9942,1470.6267,3522.9895,1224.1187,0.0696,4.1195,5.8243,1711.6692,7837.5,7633.017,6.9312,12.9256,2.0058,2.0977,4.3778,3389.4023,2.2696,2.2522,9.933,6.4141,5.3357,3.0924,9.5994,1.2114,1.6836,5195.2093,8287.143,3.3438,3604.0478,3185.0996,10.433,3.5573,7.5637,7.0278,2.5366,7.8581,8.2222,6.4959,5.3969,3.5608,4.7634,14.5358,2.5191,16.22,0.9187,5.9132,1.4112,3.6312,0,,,,,,,,,,,,,,,,,,,,,,,,,,,,,,
synthetic,,,,,96000,,B4,,,SpeciesB,,Ambig,5375.4882,6212.255,2.0041,5074.2169,2783.319,2474.3065,5.9488,7.6215,6244.5854,4160.4643,337.4507,4657.2966,3.7633,4.1702,3.2837,7548.4854,7690.2813,8711.0562,6.3155,11.4421,0.95,1.6995,5.9126,1066.0247,0.6479,4.9933,8.8567,12.0249,10.2092,5.8839,7.736,3.932,1.5823,278.1399,4903.1335,1.6775,8586.4443,4550.095,11.0993,1.121,3.1301,13.2135,3.9351,8.2191,5.8434,5.7029,0.8093,2.9926,3.6722,11.433,6.3154,6.1386,1.5508,8.7289,5.4896,0.6272,0,,,,,,,,,,,,,,,,,,,,,,,,,,,,,,
synthetic,,,,,96000,,B4,,,SpeciesB,,Ambig,1340.4654,11962.626,7.0637,2893.8325,6203.3835,8025.0891,0.3269,5.7959,7213.626,1567.1285,2172.3267,5878.5192,5.0677,1.6986,5.3663,7177.3825,4216.6275,5506.1884,8.1688,11.5284,4.1656,4.7077,5.6742,7432.0175,2.9144,2.5831,11.8809,17.6658,7.6218,5.1315,2.6398,5.5316,0.1772,2226.1903,9014.6334,5.3607,5407.3667,9100.9088,12.8897,2.6397,4.1945,7.4094,9.7783,10.5227,8.6088,9.0876,5.9047,7.7886,4.1182,9.4068,8.5979,10.5437,0.56,5.6427,2.6396,0.7874,0,,,,,,,,,,,,,,,,,,,,,,,,,,,,,,
synthetic,,,,,96000,,B4,,,SpeciesB,,Ambig,5583.9332,6289.4141,6.3289,4084.8157,5835.6969,8736.3364,0.3383,7.6444,5466.3582,850.7035,5907.1868,3605.683,3.0745,5.9583,2.601,3275.5716,6920.5145,9526.2938,7.3605,8.5901,2.3193,7.5763,4.8758,5199.9421,1.7321,5.7809,6.6934,7.761,6.4982,10.8799,4.9928,4.0866,1.0962,440.1515,8805.7865,3.1199,9242.3699,3542.9008,9.542,0.1152,0.996,2.0125,8.3956,3.7253,9.4903,10.6811,3.255,1.8697,4.6072,12.7072,7.1055,7.2368,0.3991,4.932,2.5708,1.9216,0,,,,,,,,,,,,,,,,,,,,,,,,,,,,,,
synthetic,,,,,96000,,B4,,,SpeciesB,,Ambig,1763.6413,5757.7478,4.1404,3804.1645,5506.2068,14817.2588,3.6963,9.3873,11119.7189,2361.0188,2122.6635,8970.3121,1.8731,4.4104,2.989,8743.3177,4820.4093,8450.6871,7.0264,9.1037,4.455,3.5131,4.0245,77.1152,3.1063,6.3493,8.1235,12.3111,8.765,4.421,6.5276,1.1751,3.5726,1854.8553,8539.4958,2.1728,6349.717,625.7878,9.4558,2.5392,1.8857,6.6719,5.7277,5.5677,8.7897,5.0749,6.505,3.7326,2.1988,10.4532,2.4564,6.9847,1.2291,0.4062,6.3739,5.5803,0,,,,,,,,,,,,,,,,,,,,,,,,,,,,,,
synthetic,,,,,96000,,B4,,,SpeciesB,,Ambig,9529.2317,7412.0177,0.0482,2817.7779,2601.9752,9813.9274,1.8722,8.2019,6810.2989,1206.6814,7965.4575,395.4556,5.2112,8.1555,1.705,5117.8211,10401.2613,5809.8477,10.6718,12.9055,4.4536,4.9037,6.3531,1734.3401,1.2971,4.6129,8.2322,8.7464,7.6006,8.6615,7.6021,3.5673,1.5148,1606.5914,9129.9276,5.5149,3837.0049,6876.2372,9.2792,4.5761,1.8172,6.5388,4.1064,10.0626,7.441,6.1969,2.1668,3.6827,0.8518,10.3721,2.1614,11.077,4.0328,3.9865,2.5766,4.0473,0,,,,,,,,,,,,,,,,,,,,,,,,,,,,,,
synthetic,,,,,96000,,B4,,,SpeciesB,,Ambig,4778.2479,9192.751,7.9512,4970.8442,2827.557,7644.8674,3.1152,6.8967,6756.6995,102.0311,1984.4065,3452.6726,3.5839,6.8073,3.8451,1670.364,571.4156,9011.4732,6.614,15.8833,3.9283,1.2112,8.3334,1589.3152,1.0673,1.6462,8.5881,14.4748,6.2515,10.0883,3.9367,3.332,4.305,4878.1303,13282.0705,5.5255,6593.6658,624.1378,10.5892,2.6201,4.5084,6.8105,4.4743,8.009,3.1589,7.6907,4.9487,2.8294,3.8717,11.6023,4.3506,11.4141,1.1593,6.0738,0.309,2.5987,0,,,,,,,,,,,,,,,,,,,,,,,,,,,,,,
synthetic,,,,,96000,,B4,,,SpeciesB,,Ambig,8114.0689,7728.4642,4.7681,1966.1786,6360.0508,7934.3168,2.3907,9.9595,9187.0576,3902.4687,5907.6085,3731.2237,4.2344,4.3618,2.3922,3618.6892,7238.249,6228.8465,8.2739,13.6853,3.7418,0.3154,4.9486,543.5924,5.8753,4.2112,3.985,8.5205,4.8571,7.7981,4.5638,5.1872,0.4628,1182.33,9427.6134,3.4405,3996.1036,1006.9944,8.8645,1.3976,3.6462,6.2812,10.4517,11.9171,7.6752,10.926,4.5753,11.6844,8.3578,19.2665,5.245,10.1262,3.1772,5.5374,4.0419,1.0167,0,,,,,,,,,,,,,,,,,,,,,,,,,,,,,,
synthetic,,,,,96000,,B4,,,SpeciesB,,Ambig,8398.7778,10194.7199,7.8505,3813.0892,1430.0595,10294.4617,2.3195,5.198,3994.8041,1894.4694,2817.2531,1066.1979,8.9231,7.9665,2.0999,559.9487,7204.8901,11448.9203,10.106,15.0386,1.504,3.6651,3.1552,7176.6767,0.2895,1.3321,2.3397,12.9032,7.8718,4.8222,6.8607,7.6924,0.6584,4621.2594,7600.872,1.345,1680.2798,4390.8393,9.5601,1.1294,4.2013,3.9843,8.0476,7.757,6.9348,7.8466,5.843,4.3933,4.482,11.2153,4.6176,4.6313,7.1838,3.3333,3.481,2.2657,0,,,,,,,,,,,,,,,,,,,,,,,,,,,,,,
synthetic,,,,,96000,,B4,,,SpeciesB,,Ambig,4798.1797,10829.1117,4.5184,3260.4132,471.4642,6698.4979,3.5492,12.8651,3049.9657,72.0915,3880.8825,6715.834,0.2642,1.5317,3.9148,5893.6503,2722.3332,1949.2298,5.5937,13.981,3.7083,4.9053,6.5949,2105.4616,0.357,3.5905,7.5042,9.3803,5.9822,6.7246,4.6755,0.7585,1.3402,1207.1129,7932.9109,0.0122,5885.1595,9772.2778,7.885,2.3662,2.2754,3.6487,3.521,5.3658,8.0365,10.624,7.6339,6.5604,3.2813,15.3011,2.6957,8.1585,2.4523,8.0641,5.7227,2.2553,0,,,,,,,,,,,,,,,,,,,,,,,,,,,,,,
synthetic,,,,,96000,,B4,,,SpeciesB,,Ambig,5204.7799,9875.2615,6.2612,6405.6605,3103.2824,9972.7845,4.412,7.5717,1867.2623,7031.8005,6850.42,4899.2321,7.2397,10.377,5.9153,1035.415,5709.5792,532.3761,5.9256,8.9688,3.7601,3.9808,4.5074,1445.0191,0.5147,3.4589,6.4322,5.614,6.3433,7.4971,5.8837,1.1158,1.0223,468.6713,5478.7138,3.5332,1602.2203,2665.0801,9.6296,7.0149,3.3852,4.5166,8.4341,7.1078,6.3642,2.8059,4.6424,4.6106,1.2148,15.947,3.5942,8.5035,2.8379,0.9016,1.7438,0.4244,0,,,,,,,,,,,,,,,,,,,,,,,,,,,,,,
synthetic,,,,,96000,,B4,,,SpeciesB,,Ambig,7175.4067,11928.0977,4.1411,241.2352,1922.0466,6290.5711,0.2754,8.7447,5253.9028,2729.1679,5935.154,7339.992,3.1288,7.1443,2.9442,2343.229,9401.4088,7369.737,8.2849,12.9372,3.3481,0.3491,11.2401,4376.5919,0.5791,6.2411,10.0699,11.1021,8.8923,4.6857,6.8301,1.9356,5.7259,1106.9967,9185.5937,2.9887,2752.4644,5817.3487,9.6781,0.4047,4.1763,4.0533,9.6223,9.8347,8.3227,5.0493,4.5615,2.7245,4.6436,15.7278,4.8206,8.5423,3.235,7.4804,7.7739,1.2801,0,,,,,,,,,,,,,,,,,,,,,,,,,,,,,,
synthetic,,,,,96000,,B4,,,SpeciesB,,Ambig,6757.4782,8704.4478,3.5321,4542.2655,8.0985,3349.2303,2.9564,7.6347,10978.4248,735.8328,406.093,1868.1448,3.5491,4.7338,3.9047,1367.5806,4288.4237,716.9507,8.3511,8.1254,3.1142,5.8803,8.0634,3005.2099,0.3615,1.2392,9.54,8.9812,12.204,6.0619,0.6088,4.7446,4.5751,848.9357,10564.1104,1.3031,2022.3165,2974.9707,12.9809,0.3249,5.1264,3.0998,4.3634,11.0705,4.9068,7.4287,0.7384,5.1775,6.3818,11.3981,3.7166,5.9357,3.9518,3.4146,2.7732,7.5959,0,,,,,,,,,,,,,,,,,,,,,,,,,,,,,,
synthetic,,,,,96000,,B4,,,SpeciesB,,Ambig,5382.0547,5870.6473,3.4101,3367.5791,7375.9136,9506.8705,1.2494,10.381,9598.5016,654.7093,6941.9744,5249.0457,5.5753,0.5816,4.0489,8505.834,5530.382,12211.9994,8.1421,9.5212,5.2715,3.7478,8.9245,1598.6476,2.0698,2.4618,7.2204,8.4976,5.4468,6.0437,3.6019,1.4758,0.8417,461.8362,9866.2686,3.8062,6210.1664,4034.9644,8.5548,2.5222,3.3389,3.9657,2.0936,12.4754,1.2702,9.3704,5.3333,4.101,11.0086,12.6425,2.2893,13.479,1.5399,1.3719,0.6585,1.7952,0,,,,,,,,,,,,,,,,,,,,,,,,,,,,,,
synthetic,,,,,96000,,B4,,,SpeciesB,,Ambig,6102.0834,10646.916,1.9164,5187.5461,8597.8397,7172.0225,0.9865,10.0968,9411.8116,895.0097,937.1167,566.809,7.2542,7.663,1.9052,393.2563,3104.2506,2629.1211,9.0162,12.6531,8.7691,5.0415,7.1575,5168.3196,3.4534,0.3294,6.987,14.0314,3.3637,7.8148,7.4476,1.3483,0.1187,860.832,8150.8475,3.9289,1598.742,6165.3307,12.1451,3.7867,0.7798,1.2517,8.437,6.8321,4.1628,6.5338,0.525,3.9667,2.6412,10.9262,5.4423,6.0267,3.3392,0.6451,9.5703,0.0366,0,,,,,,,,,,,,,,,,,,,,,,,,,,,,,,
synthetic,,,,,96000,,B4,,,SpeciesB,,Ambig,7467.7673,12112.1493,5.7552,6192.9185,2669.8264,4500.9875,0.2228,11.2436,4956.3494,1731.1566,1841.9531,3948.5809,5.2424,8.1916,4.9994,6318.9088,1145.8639,12101.8793,8.1025,14.2911,2.9178,2.6403,6.9996,6185.487,2.6725,5.4509,11.9623,10.6466,8.7965,4.3885,8.5738,2.7204,2.1914,4237.8796,2672.2448,7.426,4464.2692,2725.8584,5.0624,0.7268,1.6311,6.2214,6.2635,12.9954,5.1008,11.2345,6.9332,9.989,3.866,14.5601,0.3669,6.2197,0.1895,4.969,0.1211,2.3929,0,,,,,,,,,,,,,,,,,,,,,,,,,,,,,,
synthetic,,,,,96000,,B4,,,SpeciesB,,Ambig,7809.4887,8655.5016,5.4009,2055.254,6515.6259,13569.5334,0.0939,8.0769,10660.0541,3849.1575,1696.3373,295.0186,3.0035,11.0438,2.1001,12473.7198,6275.65,5918.9793,11.4104,11.5085,4.813,0.4035,3.6996,325.341,0.5762,2.2144,1.9123,12.9141,7.0944,4.8723,3.7396,3.111,3.8108,1351.6953,9343.0734,5.4984,6581.423,4092.1956,10.0072,2.3173,6.5968,7.5134,5.5823,9.525,6.9355,10.3078,4.5096,8.2605,5.0438,14.9225,4.3901,7.6076,1.8923,4.6455,4.6282,6.7238,0,,,,,,,,,,,,,,,,,,,,,,,,,,,,,,
synthetic,,,,,96000,,B4,,,SpeciesB,,Ambig,5809.3662,8512.2884,4.5148,7665.4762,3270.6138,7749.5004,1.2989,5.0002,6712.1848,2530.1675,3084.1234,216.6048,7.0469,9.7498,0.2396,5391.6006,7949.3465,12276.1073,6.9648,9.7183,3.8429,8.2444,7.0805,2907.4657,3.4149,1.5457,1.4032,14.0296,9.5129,2.0447,6.6484,2.7794,0.3005,2173.4056,6837.4561,0.3143,3823.2485,2987.383,14.3034,3.1477,0.2415,7.0994,10.4059,9.0973,8.7557,8.4425,5.7946,2.3532,6.5475,9.1127,7.5947,5.2055,4.8838,6.417,2.8145,3.7672,0,,,,,,,,,,,,,,,,,,,,,,,,,,,,,,
synthetic,,,,,96000,,B4,,,SpeciesB,,Ambig,7138.9606,9779.2629,3.553,4899.1251,3892.3093,10299.3471,4.4957,6.5068,6587.8615,4077.8575,2284.8583,106.0007,3.0766,8.1662,2.9466,6654.7304,4414.1975,7632.2452,6.3018,9.9918,4.1439,3.2163,10.6819,1935.4823,0.1702,8.0629,10.4506,10.72,5.7802,4.3304,6.0933,3.16,0.6405,1424.029,5256.0679,0.9581,547.6196,138.6511,9.7361,2.3366,10.7694,7.4018,6.7786,12.0147,4.0886,9.4009,6.4855,6.7672,5.5673,11.7527,1.0984,8.6922,0.9879,6.8237,2.9075,4.9153,0,,,,,,,,,,,,,,,,,,,,,,,,,,,,,,
synthetic,,,,,96000,,B4,,,SpeciesB,,Ambig,1917.2859,12343.8951,3.6363,353.0027,526.4602,7426.2068,2.2833,10.2197,3407.6961,2864.5173,3161.8372,839.9618,1.9918,0.2151,1.4079,1706.8979,4258.4575,4089.4455,5.9917,10.0419,6.8187,2.1904,7.5215,4163.6872,1.1722,5.6727,5.5405,8.8937,5.5345,4.3893,5.3346,2.4546,2.5502,374.9089,12588.6188,4.5707,2458.932,5782.8308,2.6326,5.0634,5.3294,7.05,2.4261,14.8249,5.3202,8.1634,6.8679,4.254,2.3549,14.331,1.6884,10.9845,0.8905,7.9393,0.1593,6.6598,0,,,,,,,,,,,,,,,,,,,,,,,,,,,,,,
synthetic,,,,,96000,,B4,,,SpeciesB,,Ambig,6793.6111,14897.1031,4.1555,9105.8633,4800.484,11053.561,2.4572,9.8181,8128.4106,517.815,472.2018,1201.8878,8.2702,5.8374,6.0322,5824.4306,6594.0754,7056.0936,6.9836,15.2731,4.2981,3.6574,3.3645,3019.4201,2.8611,2.6491,9.6084,8.912,7.0161,7.2062,8.2659,1.349,0.5603,619.1237,5113.6785,3.5359,1234.697,5112.6055,10.2515,1.8878,2.6397,5.0109,5.8188,8.2972,11.61,6.531,4.353,2.7813,2.9238,10.3958,3.6916,7.671,1.4295,5.5992,0.9736,8.3722,0,,,,,,,,,,,,,,,,,,,,,,,,,,,,,,
synthetic,,,,,96000,,B4,,,SpeciesB,,Ambig,3053.4034,10755.6214,11.3599,2533.9918,6386.5246,12660.5619,0.2661,3.6675,10041.8468,2876.8394,2031.7954,6436.5889,2.6782,8.1549,2.2348,6452.7215,3545.6501,5475.0158,5.6932,10.3317,4.3308,2.6439,7.3818,5503.7079,1.4297,0.8218,6.2209,11.9067,10.1265,8.2371,7.7465,2.0914,1.39,3796.0729,11298.2861,3.0513,4987.4626,2610.3372,10.1311,0.1715,5.7209,2.6406,9.2136,9.7627,11.1409,8.4301,3.7496,5.2427,4.6241,12.3716,1.4648,6.2607,0.9091,4.314,0.2259,0.5095,0,,,,,,,,,,,,,,,,,,,,,,,,,,,,,,
synthetic,,,,,96000,,B4,,,SpeciesB,,Ambig,5316.8057,11741.0817,5.3333,6088.3241,5482.9443,10996.8614,1.6734,7.3574,1654.4233,897.4334,4625.4455,401.4606,7.9871,9.0974,2.695,7440.0308,2677.8069,3810.7528,7.0832,12.1738,3.381,0.8811,11.9227,2973.1584,0.4036,5.669,7.4067,11.1139,6.1066,1.4194,9.1367,0.3233,4.5016,2172.9666,3910.0634,7.0244,4625.0153,7176.4359,13.7027,2.9895,5.7383,4.1895,6.5199,6.834,6.0806,6.7453,7.2214,6.7012,4.2601,8.3824,6.0298,11.3419,0.3648,1.8399,4.3609,6.1556,0,,,,,,,,,,,,,,,,,,,,,,,,,,,,,,
synthetic,,,,,96000,,B5,,,SpeciesB,,Ambig,1234.5417,10091.5865,4.4253,2173.0528,6181.0827,8531.8454,0.852,6.5593,10448.1127,8216.0914,9029.2255,163.538,0.723,5.3565,10.4489,4637.4229,13245.9037,9942.7205,6.878,11.6443,2.4704,2.7561,5.0236,1185.1098,4.0712,0.3627,4.8883,7.997,10.9275,0.8803,3.6723,8.9426,4.5621,613.4441,8166.4735,3.7447,3559.6937,747.667,6.1338,3.8516,1.5046,12.836,6.5856,3.7203,8.2282,4.3702,3.2766,5.4585,3.9011,9.8185,2.1595,9.2159,6.9248,9.6589,8.9208,2.0886,0,,,,,,,,,,,,,,,,,,,,,,,,,,,,,,
synthetic,,,,,96000,,B5,,,SpeciesB,,Ambig,7867.0765,10319.2014,9.1402,30.6401,10116.0866,7492.204,4.7024,6.7234,9852.8648,8097.4309,748.0449,321.3266,2.1037,5.0946,2.8367,3280.6915,9818.3392,7043.8933,4.7149,9.857,1.2226,2.1888,4.1291,2711.8754,0.832,4.4828,4.7886,11.2085,8.8803,6.6563,4.0607,3.4187,0.7644,3572.3934,9885.1798,9.1192,2255.5849,1613.1785,8.4237,4.6034,2.6857,13.4206,6.4776,10.9425,8.0532,1.3507,2.9455,7.2581,1.06,8.2888,2.6775,6.7738,3.9475,0.4581,7.1792,4.4785,0,,,,,,,,,,,,,,,,,,,,,,,,,,,,,,
synthetic,,,,,96000,,B5,,,SpeciesB,,Ambig,5083.047,8440.8795,4.6247,1988.3462,9262.5082,10283.1374,6.8014,6.9865,11206.5528,7371.3247,5072.2361,152.9508,4.039,4.8972,10.055,10057.3941,11534.8083,8545.761,6.4304,11.7922,1.2414,2.3385,6.2441,2447.5165,2.597,1.1957,8.1641,13.638,7.5052,6.4504,4.8761,4.1611,7.2729,4427.8923,5913.0945,2.4874,2724.8109,2627.9757,4.7147,0.5325,1.3432,6.9117,8.4477,0.1584,2.5203,1.9463,0.5621,9.0839,6.0117,12.7901,5.3612,3.539,4.3901,0.3548,4.0526,1.5586,0,,,,,,,,,,,,,,,,,,,,,,,,,,,,,,
synthetic,,,,,96000,,B5,,,SpeciesB,,Ambig,2843.8543,10512.6784,2.5944,7507.0577,7893.2162,11981.3152,3.7027,10.1567,7463.8632,13749.3428,2870.6765,3938.4856,2.7413,4.4931,9.2996,4443.0839,13859.5383,9565.2837,4.4237,13.7948,0.0188,3.0848,3.5329,98.1557,6.7588,2.3068,9.6391,12.6727,13.9604,5.837,8.0718,3.2619,0.7564,1481.8398,6376.7765,5.2038,2904.1074,550.942,8.2045,0.3562,1.459,10.7104,7.2358,7.2052,0.5113,6.2353,5.6543,4.5239,3.8799,10.8953,6.61,10.1326,3.0908,6.2398,7.9152,3.5255,0,,,,,,,,,,,,,,,,,,,,,,,,,,,,,,
synthetic,,,,,96000,,B5,,,SpeciesB,,Ambig,8865.5979,10345.5284,2.0,1210.9344,6064.7167,8510.41,3.3638,8.8124,11870.4006,10866.3507,9234.7719,881.0553,1.671,6.7773,8.7432,7903.1069,12320.3542,6056.9768,8.4548,14.8172,1.2537,0.0817,5.0588,2211.0317,0.3497,0.5123,9.1491,10.0531,11.7017,6.321,8.9587,5.8567,5.1519,2748.6589,10935.0354,2.1587,904.8151,1126.9607,7.3422,2.9671,3.2819,8.0525,7.443,4.7894,1.9977,7.7656,0.3397,4.1317,6.4276,12.7516,2.2393,11.3113,6.1759,3.7269,10.3419,2.4377,0,,,,,,,,,,,,,,,,,,,,,,,,,,,,,,
synthetic,,,,,96000,,B5,,,SpeciesB,,Ambig,4811.2314,3367.1499,6.2529,1664.9618,7537.9693,4798.1591,4.7333,11.5998,12331.7481,1504.4296,7023.5192,3692.625,4.7576,3.2797,8.3454,9927.2047,9660.4175,8171.2482,4.0974,12.9215,1.6923,3.7405,7.4791,2833.326,3.3803,1.084,6.4403,13.4342,8.9951,7.0569,8.4809,5.3211,1.6614,1706.8479,10125.3733,3.6034,3168.2963,547.5947,10.3887,1.7948,1.7788,11.6069,6.9567,6.9508,2.4798,3.8811,3.14,6.0694,4.4449,12.9199,4.9447,13.3,4.4786,9.3671,8.093,9.0174,0,,,,,,,,,,,,,,,,,,,,,,,,,,,,,,
synthetic,,,,,96000,,B5,,,SpeciesB,,Ambig,4383.3922,9206.7619,8.0194,2031.0679,5390.2505,9791.6812,2.8977,4.5883,8369.3168,8223.8858,5613.3617,3394.6862,2.4336,7.9031,9.8978,6043.0434,12061.8999,10376.539,6.3294,15.2959,2.4825,1.9959,10.1973,613.2734,4.9049,5.193,6.2063,7.3005,10.475,4.0179,4.8991,0.3252,6.0973,4481.9261,8633.4573,2.8367,3025.1929,304.1273,9.6773,1.3198,4.6314,12.8802,6.8957,5.2177,8.7885,2.426,4.7379,11.0125,5.7729,6.6317,3.0793,10.4139,0.8643,6.6019,10.8144,6.2354,0,,,,,,,,,,,,,,,,,,,,,,,,,,,,,,
synthetic,,,,,96000,,B5,,,SpeciesB,,Ambig,4372.7686,10324.5753,2.5111,3737.2419,5811.5827,6796.2251,1.29,12.9522,8025.5621,6531.0403,4703.7574,6714.4836,6.9942,3.7682,9.2275,8772.7068,11061.3641,4919.3749,1.9976,12.2114,0.9432,1.5309,4.6382,3044.833,2.4447,2.5472,12.024,8.8394,8.7222,2.3904,8.5982,3.6695,1.0195,2175.3937,13029.0886,3.648,2693.3651,2208.1479,4.4234,0.0566,1.5214,8.9828,4.8785,6.46,7.3283,8.3048,9.0939,6.0759,4.6784,11.9531,2.016,8.1424,4.869,3.0109,6.7005,5.8009,0,,,,,,,,,,,,,,,,,,,,,,,,,,,,,,
synthetic,,,,,96000,,B5,,,SpeciesB,,Ambig,1656.4747,3828.2052,5.0444,797.7685,7036.2921,8118.3371,2.7665,10.9363,9806.4249,8145.6419,2811.5295,3179.4486,2.4633,3.2759,8.9342,4829.5697,10381.7672,3805.6103,0.251,7.8265,4.3155,3.3229,6.802,1618.8837,1.9631,3.582,9.0265,13.5968,6.8141,3.2106,5.4128,1.8875,4.6141,3760.2018,8390.0328,2.6908,1041.4862,2583.9645,3.6103,2.3631,2.7944,8.9111,3.8859,7.1698,3.8129,0.8747,1.1496,9.5754,2.3063,13.7174,7.2438,8.1232,4.9727,2.9126,4.2967,0.7888,0,,,,,,,,,,,,,,,,,,,,,,,,,,,,,,
synthetic,,,,,96000,,B5,,,SpeciesB,,Ambig,5653.8819,6071.057,4.2753,3268.6274,7656.3158,3719.132,2.6725,5.7019,6983.1453,9141.4116,5952.8159,7761.8122,4.3212,6.4758,7.2491,8226.9911,13357.0248,9220.4647,3.8531,13.4496,6.3634,0.581,0.4297,2482.0539,2.2853,2.2526,5.8985,17.3502,7.4662,2.4621,5.1929,4.9366,1.3469,2974.3011,9040.2849,0.5006,2444.9285,330.5167,5.4604,1.8854,1.4025,13.0628,3.2235,4.2664,0.0278,4.4785,0.9583,10.7181,4.1375,11.6993,0.5573,5.4921,3.1457,1.5471,8.0781,1.473,0,,,,,,,,,,,,,,,,,,,,,,,,,,,,,,
synthetic,,,,,96000,,B5,,,SpeciesB,,Ambig,4507.313,9960.0342,4.178,5012.3309,4651.5771,9852.9574,4.6917,8.369,7801.3328,7926.1788,5573.0441,4372.8131,2.0453,0.8159,8.8266,5870.609,12759.3271,7614.3546,7.9826,8.8942,0.1436,2.9737,2.3642,1213.7625,0.3879,2.0492,8.61,13.8426,9.0964,2.0084,8.2847,1.0947,2.5343,4924.2486,6331.2935,2.629,1746.2447,365.7195,5.9673,0.2433,3.2656,10.4919,4.3534,3.362,4.9225,5.7836,1.6871,3.5732,3.4949,8.8324,3.9131,11.3612,5.8587,6.4511,5.4858,1.6508,0,,,,,,,,,,,,,,,,,,,,,,,,,,,,,,
synthetic,,,,,96000,,B5,,,SpeciesB,,Ambig,4925.3553,8016.3227,3.6879,1010.9262,6157.9962,8728.7626,6.1892,9.1616,6544.9481,10609.906,4251.7661,5136.9106,4.5189,11.9913,5.7601,6036.0125,11295.9653,8212.0568,5.8018,9.4704,0.7534,2.0742,7.2294,2333.9488,3.3561,5.5453,8.9886,13.0797,6.2129,4.9532,6.8758,4.7064,2.5258,3769.9771,10679.5312,0.4672,757.7254,1313.3852,6.8193,1.9778,0.9306,9.6446,8.9253,5.5419,3.686,8.59,0.7756,6.9683,4.1728,8.9824,2.8214,8.7315,0.0852,3.9418,5.8091,3.1001,0,,,,,,,,,,,,,,,,,,,,,,,,,,,,,,
synthetic,,,,,96000,,B5,,,SpeciesB,,Ambig,4817.1398,14790.3775,6.1132,2718.2319,5997.9087,8910.5119,2.7382,7.1026,11070.8144,6079.8066,6911.2313,3876.7896,0.1074,6.4466,9.7214,4686.1124,17096.4805,9184.1294,3.2844,10.6968,0.739,1.9528,5.0227,2978.5365,2.0747,1.0653,5.9822,9.5807,6.9731,6.9571,8.5778,3.8101,2.4131,3510.8235,9558.8499,1.3187,2721.2747,37.1479,4.4965,4.3621,2.903,9.4539,6.4718,4.0824,4.0843,8.7888,0.7539,6.9368,1.7899,10.5227,4.8641,10.0655,3.876,1.5888,5.7787,4.5466,0,,,,,,,,,,,,,,,,,,,,,,,,,,,,,,
synthetic,,,,,96000,,B6,,,SpeciesB,,Ambig,8267.6431,8626.1162,8.0514,2248.1023,766.6026,7078.3296,4.4509,7.7732,8887.4142,3256.8609,1109.5817,5857.9466,5.0296,1.3492,3.5209,6424.0703,8960.484,8753.6837,4.4525,5.74,5.4635,2.0035,6.7832,1903.1402,2.7758,7.2667,6.2314,16.028,2.7125,7.7877,5.9126,3.0109,3.4991,2492.7109,10224.6989,6.9622,3311.9664,3172.3917,10.1408,0.712,2.2269,4.5829,5.7741,9.3822,6.3211,7.4501,2.678,1.6255,15.9856,11.6931,5.9737,3.0945,1.5285,9.2962,8.1765,1.9215,0,,,,,,,,,,,,,,,,,,,,,,,,,,,,,,
synthetic,,,,,96000,,B6,,,SpeciesB,,Ambig,5471.9379,11724.7348,7.3608,3504.1649,198.2793,8429.0723,3.0794,5.5449,11278.7381,3322.969,843.5337,3169.1558,4.0876,4.1742,3.1783,8142.7767,8714.8304,7523.1459,3.208,8.6502,3.2689,5.1109,4.7778,436.9357,0.9443,6.0471,5.0974,11.0407,2.6578,6.7794,4.9106,5.4447,4.53,4974.8756,8652.1869,3.2533,1808.8056,2869.8691,10.1925,0.9899,2.6236,5.1383,4.4519,7.9211,7.2781,10.5075,5.8736,5.9732,11.2605,12.7681,4.7892,6.2753,0.5185,4.1924,5.1046,0.8775,0,,,,,,,,,,,,,,,,,,,,,,,,,,,,,,
synthetic,,,,,96000,,B6,,,SpeciesB,,Ambig,6542.2304,11812.7361,4.8847,1597.5149,698.0274,9345.6335,2.5013,5.3123,6500.4091,4820.0625,3261.1998,3053.342,2.3847,7.782,3.3706,5794.4875,11504.0438,12939.2972,1.74,11.7278,4.6264,6.0009,4.3202,1554.8347,1.4269,10.7472,3.7656,16.7846,7.6503,3.0435,0.8434,8.4635,2.1981,6226.8634,6862.5124,5.5423,2671.8586,8616.3068,6.2693,6.0773,2.6306,9.3964,5.2318,8.5101,3.7052,8.0413,0.4392,2.1067,5.1326,8.4266,8.3418,4.5301,1.0075,9.7662,2.3208,0.6501,0,,,,,,,,,,,,,,,,,,,,,,,,,,,,,,
synthetic,,,,,96000,,B6,,,SpeciesB,,Ambig,9687.9997,8382.4571,8.8773,4246.3104,260.6825,7626.0117,6.5117,4.1127,7119.4996,6604.7679,1343.7142,1954.9369,5.9438,3.4963,5.3843,5224.2077,7621.0409,5475.6404,5.134,8.1824,4.8721,1.9634,5.5187,1850.4016,0.3063,3.5752,3.8656,9.904,3.2378,0.3396,2.6934,8.1028,2.0053,6956.4943,5877.9345,5.2086,3216.7355,2392.4357,8.7907,9.8689,4.4954,7.0246,8.436,6.3493,7.8219,9.3752,3.3753,0.2677,8.7913,8.1424,3.8301,3.1285,4.1423,0.1718,0.5605,0.6062,0,,,,,,,,,,,,,,,,,,,,,,,,,,,,,,
synthetic,,,,,96000,,B6,,,SpeciesB,,Ambig,5146.8486,9945.6416,8.0025,1757.9023,3731.8946,12036.5645,5.0673,11.4885,11489.0052,5962.2422,6394.7115,5707.2932,6.6207,4.4379,0.4636,3413.1642,8616.5018,10111.3235,2.4261,11.6402,0.9451,3.0874,9.08,846.5462,0.2959,8.5667,6.8558,11.1369,3.617,1.9657,2.2782,5.8125,4.2859,8699.5114,11733.5921,5.2584,6446.7854,6262.4487,8.6545,0.7789,3.2384,2.2883,4.2814,7.3182,8.7771,8.5021,4.4219,3.4234,5.6395,14.7598,10.4798,5.6422,0.1172,7.3119,1.2274,1.2945,0,,,,,,,,,,,,,,,,,,,,,,,,,,,,,,
synthetic,,,,,96000,,B6,,,SpeciesB,,Ambig,5032.6123,12553.2381,8.7258,554.1334,1340.6566,5273.9328,0.4955,9.6724,7959.696,9118.7961,69.7054,3860.4304,1.0466,4.32,6.495,1323.017,10010.0717,10502.6621,2.9667,9.4537,1.3286,6.4833,6.8761,1284.8753,0.4617,7.5041,5.1388,13.1498,3.6534,4.8988,1.2251,0.366,0.5301,7331.007,6007.0722,1.9081,6394.2971,3059.9232,9.4279,0.5819,4.004,5.8822,4.4689,12.8673,6.3448,6.4204,2.4977,7.4242,5.3282,12.935,3.6015,9.5038,2.1964,4.2042,6.9001,4.8472,0,,,,,,,,,,,,,,,,,,,,,,,,,,,,,,
synthetic,,,,,96000,,B6,,,SpeciesB,,Ambig,7651.7343,11953.8069,6.9011,3722.2069,450.6164,8512.4858,2.6023,8.1248,3489.9273,3563.6784,2792.8328,3218.8057,1.0974,2.644,3.5296,2085.6562,9001.1702,10757.0898,4.7849,9.1862,4.7812,5.926,9.0253,1696.4301,0.1807,3.4023,2.0224,14.6191,2.8916,10.8304,2.3867,6.9056,2.3448,4960.4601,4839.3271,4.9212,4172.8227,4759.8447,9.4419,0.5692,5.3714,7.2249,6.1531,11.6494,5.9469,9.2511,1.2967,2.9961,1.5843,11.4582,1.1897,6.4811,4.9007,1.3292,5.9949,1.579,0,,,,,,,,,,,,,,,,,,,,,,,,,,,,,,
synthetic,,,,,96000,,B6,,,SpeciesB,,Ambig,9579.9293,8560.3038,8.2151,1907.6427,6323.332,14043.4164,3.2489,5.8587,14101.1307,5851.1632,2040.4657,4315.9125,3.2794,6.6553,3.2941,6024.851,12719.2548,12663.513,4.0433,9.9448,1.3376,7.2813,5.5374,1076.7703,0.9611,3.754,4.3694,13.12,1.8141,5.9672,2.5252,3.8116,1.6136,4668.8585,8642.2689,6.748,4714.2059,2057.2034,9.0489,2.8611,4.5341,3.758,6.3753,7.4674,5.377,4.3049,2.1544,1.3749,7.3576,13.437,6.3357,2.6944,1.8228,2.3247,0.5492,0.4963,0,,,,,,,,,,,,,,,,,,,,,,,,,,,,,,
synthetic,,,,,96000,,B6,,,SpeciesB,,Ambig,7883.1029,8940.609,9.9667,1439.1411,1682.4358,13130.2746,4.21,6.917,13245.4495,9252.2303,518.3825,4865.7917,1.1513,1.5685,9.2004,9878.4138,5241.8061,10042.7979,0.9091,11.8688,1.7743,4.164,9.7756,818.3073,0.4811,7.4271,3.5652,15.2023,3.2064,8.1036,3.8716,6.8244,2.453,9502.0112,6598.1239,8.3373,2854.5577,2053.5599,8.5003,1.0959,1.3468,7.0236,2.7535,7.5856,6.7876,8.055,2.3965,5.8083,6.4464,14.4895,3.5098,10.1889,2.2353,5.6035,2.7856,1.5605,0,,,,,,,,,,,,,,,,,,,,,,,,,,,,,,
synthetic,,,,,96000,,B6,,,SpeciesB,,Ambig,9619.0473,6754.5417,10.5673,1249.0866,2329.9766,2395.5964,3.6227,8.5506,9533.8153,6905.2611,1303.6586,4464.8496,5.1074,3.9634,5.8938,8060.668,7702.6497,9445.5603,3.5292,8.1166,7.7707,3.8126,10.9079,3376.8244,4.7756,5.8556,6.7792,15.0887,1.0168,6.7558,0.5257,2.422,0.6293,5458.052,10865.0677,4.9885,6841.8564,200.8462,6.3263,2.8523,6.6066,2.7801,2.6686,8.5444,9.1268,4.3571,1.4752,1.3103,12.2672,11.5076,4.6234,4.6408,0.0594,4.8221,2.3555,0.313,0,,,,,,,,,,,,,,,,,,,,,,,,,,,,,,
synthetic,,,,,96000,,B6,,,SpeciesB,,Ambig,5821.1595,11452.8064,6.2297,3675.914,2166.9173,10338.9581,3.8115,9.6945,8224.8271,2466.6373,60.6373,6834.3597,1.4386,3.9707,3.2458,6133.7264,7698.1003,5068.3075,1.532,11.7422,5.4049,4.5429,5.5028,4075.6946,0.3127,2.3668,3.9624,14.7902,6.9723,4.9265,3.6652,4.1121,2.7054,5611.2185,7599.9612,1.7115,3481.2321,1896.1378,0.3469,0.387,2.3198,5.4961,5.6041,8.7716,6.8123,5.1099,2.3732,4.8582,8.8042,6.1969,3.6013,1.6183,1.4617,7.6713,6.0288,0.9878,0,,,,,,,,,,,,,,,,,,,,,,,,,,,,,,
synthetic,,,,,96000,,B6,,,SpeciesB,,Ambig,7186.8447,10031.0322,8.9954,80.4132,1621.191,2847.8142,0.4329,4.8198,7511.9131,9052.6789,1129.6567,836.4565,3.6263,2.5724,4.2551,6700.1291,8276.3945,6954.2577,5.2049,12.924,0.5702,4.1663,9.0316,259.6836,2.327,4.1734,6.2791,10.6681,3.7872,7.0274,0.7572,6.2779,1.5402,7397.03,9217.7584,0.4718,6421.9539,4088.9899,11.4702,3.7698,4.5315,6.8975,3.6614,11.7928,4.3254,5.818,3.0284,3.1093,9.6086,9.2109,4.6236,6.7154,0.5298,6.5769,5.9659,0.219,0,,,,,,,,,,,,,,,,,,,,,,,,,,,,,,
synthetic,,,,,96000,,B6,,,SpeciesB,,Ambig,10577.6365,12907.6932,8.4732,4251.2268,6940.6643,10791.2099,1.0553,7.8086,8509.2735,5454.5698,3013.7282,3285.3332,6.1318,5.6386,4.712,8190.9113,10194.1294,11724.0401,4.5243,9.2117,2.2185,0.3851,3.2089,3302.68,0.6658,9.6316,8.6453,10.0764,3.9436,13.119,0.4569,5.8844,0.6137,4412.4746,6300.4857,4.0759,6121.5673,751.6182,10.3447,3.3907,3.6315,6.7865,4.6162,9.0677,4.4621,6.2583,4.9223,0.1888,10.111,11.5446,2.5246,7.3991,2.8386,1.3517,5.2048,2.9687,0,,,,,,,,,,,,,,,,,,,,,,,,,,,,,,
synthetic,,,,,96000,,B7,,,SpeciesB,,Ambig,8291.2983,7495.6481,8.9552,802.0336,242.0263,8415.7703,2.4718,8.7012,7806.7139,4499.2529,602.1331,727.1489,2.3541,5.3854,5.8003,8054.1783,11706.0549,12914.4689,7.9609,9.1225,0.9734,3.7717,6.5626,2152.4635,3.5527,6.3314,4.4671,9.8893,10.0643,10.2743,8.0932,1.3374,1.6724,1994.852,9289.5699,0.3674,5272.2525,71.5126,7.5332,2.4928,4.6387,10.5649,6.3577,8.2154,6.0075,0.3576,4.8,3.7439,2.444,14.1533,2.5858,11.676,2.7391,6.0897,6.3094,0.6301,0,,,,,,,,,,,,,,,,,,,,,,,,,,,,,,
synthetic,,,,,96000,,B7,,,SpeciesB,,Ambig,3134.7056,8843.4079,8.5525,1856.9982,2028.9755,7722.1161,5.1777,6.9687,6526.7809,3825.6372,8142.119,5707.4751,0.6546,3.558,6.0916,6298.494,9324.7812,11387.7865,3.3935,10.2264,2.0144,5.9845,3.3509,408.4643,7.4872,4.7837,1.2874,16.0147,13.3351,9.6672,6.7451,1.7284,0.0122,731.2127,3857.9203,4.263,3807.2595,1694.3877,8.9985,0.6723,6.6756,8.9362,3.5315,7.5394,10.1456,4.9049,0.113,8.0819,8.8921,10.6121,6.1996,7.1207,0.0246,6.6346,6.0525,4.4411,0,,,,,,,,,,,,,,,,,,,,,,,,,,,,,,
synthetic,,,,,96000,,B7,,,SpeciesB,,Ambig,5908.2944,7548.3476,9.0773,625.3968,1186.8723,9568.4914,2.1819,6.7672,6550.4884,3289.2793,1840.1185,6682.581,3.0474,6.1833,5.7859,3880.7697,7836.4956,4505.0444,5.7882,6.0629,1.1595,2.981,5.6603,1.6989,3.0522,1.7147,1.3322,17.9031,9.103,9.7634,1.7359,0.9157,2.2197,1904.86,6942.4958,6.1691,3937.8298,2593.9598,4.531,9.7532,4.1194,6.7349,8.6228,9.6712,11.7239,3.1839,0.8794,7.9276,3.4801,10.8342,5.638,9.1116,1.2923,2.3658,4.9664,4.6098,0,,,,,,,,,,,,,,,,,,,,,,,,,,,,,,
synthetic,,,,,96000,,B7,,,SpeciesB,,Ambig,8931.9492,9119.359,6.8875,1513.659,1063.1947,8740.0406,4.9477,11.552,10914.3899,414.0346,408.2785,4904.5748,2.9906,9.2008,4.1166,4438.4715,8647.94,12185.0533,3.83,10.0051,2.3766,1.5451,6.1366,550.9143,2.4547,8.6854,4.0091,10.1266,3.9136,7.3584,7.4193,2.5919,0.93,3955.1168,8093.1087,3.1394,2466.2641,91.043,8.7923,3.5526,0.872,7.2455,0.3409,8.2584,10.9763,2.0799,0.5748,4.6687,4.5449,16.1542,8.3964,10.991,0.6575,6.4379,3.427,5.1085,0,,,,,,,,,,,,,,,,,,,,,,,,,,,,,,
synthetic,,,,,96000,,B7,,,SpeciesB,,Ambig,3889.8816,9096.439,7.5472,1440.9395,4977.3123,11483.2711,1.9272,2.3344,5262.7187,268.3138,1502.2361,1762.9875,2.8473,5.8639,4.8263,568.1667,8662.4183,6676.5618,3.5704,8.0143,0.8364,3.7477,9.4556,983.2352,0.4805,10.1302,6.8957,12.5401,6.7609,11.8114,12.0113,1.8481,5.3493,906.8696,8480.7103,2.5249,3833.2248,638.712,8.9538,6.1012,2.6115,7.5543,6.2586,7.0128,14.325,1.0652,6.4119,4.5367,8.6377,15.3248,7.5222,6.321,0.4267,5.5938,5.2856,6.4159,0,,,,,,,,,,,,,,,,,,,,,,,,,,,,,,
synthetic,,,,,96000,,B7,,,SpeciesB,,Ambig,8859.3285,12902.8954,6.1546,4461.7653,3475.3177,9845.0039,2.6458,1.5163,9304.9603,1701.2767,5435.4302,1540.1824,3.8404,5.4568,2.162,5588.3935,7117.9377,8249.1077,3.2863,11.9705,0.0497,0.8955,9.4183,959.7037,2.5938,6.2877,1.3324,11.2623,1.6451,5.4721,5.3972,3.8453,3.9401,884.673,5130.6144,6.5841,2760.7649,2101.4397,9.9561,0.2995,5.5975,8.794,2.0637,5.5886,6.1478,8.0734,5.403,7.9123,10.1318,7.9897,9.7021,14.6979,4.4104,3.0853,6.5846,3.7022,0,,,,,,,,,,,,,,,,,,,,,,,,,,,,,,
synthetic,,,,,96000,,B7,,,SpeciesB,,Ambig,8754.7977,7666.1478,8.5368,590.179,2015.6588,9225.2147,2.7674,7.971,8067.6647,1684.5032,2235.7145,5471.564,1.0452,6.0279,4.5368,5320.8437,8476.234,7438.5745,1.4479,10.2208,2.2383,0.3805,12.4972,3142.6858,4.5449,6.3675,3.0998,14.4256,9.4342,9.3991,5.8155,0.1002,1.3891,5234.0835,7989.9521,3.7136,4493.2513,2187.8493,13.1765,1.7052,6.6288,8.9847,3.0286,5.6309,12.4806,5.4977,0.3579,6.4137,8.691,11.5814,10.2171,9.1562,1.553,5.1495,1.5538,3.124,0,,,,,,,,,,,,,,,,,,,,,,,,,,,,,,
synthetic,,,,,96000,,B7,,,SpeciesB,,Ambig,9142.4499,13525.4454,10.0873,2509.7316,1428.1194,6984.6572,0.9282,6.3442,5593.0086,670.5892,6882.5025,7937.2444,0.6834,6.2817,7.0047,6319.9033,9265.8202,5174.8443,1.9178,4.0368,4.7741,2.0073,8.5662,2404.3324,3.1668,6.8482,2.1238,7.9185,10.7455,12.7767,7.0164,7.9899,1.0341,658.0049,4781.8543,0.8357,2798.6069,3512.4999,11.7228,4.4018,1.3563,9.7279,0.6366,8.5588,10.5138,4.8443,2.6436,5.8877,5.7849,11.4953,9.9261,14.0343,4.3492,3.845,2.023,4.047,0,,,,,,,,,,,,,,,,,,,,,,,,,,,,,,
synthetic,,,,,96000,,B7,,,SpeciesB,,Ambig,7172.112,4122.9817,6.9764,6490.2822,2268.0083,7636.5403,1.7644,7.1432,6873.687,968.448,806.6886,6985.2968,0.8175,4.0407,3.8753,7384.2163,4970.6252,5212.2829,3.5641,6.606,6.7844,0.5228,10.5143,1066.5773,4.5983,1.4604,2.0255,15.056,11.0642,8.0815,6.3811,4.0951,2.1387,378.338,1608.5664,3.9908,3673.4904,4547.5652,9.7777,1.9391,4.5812,5.0555,4.9977,7.6189,10.3623,6.9989,4.8532,6.973,8.0788,8.3337,10.9614,7.987,6.5603,7.3822,6.3061,4.6592,0,,,,,,,,,,,,,,,,,,,,,,,,,,,,,,
synthetic,,,,,96000,,B7,,,SpeciesB,,Ambig,8604.3379,6662.8729,6.48,2910.1057,2185.6722,7693.0872,1.8773,7.4105,3669.6142,3528.4521,3630.1268,5957.2513,0.3244,5.6324,3.8364,8051.0213,6163.533,6073.6294,4.2082,11.3816,0.0294,6.8267,0.0051,2031.5411,0.935,6.4082,5.657,11.1159,4.5816,11.4286,12.3265,3.2735,2.3586,2031.3025,3701.9014,2.591,4384.5001,541.4517,8.258,0.6643,5.5264,6.6152,5.1276,6.6825,9.8046,6.5335,0.742,7.7981,2.7538,12.4949,6.9259,8.2194,0.0249,1.5973,4.0763,2.9502,0,,,,,,,,,,,,,,,,,,,,,,,,,,,,,,
synthetic,,,,,96000,,B7,,,SpeciesB,,Ambig,390.3138,10519.7589,6.8928,2691.9836,219.9501,10675.3012,0.2016,5.1854,8253.7052,3847.1206,2704.9862,5509.2277,2.3308,2.9149,7.0618,7800.1886,6055.2039,6277.9549,8.1503,7.2046,0.0054,2.9213,7.376,2585.5292,0.8841,5.4206,6.6585,13.7646,10.6778,10.892,11.4316,1.0485,1.1631,2867.8411,11332.3106,4.222,3329.5618,1434.8493,6.326,3.442,10.4057,8.0558,5.0493,4.6183,9.1367,5.5884,0.0681,7.6795,4.11,12.1262,8.4181,11.1761,1.3269,5.138,1.3925,5.3459,0,,,,,,,,,,,,,,,,,,,,,,,,,,,,,,
synthetic,,,,,96000,,B7,,,SpeciesB,,Ambig,5075.742,6873.987,10.3934,2038.0017,589.0234,11391.5763,2.3417,4.9588,7166.8577,3108.3765,2787.6908,3503.7583,0.236,6.0884,4.0485,8173.9368,9402.8554,7920.7545,6.5008,13.6225,0.977,1.3487,5.7064,620.8315,1.1224,6.8278,4.1872,9.6279,4.9887,5.5898,8.5315,0.312,0.6769,218.0412,4047.6576,5.8499,7630.708,4872.5274,6.8304,4.1958,2.1625,6.9212,5.4175,11.616,12.2258,3.9142,0.4638,5.2272,5.7767,8.3816,1.7598,8.8562,2.8177,7.3105,0.7978,3.4847,0,,,,,,,,,,,,,,,,,,,,,,,,,,,,,,
synthetic,,,,,96000,,B7,,,SpeciesB,,Ambig,4488.9772,9961.3514,5.7394,4272.2853,297.1105,10898.086,2.1686,1.0465,6469.8406,5538.1629,3016.9608,8046.6674,0.2104,4.4406,4.4977,8023.9312,11867.6966,12693.793,3.3359,10.8473,2.615,1.6924,7.1966,1313.6497,2.829,8.8391,0.7658,13.6776,8.095,9.3262,5.4374,4.5456,1.6847,3247.2332,5684.01,3.135,4622.787,1616.263,10.5885,8.3095,3.2608,13.2777,2.4892,10.541,7.2553,9.6599,2.0699,8.7925,3.754,8.502,8.1976,11.9519,1.363,11.4078,3.0753,7.8736,0,,,,,,,,,,,,,,,,,,,,,,,,,,,,,,
synthetic,,,,,96000,,B7,,,SpeciesB,,Ambig,3539.7299,6847.0877,8.7167,528.4089,1956.0915,4107.8955,0.429,4.5056,4624.9304,2290.5047,2419.2955,4325.2898,1.1832,6.4278,4.7468,8714.4351,8469.0306,11169.3039,5.0677,10.2954,2.1438,0.6594,3.9468,3438.9317,0.3016,7.1075,1.9653,10.8354,8.3113,11.1402,11.9098,1.6423,2.2692,3044.0876,3415.8376,4.0866,1373.4307,95.0927,9.9233,0.648,2.6347,6.2675,5.1363,6.3162,10.2299,2.5242,1.1349,7.6517,7.0162,11.7057,6.1013,12.2797,3.8025,4.4888,2.0725,1.3901,0,,,,,,,,,,,,,,,,,,,,,,,,,,,,,,
synthetic,,,,,96000,,B7,,,SpeciesB,,Ambig,10380.7008,7025.3424,5.2051,2663.4313,3433.8995,6396.2831,0.3209,2.3422,5292.8612,5810.4419,3392.3235,4800.5775,0.658,6.3953,3.545,2450.3792,5716.2382,14074.9021,4.2103,11.7584,0.9525,5.2557,9.4546,771.469,7.0426,3.4046,1.7202,9.4478,5.1958,8.4238,6.0628,2.3188,4.8273,3035.4227,2666.8225,1.4133,2498.2635,2978.3347,10.668,4.7743,5.3145,14.2272,2.1085,5.2901,9.2418,5.1703,0.4381,4.0607,2.9768,10.6444,4.4402,8.5927,2.2989,8.742,4.9997,8.5803,0,,,,,,,,,,,,,,,,,,,,,,,,,,,,,,
synthetic,,,,,96000,,B7,,,SpeciesB,,Ambig,4791.6342,9400.4272,7.8789,2052.9339,187.8198,9060.1093,4.9055,5.2356,8742.4202,3070.7766,2112.6152,6872.1043,2.3117,5.4852,4.9361,9758.9228,11875.7095,7963.3587,4.6107,11.3151,1.3871,0.6795,7.1531,539.8445,1.5538,5.0969,1.7172,7.8777,11.4367,12.3577,12.2003,2.7955,1.2158,2716.1133,7824.7023,0.7564,4536.7107,2009.085,8.7008,1.9428,9.0399,9.6148,4.8411,11.6128,9.1291,2.8624,0.3075,5.2444,6.3478,13.4185,5.9076,9.6284,2.9027,6.1316,6.2348,4.3148,0,,,,,,,,,,,,,,,,,,,,,,,,,,,,,,
synthetic,,,,,96000,,B7,,,SpeciesB,,Ambig,2841.7644,6473.3844,4.3833,4826.6766,1854.3215,8293.6586,2.4635,6.8089,6697.7281,2563.1093,888.0374,2703.0105,3.0626,3.3364,3.7482,8721.2327,4111.6656,10820.9486,6.2846,8.4307,1.5053,0.9129,2.2188,4437.0745,1.3426,7.9361,5.0491,12.2965,8.2592,11.0941,12.3496,4.35,4.0313,568.6685,4743.2057,3.9942,4652.4896,1800.8505,13.7032,5.6702,4.9739,13.2043,5.7297,9.0448,10.5297,3.8456,2.5397,6.485,5.4693,9.2017,6.5032,9.3052,1.0684,1.0271,3.471,8.3364,0,,,,,,,,,,,,,,,,,,,,,,,,,,,,,,
synthetic,,,,,96000,,B7,,,SpeciesB,,Ambig,8277.0885,11937.4841,8.4522,4621.0781,832.0007,8348.1584,1.2819,2.3948,7174.3274,2520.5206,7158.8375,3730.7891,0.2185,4.0941,2.4645,1256.6216,6342.5686,11938.9044,7.4035,9.1851,6.9396,3.3738,4.6783,735.6318,1.9192,9.7103,0.092,12.639,9.5562,7.3382,8.6722,1.8275,1.163,4145.6546,4847.6466,8.0475,4683.4716,608.4871,9.268,8.9329,6.193,10.8669,3.8458,7.0962,6.7384,4.2424,1.5575,8.6037,7.8308,11.0571,4.8727,2.6553,1.0585,6.1834,5.5279,3.6284,0,,,,,,,,,,,,,,,,,,,,,,,,,,,,,,
synthetic,,,,,96000,,B7,,,SpeciesB,,Ambig,153.7888,9661.2768,5.9607,1479.898,330.5355,10936.091,4.5851,4.5192,9369.0363,2295.6684,945.3478,6587.0394,0.1122,3.5154,5.5257,7087.9426,8344.2789,11425.866,3.2333,10.6919,0.3742,0.276,6.2701,2654.5938,0.6946,4.8858,0.7017,9.6393,9.5201,14.8136,11.7658,4.398,2.7884,449.8138,4578.7349,0.8977,7232.1905,350.9153,7.1269,2.0307,5.2983,6.9403,4.9723,8.5824,12.628,1.6138,0.9027,4.4518,5.188,15.3531,7.7645,8.8523,1.6217,5.3866,6.644,2.7989,0,,,,,,,,,,,,,,,,,,,,,,,,,,,,,,
synthetic,,,,,96000,,B7,,,SpeciesB,,Ambig,7301.0211,8765.9291,8.5459,1647.2871,685.7985,9755.3581,2.4358,4.4396,6092.8286,2701.3722,1141.2139,7622.5437,0.9366,0.0541,2.2128,2764.0538,10722.2614,11424.9116,3.1807,7.1172,0.6609,1.1399,9.5272,2196.2276,3.5358,8.4468,4.6404,11.4329,6.0837,7.5341,10.4898,5.3533,3.4381,508.85,4854.1627,4.4651,6776.053,1379.4971,9.4648,1.5846,5.9344,9.6371,2.6014,12.5139,7.0732,6.9838,0.3157,6.5813,4.3247,9.9771,7.961,9.3454,0.4181,7.6385,5.6708,4.4233,0,,,,,,,,,,,,,,,,,,,,,,,,,,,,,,
synthetic,,,,,96000,,B7,,,SpeciesB,,Ambig,6680.6325,13531.6405,8.1205,2997.5722,1910.8738,6059.8731,4.7313,6.2638,9199.1889,2303.2497,1703.4023,3876.0503,1.2073,5.0016,0.1202,7119.6554,9280.5959,10060.6737,8.7128,12.0833,2.2511,1.6351,2.5562,520.3725,1.721,9.0121,5.484,12.7897,10.5361,9.1812,8.3711,1.0839,0.1761,1844.0623,8428.5753,2.0104,5665.337,6264.292,5.6061,2.9881,4.8971,10.7882,9.8374,11.2247,9.2505,2.6046,0.0496,6.0905,6.8635,9.1672,9.9888,8.0453,2.1,5.9762,1.2167,4.1764,0,,,,,,,,,,,,,,,,,,,,,,,,,,,,,,
synthetic,,,,,96000,,B7,,,SpeciesB,,Ambig,6154.9334,8824.9178,10.5177,866.0418,7127.458,12283.5675,2.2329,0.1931,10150.2531,2417.8986,3209.4838,3074.0241,4.3547,1.1287,10.1627,9389.8018,7320.966,13741.9549,1.5652,10.5362,2.6012,0.0731,6.6259,2798.0057,2.1764,8.9985,4.7846,12.6324,9.9113,4.932,13.4617,3.0221,2.3352,357.2638,4196.2592,4.0311,4448.7566,5298.7446,12.0188,7.8864,2.2572,11.9524,8.0441,10.6801,13.3671,1.2265,1.9658,3.6516,12.1229,8.9323,3.1687,12.5908,1.9449,5.4966,4.2316,5.5169,0,,,,,,,,,,,,,,,,,,,,,,,,,,,,,,
synthetic,,,,,96000,,B8,,,SpeciesB,,Ambig,10007.3438,8328.2057,4.6762,1929.7762,318.3848,7861.6266,0.985,9.0492,9685.189,5002.6341,3563.0033,3384.0378,1.1858,8.8988,3.9652,7404.7589,15393.6969,7153.9853,6.3252,10.9744,3.4511,0.6365,3.7184,6244.806,3.0462,2.4589,7.6315,9.5892,5.2662,2.0343,3.4969,9.9159,2.6079,1088.0193,5698.7485,1.4599,8973.6807,1157.5233,11.6947,0.5098,9.8587,7.6422,6.95,4.5458,4.9847,8.3703,2.1133,15.7742,3.6155,7.7667,5.5021,5.1842,4.6159,1.4618,2.187,6.7381,0,,,,,,,,,,,,,,,,,,,,,,,,,,,,,,
synthetic,,,,,96000,,B8,,,SpeciesB,,Ambig,9934.8975,10056.1758,5.7034,1397.6165,488.0066,7588.5899,1.3297,8.9858,6958.4468,1644.015,3652.7725,161.8648,3.8046,13.8715,9.9261,7446.7203,14015.7964,13791.6921,8.2521,13.9135,2.5089,0.3151,2.9648,2722.9983,1.1651,3.7655,5.0686,6.9551,8.0466,8.8424,1.6574,6.8256,0.3332,845.6053,5666.7073,5.5968,3443.4544,1399.1578,7.4449,2.7132,5.2332,4.8317,5.6119,7.9798,4.9947,10.28,2.5639,7.6258,8.7384,13.435,3.2112,8.5837,4.4493,0.4193,5.6769,4.0281,0,,,,,,,,,,,,,,,,,,,,,,,,,,,,,,
synthetic,,,,,96000,,B8,,,SpeciesB,,Ambig,12910.4102,2728.4962,8.5686,2586.4485,1878.8792,7812.5042,1.8827,5.5411,4240.9205,6707.4904,714.1393,1943.4267,0.3983,6.0196,7.7198,8228.5544,9644.9216,7448.6822,7.454,7.9865,5.4002,1.1571,4.1546,4979.2346,0.9822,7.5853,4.1846,8.2186,9.6822,5.3758,4.1019,3.0214,1.9054,1705.3041,4288.4432,0.4358,1247.5874,144.9339,7.9381,2.1228,5.8862,9.4669,10.5909,6.828,3.9373,9.4403,2.3595,8.9214,7.2439,11.0547,5.779,3.1392,3.6907,4.4969,0.7882,3.7674,0,,,,,,,,,,,,,,,,,,,,,,,,,,,,,,
synthetic,,,,,96000,,B8,,,SpeciesB,,Ambig,10721.0032,1577.1238,10.5481,392.1023,3256.7579,13087.9662,5.3385,10.0148,4564.3046,4866.5766,1037.5481,6300.8316,2.7201,8.3702,8.1027,8130.9832,8858.28,9588.7622,8.5946,11.3829,2.9316,2.0927,5.5196,2605.6856,1.8974,8.626,0.8453,14.4602,6.7291,1.4386,0.2335,5.495,2.8155,956.7011,4990.2417,3.4584,4178.5221,3317.3104,10.119,1.2028,0.6738,10.0508,5.0652,4.5177,9.2747,8.6542,5.8975,5.4099,2.6623,6.5397,2.6604,13.0632,11.0666,1.606,6.0063,5.5112,0,,,,,,,,,,,,,,,,,,,,,,,,,,,,,,
synthetic,,,,,96000,,B8,,,SpeciesB,,Ambig,9424.6771,3660.3039,9.2576,1744.9695,4751.3886,10675.158,2.8725,13.0884,5884.859,5334.6049,2017.4776,4682.0138,8.069,6.0856,8.227,7288.4587,6476.5677,9442.1719,7.5776,11.6514,5.8553,1.0361,4.38,1471.3031,3.5487,4.7574,1.5686,4.3623,10.1584,6.9847,2.4818,7.0519,1.2443,2658.626,8296.4268,1.8536,3316.3524,3897.744,9.3411,0.2497,6.9596,8.1623,6.5467,10.0104,3.5022,8.4093,0.4527,9.2893,8.012,10.8087,6.4518,8.797,3.1878,6.5864,6.8114,3.3534,0,,,,,,,,,,,,,,,,,,,,,,,,,,,,,,
synthetic,,,,,96000,,B8,,,SpeciesB,,Ambig,9447.0567,4777.6089,6.2126,1616.3055,4162.6345,7863.9389,0.6036,8.6816,1749.355,3520.7216,864.3465,273.7861,4.9198,9.7943,3.9768,3366.6358,9171.5137,17788.4766,4.5909,10.9711,2.1398,2.8286,8.7778,911.838,4.9859,2.3507,4.4936,5.0781,7.6981,2.7902,4.7705,0.5537,2.0043,1825.0575,3722.8701,1.0622,2304.2004,518.8778,9.6048,1.1933,5.2088,9.8507,5.4943,7.8887,8.1752,8.745,0.1559,9.8134,8.5422,9.5402,2.1219,8.0524,7.7642,5.3083,4.1312,5.4192,0,,,,,,,,,,,,,,,,,,,,,,,,,,,,,,
synthetic,,,,,96000,,B8,,,SpeciesB,,Ambig,11021.7281,7586.6943,8.2518,3787.1917,4013.2079,13274.9446,1.7526,12.411,11008.2383,10120.2385,3829.4758,2488.7568,1.5699,7.3792,12.9312,4486.6382,5721.5867,12410.1637,7.6451,5.7329,3.0487,1.5465,1.377,3739.1041,1.2912,7.9292,4.4956,6.5323,3.2083,3.4871,3.9452,3.0541,0.0524,1023.9576,7351.9691,0.805,4764.8635,1635.8783,8.5496,1.3171,8.7207,5.7848,6.8486,0.2128,5.2255,9.1343,3.6248,12.9475,1.0249,13.1124,1.7921,4.0005,2.4329,1.0793,1.4921,0.1465,0,,,,,,,,,,,,,,,,,,,,,,,,,,,,,,
synthetic,,,,,96000,,B8,,,SpeciesB,,Ambig,8442.6073,9762.6593,7.6183,5586.0528,2113.601,8039.6767,1.662,9.2535,6878.3342,9203.4032,4887.3369,3339.4475,8.9582,5.5375,3.4876,10068.4183,9993.9201,10585.3741,8.4067,9.4443,2.8858,1.617,6.7811,3770.9169,2.3005,5.7253,2.1094,11.3208,3.2783,4.2027,10.51,2.5293,2.5623,5564.839,3743.617,2.6462,4843.3165,2295.3496,10.5215,1.1943,7.5754,4.3785,7.9672,5.5598,7.8161,5.746,1.9477,13.2768,0.8531,6.7515,4.4929,5.8562,2.5427,1.359,9.3219,0.694,0,,,,,,,,,,,,,,,,,,,,,,,,,,,,,,
synthetic,,,,,96000,,B8,,,SpeciesB,,Ambig,9047.717,7770.4004,4.2145,2098.6874,4827.2618,6622.1587,1.942,6.0009,5328.6065,5606.7711,11057.6195,1483.2932,6.2325,13.7811,5.2599,11091.4982,10082.5647,6677.3422,7.0262,8.0267,3.3544,3.1161,6.9504,4767.8139,1.552,8.2532,5.22,7.3504,6.6001,3.2208,10.9239,3.19,1.3443,343.0717,3920.0705,4.5548,3707.3842,1589.9971,7.1699,1.7927,5.1975,5.4012,5.771,5.2205,9.1331,7.6227,1.6562,10.2827,3.5308,5.753,2.5837,10.6387,4.8615,4.6388,2.3115,0.4484,0,,,,,,,,,,,,,,,,,,,,,,,,,,,,,,
synthetic,,,,,96000,,B8,,,SpeciesB,,Ambig,7962.005,10715.0675,4.053,184.7145,6359.8728,8258.3979,1.3667,9.7995,5892.9195,3992.8261,3711.8396,1096.8779,5.4073,9.0975,4.0892,7820.2992,6675.508,12108.7987,7.5669,12.6012,5.7095,3.1876,6.9065,680.2733,4.3081,2.7429,9.7529,8.9385,8.6619,1.1964,6.8003,6.2501,2.5504,96.2539,3930.6332,1.4031,8682.3597,5834.6718,5.8786,1.7086,4.1044,10.0377,0.1225,6.0068,9.0775,5.4906,2.1019,8.2726,6.487,11.1271,1.9776,4.5949,3.1699,4.589,3.9641,1.5992,0,,,,,,,,,,,,,,,,,,,,,,,,,,,,,,
synthetic,,,,,96000,,B8,,,SpeciesB,,Ambig,18006.8087,3383.9171,5.977,3516.6342,974.3093,8846.907,1.9319,5.1344,6806.2989,1893.6765,1184.7415,5959.3195,2.7049,8.9591,9.6906,10829.1286,10696.9613,9645.4266,2.5063,10.5928,4.2273,0.6634,2.63,3420.8259,0.6875,6.1112,2.6985,3.9785,11.197,5.7859,5.4534,0.2507,1.026,2160.4634,3204.0228,7.1217,133.7839,2145.5378,3.7699,4.8807,1.5049,7.9877,4.4017,5.35,3.699,3.62,3.197,7.0054,2.7529,8.6274,3.0757,4.782,6.5235,0.3924,3.6762,1.3254,0,,,,,,,,,,,,,,,,,,,,,,,,,,,,,,
synthetic,,,,,96000,,B8,,,SpeciesB,,Ambig,7844.3575,7000.0024,3.0145,1586.7218,743.3945,9544.3541,4.995,10.2936,8016.9278,489.749,4565.8391,1654.211,8.2118,5.9103,5.8114,7397.9689,12452.576,5167.8342,7.7102,10.2392,1.665,0.2105,7.2062,3082.7485,5.9623,3.1705,1.0601,6.5821,6.4418,2.9295,6.9207,8.762,2.069,3227.9574,7445.0618,1.1544,5075.8569,2263.8426,9.203,1.3442,5.2174,8.2472,7.555,12.011,1.7146,5.1733,2.6008,11.3514,3.9314,11.5329,0.8019,5.6932,4.9442,1.2982,2.7203,3.6812,0,,,,,,,,,,,,,,,,,,,,,,,,,,,,,,
